{
"type": "FeatureCollection",
"name": "buildings_flooded",
"crs": { "type": "name", "properties": { "name": "urn:ogc:def:crs:EPSG::32641" } },
"features": [
{ "type": "Feature", "properties": { "osm_id": "20446535", "osm_way_id": null, "name": null, "type": "multipolygon", "aeroway": null, "amenity": null, "admin_level": null, "barrier": null, "boundary": null, "building": "apartments", "craft": null, "geological": null, "historic": null, "land_area": null, "landuse": null, "leisure": null, "man_made": null, "military": null, "natural": null, "office": null, "place": null, "shop": null, "sport": null, "tourism": null, "other_tags": "\"addr:housenumber\"=>\"77\",\"addr:street\"=>\"улица Газовиков\",\"building:levels\"=>\"12\",\"roof:shape\"=>\"flat\"", "side": "north" }, "geometry": { "type": "MultiPolygon", "coordinates": [ [ [ [ 654739.487086650216952, 6338819.561351621523499 ], [ 654739.255198284983635, 6338830.24987506493926 ], [ 654723.625365562504157, 6338829.908094441518188 ], [ 654709.211442021653056, 6338829.589739819988608 ], [ 654709.121072400943376, 6338833.60895009431988 ], [ 654709.027974196127616, 6338837.862059800885618 ], [ 654708.917303108028136, 6338842.905658881179988 ], [ 654755.406836275942624, 6338843.938283447176218 ], [ 654755.497513069072738, 6338843.941689051687717 ], [ 654755.633568705292419, 6338837.740174543112516 ], [ 654755.934990776120685, 6338823.911948679946363 ], [ 654756.024151587043889, 6338819.926120532676578 ], [ 654756.102864444605075, 6338816.218473807908595 ], [ 654756.304422797285952, 6338807.144538121297956 ], [ 654756.460982421413064, 6338800.074643801897764 ], [ 654757.213653943617828, 6338765.849479888565838 ], [ 654757.438026163959876, 6338755.684392522089183 ], [ 654731.253098841989413, 6338755.102195586077869 ], [ 654730.943836486665532, 6338769.141838894225657 ], [ 654738.67986248829402, 6338769.320909951813519 ], [ 654740.59140832873527, 6338769.359265047125518 ], [ 654740.105913632083684, 6338791.314928288571537 ], [ 654739.563890333753079, 6338816.065349714830518 ], [ 654739.487086650216952, 6338819.561351621523499 ] ] ] ] } },
{ "type": "Feature", "properties": { "osm_id": null, "osm_way_id": "49742117", "name": null, "type": null, "aeroway": null, "amenity": null, "admin_level": null, "barrier": null, "boundary": null, "building": "yes", "craft": null, "geological": null, "historic": null, "land_area": null, "landuse": null, "leisure": null, "man_made": null, "military": null, "natural": null, "office": null, "place": null, "shop": null, "sport": null, "tourism": null, "other_tags": "\"addr:city\"=>\"Тюмень\",\"addr:housenumber\"=>\"23/2\",\"addr:street\"=>\"улица Щербакова\",\"building:levels\"=>\"2\"", "side": "north" }, "geometry": { "type": "MultiPolygon", "coordinates": [ [ [ [ 652608.496914823073894, 6338975.620550340041518 ], [ 652601.051435090368614, 6338984.448332378640771 ], [ 652622.760275440406986, 6339002.690665897913277 ], [ 652630.205774230649695, 6338993.862922688014805 ], [ 652608.496914823073894, 6338975.620550340041518 ] ] ] ] } },
{ "type": "Feature", "properties": { "osm_id": null, "osm_way_id": "88386755", "name": null, "type": null, "aeroway": null, "amenity": null, "admin_level": null, "barrier": null, "boundary": null, "building": "garages", "craft": null, "geological": null, "historic": null, "land_area": null, "landuse": null, "leisure": null, "man_made": null, "military": null, "natural": null, "office": null, "place": null, "shop": null, "sport": null, "tourism": null, "other_tags": "\"addr:housenumber\"=>\"15\",\"addr:street\"=>\"Пристанская улица\"", "side": "north" }, "geometry": { "type": "MultiPolygon", "coordinates": [ [ [ [ 654591.308644064003602, 6338406.836972467601299 ], [ 654620.151494329213165, 6338412.153342278674245 ], [ 654621.755294303875417, 6338403.455177753232419 ], [ 654592.911966396262869, 6338398.149924942292273 ], [ 654591.308644064003602, 6338406.836972467601299 ] ] ] ] } },
{ "type": "Feature", "properties": { "osm_id": null, "osm_way_id": "98261938", "name": null, "type": null, "aeroway": null, "amenity": null, "admin_level": null, "barrier": null, "boundary": null, "building": "yes", "craft": null, "geological": null, "historic": null, "land_area": null, "landuse": null, "leisure": null, "man_made": null, "military": null, "natural": null, "office": null, "place": null, "shop": null, "sport": null, "tourism": null, "other_tags": "\"addr:city\"=>\"Тюмень\",\"addr:housenumber\"=>\"6\",\"addr:street\"=>\"улица Щербакова\",\"building:levels\"=>\"2\"", "side": "north" }, "geometry": { "type": "MultiPolygon", "coordinates": [ [ [ [ 652648.087501023663208, 6338934.533314427360892 ], [ 652637.335398688795976, 6338948.954718680121005 ], [ 652646.949647973407991, 6338956.09676774777472 ], [ 652654.541465767426416, 6338945.937364126555622 ], [ 652657.707401486113667, 6338941.686739576049149 ], [ 652648.087501023663208, 6338934.533314427360892 ] ] ] ] } },
{ "type": "Feature", "properties": { "osm_id": null, "osm_way_id": "98398643", "name": "Татьяна", "type": null, "aeroway": null, "amenity": null, "admin_level": null, "barrier": null, "boundary": null, "building": "yes", "craft": null, "geological": null, "historic": null, "land_area": null, "landuse": null, "leisure": null, "man_made": null, "military": null, "natural": null, "office": null, "place": null, "shop": "convenience", "sport": null, "tourism": null, "other_tags": "\"addr:city\"=>\"Тюмень\",\"addr:housenumber\"=>\"19/1\",\"addr:street\"=>\"улица Щербакова\",\"building:levels\"=>\"1\"", "side": "north" }, "geometry": { "type": "MultiPolygon", "coordinates": [ [ [ [ 652566.700113347382285, 6338934.416004734113812 ], [ 652568.533902384107932, 6338932.299948154948652 ], [ 652573.073552133049816, 6338936.06711982563138 ], [ 652579.237119553028606, 6338928.673788150772452 ], [ 652566.757895932532847, 6338918.305882281623781 ], [ 652558.774835553951561, 6338927.592968575656414 ], [ 652566.700113347382285, 6338934.416004734113812 ] ] ] ] } },
{ "type": "Feature", "properties": { "osm_id": null, "osm_way_id": "98398679", "name": "Монетка", "type": null, "aeroway": null, "amenity": null, "admin_level": null, "barrier": null, "boundary": null, "building": "yes", "craft": null, "geological": null, "historic": null, "land_area": null, "landuse": null, "leisure": null, "man_made": null, "military": null, "natural": null, "office": null, "place": null, "shop": "supermarket", "sport": null, "tourism": null, "other_tags": "\"addr:housenumber\"=>\"21\",\"addr:street\"=>\"улица Щербакова\",\"brand\"=>\"Монетка\",\"brand:en\"=>\"Monetka\",\"brand:wikidata\"=>\"Q4301704\",\"name:en\"=>\"Monetka\"", "side": "north" }, "geometry": { "type": "MultiPolygon", "coordinates": [ [ [ [ 652568.434634092380293, 6338975.195451756939292 ], [ 652574.52599446522072, 6338980.702625489793718 ], [ 652575.895830650464632, 6338979.182238099165261 ], [ 652580.394068661611527, 6338983.248739147558808 ], [ 652596.867351582273841, 6338963.891180348582566 ], [ 652569.667543240939267, 6338939.283792067319155 ], [ 652568.598019287805073, 6338940.703875591047108 ], [ 652556.686400867765769, 6338953.589425569400191 ], [ 652561.705790626816452, 6338958.13204800337553 ], [ 652554.581164382747374, 6338965.980095030739903 ], [ 652566.781655444880016, 6338977.006208622828126 ], [ 652568.434634092380293, 6338975.195451756939292 ] ] ] ] } },
{ "type": "Feature", "properties": { "osm_id": null, "osm_way_id": "104629734", "name": null, "type": null, "aeroway": null, "amenity": null, "admin_level": null, "barrier": null, "boundary": null, "building": "yes", "craft": null, "geological": null, "historic": null, "land_area": null, "landuse": null, "leisure": null, "man_made": null, "military": null, "natural": null, "office": null, "place": null, "shop": null, "sport": null, "tourism": null, "other_tags": "\"addr:housenumber\"=>\"146\",\"addr:street\"=>\"Большая Заречная улица\",\"source:addr\"=>\"ЕГРН\"", "side": "north" }, "geometry": { "type": "MultiPolygon", "coordinates": [ [ [ [ 653538.642216862645, 6338545.099599257111549 ], [ 653557.334764870000072, 6338548.726649765856564 ], [ 653559.466993138077669, 6338537.808184529654682 ], [ 653540.774810849106871, 6338534.169997804798186 ], [ 653538.642216862645, 6338545.099599257111549 ] ] ] ] } },
{ "type": "Feature", "properties": { "osm_id": null, "osm_way_id": "104629774", "name": null, "type": null, "aeroway": null, "amenity": null, "admin_level": null, "barrier": null, "boundary": null, "building": "yes", "craft": null, "geological": null, "historic": null, "land_area": null, "landuse": null, "leisure": null, "man_made": null, "military": null, "natural": null, "office": null, "place": null, "shop": null, "sport": null, "tourism": null, "other_tags": "\"addr:housenumber\"=>\"44\",\"addr:street\"=>\"Береговая улица\",\"source:addr\"=>\"ЕГРН\"", "side": "south" }, "geometry": { "type": "MultiPolygon", "coordinates": [ [ [ [ 653335.235855146078393, 6338391.533785640262067 ], [ 653349.001036398811266, 6338392.235400430858135 ], [ 653349.764324691612273, 6338377.254529014229774 ], [ 653335.993047551484779, 6338376.552687504328787 ], [ 653335.235855146078393, 6338391.533785640262067 ] ] ] ] } },
{ "type": "Feature", "properties": { "osm_id": null, "osm_way_id": "104629827", "name": null, "type": null, "aeroway": null, "amenity": null, "admin_level": null, "barrier": null, "boundary": null, "building": "yes", "craft": null, "geological": null, "historic": null, "land_area": null, "landuse": null, "leisure": null, "man_made": null, "military": null, "natural": null, "office": null, "place": null, "shop": null, "sport": null, "tourism": null, "other_tags": null, "side": "north" }, "geometry": { "type": "MultiPolygon", "coordinates": [ [ [ [ 653567.392817092128098, 6338549.959450877271593 ], [ 653580.191164007526822, 6338552.386395568028092 ], [ 653582.066001227358356, 6338542.528052989393473 ], [ 653569.267624062369578, 6338540.101102957502007 ], [ 653567.392817092128098, 6338549.959450877271593 ] ] ] ] } },
{ "type": "Feature", "properties": { "osm_id": null, "osm_way_id": "262749129", "name": null, "type": null, "aeroway": null, "amenity": null, "admin_level": null, "barrier": null, "boundary": null, "building": "yes", "craft": null, "geological": null, "historic": null, "land_area": null, "landuse": null, "leisure": null, "man_made": null, "military": null, "natural": null, "office": null, "place": null, "shop": null, "sport": null, "tourism": null, "other_tags": "\"addr:city\"=>\"Тюмень\",\"addr:housenumber\"=>\"1\",\"addr:street\"=>\"улица Щербакова\",\"building:levels\"=>\"2\"", "side": "south" }, "geometry": { "type": "MultiPolygon", "coordinates": [ [ [ [ 652393.248596942634322, 6338785.549916873686016 ], [ 652400.583035429590382, 6338776.283099072985351 ], [ 652390.871604655287229, 6338768.636658383533359 ], [ 652383.53758831997402, 6338777.892365863546729 ], [ 652393.248596942634322, 6338785.549916873686016 ] ] ] ] } },
{ "type": "Feature", "properties": { "osm_id": null, "osm_way_id": "262749139", "name": null, "type": null, "aeroway": null, "amenity": null, "admin_level": null, "barrier": null, "boundary": null, "building": "yes", "craft": null, "geological": null, "historic": null, "land_area": null, "landuse": null, "leisure": null, "man_made": null, "military": null, "natural": null, "office": null, "place": null, "shop": null, "sport": null, "tourism": null, "other_tags": "\"building:levels\"=>\"2\"", "side": "north" }, "geometry": { "type": "MultiPolygon", "coordinates": [ [ [ [ 652650.542721835663542, 6339021.191570135764778 ], [ 652648.852892174385488, 6339024.159766237251461 ], [ 652659.98130688816309, 6339030.455400054343045 ], [ 652667.803342294995673, 6339016.69433312304318 ], [ 652655.103940541739576, 6339009.50477471575141 ], [ 652651.775925364228897, 6339015.353936608880758 ], [ 652650.543060223804787, 6339014.973980101756752 ], [ 652649.090788453817368, 6339015.287882586941123 ], [ 652648.107529923203401, 6339016.666571530513465 ], [ 652647.775875389692374, 6339018.102829561568797 ], [ 652647.925198359647766, 6339019.300626015290618 ], [ 652649.111755409510806, 6339020.603706649504602 ], [ 652650.542721835663542, 6339021.191570135764778 ] ] ] ] } },
{ "type": "Feature", "properties": { "osm_id": null, "osm_way_id": "262749147", "name": null, "type": null, "aeroway": null, "amenity": null, "admin_level": null, "barrier": null, "boundary": null, "building": "yes", "craft": null, "geological": null, "historic": null, "land_area": null, "landuse": null, "leisure": null, "man_made": null, "military": null, "natural": null, "office": null, "place": null, "shop": null, "sport": null, "tourism": null, "other_tags": "\"addr:city\"=>\"Тюмень\",\"addr:housenumber\"=>\"37\",\"addr:street\"=>\"улица Щербакова\",\"building:levels\"=>\"1\"", "side": "north" }, "geometry": { "type": "MultiPolygon", "coordinates": [ [ [ [ 652793.904864768031985, 6339141.80996372923255 ], [ 652784.846371307270601, 6339133.573875445872545 ], [ 652789.691686811391264, 6339128.271360281854868 ], [ 652798.744139101356268, 6339136.507234962657094 ], [ 652793.904864768031985, 6339141.80996372923255 ] ] ] ] } },
{ "type": "Feature", "properties": { "osm_id": null, "osm_way_id": "263223334", "name": null, "type": null, "aeroway": null, "amenity": null, "admin_level": null, "barrier": null, "boundary": null, "building": "yes", "craft": null, "geological": null, "historic": null, "land_area": null, "landuse": null, "leisure": null, "man_made": null, "military": null, "natural": null, "office": null, "place": null, "shop": null, "sport": null, "tourism": null, "other_tags": "\"addr:city\"=>\"Тюмень\",\"addr:housenumber\"=>\"5\",\"addr:street\"=>\"Красноармейская улица\",\"building:levels\"=>\"2\"", "side": "south" }, "geometry": { "type": "MultiPolygon", "coordinates": [ [ [ [ 652600.220237378613092, 6338638.304695088416338 ], [ 652598.989604910486378, 6338639.495955523103476 ], [ 652605.029670703457668, 6338645.747804469428957 ], [ 652614.420114906853996, 6338636.724611911922693 ], [ 652602.625885174842551, 6338624.51005023624748 ], [ 652600.31588235264644, 6338626.73103236220777 ], [ 652599.097311207442544, 6338625.471358479931951 ], [ 652594.195381404366344, 6338630.170311156660318 ], [ 652600.220237378613092, 6338638.304695088416338 ] ] ] ] } },
{ "type": "Feature", "properties": { "osm_id": null, "osm_way_id": "263504076", "name": null, "type": null, "aeroway": null, "amenity": null, "admin_level": null, "barrier": null, "boundary": null, "building": "yes", "craft": null, "geological": null, "historic": null, "land_area": null, "landuse": null, "leisure": null, "man_made": null, "military": null, "natural": null, "office": null, "place": null, "shop": null, "sport": null, "tourism": null, "other_tags": "\"addr:city\"=>\"Тюмень\",\"addr:housenumber\"=>\"120\",\"addr:street\"=>\"Заозёрная улица\",\"building:levels\"=>\"3\"", "side": "north" }, "geometry": { "type": "MultiPolygon", "coordinates": [ [ [ [ 653063.626746018999256, 6338757.536657713353634 ], [ 653065.277237324859016, 6338748.304947276599705 ], [ 653072.403622042038478, 6338749.572516737505794 ], [ 653070.753114921739325, 6338758.804224569350481 ], [ 653063.626746018999256, 6338757.536657713353634 ] ] ] ] } },
{ "type": "Feature", "properties": { "osm_id": null, "osm_way_id": "263504109", "name": null, "type": null, "aeroway": null, "amenity": null, "admin_level": null, "barrier": null, "boundary": null, "building": "yes", "craft": null, "geological": null, "historic": null, "land_area": null, "landuse": null, "leisure": null, "man_made": null, "military": null, "natural": null, "office": null, "place": null, "shop": null, "sport": null, "tourism": null, "other_tags": "\"addr:city\"=>\"Тюмень\",\"addr:housenumber\"=>\"69\",\"addr:street\"=>\"Заозёрная улица\",\"building:levels\"=>\"1\"", "side": "north" }, "geometry": { "type": "MultiPolygon", "coordinates": [ [ [ [ 652690.340709693962708, 6338948.210981042124331 ], [ 652679.688821259071119, 6338942.445495707914233 ], [ 652676.382702967151999, 6338948.518306249752641 ], [ 652687.034166805329733, 6338954.294910628348589 ], [ 652690.340709693962708, 6338948.210981042124331 ] ] ] ] } },
{ "type": "Feature", "properties": { "osm_id": null, "osm_way_id": "263504138", "name": null, "type": null, "aeroway": null, "amenity": null, "admin_level": null, "barrier": null, "boundary": null, "building": "yes", "craft": null, "geological": null, "historic": null, "land_area": null, "landuse": null, "leisure": null, "man_made": null, "military": null, "natural": null, "office": null, "place": null, "shop": null, "sport": null, "tourism": null, "other_tags": "\"building:levels\"=>\"1\",\"power\"=>\"substation\"", "side": "north" }, "geometry": { "type": "MultiPolygon", "coordinates": [ [ [ [ 652662.861560731427744, 6338914.489053874276578 ], [ 652657.42318341427017, 6338910.799909672699869 ], [ 652653.045192218036391, 6338917.211876126006246 ], [ 652658.483151921303943, 6338920.912142025306821 ], [ 652662.861560731427744, 6338914.489053874276578 ] ] ] ] } },
{ "type": "Feature", "properties": { "osm_id": null, "osm_way_id": "341107530", "name": null, "type": null, "aeroway": null, "amenity": null, "admin_level": null, "barrier": null, "boundary": null, "building": "apartments", "craft": null, "geological": null, "historic": null, "land_area": null, "landuse": null, "leisure": null, "man_made": null, "military": null, "natural": null, "office": null, "place": null, "shop": null, "sport": null, "tourism": null, "other_tags": "\"addr:city\"=>\"Тюмень\",\"addr:housenumber\"=>\"71\",\"addr:street\"=>\"улица Газовиков\",\"building:levels\"=>\"10\"", "side": "north" }, "geometry": { "type": "MultiPolygon", "coordinates": [ [ [ [ 654530.430369616253302, 6339165.592823453247547 ], [ 654545.587736991117708, 6339168.167088750749826 ], [ 654548.436392782721668, 6339151.448121774941683 ], [ 654551.556735978345387, 6339133.134765749797225 ], [ 654556.699483755044639, 6339134.007401876151562 ], [ 654570.696177518577315, 6339136.382212442345917 ], [ 654582.936159948236309, 6339138.468301199376583 ], [ 654585.622134255128913, 6339122.701540362089872 ], [ 654539.084620910696685, 6339114.804819449782372 ], [ 654530.430369616253302, 6339165.592823453247547 ] ] ] ] } },
{ "type": "Feature", "properties": { "osm_id": null, "osm_way_id": "341107532", "name": null, "type": null, "aeroway": null, "amenity": null, "admin_level": null, "barrier": null, "boundary": null, "building": "apartments", "craft": null, "geological": null, "historic": null, "land_area": null, "landuse": null, "leisure": null, "man_made": null, "military": null, "natural": null, "office": null, "place": null, "shop": null, "sport": null, "tourism": null, "other_tags": "\"addr:city\"=>\"Тюмень\",\"addr:housenumber\"=>\"69\",\"addr:street\"=>\"улица Газовиков\",\"building:levels\"=>\"17\"", "side": "north" }, "geometry": { "type": "MultiPolygon", "coordinates": [ [ [ [ 654539.110158057534136, 6339204.818351205438375 ], [ 654543.791253537638113, 6339176.523755865171552 ], [ 654567.788885015528649, 6339180.477154075168073 ], [ 654565.37777630391065, 6339195.050797797739506 ], [ 654563.107625827775337, 6339208.771724760532379 ], [ 654539.110158057534136, 6339204.818351205438375 ] ] ] ] } },
{ "type": "Feature", "properties": { "osm_id": null, "osm_way_id": "341107534", "name": null, "type": null, "aeroway": null, "amenity": null, "admin_level": null, "barrier": null, "boundary": null, "building": "apartments", "craft": null, "geological": null, "historic": null, "land_area": null, "landuse": null, "leisure": null, "man_made": null, "military": null, "natural": null, "office": null, "place": null, "shop": null, "sport": null, "tourism": null, "other_tags": "\"addr:city\"=>\"Тюмень\",\"addr:housenumber\"=>\"2\",\"addr:street\"=>\"Тихий проезд\",\"building:levels\"=>\"17;1\"", "side": "north" }, "geometry": { "type": "MultiPolygon", "coordinates": [ [ [ [ 654545.994081851560622, 6339075.194594016298652 ], [ 654548.406189253553748, 6339060.754694839939475 ], [ 654550.184679458616301, 6339050.135339222848415 ], [ 654551.201244027819484, 6339050.307186307385564 ], [ 654552.956600304227322, 6339039.820678842253983 ], [ 654553.284362141625024, 6339037.860675347968936 ], [ 654552.267794522922486, 6339037.688827798701823 ], [ 654556.449481169693172, 6339012.707243375480175 ], [ 654572.084533533547074, 6339015.310637967661023 ], [ 654571.56952353916131, 6339018.389051696285605 ], [ 654569.548897041939199, 6339030.459041161462665 ], [ 654567.902335318387486, 6339040.303335294127464 ], [ 654566.566645173006691, 6339040.086083611473441 ], [ 654566.224282824550755, 6339042.11239623464644 ], [ 654564.483904648106545, 6339052.521461222320795 ], [ 654565.813545980723575, 6339052.738485523499548 ], [ 654564.151150832534768, 6339062.682473015971482 ], [ 654561.623271408840083, 6339077.786598656326532 ], [ 654555.450971179525368, 6339076.763910048641264 ], [ 654555.567939456668682, 6339076.066293265670538 ], [ 654552.662505006184801, 6339075.578445711173117 ], [ 654552.545119816437364, 6339076.287189839407802 ], [ 654548.442618562257849, 6339075.598440817557275 ], [ 654545.994081851560622, 6339075.194594016298652 ] ] ] ] } },
{ "type": "Feature", "properties": { "osm_id": null, "osm_way_id": "341107535", "name": null, "type": null, "aeroway": null, "amenity": null, "admin_level": null, "barrier": null, "boundary": null, "building": "apartments", "craft": null, "geological": null, "historic": null, "land_area": null, "landuse": null, "leisure": null, "man_made": null, "military": null, "natural": null, "office": null, "place": null, "shop": null, "sport": null, "tourism": null, "other_tags": "\"addr:city\"=>\"Тюмень\",\"addr:housenumber\"=>\"2\",\"addr:street\"=>\"Тихий проезд\",\"building:levels\"=>\"17;1\"", "side": "north" }, "geometry": { "type": "MultiPolygon", "coordinates": [ [ [ [ 654606.007772272918373, 6339085.80333476793021 ], [ 654612.775558588560671, 6339086.926447142846882 ], [ 654612.853961419896223, 6339086.450243001803756 ], [ 654615.248084096587263, 6339086.852088170126081 ], [ 654615.169680990278721, 6339087.328292271122336 ], [ 654622.57486667460762, 6339088.564484054222703 ], [ 654624.314132743515074, 6339078.188822952099144 ], [ 654624.720749227330089, 6339075.7414933713153 ], [ 654626.866641533211805, 6339062.918503781780601 ], [ 654625.52491609333083, 6339062.701005970127881 ], [ 654627.608257150743157, 6339050.254529032856226 ], [ 654628.949569014832377, 6339050.483154725283384 ], [ 654629.643323412165046, 6339046.352874956093729 ], [ 654632.905468359123915, 6339026.852588110603392 ], [ 654616.33208270277828, 6339024.091174377128482 ], [ 654616.043700848473236, 6339025.807507638819516 ], [ 654615.356420987285674, 6339029.926889018155634 ], [ 654614.022944982512854, 6339037.877477357164025 ], [ 654613.000580152729526, 6339043.990013196133077 ], [ 654612.376277745002881, 6339047.721755397506058 ], [ 654613.850159435067326, 6339047.966493788175285 ], [ 654611.767277204431593, 6339060.401849757879972 ], [ 654610.299444731441326, 6339060.157338871620595 ], [ 654607.576432522386312, 6339076.424131204374135 ], [ 654606.007772272918373, 6339085.80333476793021 ] ] ] ] } },
{ "type": "Feature", "properties": { "osm_id": null, "osm_way_id": "341107536", "name": null, "type": null, "aeroway": null, "amenity": null, "admin_level": null, "barrier": null, "boundary": null, "building": "apartments", "craft": null, "geological": null, "historic": null, "land_area": null, "landuse": null, "leisure": null, "man_made": null, "military": null, "natural": null, "office": null, "place": null, "shop": null, "sport": null, "tourism": null, "other_tags": "\"addr:city\"=>\"Тюмень\",\"addr:housenumber\"=>\"2\",\"addr:street\"=>\"Тихий проезд\",\"building:levels\"=>\"1\"", "side": "north" }, "geometry": { "type": "MultiPolygon", "coordinates": [ [ [ [ 654569.548897041939199, 6339030.459041161462665 ], [ 654614.022944982512854, 6339037.877477357164025 ], [ 654615.356420987285674, 6339029.926889018155634 ], [ 654616.043700848473236, 6339025.807507638819516 ], [ 654571.56952353916131, 6339018.389051696285605 ], [ 654569.548897041939199, 6339030.459041161462665 ] ] ] ] } },
{ "type": "Feature", "properties": { "osm_id": null, "osm_way_id": "515780870", "name": null, "type": null, "aeroway": null, "amenity": null, "admin_level": null, "barrier": null, "boundary": null, "building": "apartments", "craft": null, "geological": null, "historic": null, "land_area": null, "landuse": null, "leisure": null, "man_made": null, "military": null, "natural": null, "office": null, "place": null, "shop": null, "sport": null, "tourism": null, "other_tags": "\"addr:city\"=>\"Тюмень\",\"addr:housenumber\"=>\"6\",\"addr:street\"=>\"Тихий проезд\",\"building:levels\"=>\"17\"", "side": "north" }, "geometry": { "type": "MultiPolygon", "coordinates": [ [ [ [ 654788.14845356089063, 6339054.132026355713606 ], [ 654805.799060602905229, 6339057.057188672944903 ], [ 654802.976813202374615, 6339074.01102823857218 ], [ 654799.95705809944775, 6339092.19431737717241 ], [ 654798.505706671858206, 6339091.994929472915828 ], [ 654782.306600559270009, 6339089.269177696667612 ], [ 654788.14845356089063, 6339054.132026355713606 ] ] ] ] } },
{ "type": "Feature", "properties": { "osm_id": null, "osm_way_id": "515780871", "name": null, "type": null, "aeroway": null, "amenity": null, "admin_level": null, "barrier": null, "boundary": null, "building": "apartments", "craft": null, "geological": null, "historic": null, "land_area": null, "landuse": null, "leisure": null, "man_made": null, "military": null, "natural": null, "office": null, "place": null, "shop": null, "sport": null, "tourism": null, "other_tags": "\"addr:city\"=>\"Тюмень\",\"addr:housenumber\"=>\"6\",\"addr:street\"=>\"Тихий проезд\",\"building:levels\"=>\"8\"", "side": "north" }, "geometry": { "type": "MultiPolygon", "coordinates": [ [ [ [ 654782.306600559270009, 6339089.269177696667612 ], [ 654777.402347682858817, 6339116.530054109171033 ], [ 654801.529639333719388, 6339149.260810443200171 ], [ 654814.081512973061763, 6339140.305487671867013 ], [ 654805.547840549377725, 6339128.830729324370623 ], [ 654794.576348970877007, 6339114.088655545376241 ], [ 654795.236663087387569, 6339110.369428160600364 ], [ 654798.505706671858206, 6339091.994929472915828 ], [ 654782.306600559270009, 6339089.269177696667612 ] ] ] ] } },
{ "type": "Feature", "properties": { "osm_id": null, "osm_way_id": "515780880", "name": null, "type": null, "aeroway": null, "amenity": null, "admin_level": null, "barrier": null, "boundary": null, "building": "apartments", "craft": null, "geological": null, "historic": null, "land_area": null, "landuse": null, "leisure": null, "man_made": null, "military": null, "natural": null, "office": null, "place": null, "shop": null, "sport": null, "tourism": null, "other_tags": "\"addr:housenumber\"=>\"4\",\"addr:street\"=>\"Тихий проезд\",\"building:levels\"=>\"17\",\"roof:shape\"=>\"flat\"", "side": "north" }, "geometry": { "type": "MultiPolygon", "coordinates": [ [ [ [ 654661.856856598518789, 6339095.27605124656111 ], [ 654668.624616859713569, 6339096.399255811236799 ], [ 654668.70302610215731, 6339095.923052629455924 ], [ 654671.097139499732293, 6339096.324930412694812 ], [ 654671.018729982431978, 6339096.801133550703526 ], [ 654678.423887059208937, 6339098.037426210939884 ], [ 654680.91361267270986, 6339083.154776038601995 ], [ 654682.716007036156952, 6339072.391498605720699 ], [ 654681.374286691658199, 6339072.173982518725097 ], [ 654683.457795240101404, 6339059.727531149052083 ], [ 654684.799101858516224, 6339059.956175113096833 ], [ 654685.600711907376535, 6339055.373090219683945 ], [ 654686.411292392527685, 6339050.712341580539942 ], [ 654688.766573346452788, 6339036.348365464247763 ], [ 654672.181997495237738, 6339033.564017547294497 ], [ 654669.044371579308063, 6339052.322380254976451 ], [ 654668.225874542375095, 6339057.194550022482872 ], [ 654669.699750556261279, 6339057.439308490604162 ], [ 654667.616700986633077, 6339069.874638896435499 ], [ 654666.148874176316895, 6339069.63010801654309 ], [ 654664.06625589041505, 6339082.054312856867909 ], [ 654661.856856598518789, 6339095.27605124656111 ] ] ] ] } },
{ "type": "Feature", "properties": { "osm_id": null, "osm_way_id": "515780881", "name": null, "type": null, "aeroway": null, "amenity": null, "admin_level": null, "barrier": null, "boundary": null, "building": "apartments", "craft": null, "geological": null, "historic": null, "land_area": null, "landuse": null, "leisure": null, "man_made": null, "military": null, "natural": null, "office": null, "place": null, "shop": null, "sport": null, "tourism": null, "other_tags": "\"addr:housenumber\"=>\"4\",\"addr:street\"=>\"Тихий проезд\",\"building:levels\"=>\"17\"", "side": "north" }, "geometry": { "type": "MultiPolygon", "coordinates": [ [ [ [ 654732.614480005460791, 6339043.510583660565317 ], [ 654730.258629287127405, 6339057.88566439319402 ], [ 654729.416716512758285, 6339062.734660589136183 ], [ 654728.645505374879576, 6339067.151736846193671 ], [ 654730.119375354377553, 6339067.396517034620047 ], [ 654728.036144683253951, 6339079.831819780170918 ], [ 654726.568323894753121, 6339079.587267271243036 ], [ 654723.906585538410582, 6339095.499733671545982 ], [ 654722.275932817603461, 6339105.233153516426682 ], [ 654729.043665376142599, 6339106.356457808054984 ], [ 654729.122081556706689, 6339105.880255666561425 ], [ 654731.516185086918995, 6339106.282168729230762 ], [ 654731.437768632313237, 6339106.75837083067745 ], [ 654738.842895288951695, 6339107.994772611185908 ], [ 654740.645436901831999, 6339097.231518044136465 ], [ 654743.135388765716925, 6339082.348901988938451 ], [ 654741.79367383569479, 6339082.131366132758558 ], [ 654743.877363650244661, 6339069.684942424297333 ], [ 654745.21866468724329, 6339069.913606154732406 ], [ 654746.01535647327546, 6339065.140914479270577 ], [ 654747.46692165848799, 6339056.470498454757035 ], [ 654749.174808245850727, 6339046.29426787327975 ], [ 654732.614480005460791, 6339043.510583660565317 ] ] ] ] } },
{ "type": "Feature", "properties": { "osm_id": null, "osm_way_id": "515780882", "name": null, "type": null, "aeroway": null, "amenity": null, "admin_level": null, "barrier": null, "boundary": null, "building": "apartments", "craft": null, "geological": null, "historic": null, "land_area": null, "landuse": null, "leisure": null, "man_made": null, "military": null, "natural": null, "office": null, "place": null, "shop": null, "sport": null, "tourism": null, "other_tags": "\"addr:housenumber\"=>\"4\",\"addr:street\"=>\"Тихий проезд\",\"building:levels\"=>\"1\"", "side": "north" }, "geometry": { "type": "MultiPolygon", "coordinates": [ [ [ [ 654688.766573346452788, 6339036.348365464247763 ], [ 654732.614480005460791, 6339043.510583660565317 ], [ 654730.258629287127405, 6339057.88566439319402 ], [ 654686.411292392527685, 6339050.712341580539942 ], [ 654688.766573346452788, 6339036.348365464247763 ] ] ] ] } },
{ "type": "Feature", "properties": { "osm_id": null, "osm_way_id": "561718588", "name": null, "type": null, "aeroway": null, "amenity": null, "admin_level": null, "barrier": null, "boundary": null, "building": "detached", "craft": null, "geological": null, "historic": null, "land_area": null, "landuse": null, "leisure": null, "man_made": null, "military": null, "natural": null, "office": null, "place": null, "shop": null, "sport": null, "tourism": null, "other_tags": "\"addr:housenumber\"=>\"24\",\"addr:street\"=>\"Бийская улица\",\"building:levels\"=>\"2\",\"source:addr\"=>\"ЕГРН\",\"start_date\"=>\"2011\"", "side": "north" }, "geometry": { "type": "MultiPolygon", "coordinates": [ [ [ [ 654029.881425141124055, 6338917.662902588024735 ], [ 654030.288240489317104, 6338906.780402809381485 ], [ 654039.972347474424168, 6338907.142430406063795 ], [ 654039.565506529295817, 6338918.024929626844823 ], [ 654029.881425141124055, 6338917.662902588024735 ] ] ] ] } },
{ "type": "Feature", "properties": { "osm_id": null, "osm_way_id": "561718621", "name": null, "type": null, "aeroway": null, "amenity": null, "admin_level": null, "barrier": null, "boundary": null, "building": "detached", "craft": null, "geological": null, "historic": null, "land_area": null, "landuse": null, "leisure": null, "man_made": null, "military": null, "natural": null, "office": null, "place": null, "shop": null, "sport": null, "tourism": null, "other_tags": "\"addr:housenumber\"=>\"157\",\"addr:street\"=>\"Береговая улица\",\"building:levels\"=>\"1\",\"source:addr\"=>\"ЕГРН\",\"start_date\"=>\"1974\"", "side": "north" }, "geometry": { "type": "MultiPolygon", "coordinates": [ [ [ [ 654010.027458218974061, 6338562.589470949955285 ], [ 654013.729632793809287, 6338549.868996866978705 ], [ 654030.660644851042889, 6338554.78066129796207 ], [ 654026.958420405280776, 6338567.501120979897678 ], [ 654010.027458218974061, 6338562.589470949955285 ] ] ] ] } },
{ "type": "Feature", "properties": { "osm_id": null, "osm_way_id": "561718633", "name": null, "type": null, "aeroway": null, "amenity": null, "admin_level": null, "barrier": null, "boundary": null, "building": "yes", "craft": null, "geological": null, "historic": null, "land_area": null, "landuse": null, "leisure": null, "man_made": null, "military": null, "natural": null, "office": null, "place": null, "shop": null, "sport": null, "tourism": null, "other_tags": null, "side": "north" }, "geometry": { "type": "MultiPolygon", "coordinates": [ [ [ [ 654364.399893912486732, 6338738.835841489955783 ], [ 654366.256569118588232, 6338729.835079527460039 ], [ 654378.944571592728607, 6338732.438706832937896 ], [ 654377.087452234933153, 6338741.450590795837343 ], [ 654364.399893912486732, 6338738.835841489955783 ] ] ] ] } },
{ "type": "Feature", "properties": { "osm_id": null, "osm_way_id": "561718641", "name": null, "type": null, "aeroway": null, "amenity": null, "admin_level": null, "barrier": null, "boundary": null, "building": "detached", "craft": null, "geological": null, "historic": null, "land_area": null, "landuse": null, "leisure": null, "man_made": null, "military": null, "natural": null, "office": null, "place": null, "shop": null, "sport": null, "tourism": null, "other_tags": "\"addr:housenumber\"=>\"191А\",\"addr:street\"=>\"Большая Заречная улица\",\"source:addr\"=>\"ЕГРН\"", "side": "north" }, "geometry": { "type": "MultiPolygon", "coordinates": [ [ [ [ 654166.287375126732513, 6338752.211627261713147 ], [ 654167.411172822350636, 6338744.665380661375821 ], [ 654177.476783145684749, 6338746.167414216324687 ], [ 654176.347338188556023, 6338753.702304885722697 ], [ 654166.287375126732513, 6338752.211627261713147 ] ] ] ] } },
{ "type": "Feature", "properties": { "osm_id": null, "osm_way_id": "561718660", "name": null, "type": null, "aeroway": null, "amenity": null, "admin_level": null, "barrier": null, "boundary": null, "building": "yes", "craft": null, "geological": null, "historic": null, "land_area": null, "landuse": null, "leisure": null, "man_made": null, "military": null, "natural": null, "office": null, "place": null, "shop": null, "sport": null, "tourism": null, "other_tags": null, "side": "north" }, "geometry": { "type": "MultiPolygon", "coordinates": [ [ [ [ 654330.248057220014744, 6338763.151825028471649 ], [ 654335.742434790125117, 6338771.135349711403251 ], [ 654343.614287892938592, 6338765.747321563772857 ], [ 654338.119916864088736, 6338757.763786311261356 ], [ 654330.248057220014744, 6338763.151825028471649 ] ] ] ] } },
{ "type": "Feature", "properties": { "osm_id": null, "osm_way_id": "561718663", "name": null, "type": null, "aeroway": null, "amenity": null, "admin_level": null, "barrier": null, "boundary": null, "building": "yes", "craft": null, "geological": null, "historic": null, "land_area": null, "landuse": null, "leisure": null, "man_made": null, "military": null, "natural": null, "office": null, "place": null, "shop": null, "sport": null, "tourism": null, "other_tags": null, "side": "north" }, "geometry": { "type": "MultiPolygon", "coordinates": [ [ [ [ 654354.542832677485421, 6338825.336593561805785 ], [ 654354.887424697866663, 6338798.684555662795901 ], [ 654364.456335946684703, 6338803.422174852341413 ], [ 654363.961363140493631, 6338825.199136227369308 ], [ 654354.542832677485421, 6338825.336593561805785 ] ] ] ] } },
{ "type": "Feature", "properties": { "osm_id": null, "osm_way_id": "561718665", "name": null, "type": null, "aeroway": null, "amenity": null, "admin_level": null, "barrier": null, "boundary": null, "building": "yes", "craft": null, "geological": null, "historic": null, "land_area": null, "landuse": null, "leisure": null, "man_made": null, "military": null, "natural": null, "office": null, "place": null, "shop": null, "sport": null, "tourism": null, "other_tags": null, "side": "north" }, "geometry": { "type": "MultiPolygon", "coordinates": [ [ [ [ 654318.868710294365883, 6338804.812335784547031 ], [ 654320.809573225793429, 6338828.797665131278336 ], [ 654328.525173085974529, 6338839.538668783381581 ], [ 654361.428937639808282, 6338838.988314412534237 ], [ 654360.656165229855105, 6338831.337624217383564 ], [ 654332.361859006341547, 6338832.461775940842927 ], [ 654331.83938203251455, 6338824.75361155346036 ], [ 654328.022193132783286, 6338824.84464272018522 ], [ 654326.977273530559614, 6338813.629187492653728 ], [ 654330.822189548518509, 6338812.959762977436185 ], [ 654329.728927512769587, 6338803.035071759484708 ], [ 654318.868710294365883, 6338804.812335784547031 ] ] ] ] } },
{ "type": "Feature", "properties": { "osm_id": null, "osm_way_id": "561718669", "name": null, "type": null, "aeroway": null, "amenity": null, "admin_level": null, "barrier": null, "boundary": null, "building": "detached", "craft": null, "geological": null, "historic": null, "land_area": null, "landuse": null, "leisure": null, "man_made": null, "military": null, "natural": null, "office": null, "place": null, "shop": null, "sport": null, "tourism": null, "other_tags": "\"addr:housenumber\"=>\"11\",\"addr:street\"=>\"Тарманская улица\",\"source:addr\"=>\"ЕГРН\"", "side": "north" }, "geometry": { "type": "MultiPolygon", "coordinates": [ [ [ [ 654294.621186933713034, 6338886.361668698489666 ], [ 654292.832500235876068, 6338877.224379184655845 ], [ 654300.442988937254995, 6338875.737648016773164 ], [ 654302.23165992833674, 6338884.874941068701446 ], [ 654294.621186933713034, 6338886.361668698489666 ] ] ] ] } },
{ "type": "Feature", "properties": { "osm_id": null, "osm_way_id": "561718675", "name": null, "type": null, "aeroway": null, "amenity": null, "admin_level": null, "barrier": null, "boundary": null, "building": "detached", "craft": null, "geological": null, "historic": null, "land_area": null, "landuse": null, "leisure": null, "man_made": null, "military": null, "natural": null, "office": null, "place": null, "shop": null, "sport": null, "tourism": null, "other_tags": "\"addr:housenumber\"=>\"39\",\"addr:street\"=>\"Ижевская улица\",\"source:addr\"=>\"ЕГРН\"", "side": "north" }, "geometry": { "type": "MultiPolygon", "coordinates": [ [ [ [ 654292.894590762443841, 6338807.82880871836096 ], [ 654292.830640248255804, 6338800.483252611942589 ], [ 654301.39914335985668, 6338800.414106662385166 ], [ 654301.457450188114308, 6338807.748309480957687 ], [ 654292.894590762443841, 6338807.82880871836096 ] ] ] ] } },
{ "type": "Feature", "properties": { "osm_id": null, "osm_way_id": "561718676", "name": null, "type": null, "aeroway": null, "amenity": null, "admin_level": null, "barrier": null, "boundary": null, "building": "detached", "craft": null, "geological": null, "historic": null, "land_area": null, "landuse": null, "leisure": null, "man_made": null, "military": null, "natural": null, "office": null, "place": null, "shop": null, "sport": null, "tourism": null, "other_tags": "\"addr:housenumber\"=>\"37\",\"addr:street\"=>\"Ижевская улица\",\"source:addr\"=>\"ЕГРН\"", "side": "north" }, "geometry": { "type": "MultiPolygon", "coordinates": [ [ [ [ 654271.809887526091188, 6338814.293363803066313 ], [ 654271.596907879109494, 6338801.225931629538536 ], [ 654280.482672057813033, 6338801.090620374307036 ], [ 654280.696040314040147, 6338814.146926153451204 ], [ 654271.809887526091188, 6338814.293363803066313 ] ] ] ] } },
{ "type": "Feature", "properties": { "osm_id": null, "osm_way_id": "561718678", "name": null, "type": null, "aeroway": null, "amenity": null, "admin_level": null, "barrier": null, "boundary": null, "building": "detached", "craft": null, "geological": null, "historic": null, "land_area": null, "landuse": null, "leisure": null, "man_made": null, "military": null, "natural": null, "office": null, "place": null, "shop": null, "sport": null, "tourism": null, "other_tags": "\"addr:housenumber\"=>\"29\",\"addr:street\"=>\"Ижевская улица\",\"source:addr\"=>\"ЕГРН\"", "side": "north" }, "geometry": { "type": "MultiPolygon", "coordinates": [ [ [ [ 654191.349764718441293, 6338807.53772618342191 ], [ 654192.149805924971588, 6338794.08479015994817 ], [ 654200.612440110882744, 6338794.579759338870645 ], [ 654199.811954818083905, 6338808.043821441009641 ], [ 654191.349764718441293, 6338807.53772618342191 ] ] ] ] } },
{ "type": "Feature", "properties": { "osm_id": null, "osm_way_id": "563177377", "name": null, "type": null, "aeroway": null, "amenity": null, "admin_level": null, "barrier": null, "boundary": null, "building": "detached", "craft": null, "geological": null, "historic": null, "land_area": null, "landuse": null, "leisure": null, "man_made": null, "military": null, "natural": null, "office": null, "place": null, "shop": null, "sport": null, "tourism": null, "other_tags": null, "side": "north" }, "geometry": { "type": "MultiPolygon", "coordinates": [ [ [ [ 654039.567094300989993, 6338968.825252570211887 ], [ 654040.129576981067657, 6338977.905420833267272 ], [ 654049.011770163546316, 6338977.368355755694211 ], [ 654048.443677854724228, 6338968.276832681149244 ], [ 654039.567094300989993, 6338968.825252570211887 ] ] ] ] } },
{ "type": "Feature", "properties": { "osm_id": null, "osm_way_id": "563177378", "name": null, "type": null, "aeroway": null, "amenity": null, "admin_level": null, "barrier": null, "boundary": null, "building": "detached", "craft": null, "geological": null, "historic": null, "land_area": null, "landuse": null, "leisure": null, "man_made": null, "military": null, "natural": null, "office": null, "place": null, "shop": null, "sport": null, "tourism": null, "other_tags": "\"addr:housenumber\"=>\"22\",\"addr:street\"=>\"Бийская улица\",\"building:levels\"=>\"1\",\"source:addr\"=>\"ЕГРН\",\"start_date\"=>\"1978\"", "side": "north" }, "geometry": { "type": "MultiPolygon", "coordinates": [ [ [ [ 653995.532334033865482, 6338983.146923589520156 ], [ 653998.426347809610888, 6338992.202794981189072 ], [ 654010.549721238203347, 6338988.354794757440686 ], [ 654007.655730114667676, 6338979.298914523795247 ], [ 653995.532334033865482, 6338983.146923589520156 ] ] ] ] } },
{ "type": "Feature", "properties": { "osm_id": null, "osm_way_id": "563177379", "name": null, "type": null, "aeroway": null, "amenity": null, "admin_level": null, "barrier": null, "boundary": null, "building": "detached", "craft": null, "geological": null, "historic": null, "land_area": null, "landuse": null, "leisure": null, "man_made": null, "military": null, "natural": null, "office": null, "place": null, "shop": null, "sport": null, "tourism": null, "other_tags": "\"addr:housenumber\"=>\"28\",\"addr:street\"=>\"Бийская улица\",\"building:levels\"=>\"1\",\"source:addr\"=>\"ЕГРН\",\"start_date\"=>\"1961\"", "side": "north" }, "geometry": { "type": "MultiPolygon", "coordinates": [ [ [ [ 653973.050660479813814, 6338999.009854101575911 ], [ 653974.730724460445344, 6339005.724916166625917 ], [ 653984.390787082025781, 6339003.322501202113926 ], [ 653982.710737255983986, 6338996.607434989884496 ], [ 653973.050660479813814, 6338999.009854101575911 ] ] ] ] } },
{ "type": "Feature", "properties": { "osm_id": null, "osm_way_id": "563177381", "name": null, "type": null, "aeroway": null, "amenity": null, "admin_level": null, "barrier": null, "boundary": null, "building": "detached", "craft": null, "geological": null, "historic": null, "land_area": null, "landuse": null, "leisure": null, "man_made": null, "military": null, "natural": null, "office": null, "place": null, "shop": null, "sport": null, "tourism": null, "other_tags": "\"addr:housenumber\"=>\"30\",\"addr:street\"=>\"Бийская улица\",\"building:levels\"=>\"2\",\"source:addr\"=>\"ЕГРН\",\"start_date\"=>\"2004\"", "side": "north" }, "geometry": { "type": "MultiPolygon", "coordinates": [ [ [ [ 653947.711010633036494, 6339004.692984412424266 ], [ 653949.264304297044873, 6339014.801864 ], [ 653960.642793350154534, 6339013.06531685218215 ], [ 653959.089526250376366, 6339002.956432578153908 ], [ 653947.711010633036494, 6339004.692984412424266 ] ] ] ] } },
{ "type": "Feature", "properties": { "osm_id": null, "osm_way_id": "563177393", "name": null, "type": null, "aeroway": null, "amenity": null, "admin_level": null, "barrier": null, "boundary": null, "building": "detached", "craft": null, "geological": null, "historic": null, "land_area": null, "landuse": null, "leisure": null, "man_made": null, "military": null, "natural": null, "office": null, "place": null, "shop": null, "sport": null, "tourism": null, "other_tags": null, "side": "north" }, "geometry": { "type": "MultiPolygon", "coordinates": [ [ [ [ 654043.896260724170133, 6338947.425682155415416 ], [ 654044.690096111735329, 6338958.899071088992059 ], [ 654053.495827043429017, 6338958.303440545685589 ], [ 654052.708476729341783, 6338946.819148260168731 ], [ 654043.896260724170133, 6338947.425682155415416 ] ] ] ] } },
{ "type": "Feature", "properties": { "osm_id": null, "osm_way_id": "563177398", "name": null, "type": null, "aeroway": null, "amenity": null, "admin_level": null, "barrier": null, "boundary": null, "building": "yes", "craft": null, "geological": null, "historic": null, "land_area": null, "landuse": null, "leisure": null, "man_made": null, "military": null, "natural": null, "office": null, "place": null, "shop": null, "sport": null, "tourism": null, "other_tags": null, "side": "north" }, "geometry": { "type": "MultiPolygon", "coordinates": [ [ [ [ 653967.390216644620523, 6339057.989114722236991 ], [ 653968.290165271726437, 6339063.549596117809415 ], [ 653971.980746370740235, 6339062.952085086144507 ], [ 653971.074757674126886, 6339057.3913769191131 ], [ 653967.390216644620523, 6339057.989114722236991 ] ] ] ] } },
{ "type": "Feature", "properties": { "osm_id": null, "osm_way_id": "563177399", "name": null, "type": null, "aeroway": null, "amenity": null, "admin_level": null, "barrier": null, "boundary": null, "building": "yes", "craft": null, "geological": null, "historic": null, "land_area": null, "landuse": null, "leisure": null, "man_made": null, "military": null, "natural": null, "office": null, "place": null, "shop": null, "sport": null, "tourism": null, "other_tags": null, "side": "north" }, "geometry": { "type": "MultiPolygon", "coordinates": [ [ [ [ 653991.535843783989549, 6339052.339493592269719 ], [ 653992.151105513679795, 6339058.713912351056933 ], [ 653995.887364734895527, 6339058.352129327133298 ], [ 653995.27210863342043, 6339051.977709923870862 ], [ 653991.535843783989549, 6339052.339493592269719 ] ] ] ] } },
{ "type": "Feature", "properties": { "osm_id": null, "osm_way_id": "563177410", "name": null, "type": null, "aeroway": null, "amenity": null, "admin_level": null, "barrier": null, "boundary": null, "building": "detached", "craft": null, "geological": null, "historic": null, "land_area": null, "landuse": null, "leisure": null, "man_made": null, "military": null, "natural": null, "office": null, "place": null, "shop": null, "sport": null, "tourism": null, "other_tags": "\"addr:housenumber\"=>\"41\",\"addr:street\"=>\"Тарманская улица\",\"source:addr\"=>\"ЕГРН\"", "side": "north" }, "geometry": { "type": "MultiPolygon", "coordinates": [ [ [ [ 653974.640614604926668, 6339073.737475241534412 ], [ 653975.757092081476003, 6339081.278334847651422 ], [ 653984.034930310212076, 6339080.061128487810493 ], [ 653982.92451205290854, 6339072.52049233391881 ], [ 653974.640614604926668, 6339073.737475241534412 ] ] ] ] } },
{ "type": "Feature", "properties": { "osm_id": null, "osm_way_id": "563177418", "name": null, "type": null, "aeroway": null, "amenity": null, "admin_level": null, "barrier": null, "boundary": null, "building": "detached", "craft": null, "geological": null, "historic": null, "land_area": null, "landuse": null, "leisure": null, "man_made": null, "military": null, "natural": null, "office": null, "place": null, "shop": null, "sport": null, "tourism": null, "other_tags": null, "side": "north" }, "geometry": { "type": "MultiPolygon", "coordinates": [ [ [ [ 654147.629531574551947, 6339099.13764520175755 ], [ 654152.645273814792745, 6339109.231317540630698 ], [ 654159.225717833265662, 6339105.978666694834828 ], [ 654154.209986570640467, 6339095.884986196644604 ], [ 654147.629531574551947, 6339099.13764520175755 ] ] ] ] } },
{ "type": "Feature", "properties": { "osm_id": null, "osm_way_id": "563177423", "name": null, "type": null, "aeroway": null, "amenity": null, "admin_level": null, "barrier": null, "boundary": null, "building": "detached", "craft": null, "geological": null, "historic": null, "land_area": null, "landuse": null, "leisure": null, "man_made": null, "military": null, "natural": null, "office": null, "place": null, "shop": null, "sport": null, "tourism": null, "other_tags": "\"addr:housenumber\"=>\"21\",\"addr:street\"=>\"Бакинская улица\",\"building:levels\"=>\"2\",\"source:addr\"=>\"ЕГРН\",\"start_date\"=>\"1956\"", "side": "north" }, "geometry": { "type": "MultiPolygon", "coordinates": [ [ [ [ 654098.37117920583114, 6339119.948458215221763 ], [ 654101.06305413483642, 6339125.174857814796269 ], [ 654110.394918572157621, 6339120.375899131409824 ], [ 654107.702635240042582, 6339115.1606206279248 ], [ 654098.37117920583114, 6339119.948458215221763 ] ] ] ] } },
{ "type": "Feature", "properties": { "osm_id": null, "osm_way_id": "584869969", "name": null, "type": null, "aeroway": null, "amenity": null, "admin_level": null, "barrier": null, "boundary": null, "building": "industrial", "craft": null, "geological": null, "historic": null, "land_area": null, "landuse": null, "leisure": null, "man_made": null, "military": null, "natural": null, "office": null, "place": null, "shop": null, "sport": null, "tourism": null, "other_tags": "\"building:levels\"=>\"1\",\"power\"=>\"substation\",\"roof:shape\"=>\"flat\"", "side": "north" }, "geometry": { "type": "MultiPolygon", "coordinates": [ [ [ [ 654762.597157842246816, 6339064.772007044404745 ], [ 654764.602300820406526, 6339052.645785826258361 ], [ 654773.144972685957327, 6339054.058689136989415 ], [ 654771.139804733451456, 6339066.184906599111855 ], [ 654762.597157842246816, 6339064.772007044404745 ] ] ] ] } },
{ "type": "Feature", "properties": { "osm_id": null, "osm_way_id": "597997790", "name": null, "type": null, "aeroway": null, "amenity": null, "admin_level": null, "barrier": null, "boundary": null, "building": "detached", "craft": null, "geological": null, "historic": null, "land_area": null, "landuse": null, "leisure": null, "man_made": null, "military": null, "natural": null, "office": null, "place": null, "shop": null, "sport": null, "tourism": null, "other_tags": null, "side": "south" }, "geometry": { "type": "MultiPolygon", "coordinates": [ [ [ [ 652659.066375040798448, 6338732.466899547725916 ], [ 652666.417318680440076, 6338740.583668951876462 ], [ 652674.922753498773091, 6338732.89837408810854 ], [ 652667.571398477535695, 6338724.792716915719211 ], [ 652659.066375040798448, 6338732.466899547725916 ] ] ] ] } },
{ "type": "Feature", "properties": { "osm_id": null, "osm_way_id": "597997840", "name": null, "type": null, "aeroway": null, "amenity": null, "admin_level": null, "barrier": null, "boundary": null, "building": "detached", "craft": null, "geological": null, "historic": null, "land_area": null, "landuse": null, "leisure": null, "man_made": null, "military": null, "natural": null, "office": null, "place": null, "shop": null, "sport": null, "tourism": null, "other_tags": "\"addr:housenumber\"=>\"4\",\"addr:street\"=>\"Красноармейская улица\",\"source:addr\"=>\"ЕГРН\"", "side": "south" }, "geometry": { "type": "MultiPolygon", "coordinates": [ [ [ [ 652601.796781476470642, 6338579.875353746116161 ], [ 652606.864721646066755, 6338586.224912510253489 ], [ 652613.913255184656009, 6338580.613774975761771 ], [ 652608.839272269280627, 6338574.263983640819788 ], [ 652601.796781476470642, 6338579.875353746116161 ] ] ] ] } },
{ "type": "Feature", "properties": { "osm_id": null, "osm_way_id": "647126523", "name": null, "type": null, "aeroway": null, "amenity": null, "admin_level": null, "barrier": null, "boundary": null, "building": "apartments", "craft": null, "geological": null, "historic": null, "land_area": null, "landuse": null, "leisure": null, "man_made": null, "military": null, "natural": null, "office": null, "place": null, "shop": null, "sport": null, "tourism": null, "other_tags": "\"addr:housenumber\"=>\"73\",\"addr:street\"=>\"улица Газовиков\",\"building:levels\"=>\"12\",\"roof:shape\"=>\"flat\"", "side": "north" }, "geometry": { "type": "MultiPolygon", "coordinates": [ [ [ [ 654740.484708010917529, 6338882.300197536125779 ], [ 654757.342284524231218, 6338885.40704536344856 ], [ 654756.793141373549588, 6338888.584447988308966 ], [ 654754.731520429719239, 6338900.441120087169111 ], [ 654752.89327417628374, 6338911.024742687121034 ], [ 654750.883178947959095, 6338922.638206259347498 ], [ 654749.129830203717574, 6338932.734728544019163 ], [ 654748.279748449102044, 6338937.639130216091871 ], [ 654731.493446982698515, 6338934.735557827167213 ], [ 654734.050741017097607, 6338919.833180486224592 ], [ 654737.925708177150227, 6338897.247080026194453 ], [ 654740.484708010917529, 6338882.300197536125779 ] ] ] ] } },
{ "type": "Feature", "properties": { "osm_id": null, "osm_way_id": "647126525", "name": null, "type": null, "aeroway": null, "amenity": null, "admin_level": null, "barrier": null, "boundary": null, "building": "apartments", "craft": null, "geological": null, "historic": null, "land_area": null, "landuse": null, "leisure": null, "man_made": null, "military": null, "natural": null, "office": null, "place": null, "shop": null, "sport": null, "tourism": null, "other_tags": "\"addr:housenumber\"=>\"73\",\"addr:street\"=>\"улица Газовиков\",\"building:levels\"=>\"19\",\"roof:shape\"=>\"flat\"", "side": "north" }, "geometry": { "type": "MultiPolygon", "coordinates": [ [ [ [ 654746.415679990197532, 6338971.153983280062675 ], [ 654747.389639369910583, 6338965.529941893182695 ], [ 654751.19559852941893, 6338943.654407622292638 ], [ 654752.128894690657035, 6338938.30741358641535 ], [ 654748.279748449102044, 6338937.639130216091871 ], [ 654731.493446982698515, 6338934.735557827167213 ], [ 654729.060269613866694, 6338948.751161034218967 ], [ 654727.862558603752404, 6338955.659385332837701 ], [ 654725.786440359894186, 6338967.582380524836481 ], [ 654734.82601481443271, 6338969.147569472901523 ], [ 654746.415679990197532, 6338971.153983280062675 ] ] ] ] } },
{ "type": "Feature", "properties": { "osm_id": null, "osm_way_id": "647126533", "name": null, "type": null, "aeroway": null, "amenity": "parking", "admin_level": null, "barrier": null, "boundary": null, "building": "yes", "craft": null, "geological": null, "historic": null, "land_area": null, "landuse": null, "leisure": null, "man_made": null, "military": null, "natural": null, "office": null, "place": null, "shop": null, "sport": null, "tourism": null, "other_tags": "\"access\"=>\"private\",\"addr:city\"=>\"Тюмень\",\"addr:housenumber\"=>\"75\",\"addr:street\"=>\"улица Газовиков\",\"building:levels\"=>\"6\",\"parking\"=>\"multi-storey\",\"roof:shape\"=>\"flat\"", "side": "north" }, "geometry": { "type": "MultiPolygon", "coordinates": [ [ [ [ 654649.273884695139714, 6338836.855815964750946 ], [ 654657.348685299511999, 6338803.005781072191894 ], [ 654659.676523480564356, 6338793.242796261794865 ], [ 654666.49290591548197, 6338794.858084687031806 ], [ 654670.260882909293287, 6338795.757238822989166 ], [ 654696.649606440099888, 6338802.029614333994687 ], [ 654690.1112583684735, 6338829.452077513560653 ], [ 654689.256958996760659, 6338833.019176316447556 ], [ 654686.246586298337206, 6338845.642546855844557 ], [ 654649.273884695139714, 6338836.855815964750946 ] ] ] ] } },
{ "type": "Feature", "properties": { "osm_id": null, "osm_way_id": "647126534", "name": null, "type": null, "aeroway": null, "amenity": null, "admin_level": null, "barrier": null, "boundary": null, "building": "apartments", "craft": null, "geological": null, "historic": null, "land_area": null, "landuse": null, "leisure": null, "man_made": null, "military": null, "natural": null, "office": null, "place": null, "shop": null, "sport": null, "tourism": null, "other_tags": "\"addr:housenumber\"=>\"73\",\"addr:street\"=>\"улица Газовиков\",\"building:levels\"=>\"12\",\"roof:shape\"=>\"flat\"", "side": "north" }, "geometry": { "type": "MultiPolygon", "coordinates": [ [ [ [ 654637.067109038121998, 6338863.218738020397723 ], [ 654653.906684693181887, 6338866.324479752220213 ], [ 654651.317990329698659, 6338881.103140744380653 ], [ 654647.181405560695566, 6338904.704628689214587 ], [ 654644.593164635356516, 6338919.472166519612074 ], [ 654627.73586801532656, 6338916.521787404082716 ], [ 654637.067109038121998, 6338863.218738020397723 ] ] ] ] } },
{ "type": "Feature", "properties": { "osm_id": null, "osm_way_id": "647126535", "name": null, "type": null, "aeroway": null, "amenity": null, "admin_level": null, "barrier": null, "boundary": null, "building": "apartments", "craft": null, "geological": null, "historic": null, "land_area": null, "landuse": null, "leisure": null, "man_made": null, "military": null, "natural": null, "office": null, "place": null, "shop": null, "sport": null, "tourism": null, "other_tags": "\"addr:housenumber\"=>\"73\",\"addr:street\"=>\"улица Газовиков\",\"building:levels\"=>\"3\",\"roof:shape\"=>\"flat\"", "side": "north" }, "geometry": { "type": "MultiPolygon", "coordinates": [ [ [ [ 654670.457758101751097, 6338945.16917856503278 ], [ 654644.369156528962776, 6338940.601913092657924 ], [ 654642.054381639929488, 6338952.761125028133392 ], [ 654725.786440359894186, 6338967.582380524836481 ], [ 654727.862558603752404, 6338955.659385332837701 ], [ 654705.220283799339086, 6338951.689151249825954 ], [ 654704.540428935317323, 6338955.608228299766779 ], [ 654669.692645021365024, 6338949.58649156242609 ], [ 654670.457758101751097, 6338945.16917856503278 ] ] ] ] } },
{ "type": "Feature", "properties": { "osm_id": null, "osm_way_id": "647126536", "name": null, "type": null, "aeroway": null, "amenity": "parking", "admin_level": null, "barrier": null, "boundary": null, "building": "yes", "craft": null, "geological": null, "historic": null, "land_area": null, "landuse": null, "leisure": null, "man_made": null, "military": null, "natural": null, "office": null, "place": null, "shop": null, "sport": null, "tourism": null, "other_tags": "\"access\"=>\"private\",\"addr:housenumber\"=>\"73\",\"addr:street\"=>\"улица Газовиков\",\"building:levels\"=>\"6\",\"parking\"=>\"multi-storey\",\"roof:shape\"=>\"flat\"", "side": "north" }, "geometry": { "type": "MultiPolygon", "coordinates": [ [ [ [ 654704.540428935317323, 6338955.608228299766779 ], [ 654705.220283799339086, 6338951.689151249825954 ], [ 654710.816406218218617, 6338919.373006675392389 ], [ 654675.968318348284811, 6338913.351221717894077 ], [ 654672.319766899454407, 6338934.430421404540539 ], [ 654670.457758101751097, 6338945.16917856503278 ], [ 654669.692645021365024, 6338949.58649156242609 ], [ 654704.540428935317323, 6338955.608228299766779 ] ] ] ] } },
{ "type": "Feature", "properties": { "osm_id": null, "osm_way_id": "647126537", "name": null, "type": null, "aeroway": null, "amenity": null, "admin_level": null, "barrier": null, "boundary": null, "building": "apartments", "craft": null, "geological": null, "historic": null, "land_area": null, "landuse": null, "leisure": null, "man_made": null, "military": null, "natural": null, "office": null, "place": null, "shop": null, "sport": null, "tourism": null, "other_tags": "\"addr:housenumber\"=>\"73\",\"addr:street\"=>\"улица Газовиков\",\"building:levels\"=>\"19\",\"roof:shape\"=>\"flat\"", "side": "north" }, "geometry": { "type": "MultiPolygon", "coordinates": [ [ [ [ 654642.054381639929488, 6338952.761125028133392 ], [ 654644.369156528962776, 6338940.601913092657924 ], [ 654645.567939081694931, 6338934.3065737914294 ], [ 654648.237425251980312, 6338920.277519755065441 ], [ 654644.593164635356516, 6338919.472166519612074 ], [ 654627.73586801532656, 6338916.521787404082716 ], [ 654621.714328908594325, 6338948.900046233087778 ], [ 654642.054381639929488, 6338952.761125028133392 ] ] ] ] } },
{ "type": "Feature", "properties": { "osm_id": null, "osm_way_id": "729839658", "name": null, "type": null, "aeroway": null, "amenity": "parking", "admin_level": null, "barrier": null, "boundary": null, "building": "garages", "craft": null, "geological": null, "historic": null, "land_area": null, "landuse": null, "leisure": null, "man_made": null, "military": null, "natural": null, "office": null, "place": null, "shop": null, "sport": null, "tourism": null, "other_tags": "\"access\"=>\"private\",\"addr:housenumber\"=>\"73 к2\",\"addr:street\"=>\"улица Газовиков\",\"building:levels\"=>\"6\",\"parking\"=>\"multi-storey\",\"roof:shape\"=>\"flat\"", "side": "north" }, "geometry": { "type": "MultiPolygon", "coordinates": [ [ [ [ 654794.167522749165073, 6338855.723746904172003 ], [ 654838.37896491563879, 6338856.805448892526329 ], [ 654853.801503145019524, 6338857.184451080858707 ], [ 654858.017030424205586, 6338857.287164880894125 ], [ 654857.754453348112293, 6338869.267129473388195 ], [ 654857.725332800298929, 6338870.525190375745296 ], [ 654857.416827569366433, 6338883.082863414660096 ], [ 654857.199219208676368, 6338891.933344515971839 ], [ 654793.320440992480144, 6338890.357668098993599 ], [ 654794.167522749165073, 6338855.723746904172003 ] ] ] ] } },
{ "type": "Feature", "properties": { "osm_id": null, "osm_way_id": "776161766", "name": null, "type": null, "aeroway": null, "amenity": null, "admin_level": null, "barrier": null, "boundary": null, "building": "apartments", "craft": null, "geological": null, "historic": null, "land_area": null, "landuse": null, "leisure": null, "man_made": null, "military": null, "natural": null, "office": null, "place": null, "shop": null, "sport": null, "tourism": null, "other_tags": "\"addr:housenumber\"=>\"22 к2\",\"addr:street\"=>\"2-я Луговая улица\",\"building:levels\"=>\"9\"", "side": "north" }, "geometry": { "type": "MultiPolygon", "coordinates": [ [ [ [ 653674.366419869125821, 6338916.790143484249711 ], [ 653675.557787491008639, 6338906.27120301220566 ], [ 653680.440129417460412, 6338906.832155104726553 ], [ 653682.531928460579365, 6338888.401983128860593 ], [ 653695.401541288476437, 6338889.86257944535464 ], [ 653694.689475455088541, 6338896.131701921112835 ], [ 653707.547386735444888, 6338897.580758315511048 ], [ 653706.222507154452614, 6338909.242422112263739 ], [ 653701.7677047024481, 6338908.741958828642964 ], [ 653699.700182550819591, 6338927.005889295600355 ], [ 653688.174566410365514, 6338925.706831846386194 ], [ 653688.996100307791494, 6338918.450082456693053 ], [ 653686.301462337840348, 6338918.14900329709053 ], [ 653674.366419869125821, 6338916.790143484249711 ] ] ] ] } },
{ "type": "Feature", "properties": { "osm_id": null, "osm_way_id": "776161767", "name": null, "type": null, "aeroway": null, "amenity": null, "admin_level": null, "barrier": null, "boundary": null, "building": "apartments", "craft": null, "geological": null, "historic": null, "land_area": null, "landuse": null, "leisure": null, "man_made": null, "military": null, "natural": null, "office": null, "place": null, "shop": null, "sport": null, "tourism": null, "other_tags": "\"addr:housenumber\"=>\"22 к1\",\"addr:street\"=>\"2-я Луговая улица\",\"building:levels\"=>\"9\"", "side": "north" }, "geometry": { "type": "MultiPolygon", "coordinates": [ [ [ [ 653644.684591140481643, 6338876.260019446723163 ], [ 653649.767221668269485, 6338885.898637192323804 ], [ 653646.266660794033669, 6338887.729234976693988 ], [ 653655.25019687472377, 6338904.76728487201035 ], [ 653646.136486093979329, 6338909.564259806647897 ], [ 653643.055646819644608, 6338903.710838999599218 ], [ 653640.90071374468971, 6338904.845049916766584 ], [ 653628.916354263201356, 6338911.13958422280848 ], [ 653624.25158770440612, 6338902.307710444554687 ], [ 653629.098565380554646, 6338899.758443459868431 ], [ 653619.814437884488143, 6338882.174396038986742 ], [ 653626.797825726680458, 6338878.501355228945613 ], [ 653629.755260944948532, 6338884.093876062892377 ], [ 653644.684591140481643, 6338876.260019446723163 ] ] ] ] } },
{ "type": "Feature", "properties": { "osm_id": null, "osm_way_id": "776938181", "name": null, "type": null, "aeroway": null, "amenity": null, "admin_level": null, "barrier": null, "boundary": null, "building": "apartments", "craft": null, "geological": null, "historic": null, "land_area": null, "landuse": null, "leisure": null, "man_made": null, "military": null, "natural": null, "office": null, "place": null, "shop": null, "sport": null, "tourism": null, "other_tags": "\"addr:housenumber\"=>\"44 к4\",\"addr:street\"=>\"улица Газовиков\",\"building:levels\"=>\"10\",\"start_date\"=>\"2021\"", "side": "north" }, "geometry": { "type": "MultiPolygon", "coordinates": [ [ [ [ 654283.5108971898444, 6339117.428005350753665 ], [ 654268.563543707830831, 6339114.896012889221311 ], [ 654258.062615344068035, 6339176.780439793132246 ], [ 654273.02183523774147, 6339179.312850386835635 ], [ 654283.5108971898444, 6339117.428005350753665 ] ] ] ] } },
{ "type": "Feature", "properties": { "osm_id": null, "osm_way_id": "791408117", "name": null, "type": null, "aeroway": null, "amenity": null, "admin_level": null, "barrier": null, "boundary": null, "building": "school", "craft": null, "geological": null, "historic": null, "land_area": null, "landuse": null, "leisure": null, "man_made": null, "military": null, "natural": null, "office": null, "place": null, "shop": null, "sport": null, "tourism": null, "other_tags": "\"addr:city\"=>\"Тюмень\",\"addr:housenumber\"=>\"1\",\"addr:street\"=>\"Тихий проезд\",\"building:levels\"=>\"3\"", "side": "north" }, "geometry": { "type": "MultiPolygon", "coordinates": [ [ [ [ 654630.251703850110061, 6339148.690181325189769 ], [ 654628.766243216465227, 6339156.980493200942874 ], [ 654630.774718192638829, 6339157.334447150118649 ], [ 654628.685610436601564, 6339168.967271558009088 ], [ 654635.895128277363256, 6339170.251866481266916 ], [ 654634.809178271796554, 6339176.284011323004961 ], [ 654616.831363724311814, 6339173.057562557980418 ], [ 654610.378006763057783, 6339208.88507816568017 ], [ 654628.686030055163428, 6339212.179615024477243 ], [ 654627.738549536792561, 6339217.42580917943269 ], [ 654618.809553584665991, 6339215.831548326648772 ], [ 654610.64270172372926, 6339261.188828945159912 ], [ 654629.383605192182586, 6339264.555341361090541 ], [ 654634.1341541033471, 6339238.13543722499162 ], [ 654687.285023354692385, 6339247.67448485083878 ], [ 654689.273138207267039, 6339236.639609112404287 ], [ 654687.559635093784891, 6339236.330128269270062 ], [ 654688.793506827671081, 6339229.423254149034619 ], [ 654638.711962236789986, 6339220.511978478170931 ], [ 654640.927870228886604, 6339208.081625308841467 ], [ 654659.58042094251141, 6339211.389231937937438 ], [ 654662.943491909769364, 6339208.874601555988193 ], [ 654664.473020277102478, 6339200.218235557898879 ], [ 654666.000047097331844, 6339191.628633704036474 ], [ 654662.678164965007454, 6339186.757035034708679 ], [ 654645.565210159402341, 6339183.55178108997643 ], [ 654647.603278727154247, 6339172.151048796251416 ], [ 654701.214797640684992, 6339181.696379070170224 ], [ 654703.499931037775241, 6339168.878645333461463 ], [ 654701.136921295081265, 6339168.455628310330212 ], [ 654702.376034889020957, 6339161.57123959902674 ], [ 654630.251703850110061, 6339148.690181325189769 ] ] ] ] } },
{ "type": "Feature", "properties": { "osm_id": null, "osm_way_id": "814115281", "name": null, "type": null, "aeroway": null, "amenity": null, "admin_level": null, "barrier": null, "boundary": null, "building": "apartments", "craft": null, "geological": null, "historic": null, "land_area": null, "landuse": null, "leisure": null, "man_made": null, "military": null, "natural": null, "office": null, "place": null, "shop": null, "sport": null, "tourism": null, "other_tags": "\"addr:housenumber\"=>\"44 к1\",\"addr:street\"=>\"улица Газовиков\",\"building:levels\"=>\"14\",\"start_date\"=>\"2022\"", "side": "north" }, "geometry": { "type": "MultiPolygon", "coordinates": [ [ [ [ 654314.757922601886094, 6339124.526240807026625 ], [ 654346.954697946785018, 6339129.699147678911686 ], [ 654344.424095893860795, 6339145.38269279897213 ], [ 654312.233487056335434, 6339140.210030160844326 ], [ 654314.757922601886094, 6339124.526240807026625 ] ] ] ] } },
{ "type": "Feature", "properties": { "osm_id": null, "osm_way_id": "816191184", "name": null, "type": null, "aeroway": null, "amenity": null, "admin_level": null, "barrier": null, "boundary": null, "building": "apartments", "craft": null, "geological": null, "historic": null, "land_area": null, "landuse": null, "leisure": null, "man_made": null, "military": null, "natural": null, "office": null, "place": null, "shop": null, "sport": null, "tourism": null, "other_tags": "\"addr:housenumber\"=>\"22 к3\",\"addr:postcode\"=>\"625005\",\"addr:street\"=>\"2-я Луговая улица\",\"building:levels\"=>\"9\",\"start_date\"=>\"2021\"", "side": "north" }, "geometry": { "type": "MultiPolygon", "coordinates": [ [ [ [ 653665.691886915476061, 6338984.961411801166832 ], [ 653660.79374249081593, 6338975.574786006473005 ], [ 653665.157540784450248, 6338973.319543182849884 ], [ 653656.576200776267797, 6338956.86474106553942 ], [ 653668.070065353764221, 6338950.897424893453717 ], [ 653670.984656126005575, 6338956.499526602216065 ], [ 653682.460409773979336, 6338950.531573868356645 ], [ 653687.889409567695111, 6338960.940879111178219 ], [ 653683.913885831134394, 6338963.010011076927185 ], [ 653692.421917236526497, 6338979.317285632714629 ], [ 653682.137789512169547, 6338984.661085765808821 ], [ 653678.753467513713986, 6338978.183458175510168 ], [ 653676.481632495298982, 6338979.369002941995859 ], [ 653665.691886915476061, 6338984.961411801166832 ] ] ] ] } },
{ "type": "Feature", "properties": { "osm_id": null, "osm_way_id": "816191185", "name": null, "type": null, "aeroway": null, "amenity": null, "admin_level": null, "barrier": null, "boundary": null, "building": "apartments", "craft": null, "geological": null, "historic": null, "land_area": null, "landuse": null, "leisure": null, "man_made": null, "military": null, "natural": null, "office": null, "place": null, "shop": null, "sport": null, "tourism": null, "other_tags": "\"addr:housenumber\"=>\"24 к2\",\"addr:postcode\"=>\"625005\",\"addr:street\"=>\"2-я Луговая улица\",\"building:levels\"=>\"9\",\"start_date\"=>\"2021\"", "side": "north" }, "geometry": { "type": "MultiPolygon", "coordinates": [ [ [ [ 653649.37528036814183, 6339051.755702780559659 ], [ 653650.566576173645444, 6339041.236755102872849 ], [ 653655.448758855694905, 6339041.797680080868304 ], [ 653657.540431926609017, 6339023.36749545391649 ], [ 653670.409624940017238, 6339024.828020297922194 ], [ 653669.697601973311976, 6339031.097147078253329 ], [ 653682.555093789007515, 6339032.546132064424455 ], [ 653681.230293957400136, 6339044.207803874276578 ], [ 653676.775636840378866, 6339043.707365330308676 ], [ 653674.708239342900924, 6339061.971308304928243 ], [ 653663.182999206939712, 6339060.672314863651991 ], [ 653664.004483572090976, 6339053.415560506284237 ], [ 653661.93693145387806, 6339053.18245136924088 ], [ 653649.37528036814183, 6339051.755702780559659 ] ] ] ] } },
{ "type": "Feature", "properties": { "osm_id": null, "osm_way_id": "816191186", "name": null, "type": null, "aeroway": null, "amenity": null, "admin_level": null, "barrier": null, "boundary": null, "building": "apartments", "craft": null, "geological": null, "historic": null, "land_area": null, "landuse": null, "leisure": null, "man_made": null, "military": null, "natural": null, "office": null, "place": null, "shop": null, "sport": null, "tourism": null, "other_tags": "\"addr:housenumber\"=>\"24 к1\",\"addr:postcode\"=>\"625005\",\"addr:street\"=>\"2-я Луговая улица\",\"building:levels\"=>\"9\",\"start_date\"=>\"2021\"", "side": "north" }, "geometry": { "type": "MultiPolygon", "coordinates": [ [ [ [ 653606.570520816836506, 6339052.800494246184826 ], [ 653601.672754988423549, 6339043.402811508625746 ], [ 653606.03644946066197, 6339041.147507527843118 ], [ 653597.455045818351209, 6339024.692828725092113 ], [ 653608.948221746832132, 6339018.736478792503476 ], [ 653611.863249148940668, 6339024.327411290258169 ], [ 653623.338729299255647, 6339018.359297727234662 ], [ 653628.767354437732138, 6339028.779652280732989 ], [ 653624.791925481404178, 6339030.848839961923659 ], [ 653633.300434776348993, 6339047.144864929839969 ], [ 653623.010092419222929, 6339052.499711137264967 ], [ 653619.631790273939259, 6339046.02235756162554 ], [ 653617.897108247037977, 6339046.927104011178017 ], [ 653606.570520816836506, 6339052.800494246184826 ] ] ] ] } },
{ "type": "Feature", "properties": { "osm_id": null, "osm_way_id": "816191187", "name": null, "type": null, "aeroway": null, "amenity": null, "admin_level": null, "barrier": null, "boundary": null, "building": "apartments", "craft": null, "geological": null, "historic": null, "land_area": null, "landuse": null, "leisure": null, "man_made": null, "military": null, "natural": null, "office": null, "place": null, "shop": null, "sport": null, "tourism": null, "other_tags": "\"addr:housenumber\"=>\"24 к3\",\"addr:postcode\"=>\"625005\",\"addr:street\"=>\"2-я Луговая улица\",\"building:levels\"=>\"9\",\"start_date\"=>\"2021\"", "side": "north" }, "geometry": { "type": "MultiPolygon", "coordinates": [ [ [ [ 653633.859969107434154, 6339104.539992746897042 ], [ 653628.961920651723631, 6339095.153402473777533 ], [ 653633.325579455238767, 6339092.89812786784023 ], [ 653624.75045227992814, 6339076.443613369949162 ], [ 653636.237904563429765, 6339070.475988092832267 ], [ 653639.158483069273643, 6339076.078294072300196 ], [ 653650.633869715151377, 6339070.11025776900351 ], [ 653656.056718403007835, 6339080.519298213534057 ], [ 653652.081321818288416, 6339082.588459135964513 ], [ 653660.58918653940782, 6339098.895671988837421 ], [ 653650.305387696018443, 6339104.239547031000257 ], [ 653646.927176769124344, 6339097.762169404886663 ], [ 653644.89655291242525, 6339098.811866723001003 ], [ 653633.859969107434154, 6339104.539992746897042 ] ] ] ] } },
{ "type": "Feature", "properties": { "osm_id": null, "osm_way_id": "816191188", "name": null, "type": null, "aeroway": null, "amenity": null, "admin_level": null, "barrier": null, "boundary": null, "building": "yes", "craft": null, "geological": null, "historic": null, "land_area": null, "landuse": null, "leisure": null, "man_made": null, "military": null, "natural": null, "office": null, "place": null, "shop": null, "sport": null, "tourism": null, "other_tags": "\"addr:housenumber\"=>\"22\",\"addr:street\"=>\"2-я Луговая улица\",\"building:levels\"=>\"1\",\"source:addr\"=>\"ЕГРН\",\"start_date\"=>\"2020\"", "side": "north" }, "geometry": { "type": "MultiPolygon", "coordinates": [ [ [ [ 653607.801317708333954, 6338950.455263658426702 ], [ 653605.875609278446063, 6338961.191979745402932 ], [ 653616.868059530388564, 6338963.150643793866038 ], [ 653618.793796331156045, 6338952.413932393305004 ], [ 653607.801317708333954, 6338950.455263658426702 ] ] ] ] } },
{ "type": "Feature", "properties": { "osm_id": null, "osm_way_id": "816191190", "name": null, "type": null, "aeroway": null, "amenity": null, "admin_level": null, "barrier": null, "boundary": null, "building": "yes", "craft": null, "geological": null, "historic": null, "land_area": null, "landuse": null, "leisure": null, "man_made": null, "military": null, "natural": null, "office": null, "place": null, "shop": null, "sport": null, "tourism": null, "other_tags": "\"power\"=>\"substation\"", "side": "north" }, "geometry": { "type": "MultiPolygon", "coordinates": [ [ [ [ 653689.478038165019825, 6338944.965642410330474 ], [ 653693.600476211751811, 6338950.155959744006395 ], [ 653698.477876706398092, 6338946.304201413877308 ], [ 653694.361485200468451, 6338941.114104675129056 ], [ 653689.478038165019825, 6338944.965642410330474 ] ] ] ] } },
{ "type": "Feature", "properties": { "osm_id": null, "osm_way_id": "816191191", "name": null, "type": null, "aeroway": null, "amenity": null, "admin_level": null, "barrier": null, "boundary": null, "building": "yes", "craft": null, "geological": null, "historic": null, "land_area": null, "landuse": null, "leisure": null, "man_made": null, "military": null, "natural": null, "office": null, "place": null, "shop": null, "sport": null, "tourism": null, "other_tags": "\"power\"=>\"substation\"", "side": "north" }, "geometry": { "type": "MultiPolygon", "coordinates": [ [ [ [ 653670.402293716673739, 6339079.394048724323511 ], [ 653673.990231500938535, 6339084.954416262917221 ], [ 653679.22397715121042, 6339081.606218008324504 ], [ 653675.630828167544678, 6339076.023365763947368 ], [ 653670.402293716673739, 6339079.394048724323511 ] ] ] ] } },
{ "type": "Feature", "properties": { "osm_id": null, "osm_way_id": "838963434", "name": null, "type": null, "aeroway": null, "amenity": "toilets", "admin_level": null, "barrier": null, "boundary": null, "building": "yes", "craft": null, "geological": null, "historic": null, "land_area": null, "landuse": null, "leisure": null, "man_made": null, "military": null, "natural": null, "office": null, "place": null, "shop": null, "sport": null, "tourism": null, "other_tags": "\"addr:housenumber\"=>\"10\",\"addr:street\"=>\"Масловский взвоз\",\"building:levels\"=>\"1\",\"fee\"=>\"no\"", "side": "south" }, "geometry": { "type": "MultiPolygon", "coordinates": [ [ [ [ 654035.499250266817398, 6338256.54511818382889 ], [ 654035.945762848481536, 6338253.831811720505357 ], [ 654036.749409625423141, 6338249.014714358374476 ], [ 654045.051265208981931, 6338250.439293567091227 ], [ 654043.801090792985633, 6338257.969695115461946 ], [ 654035.499250266817398, 6338256.54511818382889 ] ] ] ] } },
{ "type": "Feature", "properties": { "osm_id": null, "osm_way_id": "863470443", "name": null, "type": null, "aeroway": null, "amenity": null, "admin_level": null, "barrier": null, "boundary": null, "building": "apartments", "craft": null, "geological": null, "historic": null, "land_area": null, "landuse": null, "leisure": null, "man_made": null, "military": null, "natural": null, "office": null, "place": null, "shop": null, "sport": null, "tourism": null, "other_tags": "\"addr:housenumber\"=>\"36\",\"addr:street\"=>\"улица Газовиков\",\"building:levels\"=>\"9\",\"start_date\"=>\"2023\"", "side": "north" }, "geometry": { "type": "MultiPolygon", "coordinates": [ [ [ [ 654459.287481914507225, 6339176.419142079539597 ], [ 654443.209663545712829, 6339173.532117618247867 ], [ 654431.111340356525034, 6339240.660388205200434 ], [ 654447.176810237346217, 6339243.546916404739022 ], [ 654459.287481914507225, 6339176.419142079539597 ] ] ] ] } },
{ "type": "Feature", "properties": { "osm_id": null, "osm_way_id": "863470444", "name": null, "type": null, "aeroway": null, "amenity": null, "admin_level": null, "barrier": null, "boundary": null, "building": "apartments", "craft": null, "geological": null, "historic": null, "land_area": null, "landuse": null, "leisure": null, "man_made": null, "military": null, "natural": null, "office": null, "place": null, "shop": null, "sport": null, "tourism": null, "other_tags": "\"addr:housenumber\"=>\"36 к1\",\"addr:street\"=>\"улица Газовиков\",\"building:levels\"=>\"9\",\"start_date\"=>\"2023\"", "side": "north" }, "geometry": { "type": "MultiPolygon", "coordinates": [ [ [ [ 654473.238252629060298, 6339097.515459360554814 ], [ 654456.953144007013179, 6339094.821198246441782 ], [ 654446.674454386811703, 6339156.836198845878243 ], [ 654462.953692065901123, 6339159.519069315865636 ], [ 654473.238252629060298, 6339097.515459360554814 ] ] ] ] } },
{ "type": "Feature", "properties": { "osm_id": null, "osm_way_id": "867228596", "name": null, "type": null, "aeroway": null, "amenity": null, "admin_level": null, "barrier": null, "boundary": null, "building": "service", "craft": null, "geological": null, "historic": null, "land_area": null, "landuse": null, "leisure": null, "man_made": null, "military": null, "natural": null, "office": null, "place": null, "shop": null, "sport": null, "tourism": null, "other_tags": null, "side": "north" }, "geometry": { "type": "MultiPolygon", "coordinates": [ [ [ [ 654173.710223080008291, 6338279.185131642967463 ], [ 654174.221941016148776, 6338274.245703188702464 ], [ 654177.183005714323372, 6338274.557047017849982 ], [ 654176.671700497041456, 6338279.485347874462605 ], [ 654173.710223080008291, 6338279.185131642967463 ] ] ] ] } },
{ "type": "Feature", "properties": { "osm_id": null, "osm_way_id": "867228598", "name": null, "type": null, "aeroway": null, "amenity": null, "admin_level": null, "barrier": null, "boundary": null, "building": "service", "craft": null, "geological": null, "historic": null, "land_area": null, "landuse": null, "leisure": null, "man_made": null, "military": null, "natural": null, "office": null, "place": null, "shop": null, "sport": null, "tourism": null, "other_tags": "\"power\"=>\"substation\"", "side": "south" }, "geometry": { "type": "MultiPolygon", "coordinates": [ [ [ [ 654021.424768998287618, 6338273.825353319756687 ], [ 654021.026826312532648, 6338276.373333466239274 ], [ 654031.315470370813273, 6338278.094995602034032 ], [ 654031.713419381063432, 6338275.547016345895827 ], [ 654021.424768998287618, 6338273.825353319756687 ] ] ] ] } },
{ "type": "Feature", "properties": { "osm_id": null, "osm_way_id": "895517422", "name": null, "type": null, "aeroway": null, "amenity": null, "admin_level": null, "barrier": null, "boundary": null, "building": "apartments", "craft": null, "geological": null, "historic": null, "land_area": null, "landuse": null, "leisure": null, "man_made": null, "military": null, "natural": null, "office": null, "place": null, "shop": null, "sport": null, "tourism": null, "other_tags": "\"addr:housenumber\"=>\"34/12\",\"addr:street\"=>\"улица Газовиков\",\"building:levels\"=>\"14\",\"start_date\"=>\"2023\"", "side": "north" }, "geometry": { "type": "MultiPolygon", "coordinates": [ [ [ [ 654394.459717134595849, 6339084.155141077004373 ], [ 654426.656744765816256, 6339089.328666994348168 ], [ 654424.12582689919509, 6339105.012167545966804 ], [ 654391.941010570037179, 6339099.839112492278218 ], [ 654394.459717134595849, 6339084.155141077004373 ] ] ] ] } },
{ "type": "Feature", "properties": { "osm_id": null, "osm_way_id": "895517423", "name": null, "type": null, "aeroway": null, "amenity": null, "admin_level": null, "barrier": null, "boundary": null, "building": "apartments", "craft": null, "geological": null, "historic": null, "land_area": null, "landuse": null, "leisure": null, "man_made": null, "military": null, "natural": null, "office": null, "place": null, "shop": null, "sport": null, "tourism": null, "other_tags": "\"addr:housenumber\"=>\"34/11\",\"addr:street\"=>\"улица Газовиков\",\"building:levels\"=>\"6\",\"start_date\"=>\"2023\"", "side": "north" }, "geometry": { "type": "MultiPolygon", "coordinates": [ [ [ [ 654395.138454997679219, 6339123.871608268469572 ], [ 654418.54911745141726, 6339127.668404255062342 ], [ 654414.394996087183245, 6339153.2305479478091 ], [ 654391.026790624251589, 6339149.435358854010701 ], [ 654395.138454997679219, 6339123.871608268469572 ] ] ] ] } },
{ "type": "Feature", "properties": { "osm_id": null, "osm_way_id": "895517424", "name": null, "type": null, "aeroway": null, "amenity": null, "admin_level": null, "barrier": null, "boundary": null, "building": "apartments", "craft": null, "geological": null, "historic": null, "land_area": null, "landuse": null, "leisure": null, "man_made": null, "military": null, "natural": null, "office": null, "place": null, "shop": null, "sport": null, "tourism": null, "other_tags": "\"addr:housenumber\"=>\"34/10\",\"addr:street\"=>\"улица Газовиков\",\"building:levels\"=>\"6\",\"start_date\"=>\"2023\"", "side": "north" }, "geometry": { "type": "MultiPolygon", "coordinates": [ [ [ [ 654384.769976377487183, 6339171.18585491552949 ], [ 654407.867303827428259, 6339174.937434385530651 ], [ 654403.707225445425138, 6339200.499361880123615 ], [ 654380.657980201533064, 6339196.760742731392384 ], [ 654384.769976377487183, 6339171.18585491552949 ] ] ] ] } },
{ "type": "Feature", "properties": { "osm_id": null, "osm_way_id": "905758376", "name": null, "type": null, "aeroway": null, "amenity": null, "admin_level": null, "barrier": null, "boundary": null, "building": "bridge", "craft": null, "geological": null, "historic": null, "land_area": null, "landuse": null, "leisure": null, "man_made": null, "military": null, "natural": null, "office": null, "place": null, "shop": null, "sport": null, "tourism": null, "other_tags": "\"height\"=>\"3\",\"layer\"=>\"1\"", "side": "north" }, "geometry": { "type": "MultiPolygon", "coordinates": [ [ [ [ 654670.643501879065298, 6338776.048598961904645 ], [ 654674.426092230249196, 6338776.881446897052228 ], [ 654670.260882909293287, 6338795.757238822989166 ], [ 654666.49290591548197, 6338794.858084687031806 ], [ 654670.643501879065298, 6338776.048598961904645 ] ] ] ] } },
{ "type": "Feature", "properties": { "osm_id": null, "osm_way_id": "905758377", "name": null, "type": null, "aeroway": null, "amenity": null, "admin_level": null, "barrier": null, "boundary": null, "building": "bridge", "craft": null, "geological": null, "historic": null, "land_area": null, "landuse": null, "leisure": null, "man_made": null, "military": null, "natural": null, "office": null, "place": null, "shop": null, "sport": null, "tourism": null, "other_tags": "\"height\"=>\"3\",\"layer\"=>\"1\"", "side": "north" }, "geometry": { "type": "MultiPolygon", "coordinates": [ [ [ [ 654689.256958996760659, 6338833.019176316447556 ], [ 654694.739601150737144, 6338834.361586382612586 ], [ 654709.027974196127616, 6338837.862059800885618 ], [ 654709.121072400943376, 6338833.60895009431988 ], [ 654695.803199570858851, 6338830.702059682458639 ], [ 654690.1112583684735, 6338829.452077513560653 ], [ 654689.256958996760659, 6338833.019176316447556 ] ] ] ] } },
{ "type": "Feature", "properties": { "osm_id": null, "osm_way_id": "917804015", "name": null, "type": null, "aeroway": null, "amenity": null, "admin_level": null, "barrier": null, "boundary": null, "building": "apartments", "craft": null, "geological": null, "historic": null, "land_area": null, "landuse": null, "leisure": null, "man_made": null, "military": null, "natural": null, "office": null, "place": null, "shop": null, "sport": null, "tourism": null, "other_tags": "\"addr:housenumber\"=>\"79\",\"addr:street\"=>\"улица Газовиков\",\"building:levels\"=>\"19\",\"building:material\"=>\"brick\",\"roof:shape\"=>\"flat\"", "side": "north" }, "geometry": { "type": "MultiPolygon", "coordinates": [ [ [ [ 654662.587620943086222, 6338774.230780412442982 ], [ 654670.643501879065298, 6338776.048598961904645 ], [ 654674.426092230249196, 6338776.881446897052228 ], [ 654675.698488893220201, 6338777.174353842623532 ], [ 654679.140341566409916, 6338761.926296537742019 ], [ 654683.142518524546176, 6338744.169827722012997 ], [ 654686.44658084679395, 6338729.529463807120919 ], [ 654686.940784924663603, 6338727.330570885911584 ], [ 654689.693109750980511, 6338715.132086582481861 ], [ 654697.929622771218419, 6338716.979019488207996 ], [ 654710.584138392237946, 6338719.827562039718032 ], [ 654731.085105395060964, 6338724.430498196743429 ], [ 654745.762635582941584, 6338727.733976356685162 ], [ 654748.754329341696575, 6338714.485931256785989 ], [ 654743.643004772951826, 6338713.24654498975724 ], [ 654735.123623517574742, 6338711.355469423346221 ], [ 654725.925710545270704, 6338709.316361397504807 ], [ 654711.06027880043257, 6338706.017046317458153 ], [ 654708.274467106675729, 6338705.399878401309252 ], [ 654700.914702970534563, 6338703.74184238910675 ], [ 654690.99549786397256, 6338701.564305489882827 ], [ 654679.567479380872101, 6338698.940153002738953 ], [ 654678.980926596792415, 6338701.180151893757284 ], [ 654674.633412984665483, 6338720.717674864456058 ], [ 654673.829761765897274, 6338724.386964189819992 ], [ 654673.335564536741003, 6338726.585858570411801 ], [ 654671.976628752425313, 6338732.630036594346166 ], [ 654662.587620943086222, 6338774.230780412442982 ] ] ] ] } },
{ "type": "Feature", "properties": { "osm_id": null, "osm_way_id": "918534512", "name": null, "type": null, "aeroway": null, "amenity": null, "admin_level": null, "barrier": null, "boundary": null, "building": "apartments", "craft": null, "geological": null, "historic": null, "land_area": null, "landuse": null, "leisure": null, "man_made": null, "military": null, "natural": null, "office": null, "place": null, "shop": null, "sport": null, "tourism": null, "other_tags": "\"addr:housenumber\"=>\"73 к1\",\"addr:street\"=>\"улица Газовиков\",\"building:levels\"=>\"13\",\"roof:shape\"=>\"flat\"", "side": "north" }, "geometry": { "type": "MultiPolygon", "coordinates": [ [ [ [ 654788.016862034332007, 6338977.22951093968004 ], [ 654791.189938184223138, 6338961.893430141732097 ], [ 654824.720427071093582, 6338968.813860144466162 ], [ 654827.435650384053588, 6338955.67804572917521 ], [ 654834.919626268791035, 6338919.544062334112823 ], [ 654839.402054416714236, 6338897.883434985764325 ], [ 654855.398381052538753, 6338901.192328181117773 ], [ 654850.598644046927802, 6338924.367604115046561 ], [ 654843.119743101648055, 6338960.524042902514338 ], [ 654837.549688310478814, 6338987.447846186347306 ], [ 654830.918338461895473, 6338986.073209848254919 ], [ 654821.499286909820512, 6338984.136972717940807 ], [ 654798.979453008971177, 6338979.491091468371451 ], [ 654788.016862034332007, 6338977.22951093968004 ] ] ] ] } },
{ "type": "Feature", "properties": { "osm_id": null, "osm_way_id": "926198571", "name": null, "type": null, "aeroway": null, "amenity": null, "admin_level": null, "barrier": null, "boundary": null, "building": "yes", "craft": null, "geological": null, "historic": null, "land_area": null, "landuse": null, "leisure": null, "man_made": null, "military": null, "natural": null, "office": null, "place": null, "shop": null, "sport": null, "tourism": null, "other_tags": null, "side": "north" }, "geometry": { "type": "MultiPolygon", "coordinates": [ [ [ [ 652826.462616041884758, 6339103.817552383989096 ], [ 652816.504986303043552, 6339113.13119731284678 ], [ 652803.630467810435221, 6339099.416188580915332 ], [ 652813.594141884008422, 6339090.102736826054752 ], [ 652826.462616041884758, 6339103.817552383989096 ] ] ] ] } },
{ "type": "Feature", "properties": { "osm_id": null, "osm_way_id": "926198573", "name": null, "type": null, "aeroway": null, "amenity": null, "admin_level": null, "barrier": null, "boundary": null, "building": "yes", "craft": null, "geological": null, "historic": null, "land_area": null, "landuse": null, "leisure": null, "man_made": null, "military": null, "natural": null, "office": null, "place": null, "shop": null, "sport": null, "tourism": null, "other_tags": null, "side": "north" }, "geometry": { "type": "MultiPolygon", "coordinates": [ [ [ [ 652877.383693968993612, 6339127.713496341370046 ], [ 652875.342657054075971, 6339115.347374836914241 ], [ 652866.268377517117187, 6339116.838085012510419 ], [ 652868.309440207784064, 6339129.204201640561223 ], [ 652877.383693968993612, 6339127.713496341370046 ] ] ] ] } },
{ "type": "Feature", "properties": { "osm_id": null, "osm_way_id": "926198574", "name": null, "type": null, "aeroway": null, "amenity": null, "admin_level": null, "barrier": null, "boundary": null, "building": "yes", "craft": null, "geological": null, "historic": null, "land_area": null, "landuse": null, "leisure": null, "man_made": null, "military": null, "natural": null, "office": null, "place": null, "shop": null, "sport": null, "tourism": null, "other_tags": null, "side": "north" }, "geometry": { "type": "MultiPolygon", "coordinates": [ [ [ [ 652869.781804892234504, 6339088.053164698183537 ], [ 652868.973557307850569, 6339080.145294881425798 ], [ 652857.824094360694289, 6339081.280465259216726 ], [ 652858.626730861025862, 6339089.176980942487717 ], [ 652869.781804892234504, 6339088.053164698183537 ] ] ] ] } },
{ "type": "Feature", "properties": { "osm_id": null, "osm_way_id": "926198581", "name": null, "type": null, "aeroway": null, "amenity": null, "admin_level": null, "barrier": null, "boundary": null, "building": "house", "craft": null, "geological": null, "historic": null, "land_area": null, "landuse": null, "leisure": null, "man_made": null, "military": null, "natural": null, "office": null, "place": null, "shop": null, "sport": null, "tourism": null, "other_tags": "\"addr:housenumber\"=>\"52А\",\"addr:street\"=>\"улица Маяковского\",\"building:levels\"=>\"1\",\"source:addr\"=>\"ЕГРН\",\"start_date\"=>\"1977\"", "side": "north" }, "geometry": { "type": "MultiPolygon", "coordinates": [ [ [ [ 652712.530622983002104, 6339116.619050461798906 ], [ 652712.858243554015644, 6339107.616775692440569 ], [ 652704.014867597841658, 6339107.289001457393169 ], [ 652703.681221690145321, 6339116.29105259757489 ], [ 652712.530622983002104, 6339116.619050461798906 ] ] ] ] } },
{ "type": "Feature", "properties": { "osm_id": null, "osm_way_id": "926199583", "name": null, "type": null, "aeroway": null, "amenity": null, "admin_level": null, "barrier": null, "boundary": null, "building": "yes", "craft": null, "geological": null, "historic": null, "land_area": null, "landuse": null, "leisure": null, "man_made": null, "military": null, "natural": null, "office": null, "place": null, "shop": null, "sport": null, "tourism": null, "other_tags": "\"addr:housenumber\"=>\"74\",\"addr:street\"=>\"Заозёрная улица\"", "side": "north" }, "geometry": { "type": "MultiPolygon", "coordinates": [ [ [ [ 652621.792335357982665, 6339092.876876807771623 ], [ 652621.124573392909952, 6339084.105157229118049 ], [ 652610.993897261796519, 6339084.866450686939061 ], [ 652611.66126820712816, 6339093.649295689538121 ], [ 652621.792335357982665, 6339092.876876807771623 ] ] ] ] } },
{ "type": "Feature", "properties": { "osm_id": null, "osm_way_id": "926199591", "name": null, "type": null, "aeroway": null, "amenity": null, "admin_level": null, "barrier": null, "boundary": null, "building": "yes", "craft": null, "geological": null, "historic": null, "land_area": null, "landuse": null, "leisure": null, "man_made": null, "military": null, "natural": null, "office": null, "place": null, "shop": null, "sport": null, "tourism": null, "other_tags": null, "side": "north" }, "geometry": { "type": "MultiPolygon", "coordinates": [ [ [ [ 652541.314255704637617, 6339112.426925477571785 ], [ 652543.54286391986534, 6339105.857279500924051 ], [ 652559.737857878790237, 6339111.326256856322289 ], [ 652557.509225630550645, 6339117.89589446503669 ], [ 652541.314255704637617, 6339112.426925477571785 ] ] ] ] } },
{ "type": "Feature", "properties": { "osm_id": null, "osm_way_id": "926199594", "name": null, "type": null, "aeroway": null, "amenity": null, "admin_level": null, "barrier": null, "boundary": null, "building": "yes", "craft": null, "geological": null, "historic": null, "land_area": null, "landuse": null, "leisure": null, "man_made": null, "military": null, "natural": null, "office": null, "place": null, "shop": null, "sport": null, "tourism": null, "other_tags": "\"addr:housenumber\"=>\"70\",\"addr:street\"=>\"Заозёрная улица\",\"source:addr\"=>\"ЕГРН\"", "side": "north" }, "geometry": { "type": "MultiPolygon", "coordinates": [ [ [ [ 652620.876366234966554, 6339131.329676019027829 ], [ 652620.441206047544256, 6339121.017743001691997 ], [ 652630.189469247008674, 6339120.610018151812255 ], [ 652630.511151445214637, 6339128.265797334723175 ], [ 652627.473711095517501, 6339128.398412670940161 ], [ 652627.581122236675583, 6339131.054343864321709 ], [ 652620.876366234966554, 6339131.329676019027829 ] ] ] ] } },
{ "type": "Feature", "properties": { "osm_id": null, "osm_way_id": "957754063", "name": null, "type": null, "aeroway": null, "amenity": "parking", "admin_level": null, "barrier": null, "boundary": null, "building": "yes", "craft": null, "geological": null, "historic": null, "land_area": null, "landuse": null, "leisure": null, "man_made": null, "military": null, "natural": null, "office": null, "place": null, "shop": null, "sport": null, "tourism": null, "other_tags": "\"access\"=>\"private\",\"addr:housenumber\"=>\"2 к2 с1\",\"addr:street\"=>\"улица Щербакова\",\"parking\"=>\"garage_boxes\"", "side": "south" }, "geometry": { "type": "MultiPolygon", "coordinates": [ [ [ [ 652611.892130701453425, 6338711.520698738284409 ], [ 652626.295128896366805, 6338719.976574214175344 ], [ 652613.999603290227242, 6338741.572468045167625 ], [ 652599.432405235245824, 6338758.148072531446815 ], [ 652585.381292097037658, 6338768.636665457859635 ], [ 652568.976748912711628, 6338778.436460461467505 ], [ 652555.277523592696525, 6338782.531160577200353 ], [ 652527.907000247389078, 6338788.66033929772675 ], [ 652526.988379671704024, 6338781.751329746097326 ], [ 652526.556893271394074, 6338772.966104566119611 ], [ 652550.596227432135493, 6338767.705278699286282 ], [ 652561.130978137254715, 6338763.571395768783987 ], [ 652576.508291132631712, 6338754.212665051221848 ], [ 652592.173062653280795, 6338741.343557997606695 ], [ 652602.123950641718693, 6338729.276875627227128 ], [ 652611.892130701453425, 6338711.520698738284409 ] ] ] ] } },
{ "type": "Feature", "properties": { "osm_id": null, "osm_way_id": "957754067", "name": null, "type": null, "aeroway": null, "amenity": null, "admin_level": null, "barrier": null, "boundary": null, "building": "commercial", "craft": null, "geological": null, "historic": null, "land_area": null, "landuse": null, "leisure": null, "man_made": null, "military": null, "natural": null, "office": null, "place": null, "shop": null, "sport": null, "tourism": null, "other_tags": "\"addr:housenumber\"=>\"67/1\",\"addr:street\"=>\"Заозёрная улица\"", "side": "north" }, "geometry": { "type": "MultiPolygon", "coordinates": [ [ [ [ 652661.307237982633524, 6338982.089678289368749 ], [ 652662.495833803666756, 6338985.788509327918291 ], [ 652669.247156254481524, 6338983.609563089907169 ], [ 652668.052108396776021, 6338979.921633433550596 ], [ 652661.307237982633524, 6338982.089678289368749 ] ] ] ] } },
{ "type": "Feature", "properties": { "osm_id": null, "osm_way_id": "957761711", "name": null, "type": null, "aeroway": null, "amenity": null, "admin_level": null, "barrier": null, "boundary": null, "building": "service", "craft": null, "geological": null, "historic": null, "land_area": null, "landuse": null, "leisure": null, "man_made": null, "military": null, "natural": null, "office": null, "place": null, "shop": null, "sport": null, "tourism": null, "other_tags": "\"addr:housenumber\"=>\"26\",\"addr:street\"=>\"Береговая улица\",\"building:levels\"=>\"1\",\"source:addr\"=>\"ЕГРН\",\"start_date\"=>\"2021\"", "side": "south" }, "geometry": { "type": "MultiPolygon", "coordinates": [ [ [ [ 652371.989799828152172, 6338766.211290596053004 ], [ 652379.13267324201297, 6338756.558503152802587 ], [ 652384.559561327216215, 6338760.569967122748494 ], [ 652377.417092328192666, 6338770.211617898195982 ], [ 652371.989799828152172, 6338766.211290596053004 ] ] ] ] } },
{ "type": "Feature", "properties": { "osm_id": null, "osm_way_id": "957761716", "name": null, "type": null, "aeroway": null, "amenity": null, "admin_level": null, "barrier": null, "boundary": null, "building": "service", "craft": null, "geological": null, "historic": null, "land_area": null, "landuse": null, "leisure": null, "man_made": null, "military": null, "natural": null, "office": null, "place": null, "shop": null, "sport": null, "tourism": null, "other_tags": "\"addr:housenumber\"=>\"28\",\"addr:street\"=>\"Береговая улица\",\"building:levels\"=>\"1\",\"source:addr\"=>\"ЕГРН\",\"start_date\"=>\"2021\"", "side": "south" }, "geometry": { "type": "MultiPolygon", "coordinates": [ [ [ [ 652593.646234073559754, 6338498.354838920757174 ], [ 652603.398154005757533, 6338509.167747808620334 ], [ 652618.914629584411159, 6338492.9726965399459 ], [ 652619.69697429286316, 6338491.95426233112812 ], [ 652620.218258705572225, 6338490.79244814440608 ], [ 652620.442897330387495, 6338489.63079031649977 ], [ 652620.420078864903189, 6338488.448825240135193 ], [ 652620.190749987843446, 6338487.448636936955154 ], [ 652619.777580503141508, 6338486.508495967835188 ], [ 652619.232508075772785, 6338485.697181744500995 ], [ 652618.543853592593223, 6338485.003119143657386 ], [ 652617.468692660797387, 6338484.283599987626076 ], [ 652616.250225863419473, 6338483.837339947931468 ], [ 652614.887217144016176, 6338483.697721287608147 ], [ 652613.523937010439113, 6338483.892372240312397 ], [ 652612.467198604252189, 6338484.310085997916758 ], [ 652611.517909348709509, 6338484.932346690446138 ], [ 652593.646234073559754, 6338498.354838920757174 ] ] ] ] } },
{ "type": "Feature", "properties": { "osm_id": null, "osm_way_id": "957761717", "name": null, "type": null, "aeroway": null, "amenity": null, "admin_level": null, "barrier": null, "boundary": null, "building": "service", "craft": null, "geological": null, "historic": null, "land_area": null, "landuse": null, "leisure": null, "man_made": null, "military": null, "natural": null, "office": null, "place": null, "shop": null, "sport": null, "tourism": null, "other_tags": "\"addr:housenumber\"=>\"30\",\"addr:street\"=>\"Береговая улица\",\"building:levels\"=>\"1\",\"source:addr\"=>\"ЕГРН\",\"start_date\"=>\"2021\"", "side": "south" }, "geometry": { "type": "MultiPolygon", "coordinates": [ [ [ [ 652814.261472007725388, 6338392.406659954227507 ], [ 652826.261090232990682, 6338387.659151073545218 ], [ 652828.194028121070005, 6338392.511037037707865 ], [ 652816.194008344085887, 6338397.269667500630021 ], [ 652814.261472007725388, 6338392.406659954227507 ] ] ] ] } },
{ "type": "Feature", "properties": { "osm_id": null, "osm_way_id": "968708787", "name": null, "type": null, "aeroway": null, "amenity": null, "admin_level": null, "barrier": null, "boundary": null, "building": "yes", "craft": null, "geological": null, "historic": null, "land_area": null, "landuse": null, "leisure": null, "man_made": null, "military": null, "natural": null, "office": null, "place": null, "shop": null, "sport": null, "tourism": null, "other_tags": null, "side": "north" }, "geometry": { "type": "MultiPolygon", "coordinates": [ [ [ [ 654772.063174963579513, 6338500.547561486251652 ], [ 654773.846336810383946, 6338492.079034657217562 ], [ 654783.326688047382049, 6338488.223069618456066 ], [ 654791.146515371627174, 6338494.244264370761812 ], [ 654790.063656227779575, 6338504.05395813845098 ], [ 654780.369005417684093, 6338508.135859209112823 ], [ 654772.063174963579513, 6338500.547561486251652 ] ] ] ] } },
{ "type": "Feature", "properties": { "osm_id": null, "osm_way_id": "985419270", "name": null, "type": null, "aeroway": null, "amenity": null, "admin_level": null, "barrier": null, "boundary": null, "building": "apartments", "craft": null, "geological": null, "historic": null, "land_area": null, "landuse": null, "leisure": null, "man_made": null, "military": null, "natural": null, "office": null, "place": null, "shop": null, "sport": null, "tourism": null, "other_tags": "\"addr:city\"=>\"Тюмень\",\"addr:housenumber\"=>\"38\",\"addr:street\"=>\"улица Газовиков\"", "side": "north" }, "geometry": { "type": "MultiPolygon", "coordinates": [ [ [ [ 654475.704114470048808, 6339074.530929000116885 ], [ 654480.912322042859159, 6339041.85459499899298 ], [ 654484.743359072133899, 6339017.818104767240584 ], [ 654425.855695123784244, 6339008.467976436950266 ], [ 654411.594404722563922, 6339006.195197647437453 ], [ 654407.777756528230384, 6339030.343701532110572 ], [ 654402.570335883647203, 6339062.852983071468771 ], [ 654416.921269024838693, 6339065.151386514306068 ], [ 654422.129219289170578, 6339032.630994043312967 ], [ 654423.616593301063403, 6339023.148409897461534 ], [ 654468.218266403651796, 6339030.235753714106977 ], [ 654466.722872264799662, 6339039.606597384437919 ], [ 654461.514776599593461, 6339072.282947540283203 ], [ 654475.704114470048808, 6339074.530929000116885 ] ] ] ] } },
{ "type": "Feature", "properties": { "osm_id": null, "osm_way_id": "1016517379", "name": null, "type": null, "aeroway": null, "amenity": null, "admin_level": null, "barrier": null, "boundary": null, "building": "apartments", "craft": null, "geological": null, "historic": null, "land_area": null, "landuse": null, "leisure": null, "man_made": null, "military": null, "natural": null, "office": null, "place": null, "shop": null, "sport": null, "tourism": null, "other_tags": "\"addr:city\"=>\"Тюмень\",\"addr:housenumber\"=>\"40\",\"addr:street\"=>\"улица Газовиков\"", "side": "north" }, "geometry": { "type": "MultiPolygon", "coordinates": [ [ [ [ 654352.271770804654807, 6339034.626546714454889 ], [ 654358.091001706430689, 6338999.187274728901684 ], [ 654361.948017516057007, 6338975.731112281791866 ], [ 654303.774734823848121, 6338966.197820357047021 ], [ 654287.175106195965782, 6338963.481341108679771 ], [ 654283.216179968556389, 6338987.568879565224051 ], [ 654277.711463634623215, 6339021.092280217446387 ], [ 654294.310444971779361, 6339023.81985229626298 ], [ 654299.837597214616835, 6338990.185877956449986 ], [ 654301.226741966791451, 6338981.702446117065847 ], [ 654344.069943212089129, 6338988.722560659982264 ], [ 654342.761167130898684, 6338996.67413426283747 ], [ 654336.936022395151667, 6339032.113199383951724 ], [ 654352.271770804654807, 6339034.626546714454889 ] ] ] ] } },
{ "type": "Feature", "properties": { "osm_id": null, "osm_way_id": "1081046297", "name": null, "type": null, "aeroway": null, "amenity": null, "admin_level": null, "barrier": null, "boundary": null, "building": "service", "craft": null, "geological": null, "historic": null, "land_area": null, "landuse": null, "leisure": null, "man_made": null, "military": null, "natural": null, "office": null, "place": null, "shop": null, "sport": null, "tourism": null, "other_tags": "\"power\"=>\"substation\"", "side": "north" }, "geometry": { "type": "MultiPolygon", "coordinates": [ [ [ [ 654305.113497966784053, 6339123.763882528059185 ], [ 654303.578658775659278, 6339131.450711291283369 ], [ 654309.484745657537133, 6339132.630197482183576 ], [ 654311.026057161972858, 6339124.932469853200018 ], [ 654305.113497966784053, 6339123.763882528059185 ] ] ] ] } },
{ "type": "Feature", "properties": { "osm_id": null, "osm_way_id": "1185257928", "name": null, "type": null, "aeroway": null, "amenity": null, "admin_level": null, "barrier": null, "boundary": null, "building": "yes", "craft": null, "geological": null, "historic": null, "land_area": null, "landuse": null, "leisure": null, "man_made": null, "military": null, "natural": null, "office": null, "place": null, "shop": null, "sport": null, "tourism": null, "other_tags": "\"addr:city\"=>\"Тюмень\",\"addr:housenumber\"=>\"38 к1\",\"addr:street\"=>\"улица Газовиков\",\"building:levels\"=>\"8\"", "side": "north" }, "geometry": { "type": "MultiPolygon", "coordinates": [ [ [ [ 654378.293263298808597, 6338976.833788351155818 ], [ 654402.938981513027102, 6338981.133584084920585 ], [ 654397.271538655506447, 6339013.480773757211864 ], [ 654372.626429171301425, 6339009.169881581328809 ], [ 654378.293263298808597, 6338976.833788351155818 ] ] ] ] } },
{ "type": "Feature", "properties": { "osm_id": null, "osm_way_id": "1222202065", "name": null, "type": null, "aeroway": null, "amenity": null, "admin_level": null, "barrier": null, "boundary": null, "building": "yes", "craft": null, "geological": null, "historic": null, "land_area": null, "landuse": null, "leisure": null, "man_made": null, "military": null, "natural": null, "office": null, "place": null, "shop": null, "sport": null, "tourism": null, "other_tags": null, "side": "north" }, "geometry": { "type": "MultiPolygon", "coordinates": [ [ [ [ 652582.539395040483214, 6339125.708942487835884 ], [ 652582.410705802962184, 6339134.740865518338978 ], [ 652586.597307887743227, 6339134.795631041750312 ], [ 652586.631645476561971, 6339132.234093153849244 ], [ 652593.074552123551257, 6339132.327857693657279 ], [ 652593.168923042947426, 6339125.857472534291446 ], [ 652582.539395040483214, 6339125.708942487835884 ] ] ] ] } },
{ "type": "Feature", "properties": { "osm_id": null, "osm_way_id": "1222202066", "name": null, "type": null, "aeroway": null, "amenity": null, "admin_level": null, "barrier": null, "boundary": null, "building": "yes", "craft": null, "geological": null, "historic": null, "land_area": null, "landuse": null, "leisure": null, "man_made": null, "military": null, "natural": null, "office": null, "place": null, "shop": null, "sport": null, "tourism": null, "other_tags": "\"addr:housenumber\"=>\"72\",\"addr:street\"=>\"Заозёрная улица\",\"building:levels\"=>\"2\",\"source:addr\"=>\"ЕГРН\",\"start_date\"=>\"2022\"", "side": "north" }, "geometry": { "type": "MultiPolygon", "coordinates": [ [ [ [ 652587.627443020930514, 6339111.066509326919913 ], [ 652587.51551128225401, 6339122.260727315209806 ], [ 652605.389576059067622, 6339122.432459509931505 ], [ 652605.44536035344936, 6339116.840914065949619 ], [ 652610.558052541106008, 6339116.896577015519142 ], [ 652610.614255400607362, 6339111.293904178775847 ], [ 652587.627443020930514, 6339111.066509326919913 ] ] ] ] } },
{ "type": "Feature", "properties": { "osm_id": null, "osm_way_id": "1222202067", "name": null, "type": null, "aeroway": null, "amenity": null, "admin_level": null, "barrier": null, "boundary": null, "building": "yes", "craft": null, "geological": null, "historic": null, "land_area": null, "landuse": null, "leisure": null, "man_made": null, "military": null, "natural": null, "office": null, "place": null, "shop": null, "sport": null, "tourism": null, "other_tags": null, "side": "north" }, "geometry": { "type": "MultiPolygon", "coordinates": [ [ [ [ 652619.160318200709298, 6339114.418414092622697 ], [ 652627.048347127041779, 6339114.064342359080911 ], [ 652626.752337905927561, 6339107.512637983076274 ], [ 652618.864296580781229, 6339107.866710471920669 ], [ 652619.160318200709298, 6339114.418414092622697 ] ] ] ] } },
{ "type": "Feature", "properties": { "osm_id": null, "osm_way_id": "1222202068", "name": null, "type": null, "aeroway": null, "amenity": null, "admin_level": null, "barrier": null, "boundary": null, "building": "yes", "craft": null, "geological": null, "historic": null, "land_area": null, "landuse": null, "leisure": null, "man_made": null, "military": null, "natural": null, "office": null, "place": null, "shop": null, "sport": null, "tourism": null, "other_tags": null, "side": "north" }, "geometry": { "type": "MultiPolygon", "coordinates": [ [ [ [ 652630.991596987936646, 6339141.275933490134776 ], [ 652630.276462100679055, 6339134.274137604981661 ], [ 652622.60854845168069, 6339135.05977601185441 ], [ 652623.324108208995312, 6339142.050442989915609 ], [ 652630.991596987936646, 6339141.275933490134776 ] ] ] ] } },
{ "type": "Feature", "properties": { "osm_id": null, "osm_way_id": "1247200885", "name": null, "type": null, "aeroway": null, "amenity": null, "admin_level": null, "barrier": null, "boundary": null, "building": "construction", "craft": null, "geological": null, "historic": null, "land_area": null, "landuse": null, "leisure": null, "man_made": null, "military": null, "natural": null, "office": null, "place": null, "shop": null, "sport": null, "tourism": null, "other_tags": "\"addr:housenumber\"=>\"26 к2\",\"addr:street\"=>\"Мысовская улица\",\"construction\"=>\"apartments\"", "side": "north" }, "geometry": { "type": "MultiPolygon", "coordinates": [ [ [ [ 653710.732294196030125, 6339197.73081062734127 ], [ 653721.961201744386926, 6339133.632881425321102 ], [ 653759.178381678881124, 6339140.370197638869286 ], [ 653756.137623372371309, 6339156.970942991785705 ], [ 653734.311845384305343, 6339153.036492413841188 ], [ 653728.84515466215089, 6339184.366673181764781 ], [ 653760.775847651297227, 6339190.015352187678218 ], [ 653769.21897815191187, 6339142.193488611839712 ], [ 653786.195554644335061, 6339144.687977710738778 ], [ 653774.968237774446607, 6339209.365270591340959 ], [ 653710.732294196030125, 6339197.73081062734127 ] ] ] ] } },
{ "type": "Feature", "properties": { "osm_id": null, "osm_way_id": "1280437768", "name": null, "type": null, "aeroway": null, "amenity": null, "admin_level": null, "barrier": null, "boundary": null, "building": "houseboat", "craft": null, "geological": null, "historic": null, "land_area": null, "landuse": null, "leisure": null, "man_made": null, "military": null, "natural": null, "office": null, "place": null, "shop": null, "sport": null, "tourism": null, "other_tags": null, "side": "south" }, "geometry": { "type": "MultiPolygon", "coordinates": [ [ [ [ 652387.812881350284442, 6338526.740000783465803 ], [ 652394.323839396238327, 6338519.12523574475199 ], [ 652408.244625848252326, 6338502.837000674568117 ], [ 652417.188909642864019, 6338510.455073507502675 ], [ 652396.757144809467718, 6338534.358029704540968 ], [ 652387.812881350284442, 6338526.740000783465803 ] ] ] ] } },
{ "type": "Feature", "properties": { "osm_id": null, "osm_way_id": "1283599254", "name": null, "type": null, "aeroway": null, "amenity": null, "admin_level": null, "barrier": null, "boundary": null, "building": "yes", "craft": null, "geological": null, "historic": null, "land_area": null, "landuse": null, "leisure": null, "man_made": null, "military": null, "natural": null, "office": null, "place": null, "shop": null, "sport": null, "tourism": null, "other_tags": "\"addr:city\"=>\"Тюмень\",\"addr:housenumber\"=>\"30\",\"addr:street\"=>\"Защитников Отечества\",\"building:levels\"=>\"25\"", "side": "north" }, "geometry": { "type": "MultiPolygon", "coordinates": [ [ [ [ 654339.582289140904322, 6338680.576044834218919 ], [ 654373.160906229633838, 6338688.709022319875658 ], [ 654377.641263450146653, 6338672.697388490661979 ], [ 654343.523854814702645, 6338664.399343009106815 ], [ 654339.582289140904322, 6338680.576044834218919 ] ] ] ] } },
{ "type": "Feature", "properties": { "osm_id": null, "osm_way_id": "1283599257", "name": null, "type": null, "aeroway": null, "amenity": null, "admin_level": null, "barrier": null, "boundary": null, "building": "yes", "craft": null, "geological": null, "historic": null, "land_area": null, "landuse": null, "leisure": null, "man_made": null, "military": null, "natural": null, "office": null, "place": null, "shop": null, "sport": null, "tourism": null, "other_tags": "\"addr:city\"=>\"Тюмень\",\"addr:housenumber\"=>\"30\",\"addr:street\"=>\"Защитников Отечества\",\"building:levels\"=>\"25\"", "side": "north" }, "geometry": { "type": "MultiPolygon", "coordinates": [ [ [ [ 654302.913206906523556, 6338622.240360591560602 ], [ 654320.561161521822214, 6338627.068664990365505 ], [ 654325.644187236321159, 6338608.538975366391242 ], [ 654327.747864316217601, 6338600.862310543656349 ], [ 654330.791245469590649, 6338589.755401962436736 ], [ 654313.1487660438288, 6338584.93840990960598 ], [ 654307.897353035630658, 6338604.085808681324124 ], [ 654302.913206906523556, 6338622.240360591560602 ] ] ] ] } },
{ "type": "Feature", "properties": { "osm_id": null, "osm_way_id": "1283599258", "name": null, "type": null, "aeroway": null, "amenity": null, "admin_level": null, "barrier": null, "boundary": null, "building": "yes", "craft": null, "geological": null, "historic": null, "land_area": null, "landuse": null, "leisure": null, "man_made": null, "military": null, "natural": null, "office": null, "place": null, "shop": null, "sport": null, "tourism": null, "other_tags": "\"addr:city\"=>\"Тюмень\",\"addr:housenumber\"=>\"30\",\"addr:street\"=>\"Защитников Отечества\",\"building:levels\"=>\"25\"", "side": "north" }, "geometry": { "type": "MultiPolygon", "coordinates": [ [ [ [ 654373.160906229633838, 6338688.709022319875658 ], [ 654390.224191251443699, 6338693.460026450455189 ], [ 654396.423994110780768, 6338671.306238379329443 ], [ 654402.096026511862874, 6338650.313828925602138 ], [ 654385.101571786217391, 6338645.82165018375963 ], [ 654379.284117058385164, 6338666.819773328490555 ], [ 654377.641263450146653, 6338672.697388490661979 ], [ 654373.160906229633838, 6338688.709022319875658 ] ] ] ] } },
{ "type": "Feature", "properties": { "osm_id": null, "osm_way_id": "1283599750", "name": null, "type": null, "aeroway": null, "amenity": null, "admin_level": null, "barrier": null, "boundary": null, "building": "yes", "craft": null, "geological": null, "historic": null, "land_area": null, "landuse": null, "leisure": null, "man_made": null, "military": null, "natural": null, "office": null, "place": null, "shop": null, "sport": null, "tourism": null, "other_tags": "\"addr:housenumber\"=>\"199А\",\"addr:street\"=>\"Береговая улица\"", "side": "north" }, "geometry": { "type": "MultiPolygon", "coordinates": [ [ [ [ 654433.026057927403599, 6338749.797852879390121 ], [ 654440.524205978377722, 6338719.012457591481507 ], [ 654449.493106169975363, 6338721.187197745777667 ], [ 654441.994892934570089, 6338751.972577766515315 ], [ 654433.026057927403599, 6338749.797852879390121 ] ] ] ] } },
{ "type": "Feature", "properties": { "osm_id": null, "osm_way_id": "1293790527", "name": null, "type": null, "aeroway": null, "amenity": null, "admin_level": null, "barrier": null, "boundary": null, "building": "bandstand", "craft": null, "geological": null, "historic": null, "land_area": null, "landuse": null, "leisure": "bandstand", "man_made": null, "military": null, "natural": null, "office": null, "place": null, "shop": null, "sport": null, "tourism": null, "other_tags": null, "side": "south" }, "geometry": { "type": "MultiPolygon", "coordinates": [ [ [ [ 654014.402988967951387, 6338267.958094114437699 ], [ 654015.859034125576727, 6338251.67711235024035 ], [ 654022.665582799352705, 6338252.288053434342146 ], [ 654021.209510709159076, 6338268.569033216685057 ], [ 654014.402988967951387, 6338267.958094114437699 ] ] ] ] } },
{ "type": "Feature", "properties": { "osm_id": null, "osm_way_id": "1293790528", "name": null, "type": null, "aeroway": null, "amenity": null, "admin_level": null, "barrier": null, "boundary": null, "building": "shelter", "craft": null, "geological": null, "historic": null, "land_area": null, "landuse": null, "leisure": null, "man_made": null, "military": null, "natural": null, "office": null, "place": null, "shop": null, "sport": null, "tourism": null, "other_tags": "\"addr:housenumber\"=>\"10A\",\"addr:street\"=>\"Масловский взвоз\"", "side": "south" }, "geometry": { "type": "MultiPolygon", "coordinates": [ [ [ [ 654045.92304581834469, 6338273.927554083056748 ], [ 654044.324188617989421, 6338275.884645840153098 ], [ 654042.150076275342144, 6338277.196237670257688 ], [ 654039.666922100936063, 6338277.705138090997934 ], [ 654037.15574906161055, 6338277.343851396813989 ], [ 654035.058132386533543, 6338276.284881543368101 ], [ 654033.400973870418966, 6338274.618376100435853 ], [ 654032.341275430866517, 6338272.517345029860735 ], [ 654031.998516574734822, 6338270.186824417673051 ], [ 654032.399824736407027, 6338267.872970324940979 ], [ 654033.500607800320722, 6338265.796973006799817 ], [ 654035.201859630877152, 6338264.177989318035543 ], [ 654037.322841136483476, 6338263.154121578671038 ], [ 654039.652998491656035, 6338262.851214743219316 ], [ 654042.140635665040463, 6338263.356479685753584 ], [ 654044.313750859699212, 6338264.663417261093855 ], [ 654045.92340410547331, 6338266.629008059389889 ], [ 654046.772767440997995, 6338269.01189471501857 ], [ 654046.775088819558732, 6338271.54140591993928 ], [ 654045.92304581834469, 6338273.927554083056748 ] ] ] ] } },
{ "type": "Feature", "properties": { "osm_id": null, "osm_way_id": "1308746215", "name": null, "type": null, "aeroway": null, "amenity": null, "admin_level": null, "barrier": null, "boundary": null, "building": "service", "craft": null, "geological": null, "historic": null, "land_area": null, "landuse": null, "leisure": null, "man_made": null, "military": null, "natural": null, "office": null, "place": null, "shop": null, "sport": null, "tourism": "information", "other_tags": "\"information\"=>\"office\"", "side": "north" }, "geometry": { "type": "MultiPolygon", "coordinates": [ [ [ [ 654105.575533841736615, 6338317.519938389770687 ], [ 654113.671282123541459, 6338319.271242686547339 ], [ 654115.486071093007922, 6338310.892827405594289 ], [ 654107.390306665096432, 6338309.141519800759852 ], [ 654105.575533841736615, 6338317.519938389770687 ] ] ] ] } },
{ "type": "Feature", "properties": { "osm_id": null, "osm_way_id": "1317865005", "name": null, "type": null, "aeroway": null, "amenity": null, "admin_level": null, "barrier": null, "boundary": null, "building": "construction", "craft": null, "geological": null, "historic": null, "land_area": null, "landuse": null, "leisure": null, "man_made": null, "military": null, "natural": null, "office": null, "place": null, "shop": null, "sport": null, "tourism": null, "other_tags": "\"addr:city\"=>\"Тюмень\",\"addr:housenumber\"=>\"100 к2\",\"addr:street\"=>\"Береговая улица\",\"building:levels\"=>\"17\",\"construction\"=>\"apartments\"", "side": "north" }, "geometry": { "type": "MultiPolygon", "coordinates": [ [ [ [ 654051.892619483172894, 6338561.402034753933549 ], [ 654067.389458760851994, 6338565.647384106181562 ], [ 654079.123428544495255, 6338522.216702183708549 ], [ 654063.626432138495147, 6338517.971311252564192 ], [ 654051.892619483172894, 6338561.402034753933549 ] ] ] ] } },
{ "type": "Feature", "properties": { "osm_id": null, "osm_way_id": "1317865006", "name": null, "type": null, "aeroway": null, "amenity": null, "admin_level": null, "barrier": null, "boundary": null, "building": "construction", "craft": null, "geological": null, "historic": null, "land_area": null, "landuse": null, "leisure": null, "man_made": null, "military": null, "natural": null, "office": null, "place": null, "shop": null, "sport": null, "tourism": null, "other_tags": "\"addr:city\"=>\"Тюмень\",\"addr:housenumber\"=>\"100 к2\",\"addr:street\"=>\"Береговая улица\",\"building:levels\"=>\"17\",\"construction\"=>\"apartments\"", "side": "north" }, "geometry": { "type": "MultiPolygon", "coordinates": [ [ [ [ 654068.436954596079886, 6338606.123945225961506 ], [ 654041.62064453586936, 6338598.770005368627608 ], [ 654051.892619483172894, 6338561.402034753933549 ], [ 654067.389458760851994, 6338565.647384106181562 ], [ 654061.413108819979243, 6338587.375359592959285 ], [ 654072.739217450143769, 6338590.473096405155957 ], [ 654068.436954596079886, 6338606.123945225961506 ] ] ] ] } },
{ "type": "Feature", "properties": { "osm_id": null, "osm_way_id": "1317865007", "name": null, "type": null, "aeroway": null, "amenity": null, "admin_level": null, "barrier": null, "boundary": null, "building": "construction", "craft": null, "geological": null, "historic": null, "land_area": null, "landuse": null, "leisure": null, "man_made": null, "military": null, "natural": null, "office": null, "place": null, "shop": null, "sport": null, "tourism": null, "other_tags": "\"addr:city\"=>\"Тюмень\",\"addr:housenumber\"=>\"100 к2\",\"addr:street\"=>\"Береговая улица\",\"building:levels\"=>\"12\",\"construction\"=>\"apartments\"", "side": "north" }, "geometry": { "type": "MultiPolygon", "coordinates": [ [ [ [ 654090.627288124873303, 6338612.201938464306295 ], [ 654094.929215878015384, 6338596.562238791026175 ], [ 654072.739217450143769, 6338590.473096405155957 ], [ 654068.436954596079886, 6338606.123945225961506 ], [ 654090.627288124873303, 6338612.201938464306295 ] ] ] ] } },
{ "type": "Feature", "properties": { "osm_id": null, "osm_way_id": "1317865008", "name": null, "type": null, "aeroway": null, "amenity": null, "admin_level": null, "barrier": null, "boundary": null, "building": "construction", "craft": null, "geological": null, "historic": null, "land_area": null, "landuse": null, "leisure": null, "man_made": null, "military": null, "natural": null, "office": null, "place": null, "shop": null, "sport": null, "tourism": null, "other_tags": "\"addr:city\"=>\"Тюмень\",\"addr:housenumber\"=>\"100 к2\",\"addr:street\"=>\"Береговая улица\",\"building:levels\"=>\"2\",\"construction\"=>\"commercial\"", "side": "north" }, "geometry": { "type": "MultiPolygon", "coordinates": [ [ [ [ 654090.627288124873303, 6338612.201938464306295 ], [ 654118.648582908324897, 6338619.86870099697262 ], [ 654122.9445674137678, 6338604.228802810423076 ], [ 654094.929215878015384, 6338596.562238791026175 ], [ 654090.627288124873303, 6338612.201938464306295 ] ] ] ] } },
{ "type": "Feature", "properties": { "osm_id": null, "osm_way_id": "1317865009", "name": null, "type": null, "aeroway": null, "amenity": null, "admin_level": null, "barrier": null, "boundary": null, "building": "construction", "craft": null, "geological": null, "historic": null, "land_area": null, "landuse": null, "leisure": null, "man_made": null, "military": null, "natural": null, "office": null, "place": null, "shop": null, "sport": null, "tourism": null, "other_tags": "\"addr:city\"=>\"Тюмень\",\"addr:housenumber\"=>\"100 к2\",\"addr:street\"=>\"Береговая улица\",\"building:levels\"=>\"17\",\"construction\"=>\"apartments\"", "side": "north" }, "geometry": { "type": "MultiPolygon", "coordinates": [ [ [ [ 654118.648582908324897, 6338619.86870099697262 ], [ 654135.601278749993071, 6338624.514200332574546 ], [ 654146.203579795313999, 6338585.944204681552947 ], [ 654129.25073146133218, 6338581.298664203844965 ], [ 654122.9445674137678, 6338604.228802810423076 ], [ 654118.648582908324897, 6338619.86870099697262 ] ] ] ] } },
{ "type": "Feature", "properties": { "osm_id": null, "osm_way_id": "1317865013", "name": null, "type": null, "aeroway": null, "amenity": null, "admin_level": null, "barrier": null, "boundary": null, "building": "construction", "craft": null, "geological": null, "historic": null, "land_area": null, "landuse": null, "leisure": null, "man_made": null, "military": null, "natural": null, "office": null, "place": null, "shop": null, "sport": null, "tourism": null, "other_tags": "\"addr:city\"=>\"Тюмень\",\"addr:housenumber\"=>\"100 к2\",\"addr:street\"=>\"Береговая улица\",\"building:levels\"=>\"17\",\"construction\"=>\"apartments\"", "side": "north" }, "geometry": { "type": "MultiPolygon", "coordinates": [ [ [ [ 654199.459913480095565, 6338621.866715056821704 ], [ 654225.434280395158567, 6338629.223620460368693 ], [ 654234.12655122007709, 6338598.683190863579512 ], [ 654208.145954574574716, 6338591.32600743509829 ], [ 654199.459913480095565, 6338621.866715056821704 ] ] ] ] } },
{ "type": "Feature", "properties": { "osm_id": null, "osm_way_id": "1347039683", "name": null, "type": null, "aeroway": null, "amenity": null, "admin_level": null, "barrier": null, "boundary": null, "building": "detached", "craft": null, "geological": null, "historic": null, "land_area": null, "landuse": null, "leisure": null, "man_made": null, "military": null, "natural": null, "office": null, "place": null, "shop": null, "sport": null, "tourism": null, "other_tags": "\"addr:housenumber\"=>\"5А\",\"addr:street\"=>\"Тарманская улица\",\"source:addr\"=>\"ЕГРН\"", "side": "north" }, "geometry": { "type": "MultiPolygon", "coordinates": [ [ [ [ 654348.85862317844294, 6338863.956652823835611 ], [ 654357.284829144715331, 6338862.188579207286239 ], [ 654355.182122626341879, 6338852.226061448454857 ], [ 654346.755897865397856, 6338853.994139645248652 ], [ 654348.85862317844294, 6338863.956652823835611 ] ] ] ] } },
{ "type": "Feature", "properties": { "osm_id": null, "osm_way_id": "1380865475", "name": null, "type": null, "aeroway": null, "amenity": null, "admin_level": null, "barrier": null, "boundary": null, "building": "apartments", "craft": null, "geological": null, "historic": null, "land_area": null, "landuse": null, "leisure": null, "man_made": null, "military": null, "natural": null, "office": null, "place": null, "shop": null, "sport": null, "tourism": null, "other_tags": "\"addr:city\"=>\"Тюмень\",\"addr:housenumber\"=>\"38 к2\",\"addr:street\"=>\"улица Газовиков\",\"building:levels\"=>\"14\"", "side": "north" }, "geometry": { "type": "MultiPolygon", "coordinates": [ [ [ [ 654254.065363302128389, 6339016.128647794015706 ], [ 654256.760132889961824, 6339001.064070012420416 ], [ 654259.501601525815204, 6338985.722669645212591 ], [ 654261.972372693708166, 6338972.599712593480945 ], [ 654264.589646779699251, 6338957.665951388888061 ], [ 654249.831174820195884, 6338955.085415993817151 ], [ 654245.039845954044722, 6338983.142112020403147 ], [ 654239.609341763192788, 6339013.559461139142513 ], [ 654254.065363302128389, 6339016.128647794015706 ] ] ] ] } },
{ "type": "Feature", "properties": { "osm_id": null, "osm_way_id": "1384296780", "name": null, "type": null, "aeroway": null, "amenity": null, "admin_level": null, "barrier": null, "boundary": null, "building": "construction", "craft": null, "geological": null, "historic": null, "land_area": null, "landuse": null, "leisure": null, "man_made": null, "military": null, "natural": null, "office": null, "place": null, "shop": null, "sport": null, "tourism": null, "other_tags": "\"addr:housenumber\"=>\"26 к3\",\"addr:street\"=>\"Мысовская улица\",\"construction\"=>\"apartments\"", "side": "north" }, "geometry": { "type": "MultiPolygon", "coordinates": [ [ [ [ 653843.918803866254166, 6339178.377186915837228 ], [ 653853.515344177838415, 6339192.574936493299901 ], [ 653857.759790254523978, 6339198.861997758969665 ], [ 653828.503306327853352, 6339218.53976714424789 ], [ 653824.559031782206148, 6339212.642800474539399 ], [ 653814.668299428769387, 6339198.055280994623899 ], [ 653817.724072583834641, 6339195.974229420535266 ], [ 653843.918803866254166, 6339178.377186915837228 ] ] ] ] } },
{ "type": "Feature", "properties": { "osm_id": null, "osm_way_id": "1386577588", "name": null, "type": null, "aeroway": null, "amenity": null, "admin_level": null, "barrier": null, "boundary": null, "building": "yes", "craft": null, "geological": null, "historic": null, "land_area": null, "landuse": null, "leisure": null, "man_made": null, "military": null, "natural": null, "office": null, "place": null, "shop": null, "sport": null, "tourism": null, "other_tags": "\"addr:city\"=>\"Тюмень\",\"addr:housenumber\"=>\"30\",\"addr:street\"=>\"Защитников Отечества\",\"building:levels\"=>\"25\"", "side": "north" }, "geometry": { "type": "MultiPolygon", "coordinates": [ [ [ [ 654377.573748434660956, 6338601.13519436866045 ], [ 654374.793530254275538, 6338611.516502677462995 ], [ 654392.914676464279182, 6338616.318273445591331 ], [ 654409.903620115481317, 6338620.799128703773022 ], [ 654412.572186730452813, 6338610.491656048223376 ], [ 654377.573748434660956, 6338601.13519436866045 ] ] ] ] } },
{ "type": "Feature", "properties": { "osm_id": null, "osm_way_id": "1386577589", "name": null, "type": null, "aeroway": null, "amenity": null, "admin_level": null, "barrier": null, "boundary": null, "building": "yes", "craft": null, "geological": null, "historic": null, "land_area": null, "landuse": null, "leisure": null, "man_made": null, "military": null, "natural": null, "office": null, "place": null, "shop": null, "sport": null, "tourism": null, "other_tags": "\"addr:city\"=>\"Тюмень\",\"addr:housenumber\"=>\"30\",\"addr:street\"=>\"Защитников Отечества\",\"building:levels\"=>\"25\"", "side": "north" }, "geometry": { "type": "MultiPolygon", "coordinates": [ [ [ [ 654327.747864316217601, 6338600.862310543656349 ], [ 654361.966318663326092, 6338609.709982018917799 ], [ 654364.824673197232187, 6338598.696448914706707 ], [ 654330.791245469590649, 6338589.755401962436736 ], [ 654327.747864316217601, 6338600.862310543656349 ] ] ] ] } },
{ "type": "Feature", "properties": { "osm_id": null, "osm_way_id": "1388692495", "name": null, "type": null, "aeroway": null, "amenity": null, "admin_level": null, "barrier": null, "boundary": null, "building": "construction", "craft": null, "geological": null, "historic": null, "land_area": null, "landuse": null, "leisure": null, "man_made": null, "military": null, "natural": null, "office": null, "place": null, "shop": null, "sport": null, "tourism": null, "other_tags": "\"addr:city\"=>\"Тюмень\",\"addr:housenumber\"=>\"2 к4\",\"addr:street\"=>\"улица Щербакова\",\"construction\"=>\"apartments\"", "side": "south" }, "geometry": { "type": "MultiPolygon", "coordinates": [ [ [ [ 652568.976748912711628, 6338778.436460461467505 ], [ 652585.381292097037658, 6338768.636665457859635 ], [ 652599.432405235245824, 6338758.148072531446815 ], [ 652613.999603290227242, 6338741.572468045167625 ], [ 652626.295128896366805, 6338719.976574214175344 ], [ 652633.644635402830318, 6338701.986002831719816 ], [ 652636.04241069953423, 6338692.492142357863486 ], [ 652653.085729962098412, 6338696.020577374845743 ], [ 652649.477058718446642, 6338710.584048633463681 ], [ 652645.525790473097004, 6338710.047682987526059 ], [ 652640.804967753589153, 6338723.422268647700548 ], [ 652633.339088704437017, 6338738.344288684427738 ], [ 652626.448920547030866, 6338748.184311385266483 ], [ 652655.064237941987813, 6338767.12827624194324 ], [ 652660.563364952104166, 6338776.535838065668941 ], [ 652663.378892270382494, 6338777.988411317579448 ], [ 652666.602971314219758, 6338784.425747198052704 ], [ 652652.133698234800249, 6338792.146389755420387 ], [ 652644.036547213792801, 6338778.029537674039602 ], [ 652618.125664646504447, 6338759.453237101435661 ], [ 652607.754646130371839, 6338770.278629397973418 ], [ 652597.060107224620879, 6338778.562683848664165 ], [ 652590.026333710877225, 6338783.78438747022301 ], [ 652597.038439602591097, 6338801.705154124647379 ], [ 652606.081360854674131, 6338820.035428408533335 ], [ 652603.834237840143032, 6338821.378463540226221 ], [ 652606.280328360619023, 6338826.104397068731487 ], [ 652614.754881406668574, 6338832.156733087264001 ], [ 652605.765066336141899, 6338844.102973601780832 ], [ 652593.682424472877756, 6338835.933644167147577 ], [ 652593.579091404331848, 6338833.65671784710139 ], [ 652591.065519584342837, 6338827.156612831167877 ], [ 652587.534889918286353, 6338824.908764541149139 ], [ 652569.170613412512466, 6338778.922772098332644 ], [ 652568.976748912711628, 6338778.436460461467505 ] ] ] ] } },
{ "type": "Feature", "properties": { "osm_id": null, "osm_way_id": "1388692499", "name": null, "type": null, "aeroway": null, "amenity": null, "admin_level": null, "barrier": null, "boundary": null, "building": "construction", "craft": null, "geological": null, "historic": null, "land_area": null, "landuse": null, "leisure": null, "man_made": null, "military": null, "natural": null, "office": null, "place": null, "shop": null, "sport": null, "tourism": null, "other_tags": "\"addr:city\"=>\"Тюмень\",\"addr:housenumber\"=>\"2 к3\",\"addr:street\"=>\"улица Щербакова\",\"construction\"=>\"apartments\"", "side": "south" }, "geometry": { "type": "MultiPolygon", "coordinates": [ [ [ [ 652561.056366300093941, 6338796.160853098146617 ], [ 652547.986859306925908, 6338800.089464387856424 ], [ 652547.728373886435293, 6338804.291811970062554 ], [ 652546.387524497578852, 6338807.807815968990326 ], [ 652544.078624705900438, 6338810.819991482421756 ], [ 652547.277360090869479, 6338820.398511944338679 ], [ 652554.998521286761388, 6338823.748594920150936 ], [ 652552.604531196993776, 6338831.838658703491092 ], [ 652555.295958049944602, 6338847.760852826759219 ], [ 652566.261541308020242, 6338856.345555164851248 ], [ 652580.830339166219346, 6338865.542849482037127 ], [ 652579.709419098333456, 6338867.69644239731133 ], [ 652597.790736150695011, 6338880.444663738831878 ], [ 652596.48928696627263, 6338883.059557730332017 ], [ 652601.643125391565263, 6338895.251061203889549 ], [ 652590.236668825149536, 6338900.210528109222651 ], [ 652585.809738078387454, 6338890.619909860193729 ], [ 652571.061871223268099, 6338879.7222800264135 ], [ 652571.045231216354296, 6338878.37340410426259 ], [ 652556.400054949801415, 6338867.969909810461104 ], [ 652542.732149241957814, 6338856.02039628662169 ], [ 652538.606165414093994, 6338844.346163167618215 ], [ 652534.895802857121453, 6338847.607312137261033 ], [ 652527.671803381526843, 6338840.966305751353502 ], [ 652532.454907263163477, 6338832.273826720193028 ], [ 652530.6479664335493, 6338813.877301450818777 ], [ 652527.994271805277094, 6338812.631377713754773 ], [ 652525.675516407936811, 6338810.840722208842635 ], [ 652523.643883796641603, 6338808.325282289646566 ], [ 652522.293275830103084, 6338805.400489100255072 ], [ 652521.720839962363243, 6338802.549071125686169 ], [ 652521.786025334848091, 6338799.643256461247802 ], [ 652522.435808344744146, 6338796.970790873281658 ], [ 652523.623064601910301, 6338794.49650233797729 ], [ 652526.567375659942627, 6338791.162414594553411 ], [ 652530.430856165592559, 6338788.998902409337461 ], [ 652556.75735175400041, 6338782.619376558810472 ], [ 652561.056366300093941, 6338796.160853098146617 ] ] ] ] } },
{ "type": "Feature", "properties": { "osm_id": null, "osm_way_id": "1388692500", "name": null, "type": null, "aeroway": null, "amenity": null, "admin_level": null, "barrier": null, "boundary": null, "building": "construction", "craft": null, "geological": null, "historic": null, "land_area": null, "landuse": null, "leisure": null, "man_made": null, "military": null, "natural": null, "office": null, "place": null, "shop": null, "sport": null, "tourism": null, "other_tags": "\"construction\"=>\"parking\",\"layer\"=>\"-1\"", "side": "south" }, "geometry": { "type": "MultiPolygon", "coordinates": [ [ [ [ 652601.643125391565263, 6338895.251061203889549 ], [ 652596.48928696627263, 6338883.059557730332017 ], [ 652597.790736150695011, 6338880.444663738831878 ], [ 652579.709419098333456, 6338867.69644239731133 ], [ 652580.830339166219346, 6338865.542849482037127 ], [ 652566.261541308020242, 6338856.345555164851248 ], [ 652555.295958049944602, 6338847.760852826759219 ], [ 652552.604531196993776, 6338831.838658703491092 ], [ 652554.998521286761388, 6338823.748594920150936 ], [ 652547.277360090869479, 6338820.398511944338679 ], [ 652544.078624705900438, 6338810.819991482421756 ], [ 652546.387524497578852, 6338807.807815968990326 ], [ 652547.728373886435293, 6338804.291811970062554 ], [ 652547.986859306925908, 6338800.089464387856424 ], [ 652561.056366300093941, 6338796.160853098146617 ], [ 652556.75735175400041, 6338782.619376558810472 ], [ 652569.170613412512466, 6338778.922772098332644 ], [ 652587.534889918286353, 6338824.908764541149139 ], [ 652591.065519584342837, 6338827.156612831167877 ], [ 652593.579091404331848, 6338833.65671784710139 ], [ 652593.682424472877756, 6338835.933644167147577 ], [ 652605.765066336141899, 6338844.102973601780832 ], [ 652620.84189426782541, 6338887.794584622606635 ], [ 652601.643125391565263, 6338895.251061203889549 ] ] ] ] } },
{ "type": "Feature", "properties": { "osm_id": null, "osm_way_id": "1388692501", "name": null, "type": null, "aeroway": null, "amenity": null, "admin_level": null, "barrier": null, "boundary": null, "building": "construction", "craft": null, "geological": null, "historic": null, "land_area": null, "landuse": null, "leisure": null, "man_made": null, "military": null, "natural": null, "office": null, "place": null, "shop": null, "sport": null, "tourism": null, "other_tags": "\"construction\"=>\"parking\",\"layer\"=>\"-1\"", "side": "south" }, "geometry": { "type": "MultiPolygon", "coordinates": [ [ [ [ 652614.754881406668574, 6338832.156733087264001 ], [ 652606.280328360619023, 6338826.104397068731487 ], [ 652603.834237840143032, 6338821.378463540226221 ], [ 652606.081360854674131, 6338820.035428408533335 ], [ 652597.038439602591097, 6338801.705154124647379 ], [ 652590.026333710877225, 6338783.78438747022301 ], [ 652597.060107224620879, 6338778.562683848664165 ], [ 652607.754646130371839, 6338770.278629397973418 ], [ 652618.125664646504447, 6338759.453237101435661 ], [ 652644.036547213792801, 6338778.029537674039602 ], [ 652652.133698234800249, 6338792.146389755420387 ], [ 652614.754881406668574, 6338832.156733087264001 ] ] ] ] } },
{ "type": "Feature", "properties": { "osm_id": null, "osm_way_id": "1418256588", "name": null, "type": null, "aeroway": null, "amenity": null, "admin_level": null, "barrier": null, "boundary": null, "building": "yes", "craft": null, "geological": null, "historic": null, "land_area": null, "landuse": null, "leisure": null, "man_made": null, "military": null, "natural": null, "office": null, "place": null, "shop": null, "sport": null, "tourism": null, "other_tags": null, "side": "north" }, "geometry": { "type": "MultiPolygon", "coordinates": [ [ [ [ 653994.91920944605954, 6338986.756576132960618 ], [ 653998.073999994201586, 6339000.658189797773957 ], [ 653989.344163311645389, 6339002.627339927479625 ], [ 653986.195390747860074, 6338988.72595926001668 ], [ 653994.91920944605954, 6338986.756576132960618 ] ] ] ] } },
{ "type": "Feature", "properties": { "osm_id": null, "osm_way_id": "1422780832", "name": null, "type": null, "aeroway": null, "amenity": null, "admin_level": null, "barrier": null, "boundary": null, "building": "yes", "craft": null, "geological": null, "historic": null, "land_area": null, "landuse": null, "leisure": null, "man_made": null, "military": null, "natural": null, "office": null, "place": null, "shop": null, "sport": null, "tourism": null, "other_tags": null, "side": "north" }, "geometry": { "type": "MultiPolygon", "coordinates": [ [ [ [ 654144.630561932222918, 6338778.824013748206198 ], [ 654144.21961928147357, 6338773.950352440588176 ], [ 654080.443237418774515, 6338779.320498660206795 ], [ 654085.772294452995993, 6338758.225775565952063 ], [ 654081.628327143378556, 6338757.179389555938542 ], [ 654074.671955808764324, 6338784.720695300027728 ], [ 654144.630561932222918, 6338778.824013748206198 ] ] ] ] } },
{ "type": "Feature", "properties": { "osm_id": null, "osm_way_id": "1422780835", "name": null, "type": null, "aeroway": null, "amenity": null, "admin_level": null, "barrier": null, "boundary": null, "building": "yes", "craft": null, "geological": null, "historic": null, "land_area": null, "landuse": null, "leisure": null, "man_made": null, "military": null, "natural": null, "office": null, "place": null, "shop": null, "sport": null, "tourism": null, "other_tags": "\"addr:housenumber\"=>\"8\",\"addr:street\"=>\"Ижевская улица\",\"source:addr\"=>\"ЕГРН\"", "side": "north" }, "geometry": { "type": "MultiPolygon", "coordinates": [ [ [ [ 654050.022798975347541, 6338783.877095084637403 ], [ 654062.116068558534607, 6338783.928085710853338 ], [ 654062.157130192848854, 6338773.27705445792526 ], [ 654050.063829432940111, 6338773.226064190268517 ], [ 654050.022798975347541, 6338783.877095084637403 ] ] ] ] } },
{ "type": "Feature", "properties": { "osm_id": null, "osm_way_id": "1422780836", "name": null, "type": null, "aeroway": null, "amenity": null, "admin_level": null, "barrier": null, "boundary": null, "building": "yes", "craft": null, "geological": null, "historic": null, "land_area": null, "landuse": null, "leisure": null, "man_made": null, "military": null, "natural": null, "office": null, "place": null, "shop": null, "sport": null, "tourism": null, "other_tags": "\"addr:housenumber\"=>\"179\",\"addr:street\"=>\"Большая Заречная улица\",\"source:addr\"=>\"ЕГРН\"", "side": "north" }, "geometry": { "type": "MultiPolygon", "coordinates": [ [ [ [ 654012.362730597844347, 6338709.706546285189688 ], [ 654023.16563176678028, 6338711.893180857412517 ], [ 654024.850272070383653, 6338703.587873440235853 ], [ 654014.053394768387079, 6338701.40146074257791 ], [ 654012.362730597844347, 6338709.706546285189688 ] ] ] ] } },
{ "type": "Feature", "properties": { "osm_id": null, "osm_way_id": "1422780837", "name": null, "type": null, "aeroway": null, "amenity": null, "admin_level": null, "barrier": null, "boundary": null, "building": "construction", "craft": null, "geological": null, "historic": null, "land_area": null, "landuse": null, "leisure": null, "man_made": null, "military": null, "natural": null, "office": null, "place": null, "shop": null, "sport": null, "tourism": null, "other_tags": null, "side": "north" }, "geometry": { "type": "MultiPolygon", "coordinates": [ [ [ [ 654129.25073146133218, 6338581.298664203844965 ], [ 654146.203579795313999, 6338585.944204681552947 ], [ 654158.095753338420764, 6338542.675622498616576 ], [ 654141.142733933520503, 6338538.030035872943699 ], [ 654129.25073146133218, 6338581.298664203844965 ] ] ] ] } },
{ "type": "Feature", "properties": { "osm_id": null, "osm_way_id": "1422780838", "name": null, "type": null, "aeroway": null, "amenity": null, "admin_level": null, "barrier": null, "boundary": null, "building": "yes", "craft": null, "geological": null, "historic": null, "land_area": null, "landuse": null, "leisure": null, "man_made": null, "military": null, "natural": null, "office": null, "place": null, "shop": null, "sport": null, "tourism": null, "other_tags": "\"addr:housenumber\"=>\"157А\",\"addr:street\"=>\"Береговая улица\",\"source:addr\"=>\"ЕГРН\"", "side": "north" }, "geometry": { "type": "MultiPolygon", "coordinates": [ [ [ [ 654022.049401855561882, 6338602.629304565489292 ], [ 654027.345652539748698, 6338584.675572452135384 ], [ 654013.854515339247882, 6338580.705903994850814 ], [ 654008.558320639422163, 6338598.659652535803616 ], [ 654022.049401855561882, 6338602.629304565489292 ] ] ] ] } },
{ "type": "Feature", "properties": { "osm_id": null, "osm_way_id": "1425242363", "name": null, "type": null, "aeroway": null, "amenity": null, "admin_level": null, "barrier": null, "boundary": null, "building": "construction", "craft": null, "geological": null, "historic": null, "land_area": null, "landuse": null, "leisure": null, "man_made": null, "military": null, "natural": null, "office": null, "place": null, "shop": null, "sport": null, "tourism": null, "other_tags": "\"construction\"=>\"commercial\"", "side": "north" }, "geometry": { "type": "MultiPolygon", "coordinates": [ [ [ [ 653853.515344177838415, 6339192.574936493299901 ], [ 653859.688911953708157, 6339157.415849185548723 ], [ 653844.569140883046202, 6339154.800958593375981 ], [ 653840.035161064006388, 6339180.906449443660676 ], [ 653843.918803866254166, 6339178.377186915837228 ], [ 653853.515344177838415, 6339192.574936493299901 ] ] ] ] } },
{ "type": "Feature", "properties": { "osm_id": null, "osm_way_id": "1425242365", "name": "Зарека", "type": null, "aeroway": null, "amenity": null, "admin_level": null, "barrier": null, "boundary": null, "building": "construction", "craft": null, "geological": null, "historic": null, "land_area": null, "landuse": null, "leisure": null, "man_made": null, "military": null, "natural": null, "office": null, "place": null, "shop": null, "sport": null, "tourism": null, "other_tags": "\"construction\"=>\"parking\",\"layer\"=>\"-1\"", "side": "north" }, "geometry": { "type": "MultiPolygon", "coordinates": [ [ [ [ 653814.668299428769387, 6339198.055280994623899 ], [ 653843.918803866254166, 6339178.377186915837228 ], [ 653853.515344177838415, 6339192.574936493299901 ], [ 653859.688911953708157, 6339157.415849185548723 ], [ 653844.569140883046202, 6339154.800958593375981 ], [ 653786.195554644335061, 6339144.687977710738778 ], [ 653774.968237774446607, 6339209.365270591340959 ], [ 653828.503306327853352, 6339218.53976714424789 ], [ 653814.668299428769387, 6339198.055280994623899 ] ] ] ] } },
{ "type": "Feature", "properties": { "osm_id": null, "osm_way_id": "1444465133", "name": null, "type": null, "aeroway": null, "amenity": null, "admin_level": null, "barrier": null, "boundary": null, "building": "house", "craft": null, "geological": null, "historic": null, "land_area": null, "landuse": null, "leisure": null, "man_made": null, "military": null, "natural": null, "office": null, "place": null, "shop": null, "sport": null, "tourism": null, "other_tags": "\"addr:housenumber\"=>\"8\",\"addr:street\"=>\"Рейдовая улица\",\"building:levels\"=>\"1\",\"source:addr\"=>\"ЕГРН\",\"start_date\"=>\"2025\"", "side": "north" }, "geometry": { "type": "MultiPolygon", "coordinates": [ [ [ [ 652906.616403394378722, 6339120.786700247786939 ], [ 652915.918776807840914, 6339118.858836214058101 ], [ 652914.284834216581658, 6339111.020590993575752 ], [ 652904.988489127834328, 6339112.948683288879693 ], [ 652906.616403394378722, 6339120.786700247786939 ] ] ] ] } },
{ "type": "Feature", "properties": { "osm_id": null, "osm_way_id": "1539454481", "name": null, "type": null, "aeroway": null, "amenity": null, "admin_level": null, "barrier": null, "boundary": null, "building": "yes", "craft": null, "geological": null, "historic": null, "land_area": null, "landuse": null, "leisure": null, "man_made": null, "military": null, "natural": null, "office": null, "place": null, "shop": null, "sport": null, "tourism": null, "other_tags": "\"addr:city\"=>\"Тюмень\",\"addr:housenumber\"=>\"30\",\"addr:street\"=>\"Защитников Отечества\"", "side": "north" }, "geometry": { "type": "MultiPolygon", "coordinates": [ [ [ [ 654385.101571786217391, 6338645.82165018375963 ], [ 654391.947622569743544, 6338619.992625428363681 ], [ 654392.914676464279182, 6338616.318273445591331 ], [ 654409.903620115481317, 6338620.799128703773022 ], [ 654408.964485855773091, 6338624.374237570911646 ], [ 654402.096026511862874, 6338650.313828925602138 ], [ 654385.101571786217391, 6338645.82165018375963 ] ] ] ] } },
{ "type": "Feature", "properties": { "osm_id": null, "osm_way_id": "1553294508", "name": null, "type": null, "aeroway": null, "amenity": null, "admin_level": null, "barrier": null, "boundary": null, "building": "yes", "craft": null, "geological": null, "historic": null, "land_area": null, "landuse": null, "leisure": null, "man_made": null, "military": null, "natural": null, "office": null, "place": null, "shop": null, "sport": null, "tourism": null, "other_tags": null, "side": "north" }, "geometry": { "type": "MultiPolygon", "coordinates": [ [ [ [ 652871.833153279265389, 6339092.474925952963531 ], [ 652837.717495065182447, 6339098.206851984374225 ], [ 652839.424955574795604, 6339108.309751226566732 ], [ 652847.10592501051724, 6339107.012431449256837 ], [ 652847.603064673370682, 6339109.927972915582359 ], [ 652856.843033830053173, 6339108.376512321643531 ], [ 652856.336700753192417, 6339105.382629525847733 ], [ 652873.525290792575106, 6339102.499276057817042 ], [ 652871.833153279265389, 6339092.474925952963531 ] ] ] ] } }
]
}
