{
"type": "FeatureCollection",
"name": "flood_extent_20260729",
"crs": { "type": "name", "properties": { "name": "urn:ogc:def:crs:EPSG::32641" } },
"features": [
{ "type": "Feature", "properties": { }, "geometry": { "type": "MultiPolygon", "coordinates": [ [ [ [ 652616.992105276673101, 6338496.517269818112254 ], [ 652616.992105276673101, 6338491.026721021160483 ], [ 652622.430603599990718, 6338491.026721021160483 ], [ 652622.430603599990718, 6338463.573977033607662 ], [ 652595.238111983169802, 6338463.573977033607662 ], [ 652595.238111983169802, 6338469.064525831490755 ], [ 652589.799613659852184, 6338469.064525831490755 ], [ 652589.799613659852184, 6338474.555074628442526 ], [ 652584.361115336418152, 6338474.555074628442526 ], [ 652584.361115336418152, 6338480.045623426325619 ], [ 652578.922617013100535, 6338480.045623426325619 ], [ 652578.922617013100535, 6338507.498367412947118 ], [ 652606.115108629921451, 6338507.498367412947118 ], [ 652606.115108629921451, 6338502.007818615995347 ], [ 652611.553606953239068, 6338502.007818615995347 ], [ 652611.553606953239068, 6338496.517269818112254 ], [ 652616.992105276673101, 6338496.517269818112254 ] ] ], [ [ [ 652606.115108629921451, 6338567.89440418407321 ], [ 652600.676610306487419, 6338567.89440418407321 ], [ 652600.676610306487419, 6338562.403855387121439 ], [ 652573.484118689666502, 6338562.403855387121439 ], [ 652573.484118689666502, 6338567.89440418407321 ], [ 652568.045620366348885, 6338567.89440418407321 ], [ 652568.045620366348885, 6338611.818794563412666 ], [ 652573.484118689666502, 6338611.818794563412666 ], [ 652573.484118689666502, 6338617.309343360364437 ], [ 652578.922617013100535, 6338617.309343360364437 ], [ 652578.922617013100535, 6338622.799892157316208 ], [ 652589.799613659852184, 6338622.799892157316208 ], [ 652589.799613659852184, 6338628.290440955199301 ], [ 652616.992105276673101, 6338628.290440955199301 ], [ 652616.992105276673101, 6338600.837696968577802 ], [ 652611.553606953239068, 6338600.837696968577802 ], [ 652611.553606953239068, 6338589.856599373742938 ], [ 652606.115108629921451, 6338589.856599373742938 ], [ 652606.115108629921451, 6338567.89440418407321 ] ] ], [ [ [ 652649.623095216811635, 6338847.912392850033939 ], [ 652655.061593540129252, 6338847.912392850033939 ], [ 652655.061593540129252, 6338842.421844053082168 ], [ 652665.938590186880901, 6338842.421844053082168 ], [ 652665.938590186880901, 6338836.931295255199075 ], [ 652671.377088510314934, 6338836.931295255199075 ], [ 652671.377088510314934, 6338814.969100065529346 ], [ 652676.815586833632551, 6338814.969100065529346 ], [ 652676.815586833632551, 6338820.45964886341244 ], [ 652687.692583480384201, 6338820.45964886341244 ], [ 652687.692583480384201, 6338825.950197660364211 ], [ 652720.323573420522735, 6338825.950197660364211 ], [ 652720.323573420522735, 6338798.497453673742712 ], [ 652714.885075097205117, 6338798.497453673742712 ], [ 652714.885075097205117, 6338782.025807281956077 ], [ 652709.446576773771085, 6338782.025807281956077 ], [ 652709.446576773771085, 6338776.535258484072983 ], [ 652698.56958012713585, 6338776.535258484072983 ], [ 652698.56958012713585, 6338765.554160889238119 ], [ 652693.131081803701818, 6338765.554160889238119 ], [ 652693.131081803701818, 6338754.573063294403255 ], [ 652687.692583480384201, 6338754.573063294403255 ], [ 652687.692583480384201, 6338749.082514497451484 ], [ 652676.815586833632551, 6338749.082514497451484 ], [ 652676.815586833632551, 6338743.591965699568391 ], [ 652665.938590186880901, 6338743.591965699568391 ], [ 652665.938590186880901, 6338727.120319307781756 ], [ 652633.307600246742368, 6338727.120319307781756 ], [ 652633.307600246742368, 6338754.573063294403255 ], [ 652638.746098570059985, 6338754.573063294403255 ], [ 652638.746098570059985, 6338765.554160889238119 ], [ 652644.184596893494017, 6338765.554160889238119 ], [ 652644.184596893494017, 6338771.044709687121212 ], [ 652649.623095216811635, 6338771.044709687121212 ], [ 652649.623095216811635, 6338782.025807281956077 ], [ 652655.061593540129252, 6338782.025807281956077 ], [ 652655.061593540129252, 6338787.516356078907847 ], [ 652660.500091863563284, 6338787.516356078907847 ], [ 652660.500091863563284, 6338803.988002470694482 ], [ 652644.184596893494017, 6338803.988002470694482 ], [ 652644.184596893494017, 6338809.478551268577576 ], [ 652595.238111983169802, 6338809.478551268577576 ], [ 652595.238111983169802, 6338836.931295255199075 ], [ 652600.676610306487419, 6338836.931295255199075 ], [ 652600.676610306487419, 6338842.421844053082168 ], [ 652606.115108629921451, 6338842.421844053082168 ], [ 652606.115108629921451, 6338853.402941647917032 ], [ 652611.553606953239068, 6338853.402941647917032 ], [ 652611.553606953239068, 6338864.384039241820574 ], [ 652638.746098570059985, 6338864.384039241820574 ], [ 652638.746098570059985, 6338858.893490444868803 ], [ 652644.184596893494017, 6338858.893490444868803 ], [ 652644.184596893494017, 6338853.402941647917032 ], [ 652649.623095216811635, 6338853.402941647917032 ], [ 652649.623095216811635, 6338847.912392850033939 ] ] ], [ [ [ 652562.607122043031268, 6338782.025807281956077 ], [ 652562.607122043031268, 6338771.044709687121212 ], [ 652524.537633779458702, 6338771.044709687121212 ], [ 652524.537633779458702, 6338798.497453673742712 ], [ 652540.853128749527968, 6338798.497453673742712 ], [ 652540.853128749527968, 6338803.988002470694482 ], [ 652535.414630426210351, 6338803.988002470694482 ], [ 652535.414630426210351, 6338831.440746458247304 ], [ 652540.853128749527968, 6338831.440746458247304 ], [ 652540.853128749527968, 6338836.931295255199075 ], [ 652584.361115336418152, 6338836.931295255199075 ], [ 652584.361115336418152, 6338793.006904876790941 ], [ 652578.922617013100535, 6338793.006904876790941 ], [ 652578.922617013100535, 6338782.025807281956077 ], [ 652562.607122043031268, 6338782.025807281956077 ] ] ], [ [ [ 652448.398657252313569, 6338622.799892157316208 ], [ 652448.398657252313569, 6338628.290440955199301 ], [ 652442.960158928995952, 6338628.290440955199301 ], [ 652442.960158928995952, 6338655.7431849418208 ], [ 652475.591148869134486, 6338655.7431849418208 ], [ 652475.591148869134486, 6338650.25263614486903 ], [ 652486.468145515886135, 6338650.25263614486903 ], [ 652486.468145515886135, 6338644.762087346985936 ], [ 652508.222138809389435, 6338644.762087346985936 ], [ 652508.222138809389435, 6338633.780989752151072 ], [ 652513.660637132707052, 6338633.780989752151072 ], [ 652513.660637132707052, 6338606.328245765529573 ], [ 652524.537633779458702, 6338606.328245765529573 ], [ 652524.537633779458702, 6338600.837696968577802 ], [ 652529.976132102776319, 6338600.837696968577802 ], [ 652529.976132102776319, 6338595.347148170694709 ], [ 652535.414630426210351, 6338595.347148170694709 ], [ 652535.414630426210351, 6338551.422757792286575 ], [ 652519.099135456024669, 6338551.422757792286575 ], [ 652519.099135456024669, 6338529.460562602616847 ], [ 652513.660637132707052, 6338529.460562602616847 ], [ 652513.660637132707052, 6338523.970013804733753 ], [ 652497.345142162637785, 6338523.970013804733753 ], [ 652497.345142162637785, 6338518.479465007781982 ], [ 652491.906643839203753, 6338518.479465007781982 ], [ 652491.906643839203753, 6338512.988916209898889 ], [ 652486.468145515886135, 6338512.988916209898889 ], [ 652486.468145515886135, 6338507.498367412947118 ], [ 652481.029647192568518, 6338507.498367412947118 ], [ 652481.029647192568518, 6338491.026721021160483 ], [ 652475.591148869134486, 6338491.026721021160483 ], [ 652475.591148869134486, 6338480.045623426325619 ], [ 652470.152650545816869, 6338480.045623426325619 ], [ 652470.152650545816869, 6338469.064525831490755 ], [ 652464.714152222382836, 6338469.064525831490755 ], [ 652464.714152222382836, 6338463.573977033607662 ], [ 652437.52166060556192, 6338463.573977033607662 ], [ 652437.52166060556192, 6338474.555074628442526 ], [ 652432.083162282244302, 6338474.555074628442526 ], [ 652432.083162282244302, 6338480.045623426325619 ], [ 652421.206165635492653, 6338480.045623426325619 ], [ 652421.206165635492653, 6338496.517269818112254 ], [ 652404.890670665423386, 6338496.517269818112254 ], [ 652404.890670665423386, 6338523.970013804733753 ], [ 652399.452172342105769, 6338523.970013804733753 ], [ 652399.452172342105769, 6338507.498367412947118 ], [ 652372.259680725284852, 6338507.498367412947118 ], [ 652372.259680725284852, 6338534.951111399568617 ], [ 652394.013674018671736, 6338534.951111399568617 ], [ 652394.013674018671736, 6338540.441660197451711 ], [ 652383.136677371920086, 6338540.441660197451711 ], [ 652383.136677371920086, 6338562.403855387121439 ], [ 652328.751694138278253, 6338562.403855387121439 ], [ 652328.751694138278253, 6338573.384952981024981 ], [ 652323.313195814960636, 6338573.384952981024981 ], [ 652323.313195814960636, 6338578.875501778908074 ], [ 652317.874697491526604, 6338578.875501778908074 ], [ 652317.874697491526604, 6338584.366050575859845 ], [ 652312.436199168208987, 6338584.366050575859845 ], [ 652312.436199168208987, 6338589.856599373742938 ], [ 652306.997700844891369, 6338589.856599373742938 ], [ 652306.997700844891369, 6338595.347148170694709 ], [ 652301.559202521457337, 6338595.347148170694709 ], [ 652301.559202521457337, 6338600.837696968577802 ], [ 652296.12070419813972, 6338600.837696968577802 ], [ 652296.12070419813972, 6338606.328245765529573 ], [ 652290.682205874705687, 6338606.328245765529573 ], [ 652290.682205874705687, 6338628.290440955199301 ], [ 652268.928212581318803, 6338628.290440955199301 ], [ 652268.928212581318803, 6338633.780989752151072 ], [ 652263.489714257884771, 6338633.780989752151072 ], [ 652263.489714257884771, 6338639.271538550034165 ], [ 652252.612717611249536, 6338639.271538550034165 ], [ 652252.612717611249536, 6338644.762087346985936 ], [ 652236.297222641063854, 6338644.762087346985936 ], [ 652236.297222641063854, 6338650.25263614486903 ], [ 652225.42022599442862, 6338650.25263614486903 ], [ 652225.42022599442862, 6338661.233733739703894 ], [ 652219.981727670994587, 6338661.233733739703894 ], [ 652219.981727670994587, 6338666.724282536655664 ], [ 652214.54322934767697, 6338666.724282536655664 ], [ 652214.54322934767697, 6338683.195928928442299 ], [ 652209.104731024242938, 6338683.195928928442299 ], [ 652209.104731024242938, 6338694.177026523277164 ], [ 652203.66623270092532, 6338694.177026523277164 ], [ 652203.66623270092532, 6338705.158124118112028 ], [ 652198.227734377607703, 6338705.158124118112028 ], [ 652198.227734377607703, 6338716.139221712946892 ], [ 652192.789236054173671, 6338716.139221712946892 ], [ 652192.789236054173671, 6338732.610868105664849 ], [ 652187.350737730856054, 6338732.610868105664849 ], [ 652187.350737730856054, 6338743.591965699568391 ], [ 652181.912239407422021, 6338743.591965699568391 ], [ 652181.912239407422021, 6338754.573063294403255 ], [ 652176.473741084104404, 6338754.573063294403255 ], [ 652176.473741084104404, 6338765.554160889238119 ], [ 652171.035242760786787, 6338765.554160889238119 ], [ 652171.035242760786787, 6338771.044709687121212 ], [ 652165.596744437352754, 6338771.044709687121212 ], [ 652165.596744437352754, 6338793.006904876790941 ], [ 652160.158246114035137, 6338793.006904876790941 ], [ 652160.158246114035137, 6338803.988002470694482 ], [ 652154.719747790601104, 6338803.988002470694482 ], [ 652154.719747790601104, 6338814.969100065529346 ], [ 652149.281249467283487, 6338814.969100065529346 ], [ 652149.281249467283487, 6338825.950197660364211 ], [ 652143.84275114396587, 6338825.950197660364211 ], [ 652143.84275114396587, 6338831.440746458247304 ], [ 652138.404252820531838, 6338831.440746458247304 ], [ 652138.404252820531838, 6338853.402941647917032 ], [ 652132.96575449721422, 6338853.402941647917032 ], [ 652132.96575449721422, 6338880.855685634538531 ], [ 652160.158246114035137, 6338880.855685634538531 ], [ 652160.158246114035137, 6338869.874588039703667 ], [ 652165.596744437352754, 6338869.874588039703667 ], [ 652165.596744437352754, 6338886.346234431490302 ], [ 652160.158246114035137, 6338886.346234431490302 ], [ 652160.158246114035137, 6338902.81788082420826 ], [ 652143.84275114396587, 6338902.81788082420826 ], [ 652143.84275114396587, 6338919.289527215994895 ], [ 652138.404252820531838, 6338919.289527215994895 ], [ 652138.404252820531838, 6338935.761173607781529 ], [ 652132.96575449721422, 6338935.761173607781529 ], [ 652132.96575449721422, 6338941.251722405664623 ], [ 652122.088757850462571, 6338941.251722405664623 ], [ 652122.088757850462571, 6338968.704466392286122 ], [ 652116.650259527144954, 6338968.704466392286122 ], [ 652116.650259527144954, 6338974.195015189237893 ], [ 652111.211761203710921, 6338974.195015189237893 ], [ 652111.211761203710921, 6338952.232820000499487 ], [ 652084.019269586890005, 6338952.232820000499487 ], [ 652084.019269586890005, 6338957.723368797451258 ], [ 652078.580771263572387, 6338957.723368797451258 ], [ 652078.580771263572387, 6338968.704466392286122 ], [ 652073.142272940138355, 6338968.704466392286122 ], [ 652073.142272940138355, 6338974.195015189237893 ], [ 652067.703774616820738, 6338974.195015189237893 ], [ 652067.703774616820738, 6338985.176112784072757 ], [ 652062.265276293503121, 6338985.176112784072757 ], [ 652062.265276293503121, 6338990.66666158195585 ], [ 652056.826777970069088, 6338990.66666158195585 ], [ 652056.826777970069088, 6339001.647759176790714 ], [ 652051.388279646751471, 6339001.647759176790714 ], [ 652051.388279646751471, 6339018.119405568577349 ], [ 652045.949781323317438, 6339018.119405568577349 ], [ 652045.949781323317438, 6339034.591051960363984 ], [ 652040.511283, 6339034.591051960363984 ], [ 652040.511283, 6339078.515442339703441 ], [ 652062.265276293503121, 6339078.515442339703441 ], [ 652062.265276293503121, 6339100.477637529373169 ], [ 652056.826777970069088, 6339100.477637529373169 ], [ 652056.826777970069088, 6339105.96818632632494 ], [ 652045.949781323317438, 6339105.96818632632494 ], [ 652045.949781323317438, 6339122.439832719042897 ], [ 652040.511283, 6339122.439832719042897 ], [ 652040.511283, 6339276.17519904486835 ], [ 652073.142272940138355, 6339276.17519904486835 ], [ 652073.142272940138355, 6339265.194101450033486 ], [ 652078.580771263572387, 6339265.194101450033486 ], [ 652078.580771263572387, 6339248.722455058246851 ], [ 652084.019269586890005, 6339248.722455058246851 ], [ 652084.019269586890005, 6339243.23190626129508 ], [ 652094.896266233641654, 6339243.23190626129508 ], [ 652094.896266233641654, 6339237.741357463411987 ], [ 652100.334764556959271, 6339237.741357463411987 ], [ 652100.334764556959271, 6339221.269711071625352 ], [ 652105.773262880393304, 6339221.269711071625352 ], [ 652105.773262880393304, 6339215.779162273742259 ], [ 652111.211761203710921, 6339215.779162273742259 ], [ 652111.211761203710921, 6339199.307515881955624 ], [ 652116.650259527144954, 6339199.307515881955624 ], [ 652116.650259527144954, 6339188.326418287120759 ], [ 652122.088757850462571, 6339188.326418287120759 ], [ 652122.088757850462571, 6339182.835869490168989 ], [ 652127.527256173780188, 6339182.835869490168989 ], [ 652127.527256173780188, 6339177.345320692285895 ], [ 652138.404252820531838, 6339177.345320692285895 ], [ 652138.404252820531838, 6339144.402027908712626 ], [ 652143.84275114396587, 6339144.402027908712626 ], [ 652143.84275114396587, 6339138.911479110829532 ], [ 652154.719747790601104, 6339138.911479110829532 ], [ 652154.719747790601104, 6339105.96818632632494 ], [ 652160.158246114035137, 6339105.96818632632494 ], [ 652160.158246114035137, 6339089.496539934538305 ], [ 652165.596744437352754, 6339089.496539934538305 ], [ 652165.596744437352754, 6339078.515442339703441 ], [ 652176.473741084104404, 6339078.515442339703441 ], [ 652176.473741084104404, 6339056.553247150033712 ], [ 652181.912239407422021, 6339056.553247150033712 ], [ 652181.912239407422021, 6339040.081600758247077 ], [ 652192.789236054173671, 6339040.081600758247077 ], [ 652192.789236054173671, 6339034.591051960363984 ], [ 652198.227734377607703, 6339034.591051960363984 ], [ 652198.227734377607703, 6339012.628856771625578 ], [ 652203.66623270092532, 6339012.628856771625578 ], [ 652203.66623270092532, 6338990.66666158195585 ], [ 652209.104731024242938, 6338990.66666158195585 ], [ 652209.104731024242938, 6338985.176112784072757 ], [ 652214.54322934767697, 6338985.176112784072757 ], [ 652214.54322934767697, 6338979.685563987120986 ], [ 652219.981727670994587, 6338979.685563987120986 ], [ 652219.981727670994587, 6338957.723368797451258 ], [ 652225.42022599442862, 6338957.723368797451258 ], [ 652225.42022599442862, 6338946.742271202616394 ], [ 652230.858724317746237, 6338946.742271202616394 ], [ 652230.858724317746237, 6338941.251722405664623 ], [ 652236.297222641063854, 6338941.251722405664623 ], [ 652236.297222641063854, 6338924.780076012946665 ], [ 652241.735720964497887, 6338924.780076012946665 ], [ 652241.735720964497887, 6338919.289527215994895 ], [ 652247.174219287815504, 6338919.289527215994895 ], [ 652247.174219287815504, 6338886.346234431490302 ], [ 652258.051215934567153, 6338886.346234431490302 ], [ 652258.051215934567153, 6338869.874588039703667 ], [ 652274.36671090463642, 6338869.874588039703667 ], [ 652274.36671090463642, 6338858.893490444868803 ], [ 652279.805209228070453, 6338858.893490444868803 ], [ 652279.805209228070453, 6338847.912392850033939 ], [ 652285.24370755138807, 6338847.912392850033939 ], [ 652285.24370755138807, 6338836.931295255199075 ], [ 652290.682205874705687, 6338836.931295255199075 ], [ 652290.682205874705687, 6338825.950197660364211 ], [ 652296.12070419813972, 6338825.950197660364211 ], [ 652296.12070419813972, 6338814.969100065529346 ], [ 652301.559202521457337, 6338814.969100065529346 ], [ 652301.559202521457337, 6338798.497453673742712 ], [ 652312.436199168208987, 6338798.497453673742712 ], [ 652312.436199168208987, 6338787.516356078907847 ], [ 652317.874697491526604, 6338787.516356078907847 ], [ 652317.874697491526604, 6338771.044709687121212 ], [ 652323.313195814960636, 6338771.044709687121212 ], [ 652323.313195814960636, 6338765.554160889238119 ], [ 652328.751694138278253, 6338765.554160889238119 ], [ 652328.751694138278253, 6338760.063612092286348 ], [ 652355.94418575509917, 6338760.063612092286348 ], [ 652355.94418575509917, 6338749.082514497451484 ], [ 652361.382684078533202, 6338749.082514497451484 ], [ 652361.382684078533202, 6338776.535258484072983 ], [ 652410.329168988741003, 6338776.535258484072983 ], [ 652410.329168988741003, 6338760.063612092286348 ], [ 652415.767667312175035, 6338760.063612092286348 ], [ 652415.767667312175035, 6338749.082514497451484 ], [ 652421.206165635492653, 6338749.082514497451484 ], [ 652421.206165635492653, 6338738.10141690261662 ], [ 652426.644663958926685, 6338738.10141690261662 ], [ 652426.644663958926685, 6338727.120319307781756 ], [ 652432.083162282244302, 6338727.120319307781756 ], [ 652432.083162282244302, 6338721.629770510829985 ], [ 652437.52166060556192, 6338721.629770510829985 ], [ 652437.52166060556192, 6338710.648672915995121 ], [ 652442.960158928995952, 6338710.648672915995121 ], [ 652442.960158928995952, 6338694.177026523277164 ], [ 652448.398657252313569, 6338694.177026523277164 ], [ 652448.398657252313569, 6338661.233733739703894 ], [ 652421.206165635492653, 6338661.233733739703894 ], [ 652421.206165635492653, 6338650.25263614486903 ], [ 652426.644663958926685, 6338650.25263614486903 ], [ 652426.644663958926685, 6338639.271538550034165 ], [ 652437.52166060556192, 6338639.271538550034165 ], [ 652437.52166060556192, 6338622.799892157316208 ], [ 652448.398657252313569, 6338622.799892157316208 ] ], [ [ 652421.206165635492653, 6338672.214831334538758 ], [ 652415.767667312175035, 6338672.214831334538758 ], [ 652415.767667312175035, 6338661.233733739703894 ], [ 652421.206165635492653, 6338661.233733739703894 ], [ 652421.206165635492653, 6338672.214831334538758 ] ], [ [ 652067.703774616820738, 6339073.02489354275167 ], [ 652067.703774616820738, 6339056.553247150033712 ], [ 652078.580771263572387, 6339056.553247150033712 ], [ 652078.580771263572387, 6339062.043795947916806 ], [ 652073.142272940138355, 6339062.043795947916806 ], [ 652073.142272940138355, 6339073.02489354275167 ], [ 652067.703774616820738, 6339073.02489354275167 ] ], [ [ 652084.019269586890005, 6339040.081600758247077 ], [ 652084.019269586890005, 6339051.062698353081942 ], [ 652078.580771263572387, 6339051.062698353081942 ], [ 652078.580771263572387, 6339040.081600758247077 ], [ 652084.019269586890005, 6339040.081600758247077 ] ], [ [ 652089.457767910324037, 6339012.628856771625578 ], [ 652089.457767910324037, 6339007.138307973742485 ], [ 652094.896266233641654, 6339007.138307973742485 ], [ 652094.896266233641654, 6338996.157210378907621 ], [ 652100.334764556959271, 6338996.157210378907621 ], [ 652100.334764556959271, 6339012.628856771625578 ], [ 652089.457767910324037, 6339012.628856771625578 ] ], [ [ 652165.596744437352754, 6338864.384039241820574 ], [ 652165.596744437352754, 6338858.893490444868803 ], [ 652171.035242760786787, 6338858.893490444868803 ], [ 652171.035242760786787, 6338864.384039241820574 ], [ 652165.596744437352754, 6338864.384039241820574 ] ], [ [ 652171.035242760786787, 6338853.402941647917032 ], [ 652176.473741084104404, 6338853.402941647917032 ], [ 652176.473741084104404, 6338836.931295255199075 ], [ 652181.912239407422021, 6338836.931295255199075 ], [ 652181.912239407422021, 6338858.893490444868803 ], [ 652171.035242760786787, 6338858.893490444868803 ], [ 652171.035242760786787, 6338853.402941647917032 ] ], [ [ 652198.227734377607703, 6338809.478551268577576 ], [ 652198.227734377607703, 6338820.45964886341244 ], [ 652187.350737730856054, 6338820.45964886341244 ], [ 652187.350737730856054, 6338814.969100065529346 ], [ 652192.789236054173671, 6338814.969100065529346 ], [ 652192.789236054173671, 6338809.478551268577576 ], [ 652198.227734377607703, 6338809.478551268577576 ] ], [ [ 652198.227734377607703, 6338787.516356078907847 ], [ 652203.66623270092532, 6338787.516356078907847 ], [ 652203.66623270092532, 6338782.025807281956077 ], [ 652209.104731024242938, 6338782.025807281956077 ], [ 652209.104731024242938, 6338765.554160889238119 ], [ 652214.54322934767697, 6338765.554160889238119 ], [ 652214.54322934767697, 6338760.063612092286348 ], [ 652219.981727670994587, 6338760.063612092286348 ], [ 652219.981727670994587, 6338782.025807281956077 ], [ 652214.54322934767697, 6338782.025807281956077 ], [ 652214.54322934767697, 6338793.006904876790941 ], [ 652203.66623270092532, 6338793.006904876790941 ], [ 652203.66623270092532, 6338809.478551268577576 ], [ 652198.227734377607703, 6338809.478551268577576 ], [ 652198.227734377607703, 6338787.516356078907847 ] ], [ [ 652225.42022599442862, 6338738.10141690261662 ], [ 652225.42022599442862, 6338727.120319307781756 ], [ 652230.858724317746237, 6338727.120319307781756 ], [ 652230.858724317746237, 6338721.629770510829985 ], [ 652236.297222641063854, 6338721.629770510829985 ], [ 652236.297222641063854, 6338743.591965699568391 ], [ 652225.42022599442862, 6338743.591965699568391 ], [ 652225.42022599442862, 6338749.082514497451484 ], [ 652219.981727670994587, 6338749.082514497451484 ], [ 652219.981727670994587, 6338738.10141690261662 ], [ 652225.42022599442862, 6338738.10141690261662 ] ], [ [ 652236.297222641063854, 6338705.158124118112028 ], [ 652241.735720964497887, 6338705.158124118112028 ], [ 652241.735720964497887, 6338721.629770510829985 ], [ 652236.297222641063854, 6338721.629770510829985 ], [ 652236.297222641063854, 6338705.158124118112028 ] ], [ [ 652366.82118240185082, 6338732.610868105664849 ], [ 652366.82118240185082, 6338721.629770510829985 ], [ 652377.698179048602469, 6338721.629770510829985 ], [ 652377.698179048602469, 6338727.120319307781756 ], [ 652372.259680725284852, 6338727.120319307781756 ], [ 652372.259680725284852, 6338738.10141690261662 ], [ 652361.382684078533202, 6338738.10141690261662 ], [ 652361.382684078533202, 6338732.610868105664849 ], [ 652366.82118240185082, 6338732.610868105664849 ] ], [ [ 652377.698179048602469, 6338705.158124118112028 ], [ 652383.136677371920086, 6338705.158124118112028 ], [ 652383.136677371920086, 6338699.667575321160257 ], [ 652394.013674018671736, 6338699.667575321160257 ], [ 652394.013674018671736, 6338705.158124118112028 ], [ 652388.575175695354119, 6338705.158124118112028 ], [ 652388.575175695354119, 6338710.648672915995121 ], [ 652383.136677371920086, 6338710.648672915995121 ], [ 652383.136677371920086, 6338721.629770510829985 ], [ 652377.698179048602469, 6338721.629770510829985 ], [ 652377.698179048602469, 6338705.158124118112028 ] ], [ [ 652399.452172342105769, 6338688.686477726325393 ], [ 652399.452172342105769, 6338677.705380131490529 ], [ 652410.329168988741003, 6338677.705380131490529 ], [ 652410.329168988741003, 6338683.195928928442299 ], [ 652404.890670665423386, 6338683.195928928442299 ], [ 652404.890670665423386, 6338688.686477726325393 ], [ 652399.452172342105769, 6338688.686477726325393 ] ], [ [ 652301.559202521457337, 6338644.762087346985936 ], [ 652301.559202521457337, 6338655.7431849418208 ], [ 652296.12070419813972, 6338655.7431849418208 ], [ 652296.12070419813972, 6338633.780989752151072 ], [ 652301.559202521457337, 6338633.780989752151072 ], [ 652301.559202521457337, 6338639.271538550034165 ], [ 652306.997700844891369, 6338639.271538550034165 ], [ 652306.997700844891369, 6338644.762087346985936 ], [ 652301.559202521457337, 6338644.762087346985936 ] ], [ [ 652361.382684078533202, 6338611.818794563412666 ], [ 652361.382684078533202, 6338617.309343360364437 ], [ 652355.94418575509917, 6338617.309343360364437 ], [ 652355.94418575509917, 6338611.818794563412666 ], [ 652361.382684078533202, 6338611.818794563412666 ] ], [ [ 652459.275653899065219, 6338611.818794563412666 ], [ 652459.275653899065219, 6338600.837696968577802 ], [ 652464.714152222382836, 6338600.837696968577802 ], [ 652464.714152222382836, 6338611.818794563412666 ], [ 652459.275653899065219, 6338611.818794563412666 ] ], [ [ 652464.714152222382836, 6338595.347148170694709 ], [ 652470.152650545816869, 6338595.347148170694709 ], [ 652470.152650545816869, 6338600.837696968577802 ], [ 652464.714152222382836, 6338600.837696968577802 ], [ 652464.714152222382836, 6338595.347148170694709 ] ], [ [ 652475.591148869134486, 6338589.856599373742938 ], [ 652475.591148869134486, 6338584.366050575859845 ], [ 652481.029647192568518, 6338584.366050575859845 ], [ 652481.029647192568518, 6338589.856599373742938 ], [ 652475.591148869134486, 6338589.856599373742938 ] ], [ [ 652481.029647192568518, 6338578.875501778908074 ], [ 652486.468145515886135, 6338578.875501778908074 ], [ 652486.468145515886135, 6338584.366050575859845 ], [ 652481.029647192568518, 6338584.366050575859845 ], [ 652481.029647192568518, 6338578.875501778908074 ] ] ], [ [ [ 652660.500091863563284, 6339018.119405568577349 ], [ 652676.815586833632551, 6339018.119405568577349 ], [ 652676.815586833632551, 6338990.66666158195585 ], [ 652671.377088510314934, 6338990.66666158195585 ], [ 652671.377088510314934, 6338968.704466392286122 ], [ 652676.815586833632551, 6338968.704466392286122 ], [ 652676.815586833632551, 6338957.723368797451258 ], [ 652682.254085156950168, 6338957.723368797451258 ], [ 652682.254085156950168, 6338924.780076012946665 ], [ 652676.815586833632551, 6338924.780076012946665 ], [ 652676.815586833632551, 6338913.798978418111801 ], [ 652665.938590186880901, 6338913.798978418111801 ], [ 652665.938590186880901, 6338908.30842962116003 ], [ 652660.500091863563284, 6338908.30842962116003 ], [ 652660.500091863563284, 6338902.81788082420826 ], [ 652633.307600246742368, 6338902.81788082420826 ], [ 652633.307600246742368, 6338908.30842962116003 ], [ 652616.992105276673101, 6338908.30842962116003 ], [ 652616.992105276673101, 6338913.798978418111801 ], [ 652611.553606953239068, 6338913.798978418111801 ], [ 652611.553606953239068, 6338924.780076012946665 ], [ 652589.799613659852184, 6338924.780076012946665 ], [ 652589.799613659852184, 6338930.270624810829759 ], [ 652573.484118689666502, 6338930.270624810829759 ], [ 652573.484118689666502, 6338957.723368797451258 ], [ 652578.922617013100535, 6338957.723368797451258 ], [ 652578.922617013100535, 6338963.213917595334351 ], [ 652589.799613659852184, 6338963.213917595334351 ], [ 652589.799613659852184, 6338968.704466392286122 ], [ 652600.676610306487419, 6338968.704466392286122 ], [ 652600.676610306487419, 6338974.195015189237893 ], [ 652606.115108629921451, 6338974.195015189237893 ], [ 652606.115108629921451, 6338979.685563987120986 ], [ 652611.553606953239068, 6338979.685563987120986 ], [ 652611.553606953239068, 6338996.157210378907621 ], [ 652616.992105276673101, 6338996.157210378907621 ], [ 652616.992105276673101, 6339007.138307973742485 ], [ 652622.430603599990718, 6339007.138307973742485 ], [ 652622.430603599990718, 6339067.534344744868577 ], [ 652649.623095216811635, 6339067.534344744868577 ], [ 652649.623095216811635, 6339040.081600758247077 ], [ 652655.061593540129252, 6339040.081600758247077 ], [ 652655.061593540129252, 6339023.609954366460443 ], [ 652660.500091863563284, 6339023.609954366460443 ], [ 652660.500091863563284, 6339018.119405568577349 ] ] ], [ [ [ 652720.323573420522735, 6339138.911479110829532 ], [ 652720.323573420522735, 6339111.458735124208033 ], [ 652714.885075097205117, 6339111.458735124208033 ], [ 652714.885075097205117, 6339105.96818632632494 ], [ 652687.692583480384201, 6339105.96818632632494 ], [ 652687.692583480384201, 6339111.458735124208033 ], [ 652682.254085156950168, 6339111.458735124208033 ], [ 652682.254085156950168, 6339138.911479110829532 ], [ 652687.692583480384201, 6339138.911479110829532 ], [ 652687.692583480384201, 6339144.402027908712626 ], [ 652682.254085156950168, 6339144.402027908712626 ], [ 652682.254085156950168, 6339177.345320692285895 ], [ 652709.446576773771085, 6339177.345320692285895 ], [ 652709.446576773771085, 6339144.402027908712626 ], [ 652714.885075097205117, 6339144.402027908712626 ], [ 652714.885075097205117, 6339138.911479110829532 ], [ 652720.323573420522735, 6339138.911479110829532 ] ] ], [ [ [ 652584.361115336418152, 6339188.326418287120759 ], [ 652589.799613659852184, 6339188.326418287120759 ], [ 652589.799613659852184, 6339182.835869490168989 ], [ 652595.238111983169802, 6339182.835869490168989 ], [ 652595.238111983169802, 6339171.854771895334125 ], [ 652616.992105276673101, 6339171.854771895334125 ], [ 652616.992105276673101, 6339182.835869490168989 ], [ 652644.184596893494017, 6339182.835869490168989 ], [ 652644.184596893494017, 6339138.911479110829532 ], [ 652627.869101923308335, 6339138.911479110829532 ], [ 652627.869101923308335, 6339133.420930313877761 ], [ 652622.430603599990718, 6339133.420930313877761 ], [ 652622.430603599990718, 6339127.930381515994668 ], [ 652600.676610306487419, 6339127.930381515994668 ], [ 652600.676610306487419, 6339122.439832719042897 ], [ 652622.430603599990718, 6339122.439832719042897 ], [ 652622.430603599990718, 6339116.949283921159804 ], [ 652638.746098570059985, 6339116.949283921159804 ], [ 652638.746098570059985, 6339100.477637529373169 ], [ 652644.184596893494017, 6339100.477637529373169 ], [ 652644.184596893494017, 6339073.02489354275167 ], [ 652616.992105276673101, 6339073.02489354275167 ], [ 652616.992105276673101, 6339084.005991137586534 ], [ 652600.676610306487419, 6339084.005991137586534 ], [ 652600.676610306487419, 6339089.496539934538305 ], [ 652589.799613659852184, 6339089.496539934538305 ], [ 652589.799613659852184, 6339094.987088731490076 ], [ 652573.484118689666502, 6339094.987088731490076 ], [ 652573.484118689666502, 6339100.477637529373169 ], [ 652568.045620366348885, 6339100.477637529373169 ], [ 652568.045620366348885, 6339105.96818632632494 ], [ 652557.168623719597235, 6339105.96818632632494 ], [ 652557.168623719597235, 6339133.420930313877761 ], [ 652562.607122043031268, 6339133.420930313877761 ], [ 652562.607122043031268, 6339144.402027908712626 ], [ 652557.168623719597235, 6339144.402027908712626 ], [ 652557.168623719597235, 6339166.364223097451031 ], [ 652551.730125396279618, 6339166.364223097451031 ], [ 652551.730125396279618, 6339177.345320692285895 ], [ 652546.291627072845586, 6339177.345320692285895 ], [ 652546.291627072845586, 6339215.779162273742259 ], [ 652573.484118689666502, 6339215.779162273742259 ], [ 652573.484118689666502, 6339210.288613476790488 ], [ 652578.922617013100535, 6339210.288613476790488 ], [ 652578.922617013100535, 6339204.798064678907394 ], [ 652584.361115336418152, 6339204.798064678907394 ], [ 652584.361115336418152, 6339188.326418287120759 ] ] ], [ [ [ 652508.222138809389435, 6339281.665747842751443 ], [ 652481.029647192568518, 6339281.665747842751443 ], [ 652481.029647192568518, 6339314.609040627256036 ], [ 652508.222138809389435, 6339314.609040627256036 ], [ 652508.222138809389435, 6339281.665747842751443 ] ] ], [ [ [ 652241.735720964497887, 6339303.627943032421172 ], [ 652241.735720964497887, 6339331.080687019042671 ], [ 652274.36671090463642, 6339331.080687019042671 ], [ 652274.36671090463642, 6339298.137394234538078 ], [ 652247.174219287815504, 6339298.137394234538078 ], [ 652247.174219287815504, 6339303.627943032421172 ], [ 652241.735720964497887, 6339303.627943032421172 ] ] ], [ [ [ 652094.896266233641654, 6339342.061784613877535 ], [ 652089.457767910324037, 6339342.061784613877535 ], [ 652089.457767910324037, 6339331.080687019042671 ], [ 652062.265276293503121, 6339331.080687019042671 ], [ 652062.265276293503121, 6339396.967272587120533 ], [ 652067.703774616820738, 6339396.967272587120533 ], [ 652067.703774616820738, 6339407.948370181955397 ], [ 652094.896266233641654, 6339407.948370181955397 ], [ 652094.896266233641654, 6339402.457821385003626 ], [ 652100.334764556959271, 6339402.457821385003626 ], [ 652100.334764556959271, 6339364.023979803547263 ], [ 652094.896266233641654, 6339364.023979803547263 ], [ 652094.896266233641654, 6339342.061784613877535 ] ] ], [ [ [ 652725.762071743956767, 6339484.816053345799446 ], [ 652720.323573420522735, 6339484.816053345799446 ], [ 652720.323573420522735, 6339490.306602142751217 ], [ 652714.885075097205117, 6339490.306602142751217 ], [ 652714.885075097205117, 6339517.759346129372716 ], [ 652758.393061684095301, 6339517.759346129372716 ], [ 652758.393061684095301, 6339484.816053345799446 ], [ 652752.954563360777684, 6339484.816053345799446 ], [ 652752.954563360777684, 6339479.325504547916353 ], [ 652725.762071743956767, 6339479.325504547916353 ], [ 652725.762071743956767, 6339484.816053345799446 ] ] ], [ [ [ 652290.682205874705687, 6339534.230992522090673 ], [ 652290.682205874705687, 6339528.74044372420758 ], [ 652296.12070419813972, 6339528.74044372420758 ], [ 652296.12070419813972, 6339501.287699737586081 ], [ 652258.051215934567153, 6339501.287699737586081 ], [ 652258.051215934567153, 6339528.74044372420758 ], [ 652209.104731024242938, 6339528.74044372420758 ], [ 652209.104731024242938, 6339561.683736508712173 ], [ 652214.54322934767697, 6339561.683736508712173 ], [ 652214.54322934767697, 6339567.174285305663943 ], [ 652241.735720964497887, 6339567.174285305663943 ], [ 652241.735720964497887, 6339561.683736508712173 ], [ 652268.928212581318803, 6339561.683736508712173 ], [ 652268.928212581318803, 6339534.230992522090673 ], [ 652290.682205874705687, 6339534.230992522090673 ] ] ], [ [ [ 652084.019269586890005, 6339523.249894927255809 ], [ 652040.511283, 6339523.249894927255809 ], [ 652040.511283, 6339561.683736508712173 ], [ 652045.949781323317438, 6339561.683736508712173 ], [ 652045.949781323317438, 6339567.174285305663943 ], [ 652084.019269586890005, 6339567.174285305663943 ], [ 652084.019269586890005, 6339528.74044372420758 ], [ 652111.211761203710921, 6339528.74044372420758 ], [ 652111.211761203710921, 6339501.287699737586081 ], [ 652084.019269586890005, 6339501.287699737586081 ], [ 652084.019269586890005, 6339523.249894927255809 ] ] ], [ [ [ 652404.890670665423386, 6339759.343493213877082 ], [ 652432.083162282244302, 6339759.343493213877082 ], [ 652432.083162282244302, 6339753.852944416925311 ], [ 652437.52166060556192, 6339753.852944416925311 ], [ 652437.52166060556192, 6339726.400200430303812 ], [ 652453.837155575747602, 6339726.400200430303812 ], [ 652453.837155575747602, 6339693.45690764579922 ], [ 652448.398657252313569, 6339693.45690764579922 ], [ 652448.398657252313569, 6339676.985261253081262 ], [ 652410.329168988741003, 6339676.985261253081262 ], [ 652410.329168988741003, 6339671.494712456129491 ], [ 652383.136677371920086, 6339671.494712456129491 ], [ 652383.136677371920086, 6339698.94745644275099 ], [ 652388.575175695354119, 6339698.94745644275099 ], [ 652388.575175695354119, 6339704.438005240634084 ], [ 652399.452172342105769, 6339704.438005240634084 ], [ 652399.452172342105769, 6339709.928554037585855 ], [ 652394.013674018671736, 6339709.928554037585855 ], [ 652394.013674018671736, 6339715.419102835468948 ], [ 652388.575175695354119, 6339715.419102835468948 ], [ 652388.575175695354119, 6339720.909651632420719 ], [ 652383.136677371920086, 6339720.909651632420719 ], [ 652383.136677371920086, 6339709.928554037585855 ], [ 652377.698179048602469, 6339709.928554037585855 ], [ 652377.698179048602469, 6339666.004163659177721 ], [ 652372.259680725284852, 6339666.004163659177721 ], [ 652372.259680725284852, 6339660.513614861294627 ], [ 652366.82118240185082, 6339660.513614861294627 ], [ 652366.82118240185082, 6339655.023066064342856 ], [ 652334.190192461712286, 6339655.023066064342856 ], [ 652334.190192461712286, 6339660.513614861294627 ], [ 652328.751694138278253, 6339660.513614861294627 ], [ 652328.751694138278253, 6339687.966358847916126 ], [ 652334.190192461712286, 6339687.966358847916126 ], [ 652334.190192461712286, 6339709.928554037585855 ], [ 652339.628690785029903, 6339709.928554037585855 ], [ 652339.628690785029903, 6339720.909651632420719 ], [ 652350.505687431781553, 6339720.909651632420719 ], [ 652350.505687431781553, 6339726.400200430303812 ], [ 652345.067189108463936, 6339726.400200430303812 ], [ 652345.067189108463936, 6339731.890749227255583 ], [ 652339.628690785029903, 6339731.890749227255583 ], [ 652339.628690785029903, 6339764.834042011760175 ], [ 652334.190192461712286, 6339764.834042011760175 ], [ 652334.190192461712286, 6339792.286785998381674 ], [ 652361.382684078533202, 6339792.286785998381674 ], [ 652361.382684078533202, 6339786.796237200498581 ], [ 652383.136677371920086, 6339786.796237200498581 ], [ 652383.136677371920086, 6339797.777334795333445 ], [ 652388.575175695354119, 6339797.777334795333445 ], [ 652388.575175695354119, 6339803.267883593216538 ], [ 652415.767667312175035, 6339803.267883593216538 ], [ 652415.767667312175035, 6339775.815139606595039 ], [ 652410.329168988741003, 6339775.815139606595039 ], [ 652410.329168988741003, 6339770.324590808711946 ], [ 652404.890670665423386, 6339770.324590808711946 ], [ 652404.890670665423386, 6339759.343493213877082 ] ] ], [ [ [ 652258.051215934567153, 6340044.852030677720904 ], [ 652258.051215934567153, 6340039.361481879837811 ], [ 652252.612717611249536, 6340039.361481879837811 ], [ 652252.612717611249536, 6340033.87093308288604 ], [ 652225.42022599442862, 6340033.87093308288604 ], [ 652225.42022599442862, 6340066.814225867390633 ], [ 652241.735720964497887, 6340066.814225867390633 ], [ 652241.735720964497887, 6340072.304774664342403 ], [ 652247.174219287815504, 6340072.304774664342403 ], [ 652247.174219287815504, 6340077.795323461294174 ], [ 652290.682205874705687, 6340077.795323461294174 ], [ 652290.682205874705687, 6340072.304774664342403 ], [ 652301.559202521457337, 6340072.304774664342403 ], [ 652301.559202521457337, 6340044.852030677720904 ], [ 652258.051215934567153, 6340044.852030677720904 ] ] ], [ [ [ 652143.84275114396587, 6341011.188619014807045 ], [ 652149.281249467283487, 6341011.188619014807045 ], [ 652149.281249467283487, 6341027.660265407525003 ], [ 652176.473741084104404, 6341027.660265407525003 ], [ 652176.473741084104404, 6341022.16971660964191 ], [ 652181.912239407422021, 6341022.16971660964191 ], [ 652181.912239407422021, 6341011.188619014807045 ], [ 652187.350737730856054, 6341011.188619014807045 ], [ 652187.350737730856054, 6341000.207521420903504 ], [ 652192.789236054173671, 6341000.207521420903504 ], [ 652192.789236054173671, 6340972.754777433350682 ], [ 652176.473741084104404, 6340972.754777433350682 ], [ 652176.473741084104404, 6340961.773679838515818 ], [ 652181.912239407422021, 6340961.773679838515818 ], [ 652181.912239407422021, 6340928.830387054942548 ], [ 652176.473741084104404, 6340928.830387054942548 ], [ 652176.473741084104404, 6340917.849289460107684 ], [ 652187.350737730856054, 6340917.849289460107684 ], [ 652187.350737730856054, 6340906.86819186527282 ], [ 652192.789236054173671, 6340906.86819186527282 ], [ 652192.789236054173671, 6340901.377643067389727 ], [ 652198.227734377607703, 6340901.377643067389727 ], [ 652198.227734377607703, 6340895.887094270437956 ], [ 652203.66623270092532, 6340895.887094270437956 ], [ 652203.66623270092532, 6340901.377643067389727 ], [ 652214.54322934767697, 6340901.377643067389727 ], [ 652214.54322934767697, 6340906.86819186527282 ], [ 652225.42022599442862, 6340906.86819186527282 ], [ 652225.42022599442862, 6340917.849289460107684 ], [ 652230.858724317746237, 6340917.849289460107684 ], [ 652230.858724317746237, 6340928.830387054942548 ], [ 652241.735720964497887, 6340928.830387054942548 ], [ 652241.735720964497887, 6340934.320935851894319 ], [ 652236.297222641063854, 6340934.320935851894319 ], [ 652236.297222641063854, 6340939.811484649777412 ], [ 652230.858724317746237, 6340939.811484649777412 ], [ 652230.858724317746237, 6340956.283131041564047 ], [ 652209.104731024242938, 6340956.283131041564047 ], [ 652209.104731024242938, 6340961.773679838515818 ], [ 652203.66623270092532, 6340961.773679838515818 ], [ 652203.66623270092532, 6340994.716972623020411 ], [ 652241.735720964497887, 6340994.716972623020411 ], [ 652241.735720964497887, 6340978.245326231233776 ], [ 652263.489714257884771, 6340978.245326231233776 ], [ 652263.489714257884771, 6340972.754777433350682 ], [ 652268.928212581318803, 6340972.754777433350682 ], [ 652268.928212581318803, 6340967.264228636398911 ], [ 652279.805209228070453, 6340967.264228636398911 ], [ 652279.805209228070453, 6340961.773679838515818 ], [ 652285.24370755138807, 6340961.773679838515818 ], [ 652285.24370755138807, 6340956.283131041564047 ], [ 652290.682205874705687, 6340956.283131041564047 ], [ 652290.682205874705687, 6340945.302033446729183 ], [ 652301.559202521457337, 6340945.302033446729183 ], [ 652301.559202521457337, 6340950.792582243680954 ], [ 652345.067189108463936, 6340950.792582243680954 ], [ 652345.067189108463936, 6340945.302033446729183 ], [ 652366.82118240185082, 6340945.302033446729183 ], [ 652366.82118240185082, 6340934.320935851894319 ], [ 652388.575175695354119, 6340934.320935851894319 ], [ 652388.575175695354119, 6340928.830387054942548 ], [ 652404.890670665423386, 6340928.830387054942548 ], [ 652404.890670665423386, 6340923.339838257059455 ], [ 652410.329168988741003, 6340923.339838257059455 ], [ 652410.329168988741003, 6340917.849289460107684 ], [ 652421.206165635492653, 6340917.849289460107684 ], [ 652421.206165635492653, 6340912.358740662224591 ], [ 652432.083162282244302, 6340912.358740662224591 ], [ 652432.083162282244302, 6340906.86819186527282 ], [ 652442.960158928995952, 6340906.86819186527282 ], [ 652442.960158928995952, 6340901.377643067389727 ], [ 652453.837155575747602, 6340901.377643067389727 ], [ 652453.837155575747602, 6340895.887094270437956 ], [ 652464.714152222382836, 6340895.887094270437956 ], [ 652464.714152222382836, 6340890.396545472554862 ], [ 652481.029647192568518, 6340890.396545472554862 ], [ 652481.029647192568518, 6340884.905996675603092 ], [ 652497.345142162637785, 6340884.905996675603092 ], [ 652497.345142162637785, 6340879.415447878651321 ], [ 652513.660637132707052, 6340879.415447878651321 ], [ 652513.660637132707052, 6340884.905996675603092 ], [ 652540.853128749527968, 6340884.905996675603092 ], [ 652540.853128749527968, 6340857.453252688981593 ], [ 652557.168623719597235, 6340857.453252688981593 ], [ 652557.168623719597235, 6340851.962703891098499 ], [ 652562.607122043031268, 6340851.962703891098499 ], [ 652562.607122043031268, 6340846.472155094146729 ], [ 652568.045620366348885, 6340846.472155094146729 ], [ 652568.045620366348885, 6340840.981606296263635 ], [ 652589.799613659852184, 6340840.981606296263635 ], [ 652589.799613659852184, 6340846.472155094146729 ], [ 652600.676610306487419, 6340846.472155094146729 ], [ 652600.676610306487419, 6340851.962703891098499 ], [ 652606.115108629921451, 6340851.962703891098499 ], [ 652606.115108629921451, 6340857.453252688981593 ], [ 652633.307600246742368, 6340857.453252688981593 ], [ 652633.307600246742368, 6340851.962703891098499 ], [ 652638.746098570059985, 6340851.962703891098499 ], [ 652638.746098570059985, 6340808.038313512690365 ], [ 652655.061593540129252, 6340808.038313512690365 ], [ 652655.061593540129252, 6340797.057215917855501 ], [ 652660.500091863563284, 6340797.057215917855501 ], [ 652660.500091863563284, 6340791.566667119972408 ], [ 652671.377088510314934, 6340791.566667119972408 ], [ 652671.377088510314934, 6340786.076118323020637 ], [ 652687.692583480384201, 6340786.076118323020637 ], [ 652687.692583480384201, 6340780.585569525137544 ], [ 652704.008078450453468, 6340780.585569525137544 ], [ 652704.008078450453468, 6340775.095020728185773 ], [ 652709.446576773771085, 6340775.095020728185773 ], [ 652709.446576773771085, 6340769.604471931234002 ], [ 652720.323573420522735, 6340769.604471931234002 ], [ 652720.323573420522735, 6340764.113923133350909 ], [ 652725.762071743956767, 6340764.113923133350909 ], [ 652725.762071743956767, 6340758.623374336399138 ], [ 652731.200570067274384, 6340758.623374336399138 ], [ 652731.200570067274384, 6340753.132825538516045 ], [ 652742.077566714026034, 6340753.132825538516045 ], [ 652742.077566714026034, 6340747.642276741564274 ], [ 652752.954563360777684, 6340747.642276741564274 ], [ 652752.954563360777684, 6340742.15172794368118 ], [ 652758.393061684095301, 6340742.15172794368118 ], [ 652758.393061684095301, 6340709.208435160107911 ], [ 652731.200570067274384, 6340709.208435160107911 ], [ 652731.200570067274384, 6340714.698983957059681 ], [ 652693.131081803701818, 6340714.698983957059681 ], [ 652693.131081803701818, 6340725.680081551894546 ], [ 652687.692583480384201, 6340725.680081551894546 ], [ 652687.692583480384201, 6340709.208435160107911 ], [ 652671.377088510314934, 6340709.208435160107911 ], [ 652671.377088510314934, 6340703.717886362224817 ], [ 652649.623095216811635, 6340703.717886362224817 ], [ 652649.623095216811635, 6340698.227337565273046 ], [ 652644.184596893494017, 6340698.227337565273046 ], [ 652644.184596893494017, 6340687.246239970438182 ], [ 652633.307600246742368, 6340687.246239970438182 ], [ 652633.307600246742368, 6340676.265142375603318 ], [ 652627.869101923308335, 6340676.265142375603318 ], [ 652627.869101923308335, 6340670.774593577720225 ], [ 652622.430603599990718, 6340670.774593577720225 ], [ 652622.430603599990718, 6340665.284044780768454 ], [ 652606.115108629921451, 6340665.284044780768454 ], [ 652606.115108629921451, 6340659.793495982885361 ], [ 652578.922617013100535, 6340659.793495982885361 ], [ 652578.922617013100535, 6340654.30294718593359 ], [ 652513.660637132707052, 6340654.30294718593359 ], [ 652513.660637132707052, 6340659.793495982885361 ], [ 652502.783640485955402, 6340659.793495982885361 ], [ 652502.783640485955402, 6340665.284044780768454 ], [ 652497.345142162637785, 6340665.284044780768454 ], [ 652497.345142162637785, 6340670.774593577720225 ], [ 652437.52166060556192, 6340670.774593577720225 ], [ 652437.52166060556192, 6340676.265142375603318 ], [ 652421.206165635492653, 6340676.265142375603318 ], [ 652421.206165635492653, 6340681.755691172555089 ], [ 652415.767667312175035, 6340681.755691172555089 ], [ 652415.767667312175035, 6340621.359654401428998 ], [ 652421.206165635492653, 6340621.359654401428998 ], [ 652421.206165635492653, 6340615.869105604477227 ], [ 652426.644663958926685, 6340615.869105604477227 ], [ 652426.644663958926685, 6340555.473068833351135 ], [ 652399.452172342105769, 6340555.473068833351135 ], [ 652399.452172342105769, 6340560.963617630302906 ], [ 652388.575175695354119, 6340560.963617630302906 ], [ 652388.575175695354119, 6340566.454166428185999 ], [ 652383.136677371920086, 6340566.454166428185999 ], [ 652383.136677371920086, 6340560.963617630302906 ], [ 652377.698179048602469, 6340560.963617630302906 ], [ 652377.698179048602469, 6340549.982520035468042 ], [ 652372.259680725284852, 6340549.982520035468042 ], [ 652372.259680725284852, 6340544.491971238516271 ], [ 652366.82118240185082, 6340544.491971238516271 ], [ 652366.82118240185082, 6340539.0014224415645 ], [ 652361.382684078533202, 6340539.0014224415645 ], [ 652361.382684078533202, 6340533.510873643681407 ], [ 652328.751694138278253, 6340533.510873643681407 ], [ 652328.751694138278253, 6340544.491971238516271 ], [ 652323.313195814960636, 6340544.491971238516271 ], [ 652323.313195814960636, 6340549.982520035468042 ], [ 652317.874697491526604, 6340549.982520035468042 ], [ 652317.874697491526604, 6340566.454166428185999 ], [ 652296.12070419813972, 6340566.454166428185999 ], [ 652296.12070419813972, 6340555.473068833351135 ], [ 652301.559202521457337, 6340555.473068833351135 ], [ 652301.559202521457337, 6340549.982520035468042 ], [ 652306.997700844891369, 6340549.982520035468042 ], [ 652306.997700844891369, 6340506.058129657059908 ], [ 652317.874697491526604, 6340506.058129657059908 ], [ 652317.874697491526604, 6340500.567580859176815 ], [ 652323.313195814960636, 6340500.567580859176815 ], [ 652323.313195814960636, 6340506.058129657059908 ], [ 652328.751694138278253, 6340506.058129657059908 ], [ 652328.751694138278253, 6340511.548678454011679 ], [ 652361.382684078533202, 6340511.548678454011679 ], [ 652361.382684078533202, 6340506.058129657059908 ], [ 652366.82118240185082, 6340506.058129657059908 ], [ 652366.82118240185082, 6340489.58648326434195 ], [ 652372.259680725284852, 6340489.58648326434195 ], [ 652372.259680725284852, 6340484.09593446739018 ], [ 652377.698179048602469, 6340484.09593446739018 ], [ 652377.698179048602469, 6340462.133739277720451 ], [ 652383.136677371920086, 6340462.133739277720451 ], [ 652383.136677371920086, 6340467.624288075603545 ], [ 652388.575175695354119, 6340467.624288075603545 ], [ 652388.575175695354119, 6340473.114836872555315 ], [ 652421.206165635492653, 6340473.114836872555315 ], [ 652421.206165635492653, 6340467.624288075603545 ], [ 652448.398657252313569, 6340467.624288075603545 ], [ 652448.398657252313569, 6340440.171544088050723 ], [ 652442.960158928995952, 6340440.171544088050723 ], [ 652442.960158928995952, 6340434.680995291098952 ], [ 652432.083162282244302, 6340434.680995291098952 ], [ 652432.083162282244302, 6340429.190446493215859 ], [ 652426.644663958926685, 6340429.190446493215859 ], [ 652426.644663958926685, 6340423.699897696264088 ], [ 652415.767667312175035, 6340423.699897696264088 ], [ 652415.767667312175035, 6340418.209348899312317 ], [ 652383.136677371920086, 6340418.209348899312317 ], [ 652383.136677371920086, 6340423.699897696264088 ], [ 652377.698179048602469, 6340423.699897696264088 ], [ 652377.698179048602469, 6340429.190446493215859 ], [ 652345.067189108463936, 6340429.190446493215859 ], [ 652345.067189108463936, 6340434.680995291098952 ], [ 652334.190192461712286, 6340434.680995291098952 ], [ 652334.190192461712286, 6340429.190446493215859 ], [ 652306.997700844891369, 6340429.190446493215859 ], [ 652306.997700844891369, 6340412.718800101429224 ], [ 652301.559202521457337, 6340412.718800101429224 ], [ 652301.559202521457337, 6340407.228251304477453 ], [ 652296.12070419813972, 6340407.228251304477453 ], [ 652296.12070419813972, 6340401.73770250659436 ], [ 652268.928212581318803, 6340401.73770250659436 ], [ 652268.928212581318803, 6340407.228251304477453 ], [ 652236.297222641063854, 6340407.228251304477453 ], [ 652236.297222641063854, 6340401.73770250659436 ], [ 652247.174219287815504, 6340401.73770250659436 ], [ 652247.174219287815504, 6340390.756604911759496 ], [ 652268.928212581318803, 6340390.756604911759496 ], [ 652268.928212581318803, 6340385.266056114807725 ], [ 652274.36671090463642, 6340385.266056114807725 ], [ 652274.36671090463642, 6340357.813312128186226 ], [ 652268.928212581318803, 6340357.813312128186226 ], [ 652268.928212581318803, 6340352.322763330303133 ], [ 652263.489714257884771, 6340352.322763330303133 ], [ 652263.489714257884771, 6340346.832214533351362 ], [ 652209.104731024242938, 6340346.832214533351362 ], [ 652209.104731024242938, 6340374.284958519972861 ], [ 652203.66623270092532, 6340374.284958519972861 ], [ 652203.66623270092532, 6340379.775507316924632 ], [ 652198.227734377607703, 6340379.775507316924632 ], [ 652198.227734377607703, 6340390.756604911759496 ], [ 652192.789236054173671, 6340390.756604911759496 ], [ 652192.789236054173671, 6340401.73770250659436 ], [ 652149.281249467283487, 6340401.73770250659436 ], [ 652149.281249467283487, 6340407.228251304477453 ], [ 652143.84275114396587, 6340407.228251304477453 ], [ 652143.84275114396587, 6340412.718800101429224 ], [ 652132.96575449721422, 6340412.718800101429224 ], [ 652132.96575449721422, 6340440.171544088050723 ], [ 652138.404252820531838, 6340440.171544088050723 ], [ 652138.404252820531838, 6340445.662092885933816 ], [ 652160.158246114035137, 6340445.662092885933816 ], [ 652160.158246114035137, 6340451.152641682885587 ], [ 652154.719747790601104, 6340451.152641682885587 ], [ 652154.719747790601104, 6340456.643190480768681 ], [ 652143.84275114396587, 6340456.643190480768681 ], [ 652143.84275114396587, 6340489.58648326434195 ], [ 652176.473741084104404, 6340489.58648326434195 ], [ 652176.473741084104404, 6340495.077032062225044 ], [ 652171.035242760786787, 6340495.077032062225044 ], [ 652171.035242760786787, 6340522.529776048846543 ], [ 652138.404252820531838, 6340522.529776048846543 ], [ 652138.404252820531838, 6340528.020324846729636 ], [ 652105.773262880393304, 6340528.020324846729636 ], [ 652105.773262880393304, 6340522.529776048846543 ], [ 652084.019269586890005, 6340522.529776048846543 ], [ 652084.019269586890005, 6340517.039227251894772 ], [ 652078.580771263572387, 6340517.039227251894772 ], [ 652078.580771263572387, 6340511.548678454011679 ], [ 652051.388279646751471, 6340511.548678454011679 ], [ 652051.388279646751471, 6340517.039227251894772 ], [ 652045.949781323317438, 6340517.039227251894772 ], [ 652045.949781323317438, 6340539.0014224415645 ], [ 652040.511283, 6340539.0014224415645 ], [ 652040.511283, 6340593.906910414807498 ], [ 652056.826777970069088, 6340593.906910414807498 ], [ 652056.826777970069088, 6340615.869105604477227 ], [ 652062.265276293503121, 6340615.869105604477227 ], [ 652062.265276293503121, 6340621.359654401428998 ], [ 652056.826777970069088, 6340621.359654401428998 ], [ 652056.826777970069088, 6340626.850203199312091 ], [ 652051.388279646751471, 6340626.850203199312091 ], [ 652051.388279646751471, 6340632.340751996263862 ], [ 652040.511283, 6340632.340751996263862 ], [ 652040.511283, 6340692.736788767389953 ], [ 652051.388279646751471, 6340692.736788767389953 ], [ 652051.388279646751471, 6340703.717886362224817 ], [ 652062.265276293503121, 6340703.717886362224817 ], [ 652062.265276293503121, 6340720.189532754011452 ], [ 652067.703774616820738, 6340720.189532754011452 ], [ 652067.703774616820738, 6340725.680081551894546 ], [ 652084.019269586890005, 6340725.680081551894546 ], [ 652084.019269586890005, 6340731.170630348846316 ], [ 652089.457767910324037, 6340731.170630348846316 ], [ 652089.457767910324037, 6340764.113923133350909 ], [ 652094.896266233641654, 6340764.113923133350909 ], [ 652094.896266233641654, 6340769.604471931234002 ], [ 652127.527256173780188, 6340769.604471931234002 ], [ 652127.527256173780188, 6340747.642276741564274 ], [ 652132.96575449721422, 6340747.642276741564274 ], [ 652132.96575449721422, 6340758.623374336399138 ], [ 652143.84275114396587, 6340758.623374336399138 ], [ 652143.84275114396587, 6340764.113923133350909 ], [ 652149.281249467283487, 6340764.113923133350909 ], [ 652149.281249467283487, 6340769.604471931234002 ], [ 652176.473741084104404, 6340769.604471931234002 ], [ 652176.473741084104404, 6340764.113923133350909 ], [ 652181.912239407422021, 6340764.113923133350909 ], [ 652181.912239407422021, 6340769.604471931234002 ], [ 652192.789236054173671, 6340769.604471931234002 ], [ 652192.789236054173671, 6340791.566667119972408 ], [ 652160.158246114035137, 6340791.566667119972408 ], [ 652160.158246114035137, 6340786.076118323020637 ], [ 652149.281249467283487, 6340786.076118323020637 ], [ 652149.281249467283487, 6340780.585569525137544 ], [ 652138.404252820531838, 6340780.585569525137544 ], [ 652138.404252820531838, 6340775.095020728185773 ], [ 652094.896266233641654, 6340775.095020728185773 ], [ 652094.896266233641654, 6340786.076118323020637 ], [ 652089.457767910324037, 6340786.076118323020637 ], [ 652089.457767910324037, 6340791.566667119972408 ], [ 652084.019269586890005, 6340791.566667119972408 ], [ 652084.019269586890005, 6340802.547764714807272 ], [ 652078.580771263572387, 6340802.547764714807272 ], [ 652078.580771263572387, 6340830.000508702360094 ], [ 652111.211761203710921, 6340830.000508702360094 ], [ 652111.211761203710921, 6340824.509959904477 ], [ 652116.650259527144954, 6340824.509959904477 ], [ 652116.650259527144954, 6340819.019411107525229 ], [ 652127.527256173780188, 6340819.019411107525229 ], [ 652127.527256173780188, 6340824.509959904477 ], [ 652138.404252820531838, 6340824.509959904477 ], [ 652138.404252820531838, 6340830.000508702360094 ], [ 652165.596744437352754, 6340830.000508702360094 ], [ 652165.596744437352754, 6340835.491057499311864 ], [ 652187.350737730856054, 6340835.491057499311864 ], [ 652187.350737730856054, 6340862.943801485933363 ], [ 652181.912239407422021, 6340862.943801485933363 ], [ 652181.912239407422021, 6340868.434350283816457 ], [ 652171.035242760786787, 6340868.434350283816457 ], [ 652171.035242760786787, 6340873.924899080768228 ], [ 652165.596744437352754, 6340873.924899080768228 ], [ 652165.596744437352754, 6340884.905996675603092 ], [ 652160.158246114035137, 6340884.905996675603092 ], [ 652160.158246114035137, 6340895.887094270437956 ], [ 652149.281249467283487, 6340895.887094270437956 ], [ 652149.281249467283487, 6340901.377643067389727 ], [ 652127.527256173780188, 6340901.377643067389727 ], [ 652127.527256173780188, 6340906.86819186527282 ], [ 652122.088757850462571, 6340906.86819186527282 ], [ 652122.088757850462571, 6340912.358740662224591 ], [ 652111.211761203710921, 6340912.358740662224591 ], [ 652111.211761203710921, 6340923.339838257059455 ], [ 652105.773262880393304, 6340923.339838257059455 ], [ 652105.773262880393304, 6340928.830387054942548 ], [ 652100.334764556959271, 6340928.830387054942548 ], [ 652100.334764556959271, 6340934.320935851894319 ], [ 652089.457767910324037, 6340934.320935851894319 ], [ 652089.457767910324037, 6340939.811484649777412 ], [ 652084.019269586890005, 6340939.811484649777412 ], [ 652084.019269586890005, 6340956.283131041564047 ], [ 652078.580771263572387, 6340956.283131041564047 ], [ 652078.580771263572387, 6340967.264228636398911 ], [ 652073.142272940138355, 6340967.264228636398911 ], [ 652073.142272940138355, 6341000.207521420903504 ], [ 652078.580771263572387, 6341000.207521420903504 ], [ 652078.580771263572387, 6341005.698070217855275 ], [ 652094.896266233641654, 6341005.698070217855275 ], [ 652094.896266233641654, 6341011.188619014807045 ], [ 652084.019269586890005, 6341011.188619014807045 ], [ 652084.019269586890005, 6341055.113009394146502 ], [ 652111.211761203710921, 6341055.113009394146502 ], [ 652111.211761203710921, 6341022.16971660964191 ], [ 652116.650259527144954, 6341022.16971660964191 ], [ 652116.650259527144954, 6341033.150814204476774 ], [ 652143.84275114396587, 6341033.150814204476774 ], [ 652143.84275114396587, 6341011.188619014807045 ] ], [ [ 652410.329168988741003, 6340835.491057499311864 ], [ 652410.329168988741003, 6340840.981606296263635 ], [ 652399.452172342105769, 6340840.981606296263635 ], [ 652399.452172342105769, 6340830.000508702360094 ], [ 652394.013674018671736, 6340830.000508702360094 ], [ 652394.013674018671736, 6340824.509959904477 ], [ 652404.890670665423386, 6340824.509959904477 ], [ 652404.890670665423386, 6340835.491057499311864 ], [ 652410.329168988741003, 6340835.491057499311864 ] ], [ [ 652268.928212581318803, 6340808.038313512690365 ], [ 652268.928212581318803, 6340813.528862309642136 ], [ 652258.051215934567153, 6340813.528862309642136 ], [ 652258.051215934567153, 6340808.038313512690365 ], [ 652268.928212581318803, 6340808.038313512690365 ] ], [ [ 652306.997700844891369, 6340797.057215917855501 ], [ 652306.997700844891369, 6340802.547764714807272 ], [ 652296.12070419813972, 6340802.547764714807272 ], [ 652296.12070419813972, 6340797.057215917855501 ], [ 652306.997700844891369, 6340797.057215917855501 ] ], [ [ 652470.152650545816869, 6340780.585569525137544 ], [ 652475.591148869134486, 6340780.585569525137544 ], [ 652475.591148869134486, 6340797.057215917855501 ], [ 652481.029647192568518, 6340797.057215917855501 ], [ 652481.029647192568518, 6340802.547764714807272 ], [ 652470.152650545816869, 6340802.547764714807272 ], [ 652470.152650545816869, 6340780.585569525137544 ] ], [ [ 652464.714152222382836, 6340780.585569525137544 ], [ 652464.714152222382836, 6340775.095020728185773 ], [ 652470.152650545816869, 6340775.095020728185773 ], [ 652470.152650545816869, 6340780.585569525137544 ], [ 652464.714152222382836, 6340780.585569525137544 ] ], [ [ 652529.976132102776319, 6340769.604471931234002 ], [ 652529.976132102776319, 6340764.113923133350909 ], [ 652524.537633779458702, 6340764.113923133350909 ], [ 652524.537633779458702, 6340758.623374336399138 ], [ 652513.660637132707052, 6340758.623374336399138 ], [ 652513.660637132707052, 6340753.132825538516045 ], [ 652508.222138809389435, 6340753.132825538516045 ], [ 652508.222138809389435, 6340747.642276741564274 ], [ 652502.783640485955402, 6340747.642276741564274 ], [ 652502.783640485955402, 6340742.15172794368118 ], [ 652497.345142162637785, 6340742.15172794368118 ], [ 652497.345142162637785, 6340736.66117914672941 ], [ 652502.783640485955402, 6340736.66117914672941 ], [ 652502.783640485955402, 6340731.170630348846316 ], [ 652524.537633779458702, 6340731.170630348846316 ], [ 652524.537633779458702, 6340725.680081551894546 ], [ 652529.976132102776319, 6340725.680081551894546 ], [ 652529.976132102776319, 6340720.189532754011452 ], [ 652540.853128749527968, 6340720.189532754011452 ], [ 652540.853128749527968, 6340714.698983957059681 ], [ 652546.291627072845586, 6340714.698983957059681 ], [ 652546.291627072845586, 6340709.208435160107911 ], [ 652551.730125396279618, 6340709.208435160107911 ], [ 652551.730125396279618, 6340703.717886362224817 ], [ 652557.168623719597235, 6340703.717886362224817 ], [ 652557.168623719597235, 6340698.227337565273046 ], [ 652578.922617013100535, 6340698.227337565273046 ], [ 652578.922617013100535, 6340703.717886362224817 ], [ 652584.361115336418152, 6340703.717886362224817 ], [ 652584.361115336418152, 6340720.189532754011452 ], [ 652589.799613659852184, 6340720.189532754011452 ], [ 652589.799613659852184, 6340731.170630348846316 ], [ 652595.238111983169802, 6340731.170630348846316 ], [ 652595.238111983169802, 6340736.66117914672941 ], [ 652616.992105276673101, 6340736.66117914672941 ], [ 652616.992105276673101, 6340742.15172794368118 ], [ 652622.430603599990718, 6340742.15172794368118 ], [ 652622.430603599990718, 6340775.095020728185773 ], [ 652606.115108629921451, 6340775.095020728185773 ], [ 652606.115108629921451, 6340769.604471931234002 ], [ 652611.553606953239068, 6340769.604471931234002 ], [ 652611.553606953239068, 6340742.15172794368118 ], [ 652584.361115336418152, 6340742.15172794368118 ], [ 652584.361115336418152, 6340747.642276741564274 ], [ 652573.484118689666502, 6340747.642276741564274 ], [ 652573.484118689666502, 6340753.132825538516045 ], [ 652562.607122043031268, 6340753.132825538516045 ], [ 652562.607122043031268, 6340758.623374336399138 ], [ 652557.168623719597235, 6340758.623374336399138 ], [ 652557.168623719597235, 6340791.566667119972408 ], [ 652568.045620366348885, 6340791.566667119972408 ], [ 652568.045620366348885, 6340797.057215917855501 ], [ 652557.168623719597235, 6340797.057215917855501 ], [ 652557.168623719597235, 6340802.547764714807272 ], [ 652546.291627072845586, 6340802.547764714807272 ], [ 652546.291627072845586, 6340791.566667119972408 ], [ 652540.853128749527968, 6340791.566667119972408 ], [ 652540.853128749527968, 6340786.076118323020637 ], [ 652535.414630426210351, 6340786.076118323020637 ], [ 652535.414630426210351, 6340769.604471931234002 ], [ 652529.976132102776319, 6340769.604471931234002 ] ], [ [ 652263.489714257884771, 6340742.15172794368118 ], [ 652263.489714257884771, 6340753.132825538516045 ], [ 652258.051215934567153, 6340753.132825538516045 ], [ 652258.051215934567153, 6340742.15172794368118 ], [ 652263.489714257884771, 6340742.15172794368118 ] ], [ [ 652111.211761203710921, 6340659.793495982885361 ], [ 652111.211761203710921, 6340665.284044780768454 ], [ 652122.088757850462571, 6340665.284044780768454 ], [ 652122.088757850462571, 6340676.265142375603318 ], [ 652116.650259527144954, 6340676.265142375603318 ], [ 652116.650259527144954, 6340681.755691172555089 ], [ 652111.211761203710921, 6340681.755691172555089 ], [ 652111.211761203710921, 6340687.246239970438182 ], [ 652105.773262880393304, 6340687.246239970438182 ], [ 652105.773262880393304, 6340676.265142375603318 ], [ 652100.334764556959271, 6340676.265142375603318 ], [ 652100.334764556959271, 6340665.284044780768454 ], [ 652105.773262880393304, 6340665.284044780768454 ], [ 652105.773262880393304, 6340659.793495982885361 ], [ 652111.211761203710921, 6340659.793495982885361 ] ], [ [ 652263.489714257884771, 6340654.30294718593359 ], [ 652263.489714257884771, 6340670.774593577720225 ], [ 652258.051215934567153, 6340670.774593577720225 ], [ 652258.051215934567153, 6340654.30294718593359 ], [ 652263.489714257884771, 6340654.30294718593359 ] ], [ [ 652214.54322934767697, 6340654.30294718593359 ], [ 652214.54322934767697, 6340648.812398388981819 ], [ 652219.981727670994587, 6340648.812398388981819 ], [ 652219.981727670994587, 6340654.30294718593359 ], [ 652214.54322934767697, 6340654.30294718593359 ] ], [ [ 652219.981727670994587, 6340637.831300794146955 ], [ 652225.42022599442862, 6340637.831300794146955 ], [ 652225.42022599442862, 6340648.812398388981819 ], [ 652219.981727670994587, 6340648.812398388981819 ], [ 652219.981727670994587, 6340637.831300794146955 ] ], [ [ 652187.350737730856054, 6340593.906910414807498 ], [ 652187.350737730856054, 6340599.397459212690592 ], [ 652181.912239407422021, 6340599.397459212690592 ], [ 652181.912239407422021, 6340593.906910414807498 ], [ 652187.350737730856054, 6340593.906910414807498 ] ], [ [ 652214.54322934767697, 6340533.510873643681407 ], [ 652214.54322934767697, 6340539.0014224415645 ], [ 652225.42022599442862, 6340539.0014224415645 ], [ 652225.42022599442862, 6340549.982520035468042 ], [ 652219.981727670994587, 6340549.982520035468042 ], [ 652219.981727670994587, 6340560.963617630302906 ], [ 652203.66623270092532, 6340560.963617630302906 ], [ 652203.66623270092532, 6340566.454166428185999 ], [ 652198.227734377607703, 6340566.454166428185999 ], [ 652198.227734377607703, 6340539.0014224415645 ], [ 652203.66623270092532, 6340539.0014224415645 ], [ 652203.66623270092532, 6340528.020324846729636 ], [ 652209.104731024242938, 6340528.020324846729636 ], [ 652209.104731024242938, 6340533.510873643681407 ], [ 652214.54322934767697, 6340533.510873643681407 ] ], [ [ 652143.84275114396587, 6340555.473068833351135 ], [ 652143.84275114396587, 6340560.963617630302906 ], [ 652132.96575449721422, 6340560.963617630302906 ], [ 652132.96575449721422, 6340555.473068833351135 ], [ 652143.84275114396587, 6340555.473068833351135 ] ], [ [ 652268.928212581318803, 6340473.114836872555315 ], [ 652268.928212581318803, 6340484.09593446739018 ], [ 652263.489714257884771, 6340484.09593446739018 ], [ 652263.489714257884771, 6340489.58648326434195 ], [ 652258.051215934567153, 6340489.58648326434195 ], [ 652258.051215934567153, 6340495.077032062225044 ], [ 652247.174219287815504, 6340495.077032062225044 ], [ 652247.174219287815504, 6340500.567580859176815 ], [ 652236.297222641063854, 6340500.567580859176815 ], [ 652236.297222641063854, 6340462.133739277720451 ], [ 652241.735720964497887, 6340462.133739277720451 ], [ 652241.735720964497887, 6340467.624288075603545 ], [ 652274.36671090463642, 6340467.624288075603545 ], [ 652274.36671090463642, 6340473.114836872555315 ], [ 652268.928212581318803, 6340473.114836872555315 ] ], [ [ 652301.559202521457337, 6340456.643190480768681 ], [ 652301.559202521457337, 6340462.133739277720451 ], [ 652296.12070419813972, 6340462.133739277720451 ], [ 652296.12070419813972, 6340456.643190480768681 ], [ 652301.559202521457337, 6340456.643190480768681 ] ] ], [ [ [ 653661.183783362619579, 6338326.310257099568844 ], [ 653666.622281685937196, 6338326.310257099568844 ], [ 653666.622281685937196, 6338282.385866720229387 ], [ 653672.060780009371229, 6338282.385866720229387 ], [ 653672.060780009371229, 6338271.404769126325846 ], [ 653677.499278332688846, 6338271.404769126325846 ], [ 653677.499278332688846, 6338238.461476341821253 ], [ 653672.060780009371229, 6338238.461476341821253 ], [ 653672.060780009371229, 6338205.518183557316661 ], [ 653633.991291745798662, 6338205.518183557316661 ], [ 653633.991291745798662, 6338227.480378746986389 ], [ 653628.55279342236463, 6338227.480378746986389 ], [ 653628.55279342236463, 6338287.876415518112481 ], [ 653623.114295099047013, 6338287.876415518112481 ], [ 653623.114295099047013, 6338392.196842667646706 ], [ 653650.306786715867929, 6338392.196842667646706 ], [ 653650.306786715867929, 6338381.215745073743165 ], [ 653655.745285039185546, 6338381.215745073743165 ], [ 653655.745285039185546, 6338337.291354694403708 ], [ 653661.183783362619579, 6338337.291354694403708 ], [ 653661.183783362619579, 6338326.310257099568844 ] ] ], [ [ [ 654335.557575459824875, 6338359.253549884073436 ], [ 654335.557575459824875, 6338331.800805897451937 ], [ 654313.803582166321576, 6338331.800805897451937 ], [ 654313.803582166321576, 6338326.310257099568844 ], [ 654286.611090549500659, 6338326.310257099568844 ], [ 654286.611090549500659, 6338320.819708302617073 ], [ 654281.172592226183042, 6338320.819708302617073 ], [ 654281.172592226183042, 6338309.838610707782209 ], [ 654232.226107315858826, 6338309.838610707782209 ], [ 654232.226107315858826, 6338304.348061909899116 ], [ 654210.472114022355527, 6338304.348061909899116 ], [ 654210.472114022355527, 6338298.857513112947345 ], [ 654205.03361569903791, 6338298.857513112947345 ], [ 654205.03361569903791, 6338282.385866720229387 ], [ 654183.27962240553461, 6338282.385866720229387 ], [ 654183.27962240553461, 6338254.933122733607888 ], [ 654145.210134142078459, 6338254.933122733607888 ], [ 654145.210134142078459, 6338260.423671531490982 ], [ 654139.771635818644427, 6338260.423671531490982 ], [ 654139.771635818644427, 6338271.404769126325846 ], [ 654134.33313749532681, 6338271.404769126325846 ], [ 654134.33313749532681, 6338276.895317923277617 ], [ 654128.894639171892777, 6338276.895317923277617 ], [ 654128.894639171892777, 6338271.404769126325846 ], [ 654118.017642525257543, 6338271.404769126325846 ], [ 654118.017642525257543, 6338265.914220328442752 ], [ 654112.57914420182351, 6338265.914220328442752 ], [ 654112.57914420182351, 6338260.423671531490982 ], [ 654107.140645878505893, 6338260.423671531490982 ], [ 654107.140645878505893, 6338254.933122733607888 ], [ 654101.702147555071861, 6338254.933122733607888 ], [ 654101.702147555071861, 6338249.442573936656117 ], [ 654069.071157614933327, 6338249.442573936656117 ], [ 654069.071157614933327, 6338254.933122733607888 ], [ 654036.440167674678378, 6338254.933122733607888 ], [ 654036.440167674678378, 6338243.952025138773024 ], [ 654003.809177734539844, 6338243.952025138773024 ], [ 654003.809177734539844, 6338249.442573936656117 ], [ 653998.370679411222227, 6338249.442573936656117 ], [ 653998.370679411222227, 6338265.914220328442752 ], [ 653992.932181087788194, 6338265.914220328442752 ], [ 653992.932181087788194, 6338271.404769126325846 ], [ 653987.493682764470577, 6338271.404769126325846 ], [ 653987.493682764470577, 6338276.895317923277617 ], [ 653982.055184441036545, 6338276.895317923277617 ], [ 653982.055184441036545, 6338304.348061909899116 ], [ 653992.932181087788194, 6338304.348061909899116 ], [ 653992.932181087788194, 6338309.838610707782209 ], [ 654058.194160968181677, 6338309.838610707782209 ], [ 654058.194160968181677, 6338315.32915950473398 ], [ 654090.825150908436626, 6338315.32915950473398 ], [ 654090.825150908436626, 6338326.310257099568844 ], [ 654096.263649231754243, 6338326.310257099568844 ], [ 654096.263649231754243, 6338337.291354694403708 ], [ 654134.33313749532681, 6338337.291354694403708 ], [ 654134.33313749532681, 6338331.800805897451937 ], [ 654139.771635818644427, 6338331.800805897451937 ], [ 654139.771635818644427, 6338337.291354694403708 ], [ 654161.525629112147726, 6338337.291354694403708 ], [ 654161.525629112147726, 6338342.781903491355479 ], [ 654166.964127435465343, 6338342.781903491355479 ], [ 654166.964127435465343, 6338348.272452289238572 ], [ 654215.910612345789559, 6338348.272452289238572 ], [ 654215.910612345789559, 6338353.763001086190343 ], [ 654232.226107315858826, 6338353.763001086190343 ], [ 654232.226107315858826, 6338359.253549884073436 ], [ 654275.734093902749009, 6338359.253549884073436 ], [ 654275.734093902749009, 6338353.763001086190343 ], [ 654281.172592226183042, 6338353.763001086190343 ], [ 654281.172592226183042, 6338359.253549884073436 ], [ 654335.557575459824875, 6338359.253549884073436 ] ] ], [ [ [ 652584.361115336418152, 6338463.573977033607662 ], [ 652589.799613659852184, 6338463.573977033607662 ], [ 652589.799613659852184, 6338458.083428236655891 ], [ 652622.430603599990718, 6338458.083428236655891 ], [ 652622.430603599990718, 6338452.592879438772798 ], [ 652627.869101923308335, 6338452.592879438772798 ], [ 652627.869101923308335, 6338447.102330641821027 ], [ 652633.307600246742368, 6338447.102330641821027 ], [ 652633.307600246742368, 6338441.611781844869256 ], [ 652638.746098570059985, 6338441.611781844869256 ], [ 652638.746098570059985, 6338436.121233046986163 ], [ 652655.061593540129252, 6338436.121233046986163 ], [ 652655.061593540129252, 6338430.630684250034392 ], [ 652660.500091863563284, 6338430.630684250034392 ], [ 652660.500091863563284, 6338425.140135452151299 ], [ 652665.938590186880901, 6338425.140135452151299 ], [ 652665.938590186880901, 6338419.649586655199528 ], [ 652687.692583480384201, 6338419.649586655199528 ], [ 652687.692583480384201, 6338403.17794026248157 ], [ 652714.885075097205117, 6338403.17794026248157 ], [ 652714.885075097205117, 6338397.687391465529799 ], [ 652731.200570067274384, 6338397.687391465529799 ], [ 652731.200570067274384, 6338392.196842667646706 ], [ 652736.639068390592001, 6338392.196842667646706 ], [ 652736.639068390592001, 6338381.215745073743165 ], [ 652747.516065037343651, 6338381.215745073743165 ], [ 652747.516065037343651, 6338386.706293870694935 ], [ 652742.077566714026034, 6338386.706293870694935 ], [ 652742.077566714026034, 6338414.159037857316434 ], [ 652769.27005833084695, 6338414.159037857316434 ], [ 652769.27005833084695, 6338408.668489060364664 ], [ 652807.339546594419517, 6338408.668489060364664 ], [ 652807.339546594419517, 6338414.159037857316434 ], [ 652812.778044917737134, 6338414.159037857316434 ], [ 652812.778044917737134, 6338419.649586655199528 ], [ 652818.216543241054751, 6338419.649586655199528 ], [ 652818.216543241054751, 6338436.121233046986163 ], [ 652845.409034857875668, 6338436.121233046986163 ], [ 652845.409034857875668, 6338375.725196275860071 ], [ 652839.97053653455805, 6338375.725196275860071 ], [ 652839.97053653455805, 6338370.2346474789083 ], [ 652861.72452982806135, 6338370.2346474789083 ], [ 652861.72452982806135, 6338364.744098681025207 ], [ 652867.163028151378967, 6338364.744098681025207 ], [ 652867.163028151378967, 6338337.291354694403708 ], [ 652861.72452982806135, 6338337.291354694403708 ], [ 652861.72452982806135, 6338331.800805897451937 ], [ 652807.339546594419517, 6338331.800805897451937 ], [ 652807.339546594419517, 6338326.310257099568844 ], [ 652818.216543241054751, 6338326.310257099568844 ], [ 652818.216543241054751, 6338320.819708302617073 ], [ 652856.286031504627317, 6338320.819708302617073 ], [ 652856.286031504627317, 6338326.310257099568844 ], [ 652921.5480113850208, 6338326.310257099568844 ], [ 652921.5480113850208, 6338320.819708302617073 ], [ 652926.986509708454832, 6338320.819708302617073 ], [ 652926.986509708454832, 6338315.32915950473398 ], [ 652943.302004678524099, 6338315.32915950473398 ], [ 652943.302004678524099, 6338304.348061909899116 ], [ 652948.740503001841716, 6338304.348061909899116 ], [ 652948.740503001841716, 6338298.857513112947345 ], [ 652965.055997971910983, 6338298.857513112947345 ], [ 652965.055997971910983, 6338293.366964315064251 ], [ 652975.932994618662633, 6338293.366964315064251 ], [ 652975.932994618662633, 6338287.876415518112481 ], [ 652981.371492942096666, 6338287.876415518112481 ], [ 652981.371492942096666, 6338293.366964315064251 ], [ 652992.2484895887319, 6338293.366964315064251 ], [ 652992.2484895887319, 6338298.857513112947345 ], [ 653019.440981205552816, 6338298.857513112947345 ], [ 653019.440981205552816, 6338293.366964315064251 ], [ 653024.879479528986849, 6338293.366964315064251 ], [ 653024.879479528986849, 6338282.385866720229387 ], [ 653030.317977852304466, 6338282.385866720229387 ], [ 653030.317977852304466, 6338276.895317923277617 ], [ 653041.194974499056116, 6338276.895317923277617 ], [ 653041.194974499056116, 6338282.385866720229387 ], [ 653068.387466115877032, 6338282.385866720229387 ], [ 653068.387466115877032, 6338276.895317923277617 ], [ 653073.825964439194649, 6338276.895317923277617 ], [ 653073.825964439194649, 6338271.404769126325846 ], [ 653084.702961085946299, 6338271.404769126325846 ], [ 653084.702961085946299, 6338276.895317923277617 ], [ 653139.087944319588132, 6338276.895317923277617 ], [ 653139.087944319588132, 6338249.442573936656117 ], [ 653144.526442643022165, 6338249.442573936656117 ], [ 653144.526442643022165, 6338260.423671531490982 ], [ 653193.472927553229965, 6338260.423671531490982 ], [ 653193.472927553229965, 6338254.933122733607888 ], [ 653204.349924199981615, 6338254.933122733607888 ], [ 653204.349924199981615, 6338249.442573936656117 ], [ 653253.296409110305831, 6338249.442573936656117 ], [ 653253.296409110305831, 6338254.933122733607888 ], [ 653280.488900727126747, 6338254.933122733607888 ], [ 653280.488900727126747, 6338243.952025138773024 ], [ 653285.927399050444365, 6338243.952025138773024 ], [ 653285.927399050444365, 6338249.442573936656117 ], [ 653291.365897373761982, 6338249.442573936656117 ], [ 653291.365897373761982, 6338254.933122733607888 ], [ 653329.435385637334548, 6338254.933122733607888 ], [ 653329.435385637334548, 6338260.423671531490982 ], [ 653334.87388396076858, 6338260.423671531490982 ], [ 653334.87388396076858, 6338265.914220328442752 ], [ 653362.066375577589497, 6338265.914220328442752 ], [ 653362.066375577589497, 6338260.423671531490982 ], [ 653367.504873900907114, 6338260.423671531490982 ], [ 653367.504873900907114, 6338254.933122733607888 ], [ 653400.135863841045648, 6338254.933122733607888 ], [ 653400.135863841045648, 6338260.423671531490982 ], [ 653411.012860487797298, 6338260.423671531490982 ], [ 653411.012860487797298, 6338265.914220328442752 ], [ 653449.082348751369864, 6338265.914220328442752 ], [ 653449.082348751369864, 6338271.404769126325846 ], [ 653465.397843721439131, 6338271.404769126325846 ], [ 653465.397843721439131, 6338276.895317923277617 ], [ 653525.221325278514996, 6338276.895317923277617 ], [ 653525.221325278514996, 6338282.385866720229387 ], [ 653546.97531857190188, 6338282.385866720229387 ], [ 653546.97531857190188, 6338287.876415518112481 ], [ 653552.413816895335913, 6338287.876415518112481 ], [ 653552.413816895335913, 6338293.366964315064251 ], [ 653557.85231521865353, 6338293.366964315064251 ], [ 653557.85231521865353, 6338298.857513112947345 ], [ 653563.290813542087562, 6338298.857513112947345 ], [ 653563.290813542087562, 6338304.348061909899116 ], [ 653574.167810188722797, 6338304.348061909899116 ], [ 653574.167810188722797, 6338309.838610707782209 ], [ 653585.044806835474446, 6338309.838610707782209 ], [ 653585.044806835474446, 6338315.32915950473398 ], [ 653617.675796775729395, 6338315.32915950473398 ], [ 653617.675796775729395, 6338282.385866720229387 ], [ 653623.114295099047013, 6338282.385866720229387 ], [ 653623.114295099047013, 6338221.989829949103296 ], [ 653574.167810188722797, 6338221.989829949103296 ], [ 653574.167810188722797, 6338216.499281152151525 ], [ 653557.85231521865353, 6338216.499281152151525 ], [ 653557.85231521865353, 6338211.008732355199754 ], [ 653546.97531857190188, 6338211.008732355199754 ], [ 653546.97531857190188, 6338205.518183557316661 ], [ 653519.782826955080964, 6338205.518183557316661 ], [ 653519.782826955080964, 6338200.02763476036489 ], [ 653438.205352104618214, 6338200.02763476036489 ], [ 653438.205352104618214, 6338189.046537165530026 ], [ 653405.57436216447968, 6338189.046537165530026 ], [ 653405.57436216447968, 6338183.555988367646933 ], [ 653307.681392343947664, 6338183.555988367646933 ], [ 653307.681392343947664, 6338178.065439570695162 ], [ 653280.488900727126747, 6338178.065439570695162 ], [ 653280.488900727126747, 6338183.555988367646933 ], [ 653269.611904080375098, 6338183.555988367646933 ], [ 653269.611904080375098, 6338178.065439570695162 ], [ 653166.280435936409049, 6338178.065439570695162 ], [ 653166.280435936409049, 6338183.555988367646933 ], [ 653106.456954379449598, 6338183.555988367646933 ], [ 653106.456954379449598, 6338189.046537165530026 ], [ 653101.018456056015566, 6338189.046537165530026 ], [ 653101.018456056015566, 6338183.555988367646933 ], [ 653057.510469469125383, 6338183.555988367646933 ], [ 653057.510469469125383, 6338189.046537165530026 ], [ 653046.633472822373733, 6338189.046537165530026 ], [ 653046.633472822373733, 6338194.537085962481797 ], [ 653008.563984558917582, 6338194.537085962481797 ], [ 653008.563984558917582, 6338200.02763476036489 ], [ 652954.179001325275749, 6338200.02763476036489 ], [ 652954.179001325275749, 6338205.518183557316661 ], [ 652916.109513061703183, 6338205.518183557316661 ], [ 652916.109513061703183, 6338216.499281152151525 ], [ 652905.232516414951533, 6338216.499281152151525 ], [ 652905.232516414951533, 6338221.989829949103296 ], [ 652845.409034857875668, 6338221.989829949103296 ], [ 652845.409034857875668, 6338232.97092754393816 ], [ 652834.532038211240433, 6338232.97092754393816 ], [ 652834.532038211240433, 6338238.461476341821253 ], [ 652812.778044917737134, 6338238.461476341821253 ], [ 652812.778044917737134, 6338243.952025138773024 ], [ 652785.585553300916217, 6338243.952025138773024 ], [ 652785.585553300916217, 6338249.442573936656117 ], [ 652780.1470549775986, 6338249.442573936656117 ], [ 652780.1470549775986, 6338254.933122733607888 ], [ 652774.708556654164568, 6338254.933122733607888 ], [ 652774.708556654164568, 6338260.423671531490982 ], [ 652747.516065037343651, 6338260.423671531490982 ], [ 652747.516065037343651, 6338265.914220328442752 ], [ 652731.200570067274384, 6338265.914220328442752 ], [ 652731.200570067274384, 6338276.895317923277617 ], [ 652720.323573420522735, 6338276.895317923277617 ], [ 652720.323573420522735, 6338282.385866720229387 ], [ 652693.131081803701818, 6338282.385866720229387 ], [ 652693.131081803701818, 6338287.876415518112481 ], [ 652682.254085156950168, 6338287.876415518112481 ], [ 652682.254085156950168, 6338293.366964315064251 ], [ 652676.815586833632551, 6338293.366964315064251 ], [ 652676.815586833632551, 6338298.857513112947345 ], [ 652660.500091863563284, 6338298.857513112947345 ], [ 652660.500091863563284, 6338304.348061909899116 ], [ 652644.184596893494017, 6338304.348061909899116 ], [ 652644.184596893494017, 6338315.32915950473398 ], [ 652638.746098570059985, 6338315.32915950473398 ], [ 652638.746098570059985, 6338320.819708302617073 ], [ 652622.430603599990718, 6338320.819708302617073 ], [ 652622.430603599990718, 6338326.310257099568844 ], [ 652616.992105276673101, 6338326.310257099568844 ], [ 652616.992105276673101, 6338331.800805897451937 ], [ 652611.553606953239068, 6338331.800805897451937 ], [ 652611.553606953239068, 6338337.291354694403708 ], [ 652600.676610306487419, 6338337.291354694403708 ], [ 652600.676610306487419, 6338342.781903491355479 ], [ 652595.238111983169802, 6338342.781903491355479 ], [ 652595.238111983169802, 6338348.272452289238572 ], [ 652584.361115336418152, 6338348.272452289238572 ], [ 652584.361115336418152, 6338359.253549884073436 ], [ 652573.484118689666502, 6338359.253549884073436 ], [ 652573.484118689666502, 6338364.744098681025207 ], [ 652562.607122043031268, 6338364.744098681025207 ], [ 652562.607122043031268, 6338375.725196275860071 ], [ 652557.168623719597235, 6338375.725196275860071 ], [ 652557.168623719597235, 6338381.215745073743165 ], [ 652540.853128749527968, 6338381.215745073743165 ], [ 652540.853128749527968, 6338403.17794026248157 ], [ 652519.099135456024669, 6338403.17794026248157 ], [ 652519.099135456024669, 6338414.159037857316434 ], [ 652513.660637132707052, 6338414.159037857316434 ], [ 652513.660637132707052, 6338419.649586655199528 ], [ 652502.783640485955402, 6338419.649586655199528 ], [ 652502.783640485955402, 6338452.592879438772798 ], [ 652513.660637132707052, 6338452.592879438772798 ], [ 652513.660637132707052, 6338458.083428236655891 ], [ 652519.099135456024669, 6338458.083428236655891 ], [ 652519.099135456024669, 6338480.045623426325619 ], [ 652535.414630426210351, 6338480.045623426325619 ], [ 652535.414630426210351, 6338485.53617222327739 ], [ 652562.607122043031268, 6338485.53617222327739 ], [ 652562.607122043031268, 6338480.045623426325619 ], [ 652578.922617013100535, 6338480.045623426325619 ], [ 652578.922617013100535, 6338474.555074628442526 ], [ 652584.361115336418152, 6338474.555074628442526 ], [ 652584.361115336418152, 6338463.573977033607662 ] ], [ [ 652769.27005833084695, 6338364.744098681025207 ], [ 652769.27005833084695, 6338359.253549884073436 ], [ 652791.024051624233834, 6338359.253549884073436 ], [ 652791.024051624233834, 6338364.744098681025207 ], [ 652785.585553300916217, 6338364.744098681025207 ], [ 652785.585553300916217, 6338370.2346474789083 ], [ 652774.708556654164568, 6338370.2346474789083 ], [ 652774.708556654164568, 6338375.725196275860071 ], [ 652763.831560007412918, 6338375.725196275860071 ], [ 652763.831560007412918, 6338381.215745073743165 ], [ 652752.954563360777684, 6338381.215745073743165 ], [ 652752.954563360777684, 6338375.725196275860071 ], [ 652758.393061684095301, 6338375.725196275860071 ], [ 652758.393061684095301, 6338370.2346474789083 ], [ 652763.831560007412918, 6338370.2346474789083 ], [ 652763.831560007412918, 6338364.744098681025207 ], [ 652769.27005833084695, 6338364.744098681025207 ] ], [ [ 652801.901048270985484, 6338342.781903491355479 ], [ 652801.901048270985484, 6338353.763001086190343 ], [ 652796.462549947667867, 6338353.763001086190343 ], [ 652796.462549947667867, 6338342.781903491355479 ], [ 652801.901048270985484, 6338342.781903491355479 ] ] ], [ [ [ 653356.627877254155464, 6338364.744098681025207 ], [ 653323.996887314016931, 6338364.744098681025207 ], [ 653323.996887314016931, 6338397.687391465529799 ], [ 653356.627877254155464, 6338397.687391465529799 ], [ 653356.627877254155464, 6338364.744098681025207 ] ] ], [ [ [ 653568.72931186540518, 6338523.970013804733753 ], [ 653541.536820248584263, 6338523.970013804733753 ], [ 653541.536820248584263, 6338556.913306589238346 ], [ 653568.72931186540518, 6338556.913306589238346 ], [ 653568.72931186540518, 6338523.970013804733753 ] ] ], [ [ [ 653101.018456056015566, 6338721.629770510829985 ], [ 653062.948967792559415, 6338721.629770510829985 ], [ 653062.948967792559415, 6338760.063612092286348 ], [ 653073.825964439194649, 6338760.063612092286348 ], [ 653073.825964439194649, 6338765.554160889238119 ], [ 653101.018456056015566, 6338765.554160889238119 ], [ 653101.018456056015566, 6338760.063612092286348 ], [ 653111.895452702767216, 6338760.063612092286348 ], [ 653111.895452702767216, 6338732.610868105664849 ], [ 653101.018456056015566, 6338732.610868105664849 ], [ 653101.018456056015566, 6338721.629770510829985 ] ] ], [ [ [ 654580.290000011213124, 6339567.174285305663943 ], [ 654580.290000011213124, 6339572.664834103547037 ], [ 654547.659010070958175, 6339572.664834103547037 ], [ 654547.659010070958175, 6339605.608126888051629 ], [ 654536.782013424206525, 6339605.608126888051629 ], [ 654536.782013424206525, 6339600.117578090168536 ], [ 654509.589521807385609, 6339600.117578090168536 ], [ 654509.589521807385609, 6339633.060870874673128 ], [ 654504.151023484067991, 6339633.060870874673128 ], [ 654504.151023484067991, 6339638.551419671624899 ], [ 654482.397030190564692, 6339638.551419671624899 ], [ 654482.397030190564692, 6339671.494712456129491 ], [ 654509.589521807385609, 6339671.494712456129491 ], [ 654509.589521807385609, 6339676.985261253081262 ], [ 654542.220511747640558, 6339676.985261253081262 ], [ 654542.220511747640558, 6339666.004163659177721 ], [ 654547.659010070958175, 6339666.004163659177721 ], [ 654547.659010070958175, 6339655.023066064342856 ], [ 654580.290000011213124, 6339655.023066064342856 ], [ 654580.290000011213124, 6339622.079773279838264 ], [ 654574.851501687779091, 6339622.079773279838264 ], [ 654574.851501687779091, 6339611.0986756850034 ], [ 654585.728498334530741, 6339611.0986756850034 ], [ 654585.728498334530741, 6339605.608126888051629 ], [ 654602.043993304600008, 6339605.608126888051629 ], [ 654602.043993304600008, 6339600.117578090168536 ], [ 654612.920989951351658, 6339600.117578090168536 ], [ 654612.920989951351658, 6339594.627029293216765 ], [ 654618.359488274669275, 6339594.627029293216765 ], [ 654618.359488274669275, 6339611.0986756850034 ], [ 654623.797986598103307, 6339611.0986756850034 ], [ 654623.797986598103307, 6339627.570322076790035 ], [ 654656.428976538241841, 6339627.570322076790035 ], [ 654656.428976538241841, 6339616.589224481955171 ], [ 654661.867474861675873, 6339616.589224481955171 ], [ 654661.867474861675873, 6339611.0986756850034 ], [ 654667.305973184993491, 6339611.0986756850034 ], [ 654667.305973184993491, 6339605.608126888051629 ], [ 654678.18296983174514, 6339605.608126888051629 ], [ 654678.18296983174514, 6339600.117578090168536 ], [ 654689.05996647849679, 6339600.117578090168536 ], [ 654689.05996647849679, 6339594.627029293216765 ], [ 654694.498464801814407, 6339594.627029293216765 ], [ 654694.498464801814407, 6339600.117578090168536 ], [ 654705.375461448566057, 6339600.117578090168536 ], [ 654705.375461448566057, 6339605.608126888051629 ], [ 654710.813959771883674, 6339605.608126888051629 ], [ 654710.813959771883674, 6339611.0986756850034 ], [ 654738.00645138870459, 6339611.0986756850034 ], [ 654738.00645138870459, 6339605.608126888051629 ], [ 654748.88344803545624, 6339605.608126888051629 ], [ 654748.88344803545624, 6339616.589224481955171 ], [ 654781.514437975711189, 6339616.589224481955171 ], [ 654781.514437975711189, 6339611.0986756850034 ], [ 654797.829932945780456, 6339611.0986756850034 ], [ 654797.829932945780456, 6339605.608126888051629 ], [ 654803.268431269098073, 6339605.608126888051629 ], [ 654803.268431269098073, 6339561.683736508712173 ], [ 654781.514437975711189, 6339561.683736508712173 ], [ 654781.514437975711189, 6339556.193187710829079 ], [ 654748.88344803545624, 6339556.193187710829079 ], [ 654748.88344803545624, 6339550.702638913877308 ], [ 654738.00645138870459, 6339550.702638913877308 ], [ 654738.00645138870459, 6339539.721541319042444 ], [ 654732.567953065386973, 6339539.721541319042444 ], [ 654732.567953065386973, 6339534.230992522090673 ], [ 654705.375461448566057, 6339534.230992522090673 ], [ 654705.375461448566057, 6339550.702638913877308 ], [ 654699.93696312524844, 6339550.702638913877308 ], [ 654699.93696312524844, 6339539.721541319042444 ], [ 654694.498464801814407, 6339539.721541319042444 ], [ 654694.498464801814407, 6339523.249894927255809 ], [ 654678.18296983174514, 6339523.249894927255809 ], [ 654678.18296983174514, 6339517.759346129372716 ], [ 654656.428976538241841, 6339517.759346129372716 ], [ 654656.428976538241841, 6339495.797150939702988 ], [ 654667.305973184993491, 6339495.797150939702988 ], [ 654667.305973184993491, 6339468.344406953081489 ], [ 654661.867474861675873, 6339468.344406953081489 ], [ 654661.867474861675873, 6339462.853858156129718 ], [ 654623.797986598103307, 6339462.853858156129718 ], [ 654623.797986598103307, 6339468.344406953081489 ], [ 654602.043993304600008, 6339468.344406953081489 ], [ 654602.043993304600008, 6339462.853858156129718 ], [ 654591.166996657848358, 6339462.853858156129718 ], [ 654591.166996657848358, 6339429.910565371625125 ], [ 654602.043993304600008, 6339429.910565371625125 ], [ 654602.043993304600008, 6339424.420016574673355 ], [ 654607.48249162803404, 6339424.420016574673355 ], [ 654607.48249162803404, 6339418.929467776790261 ], [ 654629.236484921420924, 6339418.929467776790261 ], [ 654629.236484921420924, 6339413.43891897983849 ], [ 654634.674983244854957, 6339413.43891897983849 ], [ 654634.674983244854957, 6339375.005077398382127 ], [ 654661.867474861675873, 6339375.005077398382127 ], [ 654661.867474861675873, 6339364.023979803547263 ], [ 654667.305973184993491, 6339364.023979803547263 ], [ 654667.305973184993491, 6339353.042882208712399 ], [ 654672.744471508427523, 6339353.042882208712399 ], [ 654672.744471508427523, 6339325.590138221159577 ], [ 654667.305973184993491, 6339325.590138221159577 ], [ 654667.305973184993491, 6339320.099589424207807 ], [ 654645.551979891490191, 6339320.099589424207807 ], [ 654645.551979891490191, 6339314.609040627256036 ], [ 654640.113481568172574, 6339314.609040627256036 ], [ 654640.113481568172574, 6339309.118491829372942 ], [ 654634.674983244854957, 6339309.118491829372942 ], [ 654634.674983244854957, 6339292.646845437586308 ], [ 654596.605494981282391, 6339292.646845437586308 ], [ 654596.605494981282391, 6339287.156296639703214 ], [ 654591.166996657848358, 6339287.156296639703214 ], [ 654591.166996657848358, 6339276.17519904486835 ], [ 654585.728498334530741, 6339276.17519904486835 ], [ 654585.728498334530741, 6339226.760259868577123 ], [ 654591.166996657848358, 6339226.760259868577123 ], [ 654591.166996657848358, 6339210.288613476790488 ], [ 654602.043993304600008, 6339210.288613476790488 ], [ 654602.043993304600008, 6339221.269711071625352 ], [ 654607.48249162803404, 6339221.269711071625352 ], [ 654607.48249162803404, 6339226.760259868577123 ], [ 654602.043993304600008, 6339226.760259868577123 ], [ 654602.043993304600008, 6339265.194101450033486 ], [ 654612.920989951351658, 6339265.194101450033486 ], [ 654612.920989951351658, 6339270.684650247916579 ], [ 654623.797986598103307, 6339270.684650247916579 ], [ 654623.797986598103307, 6339276.17519904486835 ], [ 654650.990478214924224, 6339276.17519904486835 ], [ 654650.990478214924224, 6339254.213003856129944 ], [ 654656.428976538241841, 6339254.213003856129944 ], [ 654656.428976538241841, 6339259.703552653081715 ], [ 654705.375461448566057, 6339259.703552653081715 ], [ 654705.375461448566057, 6339243.23190626129508 ], [ 654759.76044468220789, 6339243.23190626129508 ], [ 654759.76044468220789, 6339210.288613476790488 ], [ 654738.00645138870459, 6339210.288613476790488 ], [ 654738.00645138870459, 6339199.307515881955624 ], [ 654759.76044468220789, 6339199.307515881955624 ], [ 654759.76044468220789, 6339166.364223097451031 ], [ 654732.567953065386973, 6339166.364223097451031 ], [ 654732.567953065386973, 6339171.854771895334125 ], [ 654721.690956418635324, 6339171.854771895334125 ], [ 654721.690956418635324, 6339155.383125502616167 ], [ 654754.321946358890273, 6339155.383125502616167 ], [ 654754.321946358890273, 6339160.87367430049926 ], [ 654781.514437975711189, 6339160.87367430049926 ], [ 654781.514437975711189, 6339182.835869490168989 ], [ 654786.952936299028806, 6339182.835869490168989 ], [ 654786.952936299028806, 6339188.326418287120759 ], [ 654814.145427915849723, 6339188.326418287120759 ], [ 654814.145427915849723, 6339182.835869490168989 ], [ 654835.899421209353022, 6339182.835869490168989 ], [ 654835.899421209353022, 6339210.288613476790488 ], [ 654841.337919532670639, 6339210.288613476790488 ], [ 654841.337919532670639, 6339215.779162273742259 ], [ 654852.214916179422289, 6339215.779162273742259 ], [ 654852.214916179422289, 6339221.269711071625352 ], [ 654890.284404442994855, 6339221.269711071625352 ], [ 654890.284404442994855, 6339193.816967085003853 ], [ 654884.845906119560823, 6339193.816967085003853 ], [ 654884.845906119560823, 6339188.326418287120759 ], [ 654890.284404442994855, 6339188.326418287120759 ], [ 654890.284404442994855, 6339182.835869490168989 ], [ 654895.722902766312473, 6339182.835869490168989 ], [ 654895.722902766312473, 6339177.345320692285895 ], [ 654922.915394383133389, 6339177.345320692285895 ], [ 654922.915394383133389, 6339155.383125502616167 ], [ 654950.107885999954306, 6339155.383125502616167 ], [ 654950.107885999954306, 6339073.02489354275167 ], [ 654928.353892706451006, 6339073.02489354275167 ], [ 654928.353892706451006, 6339078.515442339703441 ], [ 654901.16140108963009, 6339078.515442339703441 ], [ 654901.16140108963009, 6339084.005991137586534 ], [ 654890.284404442994855, 6339084.005991137586534 ], [ 654890.284404442994855, 6339089.496539934538305 ], [ 654884.845906119560823, 6339089.496539934538305 ], [ 654884.845906119560823, 6339062.043795947916806 ], [ 654895.722902766312473, 6339062.043795947916806 ], [ 654895.722902766312473, 6339056.553247150033712 ], [ 654906.599899413064122, 6339056.553247150033712 ], [ 654906.599899413064122, 6339051.062698353081942 ], [ 654917.476896059815772, 6339051.062698353081942 ], [ 654917.476896059815772, 6339056.553247150033712 ], [ 654928.353892706451006, 6339056.553247150033712 ], [ 654928.353892706451006, 6339062.043795947916806 ], [ 654950.107885999954306, 6339062.043795947916806 ], [ 654950.107885999954306, 6338913.798978418111801 ], [ 654939.230889353202656, 6338913.798978418111801 ], [ 654939.230889353202656, 6338902.81788082420826 ], [ 654928.353892706451006, 6338902.81788082420826 ], [ 654928.353892706451006, 6338897.327332026325166 ], [ 654906.599899413064122, 6338897.327332026325166 ], [ 654906.599899413064122, 6338858.893490444868803 ], [ 654912.038397736381739, 6338858.893490444868803 ], [ 654912.038397736381739, 6338820.45964886341244 ], [ 654917.476896059815772, 6338820.45964886341244 ], [ 654917.476896059815772, 6338798.497453673742712 ], [ 654922.915394383133389, 6338798.497453673742712 ], [ 654922.915394383133389, 6338825.950197660364211 ], [ 654950.107885999954306, 6338825.950197660364211 ], [ 654950.107885999954306, 6338793.006904876790941 ], [ 654939.230889353202656, 6338793.006904876790941 ], [ 654939.230889353202656, 6338787.516356078907847 ], [ 654944.669387676636688, 6338787.516356078907847 ], [ 654944.669387676636688, 6338782.025807281956077 ], [ 654950.107885999954306, 6338782.025807281956077 ], [ 654950.107885999954306, 6338727.120319307781756 ], [ 654939.230889353202656, 6338727.120319307781756 ], [ 654939.230889353202656, 6338721.629770510829985 ], [ 654906.599899413064122, 6338721.629770510829985 ], [ 654906.599899413064122, 6338716.139221712946892 ], [ 654901.16140108963009, 6338716.139221712946892 ], [ 654901.16140108963009, 6338710.648672915995121 ], [ 654879.407407796243206, 6338710.648672915995121 ], [ 654879.407407796243206, 6338705.158124118112028 ], [ 654873.968909472809173, 6338705.158124118112028 ], [ 654873.968909472809173, 6338699.667575321160257 ], [ 654868.530411149491556, 6338699.667575321160257 ], [ 654868.530411149491556, 6338694.177026523277164 ], [ 654835.899421209353022, 6338694.177026523277164 ], [ 654835.899421209353022, 6338699.667575321160257 ], [ 654830.46092288591899, 6338699.667575321160257 ], [ 654830.46092288591899, 6338705.158124118112028 ], [ 654814.145427915849723, 6338705.158124118112028 ], [ 654814.145427915849723, 6338721.629770510829985 ], [ 654808.706929592532106, 6338721.629770510829985 ], [ 654808.706929592532106, 6338705.158124118112028 ], [ 654797.829932945780456, 6338705.158124118112028 ], [ 654797.829932945780456, 6338644.762087346985936 ], [ 654765.198943005525507, 6338644.762087346985936 ], [ 654765.198943005525507, 6338650.25263614486903 ], [ 654759.76044468220789, 6338650.25263614486903 ], [ 654759.76044468220789, 6338655.7431849418208 ], [ 654754.321946358890273, 6338655.7431849418208 ], [ 654754.321946358890273, 6338661.233733739703894 ], [ 654721.690956418635324, 6338661.233733739703894 ], [ 654721.690956418635324, 6338655.7431849418208 ], [ 654716.252458095317706, 6338655.7431849418208 ], [ 654716.252458095317706, 6338650.25263614486903 ], [ 654683.621468155062757, 6338650.25263614486903 ], [ 654683.621468155062757, 6338644.762087346985936 ], [ 654634.674983244854957, 6338644.762087346985936 ], [ 654634.674983244854957, 6338672.214831334538758 ], [ 654640.113481568172574, 6338672.214831334538758 ], [ 654640.113481568172574, 6338683.195928928442299 ], [ 654645.551979891490191, 6338683.195928928442299 ], [ 654645.551979891490191, 6338688.686477726325393 ], [ 654650.990478214924224, 6338688.686477726325393 ], [ 654650.990478214924224, 6338694.177026523277164 ], [ 654656.428976538241841, 6338694.177026523277164 ], [ 654656.428976538241841, 6338710.648672915995121 ], [ 654650.990478214924224, 6338710.648672915995121 ], [ 654650.990478214924224, 6338732.610868105664849 ], [ 654629.236484921420924, 6338732.610868105664849 ], [ 654629.236484921420924, 6338721.629770510829985 ], [ 654634.674983244854957, 6338721.629770510829985 ], [ 654634.674983244854957, 6338683.195928928442299 ], [ 654623.797986598103307, 6338683.195928928442299 ], [ 654623.797986598103307, 6338677.705380131490529 ], [ 654607.48249162803404, 6338677.705380131490529 ], [ 654607.48249162803404, 6338672.214831334538758 ], [ 654602.043993304600008, 6338672.214831334538758 ], [ 654602.043993304600008, 6338666.724282536655664 ], [ 654574.851501687779091, 6338666.724282536655664 ], [ 654574.851501687779091, 6338677.705380131490529 ], [ 654569.413003364461474, 6338677.705380131490529 ], [ 654569.413003364461474, 6338672.214831334538758 ], [ 654542.220511747640558, 6338672.214831334538758 ], [ 654542.220511747640558, 6338683.195928928442299 ], [ 654536.782013424206525, 6338683.195928928442299 ], [ 654536.782013424206525, 6338705.158124118112028 ], [ 654531.343515100888908, 6338705.158124118112028 ], [ 654531.343515100888908, 6338710.648672915995121 ], [ 654520.466518454137258, 6338710.648672915995121 ], [ 654520.466518454137258, 6338716.139221712946892 ], [ 654515.028020130819641, 6338716.139221712946892 ], [ 654515.028020130819641, 6338721.629770510829985 ], [ 654509.589521807385609, 6338721.629770510829985 ], [ 654509.589521807385609, 6338727.120319307781756 ], [ 654482.397030190564692, 6338727.120319307781756 ], [ 654482.397030190564692, 6338765.554160889238119 ], [ 654471.520033543929458, 6338765.554160889238119 ], [ 654471.520033543929458, 6338793.006904876790941 ], [ 654482.397030190564692, 6338793.006904876790941 ], [ 654482.397030190564692, 6338814.969100065529346 ], [ 654515.028020130819641, 6338814.969100065529346 ], [ 654515.028020130819641, 6338793.006904876790941 ], [ 654525.905016777571291, 6338793.006904876790941 ], [ 654525.905016777571291, 6338798.497453673742712 ], [ 654553.097508394392207, 6338798.497453673742712 ], [ 654553.097508394392207, 6338793.006904876790941 ], [ 654563.974505041027442, 6338793.006904876790941 ], [ 654563.974505041027442, 6338787.516356078907847 ], [ 654569.413003364461474, 6338787.516356078907847 ], [ 654569.413003364461474, 6338760.063612092286348 ], [ 654558.536006717709824, 6338760.063612092286348 ], [ 654558.536006717709824, 6338754.573063294403255 ], [ 654574.851501687779091, 6338754.573063294403255 ], [ 654574.851501687779091, 6338776.535258484072983 ], [ 654602.043993304600008, 6338776.535258484072983 ], [ 654602.043993304600008, 6338765.554160889238119 ], [ 654640.113481568172574, 6338765.554160889238119 ], [ 654640.113481568172574, 6338771.044709687121212 ], [ 654678.18296983174514, 6338771.044709687121212 ], [ 654678.18296983174514, 6338738.10141690261662 ], [ 654699.93696312524844, 6338738.10141690261662 ], [ 654699.93696312524844, 6338727.120319307781756 ], [ 654705.375461448566057, 6338727.120319307781756 ], [ 654705.375461448566057, 6338721.629770510829985 ], [ 654732.567953065386973, 6338721.629770510829985 ], [ 654732.567953065386973, 6338727.120319307781756 ], [ 654738.00645138870459, 6338727.120319307781756 ], [ 654738.00645138870459, 6338732.610868105664849 ], [ 654732.567953065386973, 6338732.610868105664849 ], [ 654732.567953065386973, 6338754.573063294403255 ], [ 654710.813959771883674, 6338754.573063294403255 ], [ 654710.813959771883674, 6338743.591965699568391 ], [ 654683.621468155062757, 6338743.591965699568391 ], [ 654683.621468155062757, 6338776.535258484072983 ], [ 654689.05996647849679, 6338776.535258484072983 ], [ 654689.05996647849679, 6338814.969100065529346 ], [ 654683.621468155062757, 6338814.969100065529346 ], [ 654683.621468155062757, 6338793.006904876790941 ], [ 654667.305973184993491, 6338793.006904876790941 ], [ 654667.305973184993491, 6338787.516356078907847 ], [ 654661.867474861675873, 6338787.516356078907847 ], [ 654661.867474861675873, 6338782.025807281956077 ], [ 654650.990478214924224, 6338782.025807281956077 ], [ 654650.990478214924224, 6338776.535258484072983 ], [ 654618.359488274669275, 6338776.535258484072983 ], [ 654618.359488274669275, 6338782.025807281956077 ], [ 654612.920989951351658, 6338782.025807281956077 ], [ 654612.920989951351658, 6338809.478551268577576 ], [ 654623.797986598103307, 6338809.478551268577576 ], [ 654623.797986598103307, 6338836.931295255199075 ], [ 654629.236484921420924, 6338836.931295255199075 ], [ 654629.236484921420924, 6338842.421844053082168 ], [ 654623.797986598103307, 6338842.421844053082168 ], [ 654623.797986598103307, 6338864.384039241820574 ], [ 654618.359488274669275, 6338864.384039241820574 ], [ 654618.359488274669275, 6338880.855685634538531 ], [ 654612.920989951351658, 6338880.855685634538531 ], [ 654612.920989951351658, 6338886.346234431490302 ], [ 654607.48249162803404, 6338886.346234431490302 ], [ 654607.48249162803404, 6338897.327332026325166 ], [ 654596.605494981282391, 6338897.327332026325166 ], [ 654596.605494981282391, 6338902.81788082420826 ], [ 654585.728498334530741, 6338902.81788082420826 ], [ 654585.728498334530741, 6338908.30842962116003 ], [ 654580.290000011213124, 6338908.30842962116003 ], [ 654580.290000011213124, 6338913.798978418111801 ], [ 654569.413003364461474, 6338913.798978418111801 ], [ 654569.413003364461474, 6338919.289527215994895 ], [ 654563.974505041027442, 6338919.289527215994895 ], [ 654563.974505041027442, 6338941.251722405664623 ], [ 654558.536006717709824, 6338941.251722405664623 ], [ 654558.536006717709824, 6338946.742271202616394 ], [ 654547.659010070958175, 6338946.742271202616394 ], [ 654547.659010070958175, 6338952.232820000499487 ], [ 654531.343515100888908, 6338952.232820000499487 ], [ 654531.343515100888908, 6338957.723368797451258 ], [ 654515.028020130819641, 6338957.723368797451258 ], [ 654515.028020130819641, 6338963.213917595334351 ], [ 654498.712525160750374, 6338963.213917595334351 ], [ 654498.712525160750374, 6338957.723368797451258 ], [ 654487.835528513998725, 6338957.723368797451258 ], [ 654487.835528513998725, 6338952.232820000499487 ], [ 654438.889043603674509, 6338952.232820000499487 ], [ 654438.889043603674509, 6338919.289527215994895 ], [ 654444.327541927108541, 6338919.289527215994895 ], [ 654444.327541927108541, 6338886.346234431490302 ], [ 654449.766040250426158, 6338886.346234431490302 ], [ 654449.766040250426158, 6338842.421844053082168 ], [ 654455.204538573743775, 6338842.421844053082168 ], [ 654455.204538573743775, 6338836.931295255199075 ], [ 654466.081535220495425, 6338836.931295255199075 ], [ 654466.081535220495425, 6338809.478551268577576 ], [ 654455.204538573743775, 6338809.478551268577576 ], [ 654455.204538573743775, 6338803.988002470694482 ], [ 654428.012046956922859, 6338803.988002470694482 ], [ 654428.012046956922859, 6338809.478551268577576 ], [ 654422.573548633605242, 6338809.478551268577576 ], [ 654422.573548633605242, 6338782.025807281956077 ], [ 654428.012046956922859, 6338782.025807281956077 ], [ 654428.012046956922859, 6338771.044709687121212 ], [ 654433.450545280356891, 6338771.044709687121212 ], [ 654433.450545280356891, 6338765.554160889238119 ], [ 654455.204538573743775, 6338765.554160889238119 ], [ 654455.204538573743775, 6338760.063612092286348 ], [ 654460.643036897177808, 6338760.063612092286348 ], [ 654460.643036897177808, 6338727.120319307781756 ], [ 654444.327541927108541, 6338727.120319307781756 ], [ 654444.327541927108541, 6338710.648672915995121 ], [ 654422.573548633605242, 6338710.648672915995121 ], [ 654422.573548633605242, 6338699.667575321160257 ], [ 654417.135050310287625, 6338699.667575321160257 ], [ 654417.135050310287625, 6338694.177026523277164 ], [ 654444.327541927108541, 6338694.177026523277164 ], [ 654444.327541927108541, 6338677.705380131490529 ], [ 654449.766040250426158, 6338677.705380131490529 ], [ 654449.766040250426158, 6338666.724282536655664 ], [ 654455.204538573743775, 6338666.724282536655664 ], [ 654455.204538573743775, 6338655.7431849418208 ], [ 654471.520033543929458, 6338655.7431849418208 ], [ 654471.520033543929458, 6338650.25263614486903 ], [ 654487.835528513998725, 6338650.25263614486903 ], [ 654487.835528513998725, 6338644.762087346985936 ], [ 654493.274026837316342, 6338644.762087346985936 ], [ 654493.274026837316342, 6338639.271538550034165 ], [ 654504.151023484067991, 6338639.271538550034165 ], [ 654504.151023484067991, 6338633.780989752151072 ], [ 654515.028020130819641, 6338633.780989752151072 ], [ 654515.028020130819641, 6338606.328245765529573 ], [ 654509.589521807385609, 6338606.328245765529573 ], [ 654509.589521807385609, 6338600.837696968577802 ], [ 654504.151023484067991, 6338600.837696968577802 ], [ 654504.151023484067991, 6338595.347148170694709 ], [ 654498.712525160750374, 6338595.347148170694709 ], [ 654498.712525160750374, 6338589.856599373742938 ], [ 654487.835528513998725, 6338589.856599373742938 ], [ 654487.835528513998725, 6338584.366050575859845 ], [ 654428.012046956922859, 6338584.366050575859845 ], [ 654428.012046956922859, 6338573.384952981024981 ], [ 654395.381057016784325, 6338573.384952981024981 ], [ 654395.381057016784325, 6338562.403855387121439 ], [ 654368.188565399963409, 6338562.403855387121439 ], [ 654368.188565399963409, 6338556.913306589238346 ], [ 654351.873070429894142, 6338556.913306589238346 ], [ 654351.873070429894142, 6338551.422757792286575 ], [ 654324.680578813073225, 6338551.422757792286575 ], [ 654324.680578813073225, 6338545.932208994403481 ], [ 654302.926585519569926, 6338545.932208994403481 ], [ 654302.926585519569926, 6338540.441660197451711 ], [ 654259.418598932679743, 6338540.441660197451711 ], [ 654259.418598932679743, 6338523.970013804733753 ], [ 654232.226107315858826, 6338523.970013804733753 ], [ 654232.226107315858826, 6338529.460562602616847 ], [ 654215.910612345789559, 6338529.460562602616847 ], [ 654215.910612345789559, 6338523.970013804733753 ], [ 654166.964127435465343, 6338523.970013804733753 ], [ 654166.964127435465343, 6338529.460562602616847 ], [ 654156.087130788713694, 6338529.460562602616847 ], [ 654156.087130788713694, 6338534.951111399568617 ], [ 654150.648632465396076, 6338534.951111399568617 ], [ 654150.648632465396076, 6338545.932208994403481 ], [ 654128.894639171892777, 6338545.932208994403481 ], [ 654128.894639171892777, 6338534.951111399568617 ], [ 654123.45614084857516, 6338534.951111399568617 ], [ 654123.45614084857516, 6338523.970013804733753 ], [ 654118.017642525257543, 6338523.970013804733753 ], [ 654118.017642525257543, 6338507.498367412947118 ], [ 654101.702147555071861, 6338507.498367412947118 ], [ 654101.702147555071861, 6338502.007818615995347 ], [ 654090.825150908436626, 6338502.007818615995347 ], [ 654090.825150908436626, 6338496.517269818112254 ], [ 654052.75566264486406, 6338496.517269818112254 ], [ 654052.75566264486406, 6338491.026721021160483 ], [ 653992.932181087788194, 6338491.026721021160483 ], [ 653992.932181087788194, 6338502.007818615995347 ], [ 653987.493682764470577, 6338502.007818615995347 ], [ 653987.493682764470577, 6338529.460562602616847 ], [ 653998.370679411222227, 6338529.460562602616847 ], [ 653998.370679411222227, 6338534.951111399568617 ], [ 654003.809177734539844, 6338534.951111399568617 ], [ 654003.809177734539844, 6338540.441660197451711 ], [ 654009.247676057857461, 6338540.441660197451711 ], [ 654009.247676057857461, 6338545.932208994403481 ], [ 654025.563171028043143, 6338545.932208994403481 ], [ 654025.563171028043143, 6338556.913306589238346 ], [ 654031.001669351360761, 6338556.913306589238346 ], [ 654031.001669351360761, 6338562.403855387121439 ], [ 654025.563171028043143, 6338562.403855387121439 ], [ 654025.563171028043143, 6338600.837696968577802 ], [ 654036.440167674678378, 6338600.837696968577802 ], [ 654036.440167674678378, 6338606.328245765529573 ], [ 654041.87866599811241, 6338606.328245765529573 ], [ 654041.87866599811241, 6338622.799892157316208 ], [ 654031.001669351360761, 6338622.799892157316208 ], [ 654031.001669351360761, 6338650.25263614486903 ], [ 654063.632659291499294, 6338650.25263614486903 ], [ 654063.632659291499294, 6338644.762087346985936 ], [ 654069.071157614933327, 6338644.762087346985936 ], [ 654069.071157614933327, 6338639.271538550034165 ], [ 654074.509655938250944, 6338639.271538550034165 ], [ 654074.509655938250944, 6338633.780989752151072 ], [ 654079.948154261684977, 6338633.780989752151072 ], [ 654079.948154261684977, 6338628.290440955199301 ], [ 654090.825150908436626, 6338628.290440955199301 ], [ 654090.825150908436626, 6338639.271538550034165 ], [ 654118.017642525257543, 6338639.271538550034165 ], [ 654118.017642525257543, 6338628.290440955199301 ], [ 654123.45614084857516, 6338628.290440955199301 ], [ 654123.45614084857516, 6338644.762087346985936 ], [ 654090.825150908436626, 6338644.762087346985936 ], [ 654090.825150908436626, 6338672.214831334538758 ], [ 654079.948154261684977, 6338672.214831334538758 ], [ 654079.948154261684977, 6338677.705380131490529 ], [ 654069.071157614933327, 6338677.705380131490529 ], [ 654069.071157614933327, 6338683.195928928442299 ], [ 654063.632659291499294, 6338683.195928928442299 ], [ 654063.632659291499294, 6338688.686477726325393 ], [ 654014.686174381291494, 6338688.686477726325393 ], [ 654014.686174381291494, 6338694.177026523277164 ], [ 654009.247676057857461, 6338694.177026523277164 ], [ 654009.247676057857461, 6338705.158124118112028 ], [ 654003.809177734539844, 6338705.158124118112028 ], [ 654003.809177734539844, 6338743.591965699568391 ], [ 654009.247676057857461, 6338743.591965699568391 ], [ 654009.247676057857461, 6338749.082514497451484 ], [ 654031.001669351360761, 6338749.082514497451484 ], [ 654031.001669351360761, 6338754.573063294403255 ], [ 654041.87866599811241, 6338754.573063294403255 ], [ 654041.87866599811241, 6338760.063612092286348 ], [ 654052.75566264486406, 6338760.063612092286348 ], [ 654052.75566264486406, 6338765.554160889238119 ], [ 654036.440167674678378, 6338765.554160889238119 ], [ 654036.440167674678378, 6338793.006904876790941 ], [ 654041.87866599811241, 6338793.006904876790941 ], [ 654041.87866599811241, 6338798.497453673742712 ], [ 654128.894639171892777, 6338798.497453673742712 ], [ 654128.894639171892777, 6338793.006904876790941 ], [ 654156.087130788713694, 6338793.006904876790941 ], [ 654156.087130788713694, 6338765.554160889238119 ], [ 654183.27962240553461, 6338765.554160889238119 ], [ 654183.27962240553461, 6338771.044709687121212 ], [ 654188.718120728968643, 6338771.044709687121212 ], [ 654188.718120728968643, 6338793.006904876790941 ], [ 654183.27962240553461, 6338793.006904876790941 ], [ 654183.27962240553461, 6338831.440746458247304 ], [ 654188.718120728968643, 6338831.440746458247304 ], [ 654188.718120728968643, 6338836.931295255199075 ], [ 654194.15661905228626, 6338836.931295255199075 ], [ 654194.15661905228626, 6338842.421844053082168 ], [ 654156.087130788713694, 6338842.421844053082168 ], [ 654156.087130788713694, 6338847.912392850033939 ], [ 654150.648632465396076, 6338847.912392850033939 ], [ 654150.648632465396076, 6338853.402941647917032 ], [ 654134.33313749532681, 6338853.402941647917032 ], [ 654134.33313749532681, 6338869.874588039703667 ], [ 654128.894639171892777, 6338869.874588039703667 ], [ 654128.894639171892777, 6338875.365136836655438 ], [ 654118.017642525257543, 6338875.365136836655438 ], [ 654118.017642525257543, 6338880.855685634538531 ], [ 654079.948154261684977, 6338880.855685634538531 ], [ 654079.948154261684977, 6338875.365136836655438 ], [ 654085.386652585002594, 6338875.365136836655438 ], [ 654085.386652585002594, 6338842.421844053082168 ], [ 654041.87866599811241, 6338842.421844053082168 ], [ 654041.87866599811241, 6338864.384039241820574 ], [ 654014.686174381291494, 6338864.384039241820574 ], [ 654014.686174381291494, 6338869.874588039703667 ], [ 654009.247676057857461, 6338869.874588039703667 ], [ 654009.247676057857461, 6338875.365136836655438 ], [ 654003.809177734539844, 6338875.365136836655438 ], [ 654003.809177734539844, 6338902.81788082420826 ], [ 654009.247676057857461, 6338902.81788082420826 ], [ 654009.247676057857461, 6338908.30842962116003 ], [ 654052.75566264486406, 6338908.30842962116003 ], [ 654052.75566264486406, 6338902.81788082420826 ], [ 654058.194160968181677, 6338902.81788082420826 ], [ 654058.194160968181677, 6338897.327332026325166 ], [ 654063.632659291499294, 6338897.327332026325166 ], [ 654063.632659291499294, 6338908.30842962116003 ], [ 654058.194160968181677, 6338908.30842962116003 ], [ 654058.194160968181677, 6338913.798978418111801 ], [ 654036.440167674678378, 6338913.798978418111801 ], [ 654036.440167674678378, 6338946.742271202616394 ], [ 654031.001669351360761, 6338946.742271202616394 ], [ 654031.001669351360761, 6338924.780076012946665 ], [ 654020.124672704609111, 6338924.780076012946665 ], [ 654020.124672704609111, 6338919.289527215994895 ], [ 653987.493682764470577, 6338919.289527215994895 ], [ 653987.493682764470577, 6338952.232820000499487 ], [ 653992.932181087788194, 6338952.232820000499487 ], [ 653992.932181087788194, 6338957.723368797451258 ], [ 653998.370679411222227, 6338957.723368797451258 ], [ 653998.370679411222227, 6338963.213917595334351 ], [ 654025.563171028043143, 6338963.213917595334351 ], [ 654025.563171028043143, 6338985.176112784072757 ], [ 654020.124672704609111, 6338985.176112784072757 ], [ 654020.124672704609111, 6338968.704466392286122 ], [ 653976.616686117718928, 6338968.704466392286122 ], [ 653976.616686117718928, 6338974.195015189237893 ], [ 653965.739689470967278, 6338974.195015189237893 ], [ 653965.739689470967278, 6338979.685563987120986 ], [ 653954.862692824215628, 6338979.685563987120986 ], [ 653954.862692824215628, 6339034.591051960363984 ], [ 653982.055184441036545, 6339034.591051960363984 ], [ 653982.055184441036545, 6339040.081600758247077 ], [ 654014.686174381291494, 6339040.081600758247077 ], [ 654014.686174381291494, 6339045.572149555198848 ], [ 653960.301191147649661, 6339045.572149555198848 ], [ 653960.301191147649661, 6339051.062698353081942 ], [ 653954.862692824215628, 6339051.062698353081942 ], [ 653954.862692824215628, 6339094.987088731490076 ], [ 653976.616686117718928, 6339094.987088731490076 ], [ 653976.616686117718928, 6339100.477637529373169 ], [ 654014.686174381291494, 6339100.477637529373169 ], [ 654014.686174381291494, 6339089.496539934538305 ], [ 654020.124672704609111, 6339089.496539934538305 ], [ 654020.124672704609111, 6339078.515442339703441 ], [ 654031.001669351360761, 6339078.515442339703441 ], [ 654031.001669351360761, 6339084.005991137586534 ], [ 654036.440167674678378, 6339084.005991137586534 ], [ 654036.440167674678378, 6339089.496539934538305 ], [ 654041.87866599811241, 6339089.496539934538305 ], [ 654041.87866599811241, 6339122.439832719042897 ], [ 654069.071157614933327, 6339122.439832719042897 ], [ 654069.071157614933327, 6339116.949283921159804 ], [ 654074.509655938250944, 6339116.949283921159804 ], [ 654074.509655938250944, 6339133.420930313877761 ], [ 654079.948154261684977, 6339133.420930313877761 ], [ 654079.948154261684977, 6339138.911479110829532 ], [ 654085.386652585002594, 6339138.911479110829532 ], [ 654085.386652585002594, 6339155.383125502616167 ], [ 654090.825150908436626, 6339155.383125502616167 ], [ 654090.825150908436626, 6339160.87367430049926 ], [ 654128.894639171892777, 6339160.87367430049926 ], [ 654128.894639171892777, 6339149.892576705664396 ], [ 654134.33313749532681, 6339149.892576705664396 ], [ 654134.33313749532681, 6339155.383125502616167 ], [ 654161.525629112147726, 6339155.383125502616167 ], [ 654161.525629112147726, 6339149.892576705664396 ], [ 654166.964127435465343, 6339149.892576705664396 ], [ 654166.964127435465343, 6339215.779162273742259 ], [ 654194.15661905228626, 6339215.779162273742259 ], [ 654194.15661905228626, 6339210.288613476790488 ], [ 654199.595117375720292, 6339210.288613476790488 ], [ 654199.595117375720292, 6339193.816967085003853 ], [ 654226.787608992541209, 6339193.816967085003853 ], [ 654226.787608992541209, 6339204.798064678907394 ], [ 654232.226107315858826, 6339204.798064678907394 ], [ 654232.226107315858826, 6339221.269711071625352 ], [ 654243.103103962610476, 6339221.269711071625352 ], [ 654243.103103962610476, 6339243.23190626129508 ], [ 654221.349110669107176, 6339243.23190626129508 ], [ 654221.349110669107176, 6339248.722455058246851 ], [ 654215.910612345789559, 6339248.722455058246851 ], [ 654215.910612345789559, 6339281.665747842751443 ], [ 654210.472114022355527, 6339281.665747842751443 ], [ 654210.472114022355527, 6339292.646845437586308 ], [ 654205.03361569903791, 6339292.646845437586308 ], [ 654205.03361569903791, 6339270.684650247916579 ], [ 654177.841124082216993, 6339270.684650247916579 ], [ 654177.841124082216993, 6339281.665747842751443 ], [ 654161.525629112147726, 6339281.665747842751443 ], [ 654161.525629112147726, 6339287.156296639703214 ], [ 654156.087130788713694, 6339287.156296639703214 ], [ 654156.087130788713694, 6339309.118491829372942 ], [ 654145.210134142078459, 6339309.118491829372942 ], [ 654145.210134142078459, 6339292.646845437586308 ], [ 654128.894639171892777, 6339292.646845437586308 ], [ 654128.894639171892777, 6339287.156296639703214 ], [ 654150.648632465396076, 6339287.156296639703214 ], [ 654150.648632465396076, 6339254.213003856129944 ], [ 654156.087130788713694, 6339254.213003856129944 ], [ 654156.087130788713694, 6339248.722455058246851 ], [ 654166.964127435465343, 6339248.722455058246851 ], [ 654166.964127435465343, 6339221.269711071625352 ], [ 654145.210134142078459, 6339221.269711071625352 ], [ 654145.210134142078459, 6339188.326418287120759 ], [ 654107.140645878505893, 6339188.326418287120759 ], [ 654107.140645878505893, 6339193.816967085003853 ], [ 654101.702147555071861, 6339193.816967085003853 ], [ 654101.702147555071861, 6339215.779162273742259 ], [ 654096.263649231754243, 6339215.779162273742259 ], [ 654096.263649231754243, 6339199.307515881955624 ], [ 654079.948154261684977, 6339199.307515881955624 ], [ 654079.948154261684977, 6339188.326418287120759 ], [ 654052.75566264486406, 6339188.326418287120759 ], [ 654052.75566264486406, 6339193.816967085003853 ], [ 654047.317164321430027, 6339193.816967085003853 ], [ 654047.317164321430027, 6339221.269711071625352 ], [ 654036.440167674678378, 6339221.269711071625352 ], [ 654036.440167674678378, 6339232.250808666460216 ], [ 654025.563171028043143, 6339232.250808666460216 ], [ 654025.563171028043143, 6339259.703552653081715 ], [ 654020.124672704609111, 6339259.703552653081715 ], [ 654020.124672704609111, 6339254.213003856129944 ], [ 653992.932181087788194, 6339254.213003856129944 ], [ 653992.932181087788194, 6339259.703552653081715 ], [ 653987.493682764470577, 6339259.703552653081715 ], [ 653987.493682764470577, 6339309.118491829372942 ], [ 653982.055184441036545, 6339309.118491829372942 ], [ 653982.055184441036545, 6339303.627943032421172 ], [ 653949.424194500898011, 6339303.627943032421172 ], [ 653949.424194500898011, 6339287.156296639703214 ], [ 653927.670201207394712, 6339287.156296639703214 ], [ 653927.670201207394712, 6339281.665747842751443 ], [ 653949.424194500898011, 6339281.665747842751443 ], [ 653949.424194500898011, 6339248.722455058246851 ], [ 653938.547197854146361, 6339248.722455058246851 ], [ 653938.547197854146361, 6339243.23190626129508 ], [ 653933.108699530828744, 6339243.23190626129508 ], [ 653933.108699530828744, 6339232.250808666460216 ], [ 653916.793204560759477, 6339232.250808666460216 ], [ 653916.793204560759477, 6339226.760259868577123 ], [ 653911.354706237325445, 6339226.760259868577123 ], [ 653911.354706237325445, 6339221.269711071625352 ], [ 653900.477709590573795, 6339221.269711071625352 ], [ 653900.477709590573795, 6339210.288613476790488 ], [ 653895.039211267256178, 6339210.288613476790488 ], [ 653895.039211267256178, 6339204.798064678907394 ], [ 653933.108699530828744, 6339204.798064678907394 ], [ 653933.108699530828744, 6339193.816967085003853 ], [ 653954.862692824215628, 6339193.816967085003853 ], [ 653954.862692824215628, 6339166.364223097451031 ], [ 653927.670201207394712, 6339166.364223097451031 ], [ 653927.670201207394712, 6339149.892576705664396 ], [ 653933.108699530828744, 6339149.892576705664396 ], [ 653933.108699530828744, 6339122.439832719042897 ], [ 653927.670201207394712, 6339122.439832719042897 ], [ 653927.670201207394712, 6339089.496539934538305 ], [ 653933.108699530828744, 6339089.496539934538305 ], [ 653933.108699530828744, 6339062.043795947916806 ], [ 653922.231702884077094, 6339062.043795947916806 ], [ 653922.231702884077094, 6339056.553247150033712 ], [ 653916.793204560759477, 6339056.553247150033712 ], [ 653916.793204560759477, 6339051.062698353081942 ], [ 653943.985696177580394, 6339051.062698353081942 ], [ 653943.985696177580394, 6339023.609954366460443 ], [ 653938.547197854146361, 6339023.609954366460443 ], [ 653938.547197854146361, 6339018.119405568577349 ], [ 653911.354706237325445, 6339018.119405568577349 ], [ 653911.354706237325445, 6339023.609954366460443 ], [ 653889.600712943938561, 6339023.609954366460443 ], [ 653889.600712943938561, 6339040.081600758247077 ], [ 653884.162214620504528, 6339040.081600758247077 ], [ 653884.162214620504528, 6339051.062698353081942 ], [ 653873.285217973752879, 6339051.062698353081942 ], [ 653873.285217973752879, 6339084.005991137586534 ], [ 653867.846719650435261, 6339084.005991137586534 ], [ 653867.846719650435261, 6339094.987088731490076 ], [ 653862.408221327117644, 6339094.987088731490076 ], [ 653862.408221327117644, 6339100.477637529373169 ], [ 653856.969723003683612, 6339100.477637529373169 ], [ 653856.969723003683612, 6339105.96818632632494 ], [ 653851.531224680365995, 6339105.96818632632494 ], [ 653851.531224680365995, 6339111.458735124208033 ], [ 653846.092726356931962, 6339111.458735124208033 ], [ 653846.092726356931962, 6339105.96818632632494 ], [ 653818.900234740111046, 6339105.96818632632494 ], [ 653818.900234740111046, 6339100.477637529373169 ], [ 653802.584739770041779, 6339100.477637529373169 ], [ 653802.584739770041779, 6339094.987088731490076 ], [ 653791.707743123290129, 6339094.987088731490076 ], [ 653791.707743123290129, 6339089.496539934538305 ], [ 653786.269244799972512, 6339089.496539934538305 ], [ 653786.269244799972512, 6339062.043795947916806 ], [ 653737.322759889648296, 6339062.043795947916806 ], [ 653737.322759889648296, 6339056.553247150033712 ], [ 653769.953749829903245, 6339056.553247150033712 ], [ 653769.953749829903245, 6339023.609954366460443 ], [ 653759.076753183151595, 6339023.609954366460443 ], [ 653759.076753183151595, 6339018.119405568577349 ], [ 653742.761258213082328, 6339018.119405568577349 ], [ 653742.761258213082328, 6339012.628856771625578 ], [ 653737.322759889648296, 6339012.628856771625578 ], [ 653737.322759889648296, 6339007.138307973742485 ], [ 653742.761258213082328, 6339007.138307973742485 ], [ 653742.761258213082328, 6338996.157210378907621 ], [ 653748.199756536399946, 6338996.157210378907621 ], [ 653748.199756536399946, 6338968.704466392286122 ], [ 653753.638254859833978, 6338968.704466392286122 ], [ 653753.638254859833978, 6338935.761173607781529 ], [ 653759.076753183151595, 6338935.761173607781529 ], [ 653759.076753183151595, 6338891.836783229373395 ], [ 653764.515251506469212, 6338891.836783229373395 ], [ 653764.515251506469212, 6338864.384039241820574 ], [ 653737.322759889648296, 6338864.384039241820574 ], [ 653737.322759889648296, 6338880.855685634538531 ], [ 653715.568766596261412, 6338880.855685634538531 ], [ 653715.568766596261412, 6338875.365136836655438 ], [ 653682.937776656006463, 6338875.365136836655438 ], [ 653682.937776656006463, 6338891.836783229373395 ], [ 653650.306786715867929, 6338891.836783229373395 ], [ 653650.306786715867929, 6338897.327332026325166 ], [ 653644.868288392550312, 6338897.327332026325166 ], [ 653644.868288392550312, 6338913.798978418111801 ], [ 653639.429790069116279, 6338913.798978418111801 ], [ 653639.429790069116279, 6338924.780076012946665 ], [ 653606.798800128977746, 6338924.780076012946665 ], [ 653606.798800128977746, 6338930.270624810829759 ], [ 653595.921803482226096, 6338930.270624810829759 ], [ 653595.921803482226096, 6338935.761173607781529 ], [ 653585.044806835474446, 6338935.761173607781529 ], [ 653585.044806835474446, 6338946.742271202616394 ], [ 653552.413816895335913, 6338946.742271202616394 ], [ 653552.413816895335913, 6338979.685563987120986 ], [ 653557.85231521865353, 6338979.685563987120986 ], [ 653557.85231521865353, 6338985.176112784072757 ], [ 653546.97531857190188, 6338985.176112784072757 ], [ 653546.97531857190188, 6339001.647759176790714 ], [ 653541.536820248584263, 6339001.647759176790714 ], [ 653541.536820248584263, 6339023.609954366460443 ], [ 653536.098321925266646, 6339023.609954366460443 ], [ 653536.098321925266646, 6339051.062698353081942 ], [ 653546.97531857190188, 6339051.062698353081942 ], [ 653546.97531857190188, 6339056.553247150033712 ], [ 653552.413816895335913, 6339056.553247150033712 ], [ 653552.413816895335913, 6339067.534344744868577 ], [ 653563.290813542087562, 6339067.534344744868577 ], [ 653563.290813542087562, 6339089.496539934538305 ], [ 653568.72931186540518, 6339089.496539934538305 ], [ 653568.72931186540518, 6339105.96818632632494 ], [ 653623.114295099047013, 6339105.96818632632494 ], [ 653623.114295099047013, 6339100.477637529373169 ], [ 653628.55279342236463, 6339100.477637529373169 ], [ 653628.55279342236463, 6339105.96818632632494 ], [ 653644.868288392550312, 6339105.96818632632494 ], [ 653644.868288392550312, 6339111.458735124208033 ], [ 653650.306786715867929, 6339111.458735124208033 ], [ 653650.306786715867929, 6339116.949283921159804 ], [ 653655.745285039185546, 6339116.949283921159804 ], [ 653655.745285039185546, 6339122.439832719042897 ], [ 653672.060780009371229, 6339122.439832719042897 ], [ 653672.060780009371229, 6339127.930381515994668 ], [ 653682.937776656006463, 6339127.930381515994668 ], [ 653682.937776656006463, 6339138.911479110829532 ], [ 653655.745285039185546, 6339138.911479110829532 ], [ 653655.745285039185546, 6339166.364223097451031 ], [ 653672.060780009371229, 6339166.364223097451031 ], [ 653672.060780009371229, 6339182.835869490168989 ], [ 653666.622281685937196, 6339182.835869490168989 ], [ 653666.622281685937196, 6339188.326418287120759 ], [ 653661.183783362619579, 6339188.326418287120759 ], [ 653661.183783362619579, 6339193.816967085003853 ], [ 653655.745285039185546, 6339193.816967085003853 ], [ 653655.745285039185546, 6339188.326418287120759 ], [ 653628.55279342236463, 6339188.326418287120759 ], [ 653628.55279342236463, 6339182.835869490168989 ], [ 653541.536820248584263, 6339182.835869490168989 ], [ 653541.536820248584263, 6339188.326418287120759 ], [ 653536.098321925266646, 6339188.326418287120759 ], [ 653536.098321925266646, 6339276.17519904486835 ], [ 653541.536820248584263, 6339276.17519904486835 ], [ 653541.536820248584263, 6339281.665747842751443 ], [ 653606.798800128977746, 6339281.665747842751443 ], [ 653606.798800128977746, 6339276.17519904486835 ], [ 653633.991291745798662, 6339276.17519904486835 ], [ 653633.991291745798662, 6339281.665747842751443 ], [ 653639.429790069116279, 6339281.665747842751443 ], [ 653639.429790069116279, 6339364.023979803547263 ], [ 653655.745285039185546, 6339364.023979803547263 ], [ 653655.745285039185546, 6339375.005077398382127 ], [ 653650.306786715867929, 6339375.005077398382127 ], [ 653650.306786715867929, 6339402.457821385003626 ], [ 653693.814773302758113, 6339402.457821385003626 ], [ 653693.814773302758113, 6339369.514528600499034 ], [ 653731.884261566330679, 6339369.514528600499034 ], [ 653731.884261566330679, 6339380.495626195333898 ], [ 653737.322759889648296, 6339380.495626195333898 ], [ 653737.322759889648296, 6339385.986174992285669 ], [ 653742.761258213082328, 6339385.986174992285669 ], [ 653742.761258213082328, 6339402.457821385003626 ], [ 653764.515251506469212, 6339402.457821385003626 ], [ 653764.515251506469212, 6339413.43891897983849 ], [ 653797.146241446724162, 6339413.43891897983849 ], [ 653797.146241446724162, 6339380.495626195333898 ], [ 653813.461736416793428, 6339380.495626195333898 ], [ 653813.461736416793428, 6339385.986174992285669 ], [ 653846.092726356931962, 6339385.986174992285669 ], [ 653846.092726356931962, 6339375.005077398382127 ], [ 653862.408221327117644, 6339375.005077398382127 ], [ 653862.408221327117644, 6339369.514528600499034 ], [ 653867.846719650435261, 6339369.514528600499034 ], [ 653867.846719650435261, 6339342.061784613877535 ], [ 653824.338733063545078, 6339342.061784613877535 ], [ 653824.338733063545078, 6339325.590138221159577 ], [ 653829.777231386862695, 6339325.590138221159577 ], [ 653829.777231386862695, 6339309.118491829372942 ], [ 653835.215729710296728, 6339309.118491829372942 ], [ 653835.215729710296728, 6339303.627943032421172 ], [ 653846.092726356931962, 6339303.627943032421172 ], [ 653846.092726356931962, 6339298.137394234538078 ], [ 653851.531224680365995, 6339298.137394234538078 ], [ 653851.531224680365995, 6339287.156296639703214 ], [ 653862.408221327117644, 6339287.156296639703214 ], [ 653862.408221327117644, 6339309.118491829372942 ], [ 653867.846719650435261, 6339309.118491829372942 ], [ 653867.846719650435261, 6339314.609040627256036 ], [ 653873.285217973752879, 6339314.609040627256036 ], [ 653873.285217973752879, 6339325.590138221159577 ], [ 653878.723716297186911, 6339325.590138221159577 ], [ 653878.723716297186911, 6339331.080687019042671 ], [ 653884.162214620504528, 6339331.080687019042671 ], [ 653884.162214620504528, 6339336.571235815994442 ], [ 653873.285217973752879, 6339336.571235815994442 ], [ 653873.285217973752879, 6339364.023979803547263 ], [ 653900.477709590573795, 6339364.023979803547263 ], [ 653900.477709590573795, 6339358.53343100566417 ], [ 653905.916207914007828, 6339358.53343100566417 ], [ 653905.916207914007828, 6339364.023979803547263 ], [ 653911.354706237325445, 6339364.023979803547263 ], [ 653911.354706237325445, 6339375.005077398382127 ], [ 653949.424194500898011, 6339375.005077398382127 ], [ 653949.424194500898011, 6339385.986174992285669 ], [ 653954.862692824215628, 6339385.986174992285669 ], [ 653954.862692824215628, 6339407.948370181955397 ], [ 653982.055184441036545, 6339407.948370181955397 ], [ 653982.055184441036545, 6339385.986174992285669 ], [ 653987.493682764470577, 6339385.986174992285669 ], [ 653987.493682764470577, 6339358.53343100566417 ], [ 653982.055184441036545, 6339358.53343100566417 ], [ 653982.055184441036545, 6339342.061784613877535 ], [ 653992.932181087788194, 6339342.061784613877535 ], [ 653992.932181087788194, 6339380.495626195333898 ], [ 653998.370679411222227, 6339380.495626195333898 ], [ 653998.370679411222227, 6339391.476723790168762 ], [ 654003.809177734539844, 6339391.476723790168762 ], [ 654003.809177734539844, 6339396.967272587120533 ], [ 654009.247676057857461, 6339396.967272587120533 ], [ 654009.247676057857461, 6339402.457821385003626 ], [ 654036.440167674678378, 6339402.457821385003626 ], [ 654036.440167674678378, 6339396.967272587120533 ], [ 654041.87866599811241, 6339396.967272587120533 ], [ 654041.87866599811241, 6339413.43891897983849 ], [ 654052.75566264486406, 6339413.43891897983849 ], [ 654052.75566264486406, 6339418.929467776790261 ], [ 654063.632659291499294, 6339418.929467776790261 ], [ 654063.632659291499294, 6339424.420016574673355 ], [ 654079.948154261684977, 6339424.420016574673355 ], [ 654079.948154261684977, 6339429.910565371625125 ], [ 654118.017642525257543, 6339429.910565371625125 ], [ 654118.017642525257543, 6339418.929467776790261 ], [ 654123.45614084857516, 6339418.929467776790261 ], [ 654123.45614084857516, 6339413.43891897983849 ], [ 654128.894639171892777, 6339413.43891897983849 ], [ 654128.894639171892777, 6339407.948370181955397 ], [ 654145.210134142078459, 6339407.948370181955397 ], [ 654145.210134142078459, 6339418.929467776790261 ], [ 654150.648632465396076, 6339418.929467776790261 ], [ 654150.648632465396076, 6339429.910565371625125 ], [ 654177.841124082216993, 6339429.910565371625125 ], [ 654177.841124082216993, 6339413.43891897983849 ], [ 654183.27962240553461, 6339413.43891897983849 ], [ 654183.27962240553461, 6339385.986174992285669 ], [ 654188.718120728968643, 6339385.986174992285669 ], [ 654188.718120728968643, 6339353.042882208712399 ], [ 654194.15661905228626, 6339353.042882208712399 ], [ 654194.15661905228626, 6339342.061784613877535 ], [ 654199.595117375720292, 6339342.061784613877535 ], [ 654199.595117375720292, 6339336.571235815994442 ], [ 654210.472114022355527, 6339336.571235815994442 ], [ 654210.472114022355527, 6339331.080687019042671 ], [ 654215.910612345789559, 6339331.080687019042671 ], [ 654215.910612345789559, 6339325.590138221159577 ], [ 654253.980100609362125, 6339325.590138221159577 ], [ 654253.980100609362125, 6339331.080687019042671 ], [ 654281.172592226183042, 6339331.080687019042671 ], [ 654281.172592226183042, 6339336.571235815994442 ], [ 654324.680578813073225, 6339336.571235815994442 ], [ 654324.680578813073225, 6339325.590138221159577 ], [ 654330.119077136390842, 6339325.590138221159577 ], [ 654330.119077136390842, 6339342.061784613877535 ], [ 654335.557575459824875, 6339342.061784613877535 ], [ 654335.557575459824875, 6339347.552333410829306 ], [ 654368.188565399963409, 6339347.552333410829306 ], [ 654368.188565399963409, 6339320.099589424207807 ], [ 654373.627063723281026, 6339320.099589424207807 ], [ 654373.627063723281026, 6339325.590138221159577 ], [ 654417.135050310287625, 6339325.590138221159577 ], [ 654417.135050310287625, 6339331.080687019042671 ], [ 654422.573548633605242, 6339331.080687019042671 ], [ 654422.573548633605242, 6339380.495626195333898 ], [ 654428.012046956922859, 6339380.495626195333898 ], [ 654428.012046956922859, 6339385.986174992285669 ], [ 654433.450545280356891, 6339385.986174992285669 ], [ 654433.450545280356891, 6339429.910565371625125 ], [ 654438.889043603674509, 6339429.910565371625125 ], [ 654438.889043603674509, 6339435.401114169508219 ], [ 654449.766040250426158, 6339435.401114169508219 ], [ 654449.766040250426158, 6339440.89166296645999 ], [ 654455.204538573743775, 6339440.89166296645999 ], [ 654455.204538573743775, 6339462.853858156129718 ], [ 654460.643036897177808, 6339462.853858156129718 ], [ 654460.643036897177808, 6339490.306602142751217 ], [ 654476.958531867247075, 6339490.306602142751217 ], [ 654476.958531867247075, 6339495.797150939702988 ], [ 654525.905016777571291, 6339495.797150939702988 ], [ 654525.905016777571291, 6339490.306602142751217 ], [ 654536.782013424206525, 6339490.306602142751217 ], [ 654536.782013424206525, 6339567.174285305663943 ], [ 654569.413003364461474, 6339567.174285305663943 ], [ 654569.413003364461474, 6339561.683736508712173 ], [ 654585.728498334530741, 6339561.683736508712173 ], [ 654585.728498334530741, 6339567.174285305663943 ], [ 654580.290000011213124, 6339567.174285305663943 ] ], [ [ 654629.236484921420924, 6339375.005077398382127 ], [ 654629.236484921420924, 6339369.514528600499034 ], [ 654634.674983244854957, 6339369.514528600499034 ], [ 654634.674983244854957, 6339375.005077398382127 ], [ 654629.236484921420924, 6339375.005077398382127 ] ], [ [ 653992.932181087788194, 6339309.118491829372942 ], [ 653992.932181087788194, 6339314.609040627256036 ], [ 653987.493682764470577, 6339314.609040627256036 ], [ 653987.493682764470577, 6339309.118491829372942 ], [ 653992.932181087788194, 6339309.118491829372942 ] ], [ [ 653731.884261566330679, 6339056.553247150033712 ], [ 653731.884261566330679, 6339051.062698353081942 ], [ 653737.322759889648296, 6339051.062698353081942 ], [ 653737.322759889648296, 6339056.553247150033712 ], [ 653731.884261566330679, 6339056.553247150033712 ] ], [ [ 653976.616686117718928, 6339342.061784613877535 ], [ 653976.616686117718928, 6339336.571235815994442 ], [ 653982.055184441036545, 6339336.571235815994442 ], [ 653982.055184441036545, 6339342.061784613877535 ], [ 653976.616686117718928, 6339342.061784613877535 ] ], [ [ 654536.782013424206525, 6339484.816053345799446 ], [ 654547.659010070958175, 6339484.816053345799446 ], [ 654547.659010070958175, 6339479.325504547916353 ], [ 654553.097508394392207, 6339479.325504547916353 ], [ 654553.097508394392207, 6339484.816053345799446 ], [ 654569.413003364461474, 6339484.816053345799446 ], [ 654569.413003364461474, 6339490.306602142751217 ], [ 654536.782013424206525, 6339490.306602142751217 ], [ 654536.782013424206525, 6339484.816053345799446 ] ], [ [ 654585.728498334530741, 6339506.778248534537852 ], [ 654585.728498334530741, 6339512.268797332420945 ], [ 654574.851501687779091, 6339512.268797332420945 ], [ 654574.851501687779091, 6339506.778248534537852 ], [ 654585.728498334530741, 6339506.778248534537852 ] ], [ [ 654525.905016777571291, 6339407.948370181955397 ], [ 654525.905016777571291, 6339418.929467776790261 ], [ 654553.097508394392207, 6339418.929467776790261 ], [ 654553.097508394392207, 6339424.420016574673355 ], [ 654536.782013424206525, 6339424.420016574673355 ], [ 654536.782013424206525, 6339429.910565371625125 ], [ 654515.028020130819641, 6339429.910565371625125 ], [ 654515.028020130819641, 6339424.420016574673355 ], [ 654509.589521807385609, 6339424.420016574673355 ], [ 654509.589521807385609, 6339418.929467776790261 ], [ 654515.028020130819641, 6339418.929467776790261 ], [ 654515.028020130819641, 6339407.948370181955397 ], [ 654525.905016777571291, 6339407.948370181955397 ] ], [ [ 654096.263649231754243, 6339385.986174992285669 ], [ 654096.263649231754243, 6339380.495626195333898 ], [ 654090.825150908436626, 6339380.495626195333898 ], [ 654090.825150908436626, 6339375.005077398382127 ], [ 654101.702147555071861, 6339375.005077398382127 ], [ 654101.702147555071861, 6339385.986174992285669 ], [ 654096.263649231754243, 6339385.986174992285669 ] ], [ [ 654063.632659291499294, 6339364.023979803547263 ], [ 654063.632659291499294, 6339380.495626195333898 ], [ 654058.194160968181677, 6339380.495626195333898 ], [ 654058.194160968181677, 6339364.023979803547263 ], [ 654063.632659291499294, 6339364.023979803547263 ] ], [ [ 654504.151023484067991, 6339369.514528600499034 ], [ 654504.151023484067991, 6339375.005077398382127 ], [ 654498.712525160750374, 6339375.005077398382127 ], [ 654498.712525160750374, 6339369.514528600499034 ], [ 654504.151023484067991, 6339369.514528600499034 ] ], [ [ 653769.953749829903245, 6339325.590138221159577 ], [ 653769.953749829903245, 6339331.080687019042671 ], [ 653737.322759889648296, 6339331.080687019042671 ], [ 653737.322759889648296, 6339325.590138221159577 ], [ 653769.953749829903245, 6339325.590138221159577 ] ], [ [ 654036.440167674678378, 6339265.194101450033486 ], [ 654036.440167674678378, 6339270.684650247916579 ], [ 654041.87866599811241, 6339270.684650247916579 ], [ 654041.87866599811241, 6339276.17519904486835 ], [ 654052.75566264486406, 6339276.17519904486835 ], [ 654052.75566264486406, 6339298.137394234538078 ], [ 654058.194160968181677, 6339298.137394234538078 ], [ 654058.194160968181677, 6339303.627943032421172 ], [ 654052.75566264486406, 6339303.627943032421172 ], [ 654052.75566264486406, 6339309.118491829372942 ], [ 654036.440167674678378, 6339309.118491829372942 ], [ 654036.440167674678378, 6339303.627943032421172 ], [ 654031.001669351360761, 6339303.627943032421172 ], [ 654031.001669351360761, 6339298.137394234538078 ], [ 654025.563171028043143, 6339298.137394234538078 ], [ 654025.563171028043143, 6339265.194101450033486 ], [ 654036.440167674678378, 6339265.194101450033486 ] ], [ [ 654373.627063723281026, 6339243.23190626129508 ], [ 654373.627063723281026, 6339237.741357463411987 ], [ 654400.819555340101942, 6339237.741357463411987 ], [ 654400.819555340101942, 6339265.194101450033486 ], [ 654422.573548633605242, 6339265.194101450033486 ], [ 654422.573548633605242, 6339270.684650247916579 ], [ 654417.135050310287625, 6339270.684650247916579 ], [ 654417.135050310287625, 6339276.17519904486835 ], [ 654406.258053663535975, 6339276.17519904486835 ], [ 654406.258053663535975, 6339292.646845437586308 ], [ 654400.819555340101942, 6339292.646845437586308 ], [ 654400.819555340101942, 6339287.156296639703214 ], [ 654395.381057016784325, 6339287.156296639703214 ], [ 654395.381057016784325, 6339248.722455058246851 ], [ 654389.942558693466708, 6339248.722455058246851 ], [ 654389.942558693466708, 6339243.23190626129508 ], [ 654373.627063723281026, 6339243.23190626129508 ] ], [ [ 653753.638254859833978, 6339287.156296639703214 ], [ 653753.638254859833978, 6339281.665747842751443 ], [ 653726.445763243013062, 6339281.665747842751443 ], [ 653726.445763243013062, 6339276.17519904486835 ], [ 653764.515251506469212, 6339276.17519904486835 ], [ 653764.515251506469212, 6339287.156296639703214 ], [ 653753.638254859833978, 6339287.156296639703214 ] ], [ [ 654553.097508394392207, 6339276.17519904486835 ], [ 654553.097508394392207, 6339281.665747842751443 ], [ 654547.659010070958175, 6339281.665747842751443 ], [ 654547.659010070958175, 6339287.156296639703214 ], [ 654536.782013424206525, 6339287.156296639703214 ], [ 654536.782013424206525, 6339281.665747842751443 ], [ 654515.028020130819641, 6339281.665747842751443 ], [ 654515.028020130819641, 6339270.684650247916579 ], [ 654520.466518454137258, 6339270.684650247916579 ], [ 654520.466518454137258, 6339276.17519904486835 ], [ 654553.097508394392207, 6339276.17519904486835 ] ], [ [ 654308.365083843003958, 6339276.17519904486835 ], [ 654308.365083843003958, 6339281.665747842751443 ], [ 654281.172592226183042, 6339281.665747842751443 ], [ 654281.172592226183042, 6339276.17519904486835 ], [ 654308.365083843003958, 6339276.17519904486835 ] ], [ [ 654248.541602285928093, 6339276.17519904486835 ], [ 654248.541602285928093, 6339265.194101450033486 ], [ 654253.980100609362125, 6339265.194101450033486 ], [ 654253.980100609362125, 6339270.684650247916579 ], [ 654259.418598932679743, 6339270.684650247916579 ], [ 654259.418598932679743, 6339276.17519904486835 ], [ 654248.541602285928093, 6339276.17519904486835 ] ], [ [ 653824.338733063545078, 6339237.741357463411987 ], [ 653824.338733063545078, 6339265.194101450033486 ], [ 653818.900234740111046, 6339265.194101450033486 ], [ 653818.900234740111046, 6339221.269711071625352 ], [ 653835.215729710296728, 6339221.269711071625352 ], [ 653835.215729710296728, 6339232.250808666460216 ], [ 653829.777231386862695, 6339232.250808666460216 ], [ 653829.777231386862695, 6339237.741357463411987 ], [ 653824.338733063545078, 6339237.741357463411987 ] ], [ [ 654438.889043603674509, 6339248.722455058246851 ], [ 654438.889043603674509, 6339254.213003856129944 ], [ 654433.450545280356891, 6339254.213003856129944 ], [ 654433.450545280356891, 6339248.722455058246851 ], [ 654438.889043603674509, 6339248.722455058246851 ] ], [ [ 654259.418598932679743, 6339204.798064678907394 ], [ 654259.418598932679743, 6339149.892576705664396 ], [ 654292.049588872818276, 6339149.892576705664396 ], [ 654292.049588872818276, 6339144.402027908712626 ], [ 654302.926585519569926, 6339144.402027908712626 ], [ 654302.926585519569926, 6339138.911479110829532 ], [ 654308.365083843003958, 6339138.911479110829532 ], [ 654308.365083843003958, 6339105.96818632632494 ], [ 654270.295595579431392, 6339105.96818632632494 ], [ 654270.295595579431392, 6339100.477637529373169 ], [ 654259.418598932679743, 6339100.477637529373169 ], [ 654259.418598932679743, 6339094.987088731490076 ], [ 654253.980100609362125, 6339094.987088731490076 ], [ 654253.980100609362125, 6339084.005991137586534 ], [ 654237.664605639176443, 6339084.005991137586534 ], [ 654237.664605639176443, 6339067.534344744868577 ], [ 654232.226107315858826, 6339067.534344744868577 ], [ 654232.226107315858826, 6339056.553247150033712 ], [ 654226.787608992541209, 6339056.553247150033712 ], [ 654226.787608992541209, 6339023.609954366460443 ], [ 654237.664605639176443, 6339023.609954366460443 ], [ 654237.664605639176443, 6339012.628856771625578 ], [ 654243.103103962610476, 6339012.628856771625578 ], [ 654243.103103962610476, 6339023.609954366460443 ], [ 654248.541602285928093, 6339023.609954366460443 ], [ 654248.541602285928093, 6339056.553247150033712 ], [ 654253.980100609362125, 6339056.553247150033712 ], [ 654253.980100609362125, 6339062.043795947916806 ], [ 654281.172592226183042, 6339062.043795947916806 ], [ 654281.172592226183042, 6339034.591051960363984 ], [ 654286.611090549500659, 6339034.591051960363984 ], [ 654286.611090549500659, 6339023.609954366460443 ], [ 654297.488087196252309, 6339023.609954366460443 ], [ 654297.488087196252309, 6339051.062698353081942 ], [ 654330.119077136390842, 6339051.062698353081942 ], [ 654330.119077136390842, 6339045.572149555198848 ], [ 654335.557575459824875, 6339045.572149555198848 ], [ 654335.557575459824875, 6339034.591051960363984 ], [ 654340.996073783142492, 6339034.591051960363984 ], [ 654340.996073783142492, 6339040.081600758247077 ], [ 654346.434572106460109, 6339040.081600758247077 ], [ 654346.434572106460109, 6339056.553247150033712 ], [ 654362.750067076645792, 6339056.553247150033712 ], [ 654362.750067076645792, 6339073.02489354275167 ], [ 654368.188565399963409, 6339073.02489354275167 ], [ 654368.188565399963409, 6339084.005991137586534 ], [ 654362.750067076645792, 6339084.005991137586534 ], [ 654362.750067076645792, 6339116.949283921159804 ], [ 654357.311568753211759, 6339116.949283921159804 ], [ 654357.311568753211759, 6339122.439832719042897 ], [ 654330.119077136390842, 6339122.439832719042897 ], [ 654330.119077136390842, 6339149.892576705664396 ], [ 654335.557575459824875, 6339149.892576705664396 ], [ 654335.557575459824875, 6339155.383125502616167 ], [ 654340.996073783142492, 6339155.383125502616167 ], [ 654340.996073783142492, 6339166.364223097451031 ], [ 654362.750067076645792, 6339166.364223097451031 ], [ 654362.750067076645792, 6339177.345320692285895 ], [ 654357.311568753211759, 6339177.345320692285895 ], [ 654357.311568753211759, 6339226.760259868577123 ], [ 654340.996073783142492, 6339226.760259868577123 ], [ 654340.996073783142492, 6339232.250808666460216 ], [ 654324.680578813073225, 6339232.250808666460216 ], [ 654324.680578813073225, 6339243.23190626129508 ], [ 654297.488087196252309, 6339243.23190626129508 ], [ 654297.488087196252309, 6339237.741357463411987 ], [ 654281.172592226183042, 6339237.741357463411987 ], [ 654281.172592226183042, 6339232.250808666460216 ], [ 654275.734093902749009, 6339232.250808666460216 ], [ 654275.734093902749009, 6339204.798064678907394 ], [ 654259.418598932679743, 6339204.798064678907394 ] ], [ [ 653661.183783362619579, 6339226.760259868577123 ], [ 653661.183783362619579, 6339232.250808666460216 ], [ 653655.745285039185546, 6339232.250808666460216 ], [ 653655.745285039185546, 6339226.760259868577123 ], [ 653661.183783362619579, 6339226.760259868577123 ] ], [ [ 653764.515251506469212, 6339210.288613476790488 ], [ 653764.515251506469212, 6339215.779162273742259 ], [ 653759.076753183151595, 6339215.779162273742259 ], [ 653759.076753183151595, 6339221.269711071625352 ], [ 653753.638254859833978, 6339221.269711071625352 ], [ 653753.638254859833978, 6339215.779162273742259 ], [ 653715.568766596261412, 6339215.779162273742259 ], [ 653715.568766596261412, 6339204.798064678907394 ], [ 653721.007264919579029, 6339204.798064678907394 ], [ 653721.007264919579029, 6339210.288613476790488 ], [ 653764.515251506469212, 6339210.288613476790488 ] ], [ [ 654400.819555340101942, 6339210.288613476790488 ], [ 654395.381057016784325, 6339210.288613476790488 ], [ 654395.381057016784325, 6339204.798064678907394 ], [ 654400.819555340101942, 6339204.798064678907394 ], [ 654400.819555340101942, 6339210.288613476790488 ] ], [ [ 654384.504060370032676, 6339204.798064678907394 ], [ 654384.504060370032676, 6339199.307515881955624 ], [ 654395.381057016784325, 6339199.307515881955624 ], [ 654395.381057016784325, 6339204.798064678907394 ], [ 654384.504060370032676, 6339204.798064678907394 ] ], [ [ 654846.776417855988257, 6339182.835869490168989 ], [ 654846.776417855988257, 6339166.364223097451031 ], [ 654852.214916179422289, 6339166.364223097451031 ], [ 654852.214916179422289, 6339182.835869490168989 ], [ 654846.776417855988257, 6339182.835869490168989 ] ], [ [ 654852.214916179422289, 6339160.87367430049926 ], [ 654857.653414502739906, 6339160.87367430049926 ], [ 654857.653414502739906, 6339166.364223097451031 ], [ 654852.214916179422289, 6339166.364223097451031 ], [ 654852.214916179422289, 6339160.87367430049926 ] ], [ [ 654857.653414502739906, 6339155.383125502616167 ], [ 654863.091912826173939, 6339155.383125502616167 ], [ 654863.091912826173939, 6339160.87367430049926 ], [ 654857.653414502739906, 6339160.87367430049926 ], [ 654857.653414502739906, 6339155.383125502616167 ] ], [ [ 654602.043993304600008, 6339166.364223097451031 ], [ 654602.043993304600008, 6339177.345320692285895 ], [ 654596.605494981282391, 6339177.345320692285895 ], [ 654596.605494981282391, 6339166.364223097451031 ], [ 654602.043993304600008, 6339166.364223097451031 ] ], [ [ 653775.392248153220862, 6339160.87367430049926 ], [ 653775.392248153220862, 6339166.364223097451031 ], [ 653753.638254859833978, 6339166.364223097451031 ], [ 653753.638254859833978, 6339160.87367430049926 ], [ 653742.761258213082328, 6339160.87367430049926 ], [ 653742.761258213082328, 6339155.383125502616167 ], [ 653769.953749829903245, 6339155.383125502616167 ], [ 653769.953749829903245, 6339160.87367430049926 ], [ 653775.392248153220862, 6339160.87367430049926 ] ], [ [ 654226.787608992541209, 6339138.911479110829532 ], [ 654226.787608992541209, 6339166.364223097451031 ], [ 654205.03361569903791, 6339166.364223097451031 ], [ 654205.03361569903791, 6339138.911479110829532 ], [ 654226.787608992541209, 6339138.911479110829532 ] ], [ [ 654406.258053663535975, 6339155.383125502616167 ], [ 654406.258053663535975, 6339160.87367430049926 ], [ 654395.381057016784325, 6339160.87367430049926 ], [ 654395.381057016784325, 6339155.383125502616167 ], [ 654406.258053663535975, 6339155.383125502616167 ] ], [ [ 654797.829932945780456, 6339127.930381515994668 ], [ 654797.829932945780456, 6339144.402027908712626 ], [ 654808.706929592532106, 6339144.402027908712626 ], [ 654808.706929592532106, 6339149.892576705664396 ], [ 654792.391434622346424, 6339149.892576705664396 ], [ 654792.391434622346424, 6339155.383125502616167 ], [ 654786.952936299028806, 6339155.383125502616167 ], [ 654786.952936299028806, 6339133.420930313877761 ], [ 654781.514437975711189, 6339133.420930313877761 ], [ 654781.514437975711189, 6339105.96818632632494 ], [ 654786.952936299028806, 6339105.96818632632494 ], [ 654786.952936299028806, 6339127.930381515994668 ], [ 654797.829932945780456, 6339127.930381515994668 ] ], [ [ 654569.413003364461474, 6339144.402027908712626 ], [ 654569.413003364461474, 6339149.892576705664396 ], [ 654563.974505041027442, 6339149.892576705664396 ], [ 654563.974505041027442, 6339144.402027908712626 ], [ 654569.413003364461474, 6339144.402027908712626 ] ], [ [ 654623.797986598103307, 6339133.420930313877761 ], [ 654623.797986598103307, 6339138.911479110829532 ], [ 654618.359488274669275, 6339138.911479110829532 ], [ 654618.359488274669275, 6339144.402027908712626 ], [ 654612.920989951351658, 6339144.402027908712626 ], [ 654612.920989951351658, 6339149.892576705664396 ], [ 654607.48249162803404, 6339149.892576705664396 ], [ 654607.48249162803404, 6339100.477637529373169 ], [ 654612.920989951351658, 6339100.477637529373169 ], [ 654612.920989951351658, 6339127.930381515994668 ], [ 654618.359488274669275, 6339127.930381515994668 ], [ 654618.359488274669275, 6339133.420930313877761 ], [ 654623.797986598103307, 6339133.420930313877761 ] ], [ [ 654721.690956418635324, 6339144.402027908712626 ], [ 654721.690956418635324, 6339149.892576705664396 ], [ 654716.252458095317706, 6339149.892576705664396 ], [ 654716.252458095317706, 6339144.402027908712626 ], [ 654721.690956418635324, 6339144.402027908712626 ] ], [ [ 653900.477709590573795, 6339138.911479110829532 ], [ 653900.477709590573795, 6339144.402027908712626 ], [ 653895.039211267256178, 6339144.402027908712626 ], [ 653895.039211267256178, 6339138.911479110829532 ], [ 653900.477709590573795, 6339138.911479110829532 ] ], [ [ 654656.428976538241841, 6339138.911479110829532 ], [ 654656.428976538241841, 6339127.930381515994668 ], [ 654661.867474861675873, 6339127.930381515994668 ], [ 654661.867474861675873, 6339105.96818632632494 ], [ 654667.305973184993491, 6339105.96818632632494 ], [ 654667.305973184993491, 6339138.911479110829532 ], [ 654656.428976538241841, 6339138.911479110829532 ] ], [ [ 654852.214916179422289, 6339094.987088731490076 ], [ 654852.214916179422289, 6339105.96818632632494 ], [ 654846.776417855988257, 6339105.96818632632494 ], [ 654846.776417855988257, 6339122.439832719042897 ], [ 654841.337919532670639, 6339122.439832719042897 ], [ 654841.337919532670639, 6339127.930381515994668 ], [ 654830.46092288591899, 6339127.930381515994668 ], [ 654830.46092288591899, 6339133.420930313877761 ], [ 654825.022424562601373, 6339133.420930313877761 ], [ 654825.022424562601373, 6339105.96818632632494 ], [ 654819.58392623916734, 6339105.96818632632494 ], [ 654819.58392623916734, 6339100.477637529373169 ], [ 654825.022424562601373, 6339100.477637529373169 ], [ 654825.022424562601373, 6339094.987088731490076 ], [ 654852.214916179422289, 6339094.987088731490076 ] ], [ [ 654721.690956418635324, 6339127.930381515994668 ], [ 654721.690956418635324, 6339116.949283921159804 ], [ 654732.567953065386973, 6339116.949283921159804 ], [ 654732.567953065386973, 6339122.439832719042897 ], [ 654727.129454742069356, 6339122.439832719042897 ], [ 654727.129454742069356, 6339127.930381515994668 ], [ 654721.690956418635324, 6339127.930381515994668 ] ], [ [ 654884.845906119560823, 6339111.458735124208033 ], [ 654884.845906119560823, 6339122.439832719042897 ], [ 654879.407407796243206, 6339122.439832719042897 ], [ 654879.407407796243206, 6339111.458735124208033 ], [ 654884.845906119560823, 6339111.458735124208033 ] ], [ [ 654395.381057016784325, 6339116.949283921159804 ], [ 654395.381057016784325, 6339111.458735124208033 ], [ 654389.942558693466708, 6339111.458735124208033 ], [ 654389.942558693466708, 6339105.96818632632494 ], [ 654422.573548633605242, 6339105.96818632632494 ], [ 654422.573548633605242, 6339116.949283921159804 ], [ 654395.381057016784325, 6339116.949283921159804 ] ], [ [ 654542.220511747640558, 6339105.96818632632494 ], [ 654542.220511747640558, 6339094.987088731490076 ], [ 654547.659010070958175, 6339094.987088731490076 ], [ 654547.659010070958175, 6339089.496539934538305 ], [ 654553.097508394392207, 6339089.496539934538305 ], [ 654553.097508394392207, 6339105.96818632632494 ], [ 654542.220511747640558, 6339105.96818632632494 ] ], [ [ 654128.894639171892777, 6339100.477637529373169 ], [ 654128.894639171892777, 6339089.496539934538305 ], [ 654139.771635818644427, 6339089.496539934538305 ], [ 654139.771635818644427, 6339094.987088731490076 ], [ 654150.648632465396076, 6339094.987088731490076 ], [ 654150.648632465396076, 6339100.477637529373169 ], [ 654128.894639171892777, 6339100.477637529373169 ] ], [ [ 654069.071157614933327, 6339073.02489354275167 ], [ 654069.071157614933327, 6339056.553247150033712 ], [ 654079.948154261684977, 6339056.553247150033712 ], [ 654079.948154261684977, 6339062.043795947916806 ], [ 654074.509655938250944, 6339062.043795947916806 ], [ 654074.509655938250944, 6339073.02489354275167 ], [ 654069.071157614933327, 6339073.02489354275167 ] ], [ [ 654460.643036897177808, 6339034.591051960363984 ], [ 654460.643036897177808, 6339073.02489354275167 ], [ 654455.204538573743775, 6339073.02489354275167 ], [ 654455.204538573743775, 6339045.572149555198848 ], [ 654438.889043603674509, 6339045.572149555198848 ], [ 654438.889043603674509, 6339040.081600758247077 ], [ 654433.450545280356891, 6339040.081600758247077 ], [ 654433.450545280356891, 6339034.591051960363984 ], [ 654460.643036897177808, 6339034.591051960363984 ] ], [ [ 653623.114295099047013, 6339056.553247150033712 ], [ 653623.114295099047013, 6339062.043795947916806 ], [ 653606.798800128977746, 6339062.043795947916806 ], [ 653606.798800128977746, 6339056.553247150033712 ], [ 653623.114295099047013, 6339056.553247150033712 ] ], [ [ 654161.525629112147726, 6339056.553247150033712 ], [ 654161.525629112147726, 6339062.043795947916806 ], [ 654156.087130788713694, 6339062.043795947916806 ], [ 654156.087130788713694, 6339056.553247150033712 ], [ 654161.525629112147726, 6339056.553247150033712 ] ], [ [ 654085.386652585002594, 6339040.081600758247077 ], [ 654085.386652585002594, 6339045.572149555198848 ], [ 654079.948154261684977, 6339045.572149555198848 ], [ 654079.948154261684977, 6339040.081600758247077 ], [ 654085.386652585002594, 6339040.081600758247077 ] ], [ [ 654384.504060370032676, 6339023.609954366460443 ], [ 654384.504060370032676, 6339029.100503163412213 ], [ 654379.065562046715058, 6339029.100503163412213 ], [ 654379.065562046715058, 6339012.628856771625578 ], [ 654384.504060370032676, 6339012.628856771625578 ], [ 654384.504060370032676, 6339018.119405568577349 ], [ 654395.381057016784325, 6339018.119405568577349 ], [ 654395.381057016784325, 6339023.609954366460443 ], [ 654384.504060370032676, 6339023.609954366460443 ] ], [ [ 654873.968909472809173, 6339001.647759176790714 ], [ 654873.968909472809173, 6339012.628856771625578 ], [ 654868.530411149491556, 6339012.628856771625578 ], [ 654868.530411149491556, 6339001.647759176790714 ], [ 654873.968909472809173, 6339001.647759176790714 ] ], [ [ 653666.622281685937196, 6339001.647759176790714 ], [ 653666.622281685937196, 6338985.176112784072757 ], [ 653682.937776656006463, 6338985.176112784072757 ], [ 653682.937776656006463, 6338996.157210378907621 ], [ 653672.060780009371229, 6338996.157210378907621 ], [ 653672.060780009371229, 6339001.647759176790714 ], [ 653666.622281685937196, 6339001.647759176790714 ] ], [ [ 654313.803582166321576, 6338996.157210378907621 ], [ 654313.803582166321576, 6338985.176112784072757 ], [ 654340.996073783142492, 6338985.176112784072757 ], [ 654340.996073783142492, 6338990.66666158195585 ], [ 654335.557575459824875, 6338990.66666158195585 ], [ 654335.557575459824875, 6338996.157210378907621 ], [ 654313.803582166321576, 6338996.157210378907621 ] ], [ [ 654052.75566264486406, 6338985.176112784072757 ], [ 654052.75566264486406, 6338990.66666158195585 ], [ 654036.440167674678378, 6338990.66666158195585 ], [ 654036.440167674678378, 6338985.176112784072757 ], [ 654052.75566264486406, 6338985.176112784072757 ] ], [ [ 654112.57914420182351, 6338968.704466392286122 ], [ 654112.57914420182351, 6338990.66666158195585 ], [ 654107.140645878505893, 6338990.66666158195585 ], [ 654107.140645878505893, 6338985.176112784072757 ], [ 654101.702147555071861, 6338985.176112784072757 ], [ 654101.702147555071861, 6338979.685563987120986 ], [ 654107.140645878505893, 6338979.685563987120986 ], [ 654107.140645878505893, 6338968.704466392286122 ], [ 654112.57914420182351, 6338968.704466392286122 ] ], [ [ 654727.129454742069356, 6338990.66666158195585 ], [ 654727.129454742069356, 6338979.685563987120986 ], [ 654732.567953065386973, 6338979.685563987120986 ], [ 654732.567953065386973, 6338990.66666158195585 ], [ 654727.129454742069356, 6338990.66666158195585 ] ], [ [ 654732.567953065386973, 6338974.195015189237893 ], [ 654738.00645138870459, 6338974.195015189237893 ], [ 654738.00645138870459, 6338979.685563987120986 ], [ 654732.567953065386973, 6338979.685563987120986 ], [ 654732.567953065386973, 6338974.195015189237893 ] ], [ [ 654444.327541927108541, 6338985.176112784072757 ], [ 654438.889043603674509, 6338985.176112784072757 ], [ 654438.889043603674509, 6338979.685563987120986 ], [ 654444.327541927108541, 6338979.685563987120986 ], [ 654444.327541927108541, 6338985.176112784072757 ] ], [ [ 654428.012046956922859, 6338979.685563987120986 ], [ 654428.012046956922859, 6338974.195015189237893 ], [ 654438.889043603674509, 6338974.195015189237893 ], [ 654438.889043603674509, 6338979.685563987120986 ], [ 654428.012046956922859, 6338979.685563987120986 ] ], [ [ 653661.183783362619579, 6338974.195015189237893 ], [ 653661.183783362619579, 6338979.685563987120986 ], [ 653655.745285039185546, 6338979.685563987120986 ], [ 653655.745285039185546, 6338974.195015189237893 ], [ 653661.183783362619579, 6338974.195015189237893 ] ], [ [ 654172.402625758899376, 6338957.723368797451258 ], [ 654172.402625758899376, 6338963.213917595334351 ], [ 654156.087130788713694, 6338963.213917595334351 ], [ 654156.087130788713694, 6338957.723368797451258 ], [ 654172.402625758899376, 6338957.723368797451258 ] ], [ [ 654694.498464801814407, 6338957.723368797451258 ], [ 654694.498464801814407, 6338963.213917595334351 ], [ 654672.744471508427523, 6338963.213917595334351 ], [ 654672.744471508427523, 6338957.723368797451258 ], [ 654694.498464801814407, 6338957.723368797451258 ] ], [ [ 654308.365083843003958, 6338924.780076012946665 ], [ 654308.365083843003958, 6338919.289527215994895 ], [ 654259.418598932679743, 6338919.289527215994895 ], [ 654259.418598932679743, 6338913.798978418111801 ], [ 654297.488087196252309, 6338913.798978418111801 ], [ 654297.488087196252309, 6338908.30842962116003 ], [ 654302.926585519569926, 6338908.30842962116003 ], [ 654302.926585519569926, 6338902.81788082420826 ], [ 654308.365083843003958, 6338902.81788082420826 ], [ 654308.365083843003958, 6338897.327332026325166 ], [ 654313.803582166321576, 6338897.327332026325166 ], [ 654313.803582166321576, 6338869.874588039703667 ], [ 654308.365083843003958, 6338869.874588039703667 ], [ 654308.365083843003958, 6338858.893490444868803 ], [ 654302.926585519569926, 6338858.893490444868803 ], [ 654302.926585519569926, 6338853.402941647917032 ], [ 654281.172592226183042, 6338853.402941647917032 ], [ 654281.172592226183042, 6338847.912392850033939 ], [ 654292.049588872818276, 6338847.912392850033939 ], [ 654292.049588872818276, 6338842.421844053082168 ], [ 654297.488087196252309, 6338842.421844053082168 ], [ 654297.488087196252309, 6338798.497453673742712 ], [ 654292.049588872818276, 6338798.497453673742712 ], [ 654292.049588872818276, 6338760.063612092286348 ], [ 654281.172592226183042, 6338760.063612092286348 ], [ 654281.172592226183042, 6338754.573063294403255 ], [ 654275.734093902749009, 6338754.573063294403255 ], [ 654275.734093902749009, 6338749.082514497451484 ], [ 654281.172592226183042, 6338749.082514497451484 ], [ 654281.172592226183042, 6338738.10141690261662 ], [ 654286.611090549500659, 6338738.10141690261662 ], [ 654286.611090549500659, 6338732.610868105664849 ], [ 654297.488087196252309, 6338732.610868105664849 ], [ 654297.488087196252309, 6338738.10141690261662 ], [ 654302.926585519569926, 6338738.10141690261662 ], [ 654302.926585519569926, 6338754.573063294403255 ], [ 654324.680578813073225, 6338754.573063294403255 ], [ 654324.680578813073225, 6338760.063612092286348 ], [ 654351.873070429894142, 6338760.063612092286348 ], [ 654351.873070429894142, 6338749.082514497451484 ], [ 654362.750067076645792, 6338749.082514497451484 ], [ 654362.750067076645792, 6338743.591965699568391 ], [ 654368.188565399963409, 6338743.591965699568391 ], [ 654368.188565399963409, 6338738.10141690261662 ], [ 654379.065562046715058, 6338738.10141690261662 ], [ 654379.065562046715058, 6338765.554160889238119 ], [ 654384.504060370032676, 6338765.554160889238119 ], [ 654384.504060370032676, 6338776.535258484072983 ], [ 654400.819555340101942, 6338776.535258484072983 ], [ 654400.819555340101942, 6338782.025807281956077 ], [ 654395.381057016784325, 6338782.025807281956077 ], [ 654395.381057016784325, 6338787.516356078907847 ], [ 654384.504060370032676, 6338787.516356078907847 ], [ 654384.504060370032676, 6338803.988002470694482 ], [ 654351.873070429894142, 6338803.988002470694482 ], [ 654351.873070429894142, 6338809.478551268577576 ], [ 654346.434572106460109, 6338809.478551268577576 ], [ 654346.434572106460109, 6338814.969100065529346 ], [ 654340.996073783142492, 6338814.969100065529346 ], [ 654340.996073783142492, 6338820.45964886341244 ], [ 654330.119077136390842, 6338820.45964886341244 ], [ 654330.119077136390842, 6338847.912392850033939 ], [ 654351.873070429894142, 6338847.912392850033939 ], [ 654351.873070429894142, 6338858.893490444868803 ], [ 654384.504060370032676, 6338858.893490444868803 ], [ 654384.504060370032676, 6338864.384039241820574 ], [ 654417.135050310287625, 6338864.384039241820574 ], [ 654417.135050310287625, 6338891.836783229373395 ], [ 654411.696551986853592, 6338891.836783229373395 ], [ 654411.696551986853592, 6338902.81788082420826 ], [ 654400.819555340101942, 6338902.81788082420826 ], [ 654400.819555340101942, 6338930.270624810829759 ], [ 654406.258053663535975, 6338930.270624810829759 ], [ 654406.258053663535975, 6338935.761173607781529 ], [ 654400.819555340101942, 6338935.761173607781529 ], [ 654400.819555340101942, 6338941.251722405664623 ], [ 654384.504060370032676, 6338941.251722405664623 ], [ 654384.504060370032676, 6338935.761173607781529 ], [ 654362.750067076645792, 6338935.761173607781529 ], [ 654362.750067076645792, 6338930.270624810829759 ], [ 654357.311568753211759, 6338930.270624810829759 ], [ 654357.311568753211759, 6338924.780076012946665 ], [ 654308.365083843003958, 6338924.780076012946665 ] ], [ [ 654803.268431269098073, 6338935.761173607781529 ], [ 654803.268431269098073, 6338941.251722405664623 ], [ 654792.391434622346424, 6338941.251722405664623 ], [ 654792.391434622346424, 6338935.761173607781529 ], [ 654803.268431269098073, 6338935.761173607781529 ] ], [ [ 653682.937776656006463, 6338930.270624810829759 ], [ 653682.937776656006463, 6338935.761173607781529 ], [ 653677.499278332688846, 6338935.761173607781529 ], [ 653677.499278332688846, 6338930.270624810829759 ], [ 653682.937776656006463, 6338930.270624810829759 ] ], [ [ 654705.375461448566057, 6338930.270624810829759 ], [ 654678.18296983174514, 6338930.270624810829759 ], [ 654678.18296983174514, 6338919.289527215994895 ], [ 654672.744471508427523, 6338919.289527215994895 ], [ 654672.744471508427523, 6338913.798978418111801 ], [ 654683.621468155062757, 6338913.798978418111801 ], [ 654683.621468155062757, 6338886.346234431490302 ], [ 654705.375461448566057, 6338886.346234431490302 ], [ 654705.375461448566057, 6338913.798978418111801 ], [ 654710.813959771883674, 6338913.798978418111801 ], [ 654710.813959771883674, 6338924.780076012946665 ], [ 654705.375461448566057, 6338924.780076012946665 ], [ 654705.375461448566057, 6338930.270624810829759 ] ], [ [ 654678.18296983174514, 6338886.346234431490302 ], [ 654678.18296983174514, 6338880.855685634538531 ], [ 654683.621468155062757, 6338880.855685634538531 ], [ 654683.621468155062757, 6338886.346234431490302 ], [ 654678.18296983174514, 6338886.346234431490302 ] ], [ [ 654743.444949712138623, 6338902.81788082420826 ], [ 654743.444949712138623, 6338913.798978418111801 ], [ 654738.00645138870459, 6338913.798978418111801 ], [ 654738.00645138870459, 6338897.327332026325166 ], [ 654743.444949712138623, 6338897.327332026325166 ], [ 654743.444949712138623, 6338891.836783229373395 ], [ 654748.88344803545624, 6338891.836783229373395 ], [ 654748.88344803545624, 6338902.81788082420826 ], [ 654743.444949712138623, 6338902.81788082420826 ] ], [ [ 654835.899421209353022, 6338897.327332026325166 ], [ 654835.899421209353022, 6338902.81788082420826 ], [ 654797.829932945780456, 6338902.81788082420826 ], [ 654797.829932945780456, 6338897.327332026325166 ], [ 654835.899421209353022, 6338897.327332026325166 ] ], [ [ 654738.00645138870459, 6338842.421844053082168 ], [ 654738.00645138870459, 6338798.497453673742712 ], [ 654732.567953065386973, 6338798.497453673742712 ], [ 654732.567953065386973, 6338782.025807281956077 ], [ 654738.00645138870459, 6338782.025807281956077 ], [ 654738.00645138870459, 6338771.044709687121212 ], [ 654743.444949712138623, 6338771.044709687121212 ], [ 654743.444949712138623, 6338820.45964886341244 ], [ 654748.88344803545624, 6338820.45964886341244 ], [ 654748.88344803545624, 6338825.950197660364211 ], [ 654781.514437975711189, 6338825.950197660364211 ], [ 654781.514437975711189, 6338831.440746458247304 ], [ 654797.829932945780456, 6338831.440746458247304 ], [ 654797.829932945780456, 6338836.931295255199075 ], [ 654808.706929592532106, 6338836.931295255199075 ], [ 654808.706929592532106, 6338842.421844053082168 ], [ 654846.776417855988257, 6338842.421844053082168 ], [ 654846.776417855988257, 6338847.912392850033939 ], [ 654863.091912826173939, 6338847.912392850033939 ], [ 654863.091912826173939, 6338858.893490444868803 ], [ 654846.776417855988257, 6338858.893490444868803 ], [ 654846.776417855988257, 6338864.384039241820574 ], [ 654819.58392623916734, 6338864.384039241820574 ], [ 654819.58392623916734, 6338869.874588039703667 ], [ 654792.391434622346424, 6338869.874588039703667 ], [ 654792.391434622346424, 6338875.365136836655438 ], [ 654765.198943005525507, 6338875.365136836655438 ], [ 654765.198943005525507, 6338858.893490444868803 ], [ 654710.813959771883674, 6338858.893490444868803 ], [ 654710.813959771883674, 6338847.912392850033939 ], [ 654716.252458095317706, 6338847.912392850033939 ], [ 654716.252458095317706, 6338842.421844053082168 ], [ 654738.00645138870459, 6338842.421844053082168 ] ], [ [ 654226.787608992541209, 6338842.421844053082168 ], [ 654226.787608992541209, 6338814.969100065529346 ], [ 654232.226107315858826, 6338814.969100065529346 ], [ 654232.226107315858826, 6338798.497453673742712 ], [ 654237.664605639176443, 6338798.497453673742712 ], [ 654237.664605639176443, 6338793.006904876790941 ], [ 654248.541602285928093, 6338793.006904876790941 ], [ 654248.541602285928093, 6338798.497453673742712 ], [ 654253.980100609362125, 6338798.497453673742712 ], [ 654253.980100609362125, 6338803.988002470694482 ], [ 654243.103103962610476, 6338803.988002470694482 ], [ 654243.103103962610476, 6338869.874588039703667 ], [ 654232.226107315858826, 6338869.874588039703667 ], [ 654232.226107315858826, 6338864.384039241820574 ], [ 654226.787608992541209, 6338864.384039241820574 ], [ 654226.787608992541209, 6338847.912392850033939 ], [ 654221.349110669107176, 6338847.912392850033939 ], [ 654221.349110669107176, 6338842.421844053082168 ], [ 654226.787608992541209, 6338842.421844053082168 ] ], [ [ 654678.18296983174514, 6338842.421844053082168 ], [ 654678.18296983174514, 6338858.893490444868803 ], [ 654661.867474861675873, 6338858.893490444868803 ], [ 654661.867474861675873, 6338853.402941647917032 ], [ 654656.428976538241841, 6338853.402941647917032 ], [ 654656.428976538241841, 6338836.931295255199075 ], [ 654661.867474861675873, 6338836.931295255199075 ], [ 654661.867474861675873, 6338842.421844053082168 ], [ 654678.18296983174514, 6338842.421844053082168 ] ], [ [ 654863.091912826173939, 6338809.478551268577576 ], [ 654863.091912826173939, 6338820.45964886341244 ], [ 654857.653414502739906, 6338820.45964886341244 ], [ 654857.653414502739906, 6338809.478551268577576 ], [ 654863.091912826173939, 6338809.478551268577576 ] ], [ [ 654868.530411149491556, 6338793.006904876790941 ], [ 654868.530411149491556, 6338803.988002470694482 ], [ 654863.091912826173939, 6338803.988002470694482 ], [ 654863.091912826173939, 6338793.006904876790941 ], [ 654868.530411149491556, 6338793.006904876790941 ] ], [ [ 654825.022424562601373, 6338760.063612092286348 ], [ 654825.022424562601373, 6338765.554160889238119 ], [ 654819.58392623916734, 6338765.554160889238119 ], [ 654819.58392623916734, 6338771.044709687121212 ], [ 654814.145427915849723, 6338771.044709687121212 ], [ 654814.145427915849723, 6338776.535258484072983 ], [ 654808.706929592532106, 6338776.535258484072983 ], [ 654808.706929592532106, 6338782.025807281956077 ], [ 654803.268431269098073, 6338782.025807281956077 ], [ 654803.268431269098073, 6338776.535258484072983 ], [ 654797.829932945780456, 6338776.535258484072983 ], [ 654797.829932945780456, 6338765.554160889238119 ], [ 654803.268431269098073, 6338765.554160889238119 ], [ 654803.268431269098073, 6338760.063612092286348 ], [ 654825.022424562601373, 6338760.063612092286348 ] ], [ [ 654292.049588872818276, 6338650.25263614486903 ], [ 654292.049588872818276, 6338611.818794563412666 ], [ 654297.488087196252309, 6338611.818794563412666 ], [ 654297.488087196252309, 6338606.328245765529573 ], [ 654324.680578813073225, 6338606.328245765529573 ], [ 654324.680578813073225, 6338611.818794563412666 ], [ 654335.557575459824875, 6338611.818794563412666 ], [ 654335.557575459824875, 6338628.290440955199301 ], [ 654340.996073783142492, 6338628.290440955199301 ], [ 654340.996073783142492, 6338661.233733739703894 ], [ 654346.434572106460109, 6338661.233733739703894 ], [ 654346.434572106460109, 6338666.724282536655664 ], [ 654351.873070429894142, 6338666.724282536655664 ], [ 654351.873070429894142, 6338672.214831334538758 ], [ 654357.311568753211759, 6338672.214831334538758 ], [ 654357.311568753211759, 6338677.705380131490529 ], [ 654346.434572106460109, 6338677.705380131490529 ], [ 654346.434572106460109, 6338683.195928928442299 ], [ 654335.557575459824875, 6338683.195928928442299 ], [ 654335.557575459824875, 6338688.686477726325393 ], [ 654324.680578813073225, 6338688.686477726325393 ], [ 654324.680578813073225, 6338699.667575321160257 ], [ 654319.242080489639193, 6338699.667575321160257 ], [ 654319.242080489639193, 6338705.158124118112028 ], [ 654297.488087196252309, 6338705.158124118112028 ], [ 654297.488087196252309, 6338677.705380131490529 ], [ 654292.049588872818276, 6338677.705380131490529 ], [ 654292.049588872818276, 6338672.214831334538758 ], [ 654286.611090549500659, 6338672.214831334538758 ], [ 654286.611090549500659, 6338650.25263614486903 ], [ 654292.049588872818276, 6338650.25263614486903 ] ], [ [ 654150.648632465396076, 6338683.195928928442299 ], [ 654150.648632465396076, 6338677.705380131490529 ], [ 654156.087130788713694, 6338677.705380131490529 ], [ 654156.087130788713694, 6338655.7431849418208 ], [ 654161.525629112147726, 6338655.7431849418208 ], [ 654161.525629112147726, 6338683.195928928442299 ], [ 654150.648632465396076, 6338683.195928928442299 ] ], [ [ 654172.402625758899376, 6338639.271538550034165 ], [ 654172.402625758899376, 6338644.762087346985936 ], [ 654166.964127435465343, 6338644.762087346985936 ], [ 654166.964127435465343, 6338639.271538550034165 ], [ 654172.402625758899376, 6338639.271538550034165 ] ], [ [ 654221.349110669107176, 6338600.837696968577802 ], [ 654221.349110669107176, 6338584.366050575859845 ], [ 654259.418598932679743, 6338584.366050575859845 ], [ 654259.418598932679743, 6338589.856599373742938 ], [ 654253.980100609362125, 6338589.856599373742938 ], [ 654253.980100609362125, 6338595.347148170694709 ], [ 654243.103103962610476, 6338595.347148170694709 ], [ 654243.103103962610476, 6338639.271538550034165 ], [ 654237.664605639176443, 6338639.271538550034165 ], [ 654237.664605639176443, 6338622.799892157316208 ], [ 654232.226107315858826, 6338622.799892157316208 ], [ 654232.226107315858826, 6338617.309343360364437 ], [ 654226.787608992541209, 6338617.309343360364437 ], [ 654226.787608992541209, 6338600.837696968577802 ], [ 654221.349110669107176, 6338600.837696968577802 ] ], [ [ 654389.942558693466708, 6338628.290440955199301 ], [ 654389.942558693466708, 6338639.271538550034165 ], [ 654379.065562046715058, 6338639.271538550034165 ], [ 654379.065562046715058, 6338628.290440955199301 ], [ 654389.942558693466708, 6338628.290440955199301 ] ] ], [ [ [ 652829.093539887806401, 6339171.854771895334125 ], [ 652856.286031504627317, 6339171.854771895334125 ], [ 652856.286031504627317, 6339144.402027908712626 ], [ 652878.040024798130617, 6339144.402027908712626 ], [ 652878.040024798130617, 6339138.911479110829532 ], [ 652883.478523121448234, 6339138.911479110829532 ], [ 652883.478523121448234, 6339149.892576705664396 ], [ 652910.67101473826915, 6339149.892576705664396 ], [ 652910.67101473826915, 6339144.402027908712626 ], [ 652916.109513061703183, 6339144.402027908712626 ], [ 652916.109513061703183, 6339116.949283921159804 ], [ 652910.67101473826915, 6339116.949283921159804 ], [ 652910.67101473826915, 6339111.458735124208033 ], [ 652905.232516414951533, 6339111.458735124208033 ], [ 652905.232516414951533, 6339100.477637529373169 ], [ 652899.794018091517501, 6339100.477637529373169 ], [ 652899.794018091517501, 6339073.02489354275167 ], [ 652894.355519768199883, 6339073.02489354275167 ], [ 652894.355519768199883, 6339067.534344744868577 ], [ 652878.040024798130617, 6339067.534344744868577 ], [ 652878.040024798130617, 6339062.043795947916806 ], [ 652850.8475331813097, 6339062.043795947916806 ], [ 652850.8475331813097, 6339089.496539934538305 ], [ 652845.409034857875668, 6339089.496539934538305 ], [ 652845.409034857875668, 6339094.987088731490076 ], [ 652839.97053653455805, 6339094.987088731490076 ], [ 652839.97053653455805, 6339100.477637529373169 ], [ 652823.655041564488783, 6339100.477637529373169 ], [ 652823.655041564488783, 6339105.96818632632494 ], [ 652796.462549947667867, 6339105.96818632632494 ], [ 652796.462549947667867, 6339111.458735124208033 ], [ 652791.024051624233834, 6339111.458735124208033 ], [ 652791.024051624233834, 6339138.911479110829532 ], [ 652796.462549947667867, 6339138.911479110829532 ], [ 652796.462549947667867, 6339149.892576705664396 ], [ 652774.708556654164568, 6339149.892576705664396 ], [ 652774.708556654164568, 6339160.87367430049926 ], [ 652763.831560007412918, 6339160.87367430049926 ], [ 652763.831560007412918, 6339199.307515881955624 ], [ 652769.27005833084695, 6339199.307515881955624 ], [ 652769.27005833084695, 6339204.798064678907394 ], [ 652796.462549947667867, 6339204.798064678907394 ], [ 652796.462549947667867, 6339182.835869490168989 ], [ 652823.655041564488783, 6339182.835869490168989 ], [ 652823.655041564488783, 6339177.345320692285895 ], [ 652829.093539887806401, 6339177.345320692285895 ], [ 652829.093539887806401, 6339171.854771895334125 ] ] ], [ [ [ 652829.093539887806401, 6339265.194101450033486 ], [ 652829.093539887806401, 6339259.703552653081715 ], [ 652845.409034857875668, 6339259.703552653081715 ], [ 652845.409034857875668, 6339248.722455058246851 ], [ 652856.286031504627317, 6339248.722455058246851 ], [ 652856.286031504627317, 6339259.703552653081715 ], [ 652888.917021444882266, 6339259.703552653081715 ], [ 652888.917021444882266, 6339237.741357463411987 ], [ 652905.232516414951533, 6339237.741357463411987 ], [ 652905.232516414951533, 6339259.703552653081715 ], [ 652910.67101473826915, 6339259.703552653081715 ], [ 652910.67101473826915, 6339270.684650247916579 ], [ 652954.179001325275749, 6339270.684650247916579 ], [ 652954.179001325275749, 6339276.17519904486835 ], [ 652986.809991265414283, 6339276.17519904486835 ], [ 652986.809991265414283, 6339254.213003856129944 ], [ 653014.002482882235199, 6339254.213003856129944 ], [ 653014.002482882235199, 6339248.722455058246851 ], [ 653052.071971145807765, 6339248.722455058246851 ], [ 653052.071971145807765, 6339243.23190626129508 ], [ 653084.702961085946299, 6339243.23190626129508 ], [ 653084.702961085946299, 6339237.741357463411987 ], [ 653095.579957732697949, 6339237.741357463411987 ], [ 653095.579957732697949, 6339232.250808666460216 ], [ 653128.210947672836483, 6339232.250808666460216 ], [ 653128.210947672836483, 6339204.798064678907394 ], [ 653052.071971145807765, 6339204.798064678907394 ], [ 653052.071971145807765, 6339199.307515881955624 ], [ 653014.002482882235199, 6339199.307515881955624 ], [ 653014.002482882235199, 6339221.269711071625352 ], [ 652997.686987912165932, 6339221.269711071625352 ], [ 652997.686987912165932, 6339226.760259868577123 ], [ 652975.932994618662633, 6339226.760259868577123 ], [ 652975.932994618662633, 6339232.250808666460216 ], [ 652959.617499648593366, 6339232.250808666460216 ], [ 652959.617499648593366, 6339237.741357463411987 ], [ 652954.179001325275749, 6339237.741357463411987 ], [ 652954.179001325275749, 6339232.250808666460216 ], [ 652948.740503001841716, 6339232.250808666460216 ], [ 652948.740503001841716, 6339226.760259868577123 ], [ 652937.863506355090067, 6339226.760259868577123 ], [ 652937.863506355090067, 6339221.269711071625352 ], [ 652926.986509708454832, 6339221.269711071625352 ], [ 652926.986509708454832, 6339204.798064678907394 ], [ 652899.794018091517501, 6339204.798064678907394 ], [ 652899.794018091517501, 6339177.345320692285895 ], [ 652861.72452982806135, 6339177.345320692285895 ], [ 652861.72452982806135, 6339199.307515881955624 ], [ 652856.286031504627317, 6339199.307515881955624 ], [ 652856.286031504627317, 6339210.288613476790488 ], [ 652829.093539887806401, 6339210.288613476790488 ], [ 652829.093539887806401, 6339221.269711071625352 ], [ 652823.655041564488783, 6339221.269711071625352 ], [ 652823.655041564488783, 6339232.250808666460216 ], [ 652818.216543241054751, 6339232.250808666460216 ], [ 652818.216543241054751, 6339226.760259868577123 ], [ 652807.339546594419517, 6339226.760259868577123 ], [ 652807.339546594419517, 6339221.269711071625352 ], [ 652801.901048270985484, 6339221.269711071625352 ], [ 652801.901048270985484, 6339215.779162273742259 ], [ 652796.462549947667867, 6339215.779162273742259 ], [ 652796.462549947667867, 6339210.288613476790488 ], [ 652763.831560007412918, 6339210.288613476790488 ], [ 652763.831560007412918, 6339204.798064678907394 ], [ 652747.516065037343651, 6339204.798064678907394 ], [ 652747.516065037343651, 6339199.307515881955624 ], [ 652720.323573420522735, 6339199.307515881955624 ], [ 652720.323573420522735, 6339226.760259868577123 ], [ 652725.762071743956767, 6339226.760259868577123 ], [ 652725.762071743956767, 6339243.23190626129508 ], [ 652731.200570067274384, 6339243.23190626129508 ], [ 652731.200570067274384, 6339248.722455058246851 ], [ 652742.077566714026034, 6339248.722455058246851 ], [ 652742.077566714026034, 6339270.684650247916579 ], [ 652763.831560007412918, 6339270.684650247916579 ], [ 652763.831560007412918, 6339276.17519904486835 ], [ 652769.27005833084695, 6339276.17519904486835 ], [ 652769.27005833084695, 6339287.156296639703214 ], [ 652774.708556654164568, 6339287.156296639703214 ], [ 652774.708556654164568, 6339298.137394234538078 ], [ 652807.339546594419517, 6339298.137394234538078 ], [ 652807.339546594419517, 6339292.646845437586308 ], [ 652823.655041564488783, 6339292.646845437586308 ], [ 652823.655041564488783, 6339265.194101450033486 ], [ 652829.093539887806401, 6339265.194101450033486 ] ] ], [ [ [ 653459.959345398121513, 6339270.684650247916579 ], [ 653470.836342044873163, 6339270.684650247916579 ], [ 653470.836342044873163, 6339265.194101450033486 ], [ 653481.713338691508397, 6339265.194101450033486 ], [ 653481.713338691508397, 6339232.250808666460216 ], [ 653487.15183701494243, 6339232.250808666460216 ], [ 653487.15183701494243, 6339226.760259868577123 ], [ 653498.02883366169408, 6339226.760259868577123 ], [ 653498.02883366169408, 6339199.307515881955624 ], [ 653432.766853781300597, 6339199.307515881955624 ], [ 653432.766853781300597, 6339226.760259868577123 ], [ 653427.328355457866564, 6339226.760259868577123 ], [ 653427.328355457866564, 6339237.741357463411987 ], [ 653421.889857134548947, 6339237.741357463411987 ], [ 653421.889857134548947, 6339276.17519904486835 ], [ 653411.012860487797298, 6339276.17519904486835 ], [ 653411.012860487797298, 6339303.627943032421172 ], [ 653443.643850428052247, 6339303.627943032421172 ], [ 653443.643850428052247, 6339287.156296639703214 ], [ 653449.082348751369864, 6339287.156296639703214 ], [ 653449.082348751369864, 6339276.17519904486835 ], [ 653459.959345398121513, 6339276.17519904486835 ], [ 653459.959345398121513, 6339270.684650247916579 ] ] ], [ [ [ 653155.403439289657399, 6339424.420016574673355 ], [ 653149.964940966339782, 6339424.420016574673355 ], [ 653149.964940966339782, 6339429.910565371625125 ], [ 653144.526442643022165, 6339429.910565371625125 ], [ 653144.526442643022165, 6339457.363309358246624 ], [ 653182.595930906478316, 6339457.363309358246624 ], [ 653182.595930906478316, 6339451.872760561294854 ], [ 653188.034429229912348, 6339451.872760561294854 ], [ 653188.034429229912348, 6339418.929467776790261 ], [ 653155.403439289657399, 6339418.929467776790261 ], [ 653155.403439289657399, 6339424.420016574673355 ] ] ], [ [ [ 653432.766853781300597, 6339462.853858156129718 ], [ 653432.766853781300597, 6339457.363309358246624 ], [ 653427.328355457866564, 6339457.363309358246624 ], [ 653427.328355457866564, 6339451.872760561294854 ], [ 653421.889857134548947, 6339451.872760561294854 ], [ 653421.889857134548947, 6339446.38221176341176 ], [ 653416.45135881123133, 6339446.38221176341176 ], [ 653416.45135881123133, 6339440.89166296645999 ], [ 653411.012860487797298, 6339440.89166296645999 ], [ 653411.012860487797298, 6339429.910565371625125 ], [ 653405.57436216447968, 6339429.910565371625125 ], [ 653405.57436216447968, 6339413.43891897983849 ], [ 653400.135863841045648, 6339413.43891897983849 ], [ 653400.135863841045648, 6339402.457821385003626 ], [ 653394.697365517728031, 6339402.457821385003626 ], [ 653394.697365517728031, 6339396.967272587120533 ], [ 653389.258867194410414, 6339396.967272587120533 ], [ 653389.258867194410414, 6339391.476723790168762 ], [ 653362.066375577589497, 6339391.476723790168762 ], [ 653362.066375577589497, 6339396.967272587120533 ], [ 653345.750880607403815, 6339396.967272587120533 ], [ 653345.750880607403815, 6339418.929467776790261 ], [ 653340.312382284086198, 6339418.929467776790261 ], [ 653340.312382284086198, 6339424.420016574673355 ], [ 653334.87388396076858, 6339424.420016574673355 ], [ 653334.87388396076858, 6339429.910565371625125 ], [ 653323.996887314016931, 6339429.910565371625125 ], [ 653323.996887314016931, 6339435.401114169508219 ], [ 653313.119890667265281, 6339435.401114169508219 ], [ 653313.119890667265281, 6339468.344406953081489 ], [ 653334.87388396076858, 6339468.344406953081489 ], [ 653334.87388396076858, 6339473.834955750964582 ], [ 653340.312382284086198, 6339473.834955750964582 ], [ 653340.312382284086198, 6339479.325504547916353 ], [ 653378.381870547658764, 6339479.325504547916353 ], [ 653378.381870547658764, 6339473.834955750964582 ], [ 653394.697365517728031, 6339473.834955750964582 ], [ 653394.697365517728031, 6339484.816053345799446 ], [ 653400.135863841045648, 6339484.816053345799446 ], [ 653400.135863841045648, 6339490.306602142751217 ], [ 653405.57436216447968, 6339490.306602142751217 ], [ 653405.57436216447968, 6339495.797150939702988 ], [ 653432.766853781300597, 6339495.797150939702988 ], [ 653432.766853781300597, 6339490.306602142751217 ], [ 653438.205352104618214, 6339490.306602142751217 ], [ 653438.205352104618214, 6339462.853858156129718 ], [ 653432.766853781300597, 6339462.853858156129718 ] ] ], [ [ [ 653427.328355457866564, 6339506.778248534537852 ], [ 653400.135863841045648, 6339506.778248534537852 ], [ 653400.135863841045648, 6339512.268797332420945 ], [ 653394.697365517728031, 6339512.268797332420945 ], [ 653394.697365517728031, 6339561.683736508712173 ], [ 653449.082348751369864, 6339561.683736508712173 ], [ 653449.082348751369864, 6339517.759346129372716 ], [ 653438.205352104618214, 6339517.759346129372716 ], [ 653438.205352104618214, 6339512.268797332420945 ], [ 653427.328355457866564, 6339512.268797332420945 ], [ 653427.328355457866564, 6339506.778248534537852 ] ] ], [ [ [ 653884.162214620504528, 6339748.362395619042218 ], [ 653922.231702884077094, 6339748.362395619042218 ], [ 653922.231702884077094, 6339698.94745644275099 ], [ 653916.793204560759477, 6339698.94745644275099 ], [ 653916.793204560759477, 6339687.966358847916126 ], [ 653889.600712943938561, 6339687.966358847916126 ], [ 653889.600712943938561, 6339682.475810050964355 ], [ 653884.162214620504528, 6339682.475810050964355 ], [ 653884.162214620504528, 6339666.004163659177721 ], [ 653873.285217973752879, 6339666.004163659177721 ], [ 653873.285217973752879, 6339655.023066064342856 ], [ 653835.215729710296728, 6339655.023066064342856 ], [ 653835.215729710296728, 6339676.985261253081262 ], [ 653829.777231386862695, 6339676.985261253081262 ], [ 653829.777231386862695, 6339720.909651632420719 ], [ 653835.215729710296728, 6339720.909651632420719 ], [ 653835.215729710296728, 6339737.381298024207354 ], [ 653840.654228033614345, 6339737.381298024207354 ], [ 653840.654228033614345, 6339764.834042011760175 ], [ 653846.092726356931962, 6339764.834042011760175 ], [ 653846.092726356931962, 6339770.324590808711946 ], [ 653873.285217973752879, 6339770.324590808711946 ], [ 653873.285217973752879, 6339764.834042011760175 ], [ 653878.723716297186911, 6339764.834042011760175 ], [ 653878.723716297186911, 6339742.871846822090447 ], [ 653884.162214620504528, 6339742.871846822090447 ], [ 653884.162214620504528, 6339748.362395619042218 ] ] ], [ [ [ 653938.547197854146361, 6340462.133739277720451 ], [ 653938.547197854146361, 6340467.624288075603545 ], [ 653933.108699530828744, 6340467.624288075603545 ], [ 653933.108699530828744, 6340495.077032062225044 ], [ 653938.547197854146361, 6340495.077032062225044 ], [ 653938.547197854146361, 6340506.058129657059908 ], [ 653943.985696177580394, 6340506.058129657059908 ], [ 653943.985696177580394, 6340511.548678454011679 ], [ 653938.547197854146361, 6340511.548678454011679 ], [ 653938.547197854146361, 6340517.039227251894772 ], [ 653933.108699530828744, 6340517.039227251894772 ], [ 653933.108699530828744, 6340555.473068833351135 ], [ 653938.547197854146361, 6340555.473068833351135 ], [ 653938.547197854146361, 6340566.454166428185999 ], [ 653965.739689470967278, 6340566.454166428185999 ], [ 653965.739689470967278, 6340571.94471522513777 ], [ 653971.17818779440131, 6340571.94471522513777 ], [ 653971.17818779440131, 6340577.435264023020864 ], [ 654014.686174381291494, 6340577.435264023020864 ], [ 654014.686174381291494, 6340588.416361617855728 ], [ 654020.124672704609111, 6340588.416361617855728 ], [ 654020.124672704609111, 6340599.397459212690592 ], [ 654025.563171028043143, 6340599.397459212690592 ], [ 654025.563171028043143, 6340604.888008009642363 ], [ 654031.001669351360761, 6340604.888008009642363 ], [ 654031.001669351360761, 6340610.378556806594133 ], [ 654036.440167674678378, 6340610.378556806594133 ], [ 654036.440167674678378, 6340626.850203199312091 ], [ 654025.563171028043143, 6340626.850203199312091 ], [ 654025.563171028043143, 6340632.340751996263862 ], [ 654009.247676057857461, 6340632.340751996263862 ], [ 654009.247676057857461, 6340637.831300794146955 ], [ 654003.809177734539844, 6340637.831300794146955 ], [ 654003.809177734539844, 6340632.340751996263862 ], [ 653971.17818779440131, 6340632.340751996263862 ], [ 653971.17818779440131, 6340637.831300794146955 ], [ 653960.301191147649661, 6340637.831300794146955 ], [ 653960.301191147649661, 6340665.284044780768454 ], [ 653987.493682764470577, 6340665.284044780768454 ], [ 653987.493682764470577, 6340670.774593577720225 ], [ 654047.317164321430027, 6340670.774593577720225 ], [ 654047.317164321430027, 6340676.265142375603318 ], [ 654074.509655938250944, 6340676.265142375603318 ], [ 654074.509655938250944, 6340703.717886362224817 ], [ 654079.948154261684977, 6340703.717886362224817 ], [ 654079.948154261684977, 6340709.208435160107911 ], [ 654085.386652585002594, 6340709.208435160107911 ], [ 654085.386652585002594, 6340720.189532754011452 ], [ 654101.702147555071861, 6340720.189532754011452 ], [ 654101.702147555071861, 6340736.66117914672941 ], [ 654112.57914420182351, 6340736.66117914672941 ], [ 654112.57914420182351, 6340742.15172794368118 ], [ 654118.017642525257543, 6340742.15172794368118 ], [ 654118.017642525257543, 6340753.132825538516045 ], [ 654101.702147555071861, 6340753.132825538516045 ], [ 654101.702147555071861, 6340780.585569525137544 ], [ 654107.140645878505893, 6340780.585569525137544 ], [ 654107.140645878505893, 6340786.076118323020637 ], [ 654118.017642525257543, 6340786.076118323020637 ], [ 654118.017642525257543, 6340791.566667119972408 ], [ 654150.648632465396076, 6340791.566667119972408 ], [ 654150.648632465396076, 6340786.076118323020637 ], [ 654172.402625758899376, 6340786.076118323020637 ], [ 654172.402625758899376, 6340780.585569525137544 ], [ 654188.718120728968643, 6340780.585569525137544 ], [ 654188.718120728968643, 6340775.095020728185773 ], [ 654194.15661905228626, 6340775.095020728185773 ], [ 654194.15661905228626, 6340769.604471931234002 ], [ 654215.910612345789559, 6340769.604471931234002 ], [ 654215.910612345789559, 6340764.113923133350909 ], [ 654221.349110669107176, 6340764.113923133350909 ], [ 654221.349110669107176, 6340758.623374336399138 ], [ 654237.664605639176443, 6340758.623374336399138 ], [ 654237.664605639176443, 6340753.132825538516045 ], [ 654248.541602285928093, 6340753.132825538516045 ], [ 654248.541602285928093, 6340747.642276741564274 ], [ 654259.418598932679743, 6340747.642276741564274 ], [ 654259.418598932679743, 6340742.15172794368118 ], [ 654270.295595579431392, 6340742.15172794368118 ], [ 654270.295595579431392, 6340736.66117914672941 ], [ 654275.734093902749009, 6340736.66117914672941 ], [ 654275.734093902749009, 6340731.170630348846316 ], [ 654281.172592226183042, 6340731.170630348846316 ], [ 654281.172592226183042, 6340725.680081551894546 ], [ 654286.611090549500659, 6340725.680081551894546 ], [ 654286.611090549500659, 6340698.227337565273046 ], [ 654281.172592226183042, 6340698.227337565273046 ], [ 654281.172592226183042, 6340687.246239970438182 ], [ 654286.611090549500659, 6340687.246239970438182 ], [ 654286.611090549500659, 6340681.755691172555089 ], [ 654297.488087196252309, 6340681.755691172555089 ], [ 654297.488087196252309, 6340676.265142375603318 ], [ 654319.242080489639193, 6340676.265142375603318 ], [ 654319.242080489639193, 6340670.774593577720225 ], [ 654324.680578813073225, 6340670.774593577720225 ], [ 654324.680578813073225, 6340665.284044780768454 ], [ 654335.557575459824875, 6340665.284044780768454 ], [ 654335.557575459824875, 6340659.793495982885361 ], [ 654357.311568753211759, 6340659.793495982885361 ], [ 654357.311568753211759, 6340654.30294718593359 ], [ 654362.750067076645792, 6340654.30294718593359 ], [ 654362.750067076645792, 6340615.869105604477227 ], [ 654357.311568753211759, 6340615.869105604477227 ], [ 654357.311568753211759, 6340610.378556806594133 ], [ 654351.873070429894142, 6340610.378556806594133 ], [ 654351.873070429894142, 6340604.888008009642363 ], [ 654340.996073783142492, 6340604.888008009642363 ], [ 654340.996073783142492, 6340599.397459212690592 ], [ 654335.557575459824875, 6340599.397459212690592 ], [ 654335.557575459824875, 6340588.416361617855728 ], [ 654324.680578813073225, 6340588.416361617855728 ], [ 654324.680578813073225, 6340582.925812819972634 ], [ 654319.242080489639193, 6340582.925812819972634 ], [ 654319.242080489639193, 6340571.94471522513777 ], [ 654313.803582166321576, 6340571.94471522513777 ], [ 654313.803582166321576, 6340560.963617630302906 ], [ 654302.926585519569926, 6340560.963617630302906 ], [ 654302.926585519569926, 6340555.473068833351135 ], [ 654297.488087196252309, 6340555.473068833351135 ], [ 654297.488087196252309, 6340544.491971238516271 ], [ 654259.418598932679743, 6340544.491971238516271 ], [ 654259.418598932679743, 6340555.473068833351135 ], [ 654253.980100609362125, 6340555.473068833351135 ], [ 654253.980100609362125, 6340560.963617630302906 ], [ 654243.103103962610476, 6340560.963617630302906 ], [ 654243.103103962610476, 6340566.454166428185999 ], [ 654237.664605639176443, 6340566.454166428185999 ], [ 654237.664605639176443, 6340571.94471522513777 ], [ 654226.787608992541209, 6340571.94471522513777 ], [ 654226.787608992541209, 6340577.435264023020864 ], [ 654221.349110669107176, 6340577.435264023020864 ], [ 654221.349110669107176, 6340582.925812819972634 ], [ 654215.910612345789559, 6340582.925812819972634 ], [ 654215.910612345789559, 6340615.869105604477227 ], [ 654205.03361569903791, 6340615.869105604477227 ], [ 654205.03361569903791, 6340637.831300794146955 ], [ 654183.27962240553461, 6340637.831300794146955 ], [ 654183.27962240553461, 6340593.906910414807498 ], [ 654166.964127435465343, 6340593.906910414807498 ], [ 654166.964127435465343, 6340588.416361617855728 ], [ 654161.525629112147726, 6340588.416361617855728 ], [ 654161.525629112147726, 6340566.454166428185999 ], [ 654166.964127435465343, 6340566.454166428185999 ], [ 654166.964127435465343, 6340539.0014224415645 ], [ 654161.525629112147726, 6340539.0014224415645 ], [ 654161.525629112147726, 6340533.510873643681407 ], [ 654156.087130788713694, 6340533.510873643681407 ], [ 654156.087130788713694, 6340528.020324846729636 ], [ 654150.648632465396076, 6340528.020324846729636 ], [ 654150.648632465396076, 6340506.058129657059908 ], [ 654145.210134142078459, 6340506.058129657059908 ], [ 654145.210134142078459, 6340495.077032062225044 ], [ 654150.648632465396076, 6340495.077032062225044 ], [ 654150.648632465396076, 6340484.09593446739018 ], [ 654156.087130788713694, 6340484.09593446739018 ], [ 654156.087130788713694, 6340478.605385670438409 ], [ 654166.964127435465343, 6340478.605385670438409 ], [ 654166.964127435465343, 6340473.114836872555315 ], [ 654188.718120728968643, 6340473.114836872555315 ], [ 654188.718120728968643, 6340478.605385670438409 ], [ 654199.595117375720292, 6340478.605385670438409 ], [ 654199.595117375720292, 6340484.09593446739018 ], [ 654210.472114022355527, 6340484.09593446739018 ], [ 654210.472114022355527, 6340495.077032062225044 ], [ 654215.910612345789559, 6340495.077032062225044 ], [ 654215.910612345789559, 6340506.058129657059908 ], [ 654210.472114022355527, 6340506.058129657059908 ], [ 654210.472114022355527, 6340533.510873643681407 ], [ 654243.103103962610476, 6340533.510873643681407 ], [ 654243.103103962610476, 6340517.039227251894772 ], [ 654248.541602285928093, 6340517.039227251894772 ], [ 654248.541602285928093, 6340511.548678454011679 ], [ 654259.418598932679743, 6340511.548678454011679 ], [ 654259.418598932679743, 6340506.058129657059908 ], [ 654264.85709725599736, 6340506.058129657059908 ], [ 654264.85709725599736, 6340500.567580859176815 ], [ 654270.295595579431392, 6340500.567580859176815 ], [ 654270.295595579431392, 6340495.077032062225044 ], [ 654275.734093902749009, 6340495.077032062225044 ], [ 654275.734093902749009, 6340489.58648326434195 ], [ 654281.172592226183042, 6340489.58648326434195 ], [ 654281.172592226183042, 6340456.643190480768681 ], [ 654275.734093902749009, 6340456.643190480768681 ], [ 654275.734093902749009, 6340445.662092885933816 ], [ 654270.295595579431392, 6340445.662092885933816 ], [ 654270.295595579431392, 6340440.171544088050723 ], [ 654281.172592226183042, 6340440.171544088050723 ], [ 654281.172592226183042, 6340412.718800101429224 ], [ 654253.980100609362125, 6340412.718800101429224 ], [ 654253.980100609362125, 6340407.228251304477453 ], [ 654259.418598932679743, 6340407.228251304477453 ], [ 654259.418598932679743, 6340379.775507316924632 ], [ 654253.980100609362125, 6340379.775507316924632 ], [ 654253.980100609362125, 6340368.794409722089767 ], [ 654226.787608992541209, 6340368.794409722089767 ], [ 654226.787608992541209, 6340385.266056114807725 ], [ 654215.910612345789559, 6340385.266056114807725 ], [ 654215.910612345789559, 6340379.775507316924632 ], [ 654210.472114022355527, 6340379.775507316924632 ], [ 654210.472114022355527, 6340368.794409722089767 ], [ 654199.595117375720292, 6340368.794409722089767 ], [ 654199.595117375720292, 6340363.303860925137997 ], [ 654194.15661905228626, 6340363.303860925137997 ], [ 654194.15661905228626, 6340357.813312128186226 ], [ 654128.894639171892777, 6340357.813312128186226 ], [ 654128.894639171892777, 6340352.322763330303133 ], [ 654123.45614084857516, 6340352.322763330303133 ], [ 654123.45614084857516, 6340346.832214533351362 ], [ 654118.017642525257543, 6340346.832214533351362 ], [ 654118.017642525257543, 6340341.341665735468268 ], [ 654090.825150908436626, 6340341.341665735468268 ], [ 654090.825150908436626, 6340346.832214533351362 ], [ 654085.386652585002594, 6340346.832214533351362 ], [ 654085.386652585002594, 6340352.322763330303133 ], [ 654074.509655938250944, 6340352.322763330303133 ], [ 654074.509655938250944, 6340357.813312128186226 ], [ 654069.071157614933327, 6340357.813312128186226 ], [ 654069.071157614933327, 6340363.303860925137997 ], [ 654063.632659291499294, 6340363.303860925137997 ], [ 654063.632659291499294, 6340368.794409722089767 ], [ 654058.194160968181677, 6340368.794409722089767 ], [ 654058.194160968181677, 6340374.284958519972861 ], [ 654052.75566264486406, 6340374.284958519972861 ], [ 654052.75566264486406, 6340379.775507316924632 ], [ 654047.317164321430027, 6340379.775507316924632 ], [ 654047.317164321430027, 6340396.247153709642589 ], [ 654031.001669351360761, 6340396.247153709642589 ], [ 654031.001669351360761, 6340352.322763330303133 ], [ 654003.809177734539844, 6340352.322763330303133 ], [ 654003.809177734539844, 6340363.303860925137997 ], [ 653987.493682764470577, 6340363.303860925137997 ], [ 653987.493682764470577, 6340368.794409722089767 ], [ 653976.616686117718928, 6340368.794409722089767 ], [ 653976.616686117718928, 6340374.284958519972861 ], [ 653971.17818779440131, 6340374.284958519972861 ], [ 653971.17818779440131, 6340407.228251304477453 ], [ 653976.616686117718928, 6340407.228251304477453 ], [ 653976.616686117718928, 6340418.209348899312317 ], [ 653992.932181087788194, 6340418.209348899312317 ], [ 653992.932181087788194, 6340434.680995291098952 ], [ 654003.809177734539844, 6340434.680995291098952 ], [ 654003.809177734539844, 6340440.171544088050723 ], [ 654020.124672704609111, 6340440.171544088050723 ], [ 654020.124672704609111, 6340445.662092885933816 ], [ 654025.563171028043143, 6340445.662092885933816 ], [ 654025.563171028043143, 6340451.152641682885587 ], [ 653949.424194500898011, 6340451.152641682885587 ], [ 653949.424194500898011, 6340456.643190480768681 ], [ 653943.985696177580394, 6340456.643190480768681 ], [ 653943.985696177580394, 6340462.133739277720451 ], [ 653938.547197854146361, 6340462.133739277720451 ] ], [ [ 654031.001669351360761, 6340451.152641682885587 ], [ 654031.001669351360761, 6340456.643190480768681 ], [ 654025.563171028043143, 6340456.643190480768681 ], [ 654025.563171028043143, 6340451.152641682885587 ], [ 654031.001669351360761, 6340451.152641682885587 ] ], [ [ 654128.894639171892777, 6340753.132825538516045 ], [ 654139.771635818644427, 6340753.132825538516045 ], [ 654139.771635818644427, 6340758.623374336399138 ], [ 654128.894639171892777, 6340758.623374336399138 ], [ 654128.894639171892777, 6340753.132825538516045 ] ], [ [ 654199.595117375720292, 6340725.680081551894546 ], [ 654205.03361569903791, 6340725.680081551894546 ], [ 654205.03361569903791, 6340731.170630348846316 ], [ 654199.595117375720292, 6340731.170630348846316 ], [ 654199.595117375720292, 6340725.680081551894546 ] ], [ [ 654112.57914420182351, 6340676.265142375603318 ], [ 654107.140645878505893, 6340676.265142375603318 ], [ 654107.140645878505893, 6340670.774593577720225 ], [ 654112.57914420182351, 6340670.774593577720225 ], [ 654112.57914420182351, 6340676.265142375603318 ] ], [ [ 654112.57914420182351, 6340665.284044780768454 ], [ 654118.017642525257543, 6340665.284044780768454 ], [ 654118.017642525257543, 6340670.774593577720225 ], [ 654112.57914420182351, 6340670.774593577720225 ], [ 654112.57914420182351, 6340665.284044780768454 ] ], [ [ 654183.27962240553461, 6340670.774593577720225 ], [ 654177.841124082216993, 6340670.774593577720225 ], [ 654177.841124082216993, 6340659.793495982885361 ], [ 654172.402625758899376, 6340659.793495982885361 ], [ 654172.402625758899376, 6340643.321849591098726 ], [ 654183.27962240553461, 6340643.321849591098726 ], [ 654183.27962240553461, 6340670.774593577720225 ] ], [ [ 654145.210134142078459, 6340665.284044780768454 ], [ 654128.894639171892777, 6340665.284044780768454 ], [ 654128.894639171892777, 6340648.812398388981819 ], [ 654139.771635818644427, 6340648.812398388981819 ], [ 654139.771635818644427, 6340654.30294718593359 ], [ 654145.210134142078459, 6340654.30294718593359 ], [ 654145.210134142078459, 6340665.284044780768454 ] ], [ [ 654063.632659291499294, 6340462.133739277720451 ], [ 654069.071157614933327, 6340462.133739277720451 ], [ 654069.071157614933327, 6340467.624288075603545 ], [ 654079.948154261684977, 6340467.624288075603545 ], [ 654079.948154261684977, 6340473.114836872555315 ], [ 654058.194160968181677, 6340473.114836872555315 ], [ 654058.194160968181677, 6340484.09593446739018 ], [ 654052.75566264486406, 6340484.09593446739018 ], [ 654052.75566264486406, 6340489.58648326434195 ], [ 654031.001669351360761, 6340489.58648326434195 ], [ 654031.001669351360761, 6340484.09593446739018 ], [ 654036.440167674678378, 6340484.09593446739018 ], [ 654036.440167674678378, 6340456.643190480768681 ], [ 654063.632659291499294, 6340456.643190480768681 ], [ 654063.632659291499294, 6340462.133739277720451 ] ], [ [ 654134.33313749532681, 6340434.680995291098952 ], [ 654123.45614084857516, 6340434.680995291098952 ], [ 654123.45614084857516, 6340429.190446493215859 ], [ 654128.894639171892777, 6340429.190446493215859 ], [ 654128.894639171892777, 6340423.699897696264088 ], [ 654134.33313749532681, 6340423.699897696264088 ], [ 654134.33313749532681, 6340434.680995291098952 ] ] ], [ [ [ 652780.1470549775986, 6340846.472155094146729 ], [ 652774.708556654164568, 6340846.472155094146729 ], [ 652774.708556654164568, 6340840.981606296263635 ], [ 652747.516065037343651, 6340840.981606296263635 ], [ 652747.516065037343651, 6340846.472155094146729 ], [ 652736.639068390592001, 6340846.472155094146729 ], [ 652736.639068390592001, 6340851.962703891098499 ], [ 652725.762071743956767, 6340851.962703891098499 ], [ 652725.762071743956767, 6340879.415447878651321 ], [ 652682.254085156950168, 6340879.415447878651321 ], [ 652682.254085156950168, 6340884.905996675603092 ], [ 652671.377088510314934, 6340884.905996675603092 ], [ 652671.377088510314934, 6340890.396545472554862 ], [ 652665.938590186880901, 6340890.396545472554862 ], [ 652665.938590186880901, 6340895.887094270437956 ], [ 652660.500091863563284, 6340895.887094270437956 ], [ 652660.500091863563284, 6340890.396545472554862 ], [ 652633.307600246742368, 6340890.396545472554862 ], [ 652633.307600246742368, 6340895.887094270437956 ], [ 652627.869101923308335, 6340895.887094270437956 ], [ 652627.869101923308335, 6340901.377643067389727 ], [ 652622.430603599990718, 6340901.377643067389727 ], [ 652622.430603599990718, 6340906.86819186527282 ], [ 652616.992105276673101, 6340906.86819186527282 ], [ 652616.992105276673101, 6340917.849289460107684 ], [ 652557.168623719597235, 6340917.849289460107684 ], [ 652557.168623719597235, 6340945.302033446729183 ], [ 652546.291627072845586, 6340945.302033446729183 ], [ 652546.291627072845586, 6340934.320935851894319 ], [ 652513.660637132707052, 6340934.320935851894319 ], [ 652513.660637132707052, 6340939.811484649777412 ], [ 652497.345142162637785, 6340939.811484649777412 ], [ 652497.345142162637785, 6340945.302033446729183 ], [ 652470.152650545816869, 6340945.302033446729183 ], [ 652470.152650545816869, 6340950.792582243680954 ], [ 652459.275653899065219, 6340950.792582243680954 ], [ 652459.275653899065219, 6340956.283131041564047 ], [ 652437.52166060556192, 6340956.283131041564047 ], [ 652437.52166060556192, 6340983.735875028185546 ], [ 652410.329168988741003, 6340983.735875028185546 ], [ 652410.329168988741003, 6340978.245326231233776 ], [ 652366.82118240185082, 6340978.245326231233776 ], [ 652366.82118240185082, 6340983.735875028185546 ], [ 652339.628690785029903, 6340983.735875028185546 ], [ 652339.628690785029903, 6340989.22642382606864 ], [ 652323.313195814960636, 6340989.22642382606864 ], [ 652323.313195814960636, 6340994.716972623020411 ], [ 652306.997700844891369, 6340994.716972623020411 ], [ 652306.997700844891369, 6341000.207521420903504 ], [ 652285.24370755138807, 6341000.207521420903504 ], [ 652285.24370755138807, 6341005.698070217855275 ], [ 652279.805209228070453, 6341005.698070217855275 ], [ 652279.805209228070453, 6341011.188619014807045 ], [ 652274.36671090463642, 6341011.188619014807045 ], [ 652274.36671090463642, 6341016.679167812690139 ], [ 652258.051215934567153, 6341016.679167812690139 ], [ 652258.051215934567153, 6341022.16971660964191 ], [ 652241.735720964497887, 6341022.16971660964191 ], [ 652241.735720964497887, 6341027.660265407525003 ], [ 652236.297222641063854, 6341027.660265407525003 ], [ 652236.297222641063854, 6341038.641363002359867 ], [ 652225.42022599442862, 6341038.641363002359867 ], [ 652225.42022599442862, 6341044.131911799311638 ], [ 652219.981727670994587, 6341044.131911799311638 ], [ 652219.981727670994587, 6341049.622460597194731 ], [ 652209.104731024242938, 6341049.622460597194731 ], [ 652209.104731024242938, 6341055.113009394146502 ], [ 652198.227734377607703, 6341055.113009394146502 ], [ 652198.227734377607703, 6341060.603558192029595 ], [ 652181.912239407422021, 6341060.603558192029595 ], [ 652181.912239407422021, 6341066.094106988981366 ], [ 652171.035242760786787, 6341066.094106988981366 ], [ 652171.035242760786787, 6341071.584655785933137 ], [ 652160.158246114035137, 6341071.584655785933137 ], [ 652160.158246114035137, 6341077.07520458381623 ], [ 652149.281249467283487, 6341077.07520458381623 ], [ 652149.281249467283487, 6341082.565753380768001 ], [ 652122.088757850462571, 6341082.565753380768001 ], [ 652122.088757850462571, 6341093.546850975602865 ], [ 652116.650259527144954, 6341093.546850975602865 ], [ 652116.650259527144954, 6341099.037399773485959 ], [ 652105.773262880393304, 6341099.037399773485959 ], [ 652105.773262880393304, 6341104.527948570437729 ], [ 652094.896266233641654, 6341104.527948570437729 ], [ 652094.896266233641654, 6341110.018497368320823 ], [ 652084.019269586890005, 6341110.018497368320823 ], [ 652084.019269586890005, 6341115.509046165272593 ], [ 652073.142272940138355, 6341115.509046165272593 ], [ 652073.142272940138355, 6341120.999594963155687 ], [ 652056.826777970069088, 6341120.999594963155687 ], [ 652056.826777970069088, 6341131.980692557059228 ], [ 652051.388279646751471, 6341131.980692557059228 ], [ 652051.388279646751471, 6341137.471241354942322 ], [ 652040.511283, 6341137.471241354942322 ], [ 652040.511283, 6341878.695329000242054 ], [ 652752.954563360777684, 6341878.695329000242054 ], [ 652752.954563360777684, 6341873.204780203290284 ], [ 652758.393061684095301, 6341873.204780203290284 ], [ 652758.393061684095301, 6341867.71423140540719 ], [ 652763.831560007412918, 6341867.71423140540719 ], [ 652763.831560007412918, 6341862.22368260845542 ], [ 652780.1470549775986, 6341862.22368260845542 ], [ 652780.1470549775986, 6341856.733133810572326 ], [ 652785.585553300916217, 6341856.733133810572326 ], [ 652785.585553300916217, 6341840.261487418785691 ], [ 652796.462549947667867, 6341840.261487418785691 ], [ 652796.462549947667867, 6341834.770938620902598 ], [ 652867.163028151378967, 6341834.770938620902598 ], [ 652867.163028151378967, 6341840.261487418785691 ], [ 652861.72452982806135, 6341840.261487418785691 ], [ 652861.72452982806135, 6341845.752036215737462 ], [ 652845.409034857875668, 6341845.752036215737462 ], [ 652845.409034857875668, 6341873.204780203290284 ], [ 652894.355519768199883, 6341873.204780203290284 ], [ 652894.355519768199883, 6341878.695329000242054 ], [ 653574.167810188722797, 6341878.695329000242054 ], [ 653574.167810188722797, 6341867.71423140540719 ], [ 653579.606308512156829, 6341867.71423140540719 ], [ 653579.606308512156829, 6341845.752036215737462 ], [ 653585.044806835474446, 6341845.752036215737462 ], [ 653585.044806835474446, 6341818.299292229115963 ], [ 653579.606308512156829, 6341818.299292229115963 ], [ 653579.606308512156829, 6341807.318194634281099 ], [ 653574.167810188722797, 6341807.318194634281099 ], [ 653574.167810188722797, 6341801.827645837329328 ], [ 653563.290813542087562, 6341801.827645837329328 ], [ 653563.290813542087562, 6341774.374901849776506 ], [ 653557.85231521865353, 6341774.374901849776506 ], [ 653557.85231521865353, 6341763.393804254941642 ], [ 653552.413816895335913, 6341763.393804254941642 ], [ 653552.413816895335913, 6341752.412706661038101 ], [ 653525.221325278514996, 6341752.412706661038101 ], [ 653525.221325278514996, 6341741.431609066203237 ], [ 653519.782826955080964, 6341741.431609066203237 ], [ 653519.782826955080964, 6341735.941060268320143 ], [ 653514.344328631763346, 6341735.941060268320143 ], [ 653514.344328631763346, 6341730.450511471368372 ], [ 653508.905830308445729, 6341730.450511471368372 ], [ 653508.905830308445729, 6341724.959962673485279 ], [ 653503.467331985011697, 6341724.959962673485279 ], [ 653503.467331985011697, 6341708.488316281698644 ], [ 653498.02883366169408, 6341708.488316281698644 ], [ 653498.02883366169408, 6341659.073377105407417 ], [ 653519.782826955080964, 6341659.073377105407417 ], [ 653519.782826955080964, 6341626.130084320902824 ], [ 653530.659823601832613, 6341626.130084320902824 ], [ 653530.659823601832613, 6341549.262401157990098 ], [ 653525.221325278514996, 6341549.262401157990098 ], [ 653525.221325278514996, 6341543.771852360107005 ], [ 653519.782826955080964, 6341543.771852360107005 ], [ 653519.782826955080964, 6341532.790754765272141 ], [ 653514.344328631763346, 6341532.790754765272141 ], [ 653514.344328631763346, 6341521.809657171368599 ], [ 653508.905830308445729, 6341521.809657171368599 ], [ 653508.905830308445729, 6341516.319108373485506 ], [ 653503.467331985011697, 6341516.319108373485506 ], [ 653503.467331985011697, 6341494.356913183815777 ], [ 653498.02883366169408, 6341494.356913183815777 ], [ 653498.02883366169408, 6341483.375815588980913 ], [ 653487.15183701494243, 6341483.375815588980913 ], [ 653487.15183701494243, 6341472.394717994146049 ], [ 653481.713338691508397, 6341472.394717994146049 ], [ 653481.713338691508397, 6341461.413620400242507 ], [ 653476.27484036819078, 6341461.413620400242507 ], [ 653476.27484036819078, 6341422.979778817854822 ], [ 653519.782826955080964, 6341422.979778817854822 ], [ 653519.782826955080964, 6341417.489230020903051 ], [ 653525.221325278514996, 6341417.489230020903051 ], [ 653525.221325278514996, 6341411.99868122395128 ], [ 653536.098321925266646, 6341411.99868122395128 ], [ 653536.098321925266646, 6341406.508132426068187 ], [ 653541.536820248584263, 6341406.508132426068187 ], [ 653541.536820248584263, 6341401.017583629116416 ], [ 653552.413816895335913, 6341401.017583629116416 ], [ 653552.413816895335913, 6341395.527034831233323 ], [ 653557.85231521865353, 6341395.527034831233323 ], [ 653557.85231521865353, 6341390.036486034281552 ], [ 653563.290813542087562, 6341390.036486034281552 ], [ 653563.290813542087562, 6341362.58374204672873 ], [ 653557.85231521865353, 6341362.58374204672873 ], [ 653557.85231521865353, 6341346.112095654942095 ], [ 653563.290813542087562, 6341346.112095654942095 ], [ 653563.290813542087562, 6341280.225510086864233 ], [ 653557.85231521865353, 6341280.225510086864233 ], [ 653557.85231521865353, 6341274.73496128898114 ], [ 653546.97531857190188, 6341274.73496128898114 ], [ 653546.97531857190188, 6341263.753863694146276 ], [ 653574.167810188722797, 6341263.753863694146276 ], [ 653574.167810188722797, 6341230.810570910573006 ], [ 653568.72931186540518, 6341230.810570910573006 ], [ 653568.72931186540518, 6341225.320022112689912 ], [ 653519.782826955080964, 6341225.320022112689912 ], [ 653519.782826955080964, 6341219.829473315738142 ], [ 653536.098321925266646, 6341219.829473315738142 ], [ 653536.098321925266646, 6341197.867278126068413 ], [ 653568.72931186540518, 6341197.867278126068413 ], [ 653568.72931186540518, 6341159.43343654461205 ], [ 653557.85231521865353, 6341159.43343654461205 ], [ 653557.85231521865353, 6341148.452338949777186 ], [ 653563.290813542087562, 6341148.452338949777186 ], [ 653563.290813542087562, 6341142.961790151894093 ], [ 653568.72931186540518, 6341142.961790151894093 ], [ 653568.72931186540518, 6341115.509046165272593 ], [ 653590.483305158908479, 6341115.509046165272593 ], [ 653590.483305158908479, 6341126.490143760107458 ], [ 653579.606308512156829, 6341126.490143760107458 ], [ 653579.606308512156829, 6341153.942887746728957 ], [ 653585.044806835474446, 6341153.942887746728957 ], [ 653585.044806835474446, 6341159.43343654461205 ], [ 653612.237298452295363, 6341159.43343654461205 ], [ 653612.237298452295363, 6341153.942887746728957 ], [ 653623.114295099047013, 6341153.942887746728957 ], [ 653623.114295099047013, 6341131.980692557059228 ], [ 653628.55279342236463, 6341131.980692557059228 ], [ 653628.55279342236463, 6341104.527948570437729 ], [ 653655.745285039185546, 6341104.527948570437729 ], [ 653655.745285039185546, 6341093.546850975602865 ], [ 653661.183783362619579, 6341093.546850975602865 ], [ 653661.183783362619579, 6341082.565753380768001 ], [ 653677.499278332688846, 6341082.565753380768001 ], [ 653677.499278332688846, 6341071.584655785933137 ], [ 653682.937776656006463, 6341071.584655785933137 ], [ 653682.937776656006463, 6341060.603558192029595 ], [ 653688.376274979440495, 6341060.603558192029595 ], [ 653688.376274979440495, 6341055.113009394146502 ], [ 653693.814773302758113, 6341055.113009394146502 ], [ 653693.814773302758113, 6341049.622460597194731 ], [ 653699.253271626192145, 6341049.622460597194731 ], [ 653699.253271626192145, 6341016.679167812690139 ], [ 653693.814773302758113, 6341016.679167812690139 ], [ 653693.814773302758113, 6341005.698070217855275 ], [ 653710.130268272827379, 6341005.698070217855275 ], [ 653710.130268272827379, 6340978.245326231233776 ], [ 653704.691769949509762, 6340978.245326231233776 ], [ 653704.691769949509762, 6340972.754777433350682 ], [ 653699.253271626192145, 6340972.754777433350682 ], [ 653699.253271626192145, 6340967.264228636398911 ], [ 653693.814773302758113, 6340967.264228636398911 ], [ 653693.814773302758113, 6340950.792582243680954 ], [ 653688.376274979440495, 6340950.792582243680954 ], [ 653688.376274979440495, 6340945.302033446729183 ], [ 653655.745285039185546, 6340945.302033446729183 ], [ 653655.745285039185546, 6340934.320935851894319 ], [ 653661.183783362619579, 6340934.320935851894319 ], [ 653661.183783362619579, 6340928.830387054942548 ], [ 653672.060780009371229, 6340928.830387054942548 ], [ 653672.060780009371229, 6340923.339838257059455 ], [ 653677.499278332688846, 6340923.339838257059455 ], [ 653677.499278332688846, 6340895.887094270437956 ], [ 653655.745285039185546, 6340895.887094270437956 ], [ 653655.745285039185546, 6340890.396545472554862 ], [ 653661.183783362619579, 6340890.396545472554862 ], [ 653661.183783362619579, 6340884.905996675603092 ], [ 653666.622281685937196, 6340884.905996675603092 ], [ 653666.622281685937196, 6340879.415447878651321 ], [ 653682.937776656006463, 6340879.415447878651321 ], [ 653682.937776656006463, 6340873.924899080768228 ], [ 653688.376274979440495, 6340873.924899080768228 ], [ 653688.376274979440495, 6340862.943801485933363 ], [ 653699.253271626192145, 6340862.943801485933363 ], [ 653699.253271626192145, 6340857.453252688981593 ], [ 653710.130268272827379, 6340857.453252688981593 ], [ 653710.130268272827379, 6340851.962703891098499 ], [ 653715.568766596261412, 6340851.962703891098499 ], [ 653715.568766596261412, 6340840.981606296263635 ], [ 653721.007264919579029, 6340840.981606296263635 ], [ 653721.007264919579029, 6340835.491057499311864 ], [ 653737.322759889648296, 6340835.491057499311864 ], [ 653737.322759889648296, 6340824.509959904477 ], [ 653753.638254859833978, 6340824.509959904477 ], [ 653753.638254859833978, 6340819.019411107525229 ], [ 653759.076753183151595, 6340819.019411107525229 ], [ 653759.076753183151595, 6340808.038313512690365 ], [ 653764.515251506469212, 6340808.038313512690365 ], [ 653764.515251506469212, 6340802.547764714807272 ], [ 653775.392248153220862, 6340802.547764714807272 ], [ 653775.392248153220862, 6340797.057215917855501 ], [ 653780.830746476654895, 6340797.057215917855501 ], [ 653780.830746476654895, 6340786.076118323020637 ], [ 653813.461736416793428, 6340786.076118323020637 ], [ 653813.461736416793428, 6340797.057215917855501 ], [ 653840.654228033614345, 6340797.057215917855501 ], [ 653840.654228033614345, 6340742.15172794368118 ], [ 653846.092726356931962, 6340742.15172794368118 ], [ 653846.092726356931962, 6340736.66117914672941 ], [ 653851.531224680365995, 6340736.66117914672941 ], [ 653851.531224680365995, 6340709.208435160107911 ], [ 653856.969723003683612, 6340709.208435160107911 ], [ 653856.969723003683612, 6340698.227337565273046 ], [ 653862.408221327117644, 6340698.227337565273046 ], [ 653862.408221327117644, 6340687.246239970438182 ], [ 653867.846719650435261, 6340687.246239970438182 ], [ 653867.846719650435261, 6340676.265142375603318 ], [ 653873.285217973752879, 6340676.265142375603318 ], [ 653873.285217973752879, 6340670.774593577720225 ], [ 653878.723716297186911, 6340670.774593577720225 ], [ 653878.723716297186911, 6340610.378556806594133 ], [ 653884.162214620504528, 6340610.378556806594133 ], [ 653884.162214620504528, 6340599.397459212690592 ], [ 653895.039211267256178, 6340599.397459212690592 ], [ 653895.039211267256178, 6340571.94471522513777 ], [ 653900.477709590573795, 6340571.94471522513777 ], [ 653900.477709590573795, 6340544.491971238516271 ], [ 653905.916207914007828, 6340544.491971238516271 ], [ 653905.916207914007828, 6340506.058129657059908 ], [ 653911.354706237325445, 6340506.058129657059908 ], [ 653911.354706237325445, 6340440.171544088050723 ], [ 653905.916207914007828, 6340440.171544088050723 ], [ 653905.916207914007828, 6340429.190446493215859 ], [ 653900.477709590573795, 6340429.190446493215859 ], [ 653900.477709590573795, 6340379.775507316924632 ], [ 653895.039211267256178, 6340379.775507316924632 ], [ 653895.039211267256178, 6340374.284958519972861 ], [ 653889.600712943938561, 6340374.284958519972861 ], [ 653889.600712943938561, 6340363.303860925137997 ], [ 653884.162214620504528, 6340363.303860925137997 ], [ 653884.162214620504528, 6340324.870019343681633 ], [ 653878.723716297186911, 6340324.870019343681633 ], [ 653878.723716297186911, 6340313.888921748846769 ], [ 653884.162214620504528, 6340313.888921748846769 ], [ 653884.162214620504528, 6340319.37947054579854 ], [ 653889.600712943938561, 6340319.37947054579854 ], [ 653889.600712943938561, 6340324.870019343681633 ], [ 653895.039211267256178, 6340324.870019343681633 ], [ 653895.039211267256178, 6340330.360568140633404 ], [ 653900.477709590573795, 6340330.360568140633404 ], [ 653900.477709590573795, 6340335.851116938516498 ], [ 653905.916207914007828, 6340335.851116938516498 ], [ 653905.916207914007828, 6340341.341665735468268 ], [ 653895.039211267256178, 6340341.341665735468268 ], [ 653895.039211267256178, 6340368.794409722089767 ], [ 653900.477709590573795, 6340368.794409722089767 ], [ 653900.477709590573795, 6340374.284958519972861 ], [ 653905.916207914007828, 6340374.284958519972861 ], [ 653905.916207914007828, 6340379.775507316924632 ], [ 653911.354706237325445, 6340379.775507316924632 ], [ 653911.354706237325445, 6340401.73770250659436 ], [ 653916.793204560759477, 6340401.73770250659436 ], [ 653916.793204560759477, 6340407.228251304477453 ], [ 653943.985696177580394, 6340407.228251304477453 ], [ 653943.985696177580394, 6340341.341665735468268 ], [ 653938.547197854146361, 6340341.341665735468268 ], [ 653938.547197854146361, 6340319.37947054579854 ], [ 653933.108699530828744, 6340319.37947054579854 ], [ 653933.108699530828744, 6340308.398372951894999 ], [ 653927.670201207394712, 6340308.398372951894999 ], [ 653927.670201207394712, 6340291.926726559177041 ], [ 653911.354706237325445, 6340291.926726559177041 ], [ 653911.354706237325445, 6340286.43617776222527 ], [ 653900.477709590573795, 6340286.43617776222527 ], [ 653900.477709590573795, 6340280.945628964342177 ], [ 653905.916207914007828, 6340280.945628964342177 ], [ 653905.916207914007828, 6340248.002336180768907 ], [ 653900.477709590573795, 6340248.002336180768907 ], [ 653900.477709590573795, 6340242.511787382885814 ], [ 653895.039211267256178, 6340242.511787382885814 ], [ 653895.039211267256178, 6340220.549592193216085 ], [ 653889.600712943938561, 6340220.549592193216085 ], [ 653889.600712943938561, 6340215.059043396264315 ], [ 653884.162214620504528, 6340215.059043396264315 ], [ 653884.162214620504528, 6340209.568494598381221 ], [ 653856.969723003683612, 6340209.568494598381221 ], [ 653856.969723003683612, 6340171.134653016924858 ], [ 653851.531224680365995, 6340171.134653016924858 ], [ 653851.531224680365995, 6340154.663006625138223 ], [ 653846.092726356931962, 6340154.663006625138223 ], [ 653846.092726356931962, 6340127.210262638516724 ], [ 653840.654228033614345, 6340127.210262638516724 ], [ 653840.654228033614345, 6340116.22916504368186 ], [ 653846.092726356931962, 6340116.22916504368186 ], [ 653846.092726356931962, 6340110.738616245798767 ], [ 653851.531224680365995, 6340110.738616245798767 ], [ 653851.531224680365995, 6340105.248067448846996 ], [ 653856.969723003683612, 6340105.248067448846996 ], [ 653856.969723003683612, 6340072.304774664342403 ], [ 653835.215729710296728, 6340072.304774664342403 ], [ 653835.215729710296728, 6340066.814225867390633 ], [ 653802.584739770041779, 6340066.814225867390633 ], [ 653802.584739770041779, 6340072.304774664342403 ], [ 653775.392248153220862, 6340072.304774664342403 ], [ 653775.392248153220862, 6340077.795323461294174 ], [ 653769.953749829903245, 6340077.795323461294174 ], [ 653769.953749829903245, 6340072.304774664342403 ], [ 653759.076753183151595, 6340072.304774664342403 ], [ 653759.076753183151595, 6340066.814225867390633 ], [ 653753.638254859833978, 6340066.814225867390633 ], [ 653753.638254859833978, 6340061.323677069507539 ], [ 653742.761258213082328, 6340061.323677069507539 ], [ 653742.761258213082328, 6340055.833128272555768 ], [ 653737.322759889648296, 6340055.833128272555768 ], [ 653737.322759889648296, 6340050.342579474672675 ], [ 653731.884261566330679, 6340050.342579474672675 ], [ 653731.884261566330679, 6340039.361481879837811 ], [ 653710.130268272827379, 6340039.361481879837811 ], [ 653710.130268272827379, 6340028.380384285002947 ], [ 653704.691769949509762, 6340028.380384285002947 ], [ 653704.691769949509762, 6340022.889835488051176 ], [ 653699.253271626192145, 6340022.889835488051176 ], [ 653699.253271626192145, 6340017.399286691099405 ], [ 653693.814773302758113, 6340017.399286691099405 ], [ 653693.814773302758113, 6340011.908737893216312 ], [ 653688.376274979440495, 6340011.908737893216312 ], [ 653688.376274979440495, 6340006.418189096264541 ], [ 653677.499278332688846, 6340006.418189096264541 ], [ 653677.499278332688846, 6339995.437091501429677 ], [ 653666.622281685937196, 6339995.437091501429677 ], [ 653666.622281685937196, 6339989.946542703546584 ], [ 653655.745285039185546, 6339989.946542703546584 ], [ 653655.745285039185546, 6339984.455993906594813 ], [ 653650.306786715867929, 6339984.455993906594813 ], [ 653650.306786715867929, 6339978.96544510871172 ], [ 653639.429790069116279, 6339978.96544510871172 ], [ 653639.429790069116279, 6339967.984347513876855 ], [ 653633.991291745798662, 6339967.984347513876855 ], [ 653633.991291745798662, 6339962.493798716925085 ], [ 653617.675796775729395, 6339962.493798716925085 ], [ 653617.675796775729395, 6339951.51270112209022 ], [ 653612.237298452295363, 6339951.51270112209022 ], [ 653612.237298452295363, 6339946.02215232513845 ], [ 653590.483305158908479, 6339946.02215232513845 ], [ 653590.483305158908479, 6339929.550505932420492 ], [ 653574.167810188722797, 6339929.550505932420492 ], [ 653574.167810188722797, 6339918.569408337585628 ], [ 653568.72931186540518, 6339918.569408337585628 ], [ 653568.72931186540518, 6339913.078859540633857 ], [ 653557.85231521865353, 6339913.078859540633857 ], [ 653557.85231521865353, 6339907.588310742750764 ], [ 653530.659823601832613, 6339907.588310742750764 ], [ 653530.659823601832613, 6339935.041054730303586 ], [ 653536.098321925266646, 6339935.041054730303586 ], [ 653536.098321925266646, 6339940.531603527255356 ], [ 653525.221325278514996, 6339940.531603527255356 ], [ 653525.221325278514996, 6339935.041054730303586 ], [ 653519.782826955080964, 6339935.041054730303586 ], [ 653519.782826955080964, 6339924.059957135468721 ], [ 653465.397843721439131, 6339924.059957135468721 ], [ 653465.397843721439131, 6339918.569408337585628 ], [ 653459.959345398121513, 6339918.569408337585628 ], [ 653459.959345398121513, 6339913.078859540633857 ], [ 653449.082348751369864, 6339913.078859540633857 ], [ 653449.082348751369864, 6339907.588310742750764 ], [ 653443.643850428052247, 6339907.588310742750764 ], [ 653443.643850428052247, 6339902.097761945798993 ], [ 653432.766853781300597, 6339902.097761945798993 ], [ 653432.766853781300597, 6339896.607213148847222 ], [ 653416.45135881123133, 6339896.607213148847222 ], [ 653416.45135881123133, 6339891.116664350964129 ], [ 653411.012860487797298, 6339891.116664350964129 ], [ 653411.012860487797298, 6339885.626115554012358 ], [ 653400.135863841045648, 6339885.626115554012358 ], [ 653400.135863841045648, 6339880.135566756129265 ], [ 653389.258867194410414, 6339880.135566756129265 ], [ 653389.258867194410414, 6339874.645017959177494 ], [ 653383.820368870976381, 6339874.645017959177494 ], [ 653383.820368870976381, 6339869.154469161294401 ], [ 653367.504873900907114, 6339869.154469161294401 ], [ 653367.504873900907114, 6339863.66392036434263 ], [ 653356.627877254155464, 6339863.66392036434263 ], [ 653356.627877254155464, 6339858.173371566459537 ], [ 653334.87388396076858, 6339858.173371566459537 ], [ 653334.87388396076858, 6339852.682822769507766 ], [ 653329.435385637334548, 6339852.682822769507766 ], [ 653329.435385637334548, 6339847.192273971624672 ], [ 653313.119890667265281, 6339847.192273971624672 ], [ 653313.119890667265281, 6339841.701725174672902 ], [ 653264.173405756941065, 6339841.701725174672902 ], [ 653264.173405756941065, 6339836.211176377721131 ], [ 653247.857910786871798, 6339836.211176377721131 ], [ 653247.857910786871798, 6339830.720627579838037 ], [ 653242.419412463554181, 6339830.720627579838037 ], [ 653242.419412463554181, 6339825.230078782886267 ], [ 653226.103917493484914, 6339825.230078782886267 ], [ 653226.103917493484914, 6339819.739529985003173 ], [ 653160.841937613091432, 6339819.739529985003173 ], [ 653160.841937613091432, 6339814.248981188051403 ], [ 653133.649445996270515, 6339814.248981188051403 ], [ 653133.649445996270515, 6339819.739529985003173 ], [ 653101.018456056015566, 6339819.739529985003173 ], [ 653101.018456056015566, 6339825.230078782886267 ], [ 653079.264462762628682, 6339825.230078782886267 ], [ 653079.264462762628682, 6339836.211176377721131 ], [ 653068.387466115877032, 6339836.211176377721131 ], [ 653068.387466115877032, 6339841.701725174672902 ], [ 652921.5480113850208, 6339841.701725174672902 ], [ 652921.5480113850208, 6339847.192273971624672 ], [ 652916.109513061703183, 6339847.192273971624672 ], [ 652916.109513061703183, 6339852.682822769507766 ], [ 652894.355519768199883, 6339852.682822769507766 ], [ 652894.355519768199883, 6339858.173371566459537 ], [ 652829.093539887806401, 6339858.173371566459537 ], [ 652829.093539887806401, 6339863.66392036434263 ], [ 652763.831560007412918, 6339863.66392036434263 ], [ 652763.831560007412918, 6339869.154469161294401 ], [ 652736.639068390592001, 6339869.154469161294401 ], [ 652736.639068390592001, 6339874.645017959177494 ], [ 652698.56958012713585, 6339874.645017959177494 ], [ 652698.56958012713585, 6339880.135566756129265 ], [ 652671.377088510314934, 6339880.135566756129265 ], [ 652671.377088510314934, 6339885.626115554012358 ], [ 652660.500091863563284, 6339885.626115554012358 ], [ 652660.500091863563284, 6339891.116664350964129 ], [ 652649.623095216811635, 6339891.116664350964129 ], [ 652649.623095216811635, 6339896.607213148847222 ], [ 652633.307600246742368, 6339896.607213148847222 ], [ 652633.307600246742368, 6339902.097761945798993 ], [ 652584.361115336418152, 6339902.097761945798993 ], [ 652584.361115336418152, 6339913.078859540633857 ], [ 652491.906643839203753, 6339913.078859540633857 ], [ 652491.906643839203753, 6339918.569408337585628 ], [ 652383.136677371920086, 6339918.569408337585628 ], [ 652383.136677371920086, 6339913.078859540633857 ], [ 652361.382684078533202, 6339913.078859540633857 ], [ 652361.382684078533202, 6339907.588310742750764 ], [ 652339.628690785029903, 6339907.588310742750764 ], [ 652339.628690785029903, 6339902.097761945798993 ], [ 652312.436199168208987, 6339902.097761945798993 ], [ 652312.436199168208987, 6339896.607213148847222 ], [ 652306.997700844891369, 6339896.607213148847222 ], [ 652306.997700844891369, 6339891.116664350964129 ], [ 652301.559202521457337, 6339891.116664350964129 ], [ 652301.559202521457337, 6339885.626115554012358 ], [ 652296.12070419813972, 6339885.626115554012358 ], [ 652296.12070419813972, 6339880.135566756129265 ], [ 652279.805209228070453, 6339880.135566756129265 ], [ 652279.805209228070453, 6339874.645017959177494 ], [ 652268.928212581318803, 6339874.645017959177494 ], [ 652268.928212581318803, 6339869.154469161294401 ], [ 652263.489714257884771, 6339869.154469161294401 ], [ 652263.489714257884771, 6339863.66392036434263 ], [ 652241.735720964497887, 6339863.66392036434263 ], [ 652241.735720964497887, 6339858.173371566459537 ], [ 652209.104731024242938, 6339858.173371566459537 ], [ 652209.104731024242938, 6339852.682822769507766 ], [ 652198.227734377607703, 6339852.682822769507766 ], [ 652198.227734377607703, 6339841.701725174672902 ], [ 652176.473741084104404, 6339841.701725174672902 ], [ 652176.473741084104404, 6339836.211176377721131 ], [ 652171.035242760786787, 6339836.211176377721131 ], [ 652171.035242760786787, 6339830.720627579838037 ], [ 652165.596744437352754, 6339830.720627579838037 ], [ 652165.596744437352754, 6339819.739529985003173 ], [ 652154.719747790601104, 6339819.739529985003173 ], [ 652154.719747790601104, 6339814.248981188051403 ], [ 652143.84275114396587, 6339814.248981188051403 ], [ 652143.84275114396587, 6339808.758432390168309 ], [ 652138.404252820531838, 6339808.758432390168309 ], [ 652138.404252820531838, 6339803.267883593216538 ], [ 652132.96575449721422, 6339803.267883593216538 ], [ 652132.96575449721422, 6339797.777334795333445 ], [ 652127.527256173780188, 6339797.777334795333445 ], [ 652127.527256173780188, 6339792.286785998381674 ], [ 652122.088757850462571, 6339792.286785998381674 ], [ 652122.088757850462571, 6339781.30568840354681 ], [ 652116.650259527144954, 6339781.30568840354681 ], [ 652116.650259527144954, 6339775.815139606595039 ], [ 652105.773262880393304, 6339775.815139606595039 ], [ 652105.773262880393304, 6339770.324590808711946 ], [ 652100.334764556959271, 6339770.324590808711946 ], [ 652100.334764556959271, 6339764.834042011760175 ], [ 652089.457767910324037, 6339764.834042011760175 ], [ 652089.457767910324037, 6339759.343493213877082 ], [ 652084.019269586890005, 6339759.343493213877082 ], [ 652084.019269586890005, 6339753.852944416925311 ], [ 652078.580771263572387, 6339753.852944416925311 ], [ 652078.580771263572387, 6339742.871846822090447 ], [ 652067.703774616820738, 6339742.871846822090447 ], [ 652067.703774616820738, 6339737.381298024207354 ], [ 652062.265276293503121, 6339737.381298024207354 ], [ 652062.265276293503121, 6339731.890749227255583 ], [ 652040.511283, 6339731.890749227255583 ], [ 652040.511283, 6339935.041054730303586 ], [ 652078.580771263572387, 6339935.041054730303586 ], [ 652078.580771263572387, 6339940.531603527255356 ], [ 652116.650259527144954, 6339940.531603527255356 ], [ 652116.650259527144954, 6339951.51270112209022 ], [ 652122.088757850462571, 6339951.51270112209022 ], [ 652122.088757850462571, 6339957.003249919973314 ], [ 652138.404252820531838, 6339957.003249919973314 ], [ 652138.404252820531838, 6339962.493798716925085 ], [ 652143.84275114396587, 6339962.493798716925085 ], [ 652143.84275114396587, 6339967.984347513876855 ], [ 652105.773262880393304, 6339967.984347513876855 ], [ 652105.773262880393304, 6339978.96544510871172 ], [ 652094.896266233641654, 6339978.96544510871172 ], [ 652094.896266233641654, 6339984.455993906594813 ], [ 652084.019269586890005, 6339984.455993906594813 ], [ 652084.019269586890005, 6339995.437091501429677 ], [ 652078.580771263572387, 6339995.437091501429677 ], [ 652078.580771263572387, 6340033.87093308288604 ], [ 652105.773262880393304, 6340033.87093308288604 ], [ 652105.773262880393304, 6340039.361481879837811 ], [ 652138.404252820531838, 6340039.361481879837811 ], [ 652138.404252820531838, 6340028.380384285002947 ], [ 652143.84275114396587, 6340028.380384285002947 ], [ 652143.84275114396587, 6340017.399286691099405 ], [ 652149.281249467283487, 6340017.399286691099405 ], [ 652149.281249467283487, 6340011.908737893216312 ], [ 652154.719747790601104, 6340011.908737893216312 ], [ 652154.719747790601104, 6339978.96544510871172 ], [ 652171.035242760786787, 6339978.96544510871172 ], [ 652171.035242760786787, 6339984.455993906594813 ], [ 652203.66623270092532, 6339984.455993906594813 ], [ 652203.66623270092532, 6339989.946542703546584 ], [ 652214.54322934767697, 6339989.946542703546584 ], [ 652214.54322934767697, 6339995.437091501429677 ], [ 652230.858724317746237, 6339995.437091501429677 ], [ 652230.858724317746237, 6340000.927640298381448 ], [ 652252.612717611249536, 6340000.927640298381448 ], [ 652252.612717611249536, 6340006.418189096264541 ], [ 652268.928212581318803, 6340006.418189096264541 ], [ 652268.928212581318803, 6340011.908737893216312 ], [ 652279.805209228070453, 6340011.908737893216312 ], [ 652279.805209228070453, 6340017.399286691099405 ], [ 652312.436199168208987, 6340017.399286691099405 ], [ 652312.436199168208987, 6340022.889835488051176 ], [ 652323.313195814960636, 6340022.889835488051176 ], [ 652323.313195814960636, 6340028.380384285002947 ], [ 652339.628690785029903, 6340028.380384285002947 ], [ 652339.628690785029903, 6340033.87093308288604 ], [ 652366.82118240185082, 6340033.87093308288604 ], [ 652366.82118240185082, 6340039.361481879837811 ], [ 652383.136677371920086, 6340039.361481879837811 ], [ 652383.136677371920086, 6340072.304774664342403 ], [ 652410.329168988741003, 6340072.304774664342403 ], [ 652410.329168988741003, 6340055.833128272555768 ], [ 652415.767667312175035, 6340055.833128272555768 ], [ 652415.767667312175035, 6340044.852030677720904 ], [ 652442.960158928995952, 6340044.852030677720904 ], [ 652442.960158928995952, 6340039.361481879837811 ], [ 652513.660637132707052, 6340039.361481879837811 ], [ 652513.660637132707052, 6340044.852030677720904 ], [ 652502.783640485955402, 6340044.852030677720904 ], [ 652502.783640485955402, 6340061.323677069507539 ], [ 652497.345142162637785, 6340061.323677069507539 ], [ 652497.345142162637785, 6340066.814225867390633 ], [ 652481.029647192568518, 6340066.814225867390633 ], [ 652481.029647192568518, 6340094.266969854012132 ], [ 652546.291627072845586, 6340094.266969854012132 ], [ 652546.291627072845586, 6340061.323677069507539 ], [ 652540.853128749527968, 6340061.323677069507539 ], [ 652540.853128749527968, 6340055.833128272555768 ], [ 652557.168623719597235, 6340055.833128272555768 ], [ 652557.168623719597235, 6340022.889835488051176 ], [ 652578.922617013100535, 6340022.889835488051176 ], [ 652578.922617013100535, 6340017.399286691099405 ], [ 652589.799613659852184, 6340017.399286691099405 ], [ 652589.799613659852184, 6340006.418189096264541 ], [ 652595.238111983169802, 6340006.418189096264541 ], [ 652595.238111983169802, 6340017.399286691099405 ], [ 652644.184596893494017, 6340017.399286691099405 ], [ 652644.184596893494017, 6340006.418189096264541 ], [ 652660.500091863563284, 6340006.418189096264541 ], [ 652660.500091863563284, 6340000.927640298381448 ], [ 652676.815586833632551, 6340000.927640298381448 ], [ 652676.815586833632551, 6340006.418189096264541 ], [ 652725.762071743956767, 6340006.418189096264541 ], [ 652725.762071743956767, 6340017.399286691099405 ], [ 652752.954563360777684, 6340017.399286691099405 ], [ 652752.954563360777684, 6340000.927640298381448 ], [ 652763.831560007412918, 6340000.927640298381448 ], [ 652763.831560007412918, 6340011.908737893216312 ], [ 652769.27005833084695, 6340011.908737893216312 ], [ 652769.27005833084695, 6340039.361481879837811 ], [ 652796.462549947667867, 6340039.361481879837811 ], [ 652796.462549947667867, 6340022.889835488051176 ], [ 652801.901048270985484, 6340022.889835488051176 ], [ 652801.901048270985484, 6339995.437091501429677 ], [ 652807.339546594419517, 6339995.437091501429677 ], [ 652807.339546594419517, 6339989.946542703546584 ], [ 652823.655041564488783, 6339989.946542703546584 ], [ 652823.655041564488783, 6339984.455993906594813 ], [ 652839.97053653455805, 6339984.455993906594813 ], [ 652839.97053653455805, 6339978.96544510871172 ], [ 652867.163028151378967, 6339978.96544510871172 ], [ 652867.163028151378967, 6339973.474896311759949 ], [ 652872.601526474696584, 6339973.474896311759949 ], [ 652872.601526474696584, 6339978.96544510871172 ], [ 652878.040024798130617, 6339978.96544510871172 ], [ 652878.040024798130617, 6339984.455993906594813 ], [ 652916.109513061703183, 6339984.455993906594813 ], [ 652916.109513061703183, 6339978.96544510871172 ], [ 652943.302004678524099, 6339978.96544510871172 ], [ 652943.302004678524099, 6339967.984347513876855 ], [ 652975.932994618662633, 6339967.984347513876855 ], [ 652975.932994618662633, 6339984.455993906594813 ], [ 653014.002482882235199, 6339984.455993906594813 ], [ 653014.002482882235199, 6339978.96544510871172 ], [ 653019.440981205552816, 6339978.96544510871172 ], [ 653019.440981205552816, 6339967.984347513876855 ], [ 653030.317977852304466, 6339967.984347513876855 ], [ 653030.317977852304466, 6339978.96544510871172 ], [ 653073.825964439194649, 6339978.96544510871172 ], [ 653073.825964439194649, 6339973.474896311759949 ], [ 653090.141459409380332, 6339973.474896311759949 ], [ 653090.141459409380332, 6339962.493798716925085 ], [ 653095.579957732697949, 6339962.493798716925085 ], [ 653095.579957732697949, 6339957.003249919973314 ], [ 653106.456954379449598, 6339957.003249919973314 ], [ 653106.456954379449598, 6339951.51270112209022 ], [ 653122.772449349518865, 6339951.51270112209022 ], [ 653122.772449349518865, 6339946.02215232513845 ], [ 653128.210947672836483, 6339946.02215232513845 ], [ 653128.210947672836483, 6339957.003249919973314 ], [ 653144.526442643022165, 6339957.003249919973314 ], [ 653144.526442643022165, 6339962.493798716925085 ], [ 653149.964940966339782, 6339962.493798716925085 ], [ 653149.964940966339782, 6339967.984347513876855 ], [ 653155.403439289657399, 6339967.984347513876855 ], [ 653155.403439289657399, 6339978.96544510871172 ], [ 653160.841937613091432, 6339978.96544510871172 ], [ 653160.841937613091432, 6339995.437091501429677 ], [ 653198.911425876663998, 6339995.437091501429677 ], [ 653198.911425876663998, 6339978.96544510871172 ], [ 653209.788422523299232, 6339978.96544510871172 ], [ 653209.788422523299232, 6339984.455993906594813 ], [ 653204.349924199981615, 6339984.455993906594813 ], [ 653204.349924199981615, 6340011.908737893216312 ], [ 653149.964940966339782, 6340011.908737893216312 ], [ 653149.964940966339782, 6340017.399286691099405 ], [ 653144.526442643022165, 6340017.399286691099405 ], [ 653144.526442643022165, 6340050.342579474672675 ], [ 653139.087944319588132, 6340050.342579474672675 ], [ 653139.087944319588132, 6340044.852030677720904 ], [ 653111.895452702767216, 6340044.852030677720904 ], [ 653111.895452702767216, 6340039.361481879837811 ], [ 653073.825964439194649, 6340039.361481879837811 ], [ 653073.825964439194649, 6340061.323677069507539 ], [ 653062.948967792559415, 6340061.323677069507539 ], [ 653062.948967792559415, 6340055.833128272555768 ], [ 653052.071971145807765, 6340055.833128272555768 ], [ 653052.071971145807765, 6340050.342579474672675 ], [ 653046.633472822373733, 6340050.342579474672675 ], [ 653046.633472822373733, 6340044.852030677720904 ], [ 653014.002482882235199, 6340044.852030677720904 ], [ 653014.002482882235199, 6340077.795323461294174 ], [ 653008.563984558917582, 6340077.795323461294174 ], [ 653008.563984558917582, 6340061.323677069507539 ], [ 653003.12548623548355, 6340061.323677069507539 ], [ 653003.12548623548355, 6340055.833128272555768 ], [ 652975.932994618662633, 6340055.833128272555768 ], [ 652975.932994618662633, 6340083.285872259177268 ], [ 652970.494496295345016, 6340083.285872259177268 ], [ 652970.494496295345016, 6340077.795323461294174 ], [ 652965.055997971910983, 6340077.795323461294174 ], [ 652965.055997971910983, 6340072.304774664342403 ], [ 652937.863506355090067, 6340072.304774664342403 ], [ 652937.863506355090067, 6340077.795323461294174 ], [ 652932.42500803177245, 6340077.795323461294174 ], [ 652932.42500803177245, 6340094.266969854012132 ], [ 652926.986509708454832, 6340094.266969854012132 ], [ 652926.986509708454832, 6340072.304774664342403 ], [ 652845.409034857875668, 6340072.304774664342403 ], [ 652845.409034857875668, 6340061.323677069507539 ], [ 652812.778044917737134, 6340061.323677069507539 ], [ 652812.778044917737134, 6340066.814225867390633 ], [ 652796.462549947667867, 6340066.814225867390633 ], [ 652796.462549947667867, 6340072.304774664342403 ], [ 652785.585553300916217, 6340072.304774664342403 ], [ 652785.585553300916217, 6340066.814225867390633 ], [ 652747.516065037343651, 6340066.814225867390633 ], [ 652747.516065037343651, 6340094.266969854012132 ], [ 652763.831560007412918, 6340094.266969854012132 ], [ 652763.831560007412918, 6340099.757518650963902 ], [ 652758.393061684095301, 6340099.757518650963902 ], [ 652758.393061684095301, 6340132.700811435468495 ], [ 652752.954563360777684, 6340132.700811435468495 ], [ 652752.954563360777684, 6340149.17245782725513 ], [ 652742.077566714026034, 6340149.17245782725513 ], [ 652742.077566714026034, 6340154.663006625138223 ], [ 652736.639068390592001, 6340154.663006625138223 ], [ 652736.639068390592001, 6340165.644104219973087 ], [ 652725.762071743956767, 6340165.644104219973087 ], [ 652725.762071743956767, 6340215.059043396264315 ], [ 652698.56958012713585, 6340215.059043396264315 ], [ 652698.56958012713585, 6340220.549592193216085 ], [ 652660.500091863563284, 6340220.549592193216085 ], [ 652660.500091863563284, 6340215.059043396264315 ], [ 652649.623095216811635, 6340215.059043396264315 ], [ 652649.623095216811635, 6340204.077945801429451 ], [ 652638.746098570059985, 6340204.077945801429451 ], [ 652638.746098570059985, 6340198.587397003546357 ], [ 652633.307600246742368, 6340198.587397003546357 ], [ 652633.307600246742368, 6340193.096848206594586 ], [ 652627.869101923308335, 6340193.096848206594586 ], [ 652627.869101923308335, 6340182.115750611759722 ], [ 652616.992105276673101, 6340182.115750611759722 ], [ 652616.992105276673101, 6340176.625201814807951 ], [ 652611.553606953239068, 6340176.625201814807951 ], [ 652611.553606953239068, 6340171.134653016924858 ], [ 652606.115108629921451, 6340171.134653016924858 ], [ 652606.115108629921451, 6340154.663006625138223 ], [ 652611.553606953239068, 6340154.663006625138223 ], [ 652611.553606953239068, 6340127.210262638516724 ], [ 652584.361115336418152, 6340127.210262638516724 ], [ 652584.361115336418152, 6340132.700811435468495 ], [ 652557.168623719597235, 6340132.700811435468495 ], [ 652557.168623719597235, 6340138.191360232420266 ], [ 652529.976132102776319, 6340138.191360232420266 ], [ 652529.976132102776319, 6340143.681909030303359 ], [ 652508.222138809389435, 6340143.681909030303359 ], [ 652508.222138809389435, 6340154.663006625138223 ], [ 652481.029647192568518, 6340154.663006625138223 ], [ 652481.029647192568518, 6340160.153555422089994 ], [ 652459.275653899065219, 6340160.153555422089994 ], [ 652459.275653899065219, 6340165.644104219973087 ], [ 652442.960158928995952, 6340165.644104219973087 ], [ 652442.960158928995952, 6340171.134653016924858 ], [ 652432.083162282244302, 6340171.134653016924858 ], [ 652432.083162282244302, 6340176.625201814807951 ], [ 652421.206165635492653, 6340176.625201814807951 ], [ 652421.206165635492653, 6340193.096848206594586 ], [ 652415.767667312175035, 6340193.096848206594586 ], [ 652415.767667312175035, 6340220.549592193216085 ], [ 652437.52166060556192, 6340220.549592193216085 ], [ 652437.52166060556192, 6340231.53068978805095 ], [ 652442.960158928995952, 6340231.53068978805095 ], [ 652442.960158928995952, 6340237.021238585934043 ], [ 652470.152650545816869, 6340237.021238585934043 ], [ 652470.152650545816869, 6340242.511787382885814 ], [ 652475.591148869134486, 6340242.511787382885814 ], [ 652475.591148869134486, 6340253.492884977720678 ], [ 652481.029647192568518, 6340253.492884977720678 ], [ 652481.029647192568518, 6340258.983433774672449 ], [ 652502.783640485955402, 6340258.983433774672449 ], [ 652502.783640485955402, 6340264.473982572555542 ], [ 652508.222138809389435, 6340264.473982572555542 ], [ 652508.222138809389435, 6340269.964531369507313 ], [ 652513.660637132707052, 6340269.964531369507313 ], [ 652513.660637132707052, 6340275.455080167390406 ], [ 652519.099135456024669, 6340275.455080167390406 ], [ 652519.099135456024669, 6340286.43617776222527 ], [ 652524.537633779458702, 6340286.43617776222527 ], [ 652524.537633779458702, 6340297.417275357060134 ], [ 652551.730125396279618, 6340297.417275357060134 ], [ 652551.730125396279618, 6340302.907824154011905 ], [ 652557.168623719597235, 6340302.907824154011905 ], [ 652557.168623719597235, 6340313.888921748846769 ], [ 652589.799613659852184, 6340313.888921748846769 ], [ 652589.799613659852184, 6340291.926726559177041 ], [ 652595.238111983169802, 6340291.926726559177041 ], [ 652595.238111983169802, 6340286.43617776222527 ], [ 652600.676610306487419, 6340286.43617776222527 ], [ 652600.676610306487419, 6340258.983433774672449 ], [ 652606.115108629921451, 6340258.983433774672449 ], [ 652606.115108629921451, 6340253.492884977720678 ], [ 652616.992105276673101, 6340253.492884977720678 ], [ 652616.992105276673101, 6340248.002336180768907 ], [ 652633.307600246742368, 6340248.002336180768907 ], [ 652633.307600246742368, 6340242.511787382885814 ], [ 652660.500091863563284, 6340242.511787382885814 ], [ 652660.500091863563284, 6340258.983433774672449 ], [ 652671.377088510314934, 6340258.983433774672449 ], [ 652671.377088510314934, 6340264.473982572555542 ], [ 652676.815586833632551, 6340264.473982572555542 ], [ 652676.815586833632551, 6340297.417275357060134 ], [ 652671.377088510314934, 6340297.417275357060134 ], [ 652671.377088510314934, 6340324.870019343681633 ], [ 652704.008078450453468, 6340324.870019343681633 ], [ 652704.008078450453468, 6340330.360568140633404 ], [ 652714.885075097205117, 6340330.360568140633404 ], [ 652714.885075097205117, 6340335.851116938516498 ], [ 652742.077566714026034, 6340335.851116938516498 ], [ 652742.077566714026034, 6340363.303860925137997 ], [ 652763.831560007412918, 6340363.303860925137997 ], [ 652763.831560007412918, 6340385.266056114807725 ], [ 652752.954563360777684, 6340385.266056114807725 ], [ 652752.954563360777684, 6340418.209348899312317 ], [ 652758.393061684095301, 6340418.209348899312317 ], [ 652758.393061684095301, 6340423.699897696264088 ], [ 652769.27005833084695, 6340423.699897696264088 ], [ 652769.27005833084695, 6340434.680995291098952 ], [ 652774.708556654164568, 6340434.680995291098952 ], [ 652774.708556654164568, 6340440.171544088050723 ], [ 652801.901048270985484, 6340440.171544088050723 ], [ 652801.901048270985484, 6340445.662092885933816 ], [ 652812.778044917737134, 6340445.662092885933816 ], [ 652812.778044917737134, 6340467.624288075603545 ], [ 652785.585553300916217, 6340467.624288075603545 ], [ 652785.585553300916217, 6340478.605385670438409 ], [ 652774.708556654164568, 6340478.605385670438409 ], [ 652774.708556654164568, 6340549.982520035468042 ], [ 652780.1470549775986, 6340549.982520035468042 ], [ 652780.1470549775986, 6340560.963617630302906 ], [ 652785.585553300916217, 6340560.963617630302906 ], [ 652785.585553300916217, 6340593.906910414807498 ], [ 652791.024051624233834, 6340593.906910414807498 ], [ 652791.024051624233834, 6340599.397459212690592 ], [ 652796.462549947667867, 6340599.397459212690592 ], [ 652796.462549947667867, 6340626.850203199312091 ], [ 652801.901048270985484, 6340626.850203199312091 ], [ 652801.901048270985484, 6340714.698983957059681 ], [ 652812.778044917737134, 6340714.698983957059681 ], [ 652812.778044917737134, 6340720.189532754011452 ], [ 652818.216543241054751, 6340720.189532754011452 ], [ 652818.216543241054751, 6340742.15172794368118 ], [ 652823.655041564488783, 6340742.15172794368118 ], [ 652823.655041564488783, 6340747.642276741564274 ], [ 652818.216543241054751, 6340747.642276741564274 ], [ 652818.216543241054751, 6340753.132825538516045 ], [ 652812.778044917737134, 6340753.132825538516045 ], [ 652812.778044917737134, 6340819.019411107525229 ], [ 652818.216543241054751, 6340819.019411107525229 ], [ 652818.216543241054751, 6340835.491057499311864 ], [ 652812.778044917737134, 6340835.491057499311864 ], [ 652812.778044917737134, 6340824.509959904477 ], [ 652785.585553300916217, 6340824.509959904477 ], [ 652785.585553300916217, 6340835.491057499311864 ], [ 652780.1470549775986, 6340835.491057499311864 ], [ 652780.1470549775986, 6340846.472155094146729 ] ], [ [ 653546.97531857190188, 6339940.531603527255356 ], [ 653546.97531857190188, 6339946.02215232513845 ], [ 653563.290813542087562, 6339946.02215232513845 ], [ 653563.290813542087562, 6339957.003249919973314 ], [ 653579.606308512156829, 6339957.003249919973314 ], [ 653579.606308512156829, 6339967.984347513876855 ], [ 653574.167810188722797, 6339967.984347513876855 ], [ 653574.167810188722797, 6339962.493798716925085 ], [ 653557.85231521865353, 6339962.493798716925085 ], [ 653557.85231521865353, 6339957.003249919973314 ], [ 653541.536820248584263, 6339957.003249919973314 ], [ 653541.536820248584263, 6339946.02215232513845 ], [ 653536.098321925266646, 6339946.02215232513845 ], [ 653536.098321925266646, 6339940.531603527255356 ], [ 653546.97531857190188, 6339940.531603527255356 ] ], [ [ 652823.655041564488783, 6340835.491057499311864 ], [ 652823.655041564488783, 6340840.981606296263635 ], [ 652818.216543241054751, 6340840.981606296263635 ], [ 652818.216543241054751, 6340835.491057499311864 ], [ 652823.655041564488783, 6340835.491057499311864 ] ], [ [ 652459.275653899065219, 6341807.318194634281099 ], [ 652459.275653899065219, 6341774.374901849776506 ], [ 652453.837155575747602, 6341774.374901849776506 ], [ 652453.837155575747602, 6341763.393804254941642 ], [ 652442.960158928995952, 6341763.393804254941642 ], [ 652442.960158928995952, 6341757.903255457989872 ], [ 652432.083162282244302, 6341757.903255457989872 ], [ 652432.083162282244302, 6341752.412706661038101 ], [ 652437.52166060556192, 6341752.412706661038101 ], [ 652437.52166060556192, 6341724.959962673485279 ], [ 652426.644663958926685, 6341724.959962673485279 ], [ 652426.644663958926685, 6341713.978865078650415 ], [ 652432.083162282244302, 6341713.978865078650415 ], [ 652432.083162282244302, 6341708.488316281698644 ], [ 652437.52166060556192, 6341708.488316281698644 ], [ 652437.52166060556192, 6341702.997767484746873 ], [ 652448.398657252313569, 6341702.997767484746873 ], [ 652448.398657252313569, 6341713.978865078650415 ], [ 652475.591148869134486, 6341713.978865078650415 ], [ 652475.591148869134486, 6341708.488316281698644 ], [ 652508.222138809389435, 6341708.488316281698644 ], [ 652508.222138809389435, 6341697.50721868686378 ], [ 652513.660637132707052, 6341697.50721868686378 ], [ 652513.660637132707052, 6341708.488316281698644 ], [ 652519.099135456024669, 6341708.488316281698644 ], [ 652519.099135456024669, 6341724.959962673485279 ], [ 652513.660637132707052, 6341724.959962673485279 ], [ 652513.660637132707052, 6341757.903255457989872 ], [ 652519.099135456024669, 6341757.903255457989872 ], [ 652519.099135456024669, 6341763.393804254941642 ], [ 652529.976132102776319, 6341763.393804254941642 ], [ 652529.976132102776319, 6341768.884353052824736 ], [ 652524.537633779458702, 6341768.884353052824736 ], [ 652524.537633779458702, 6341796.337097039446235 ], [ 652540.853128749527968, 6341796.337097039446235 ], [ 652540.853128749527968, 6341801.827645837329328 ], [ 652546.291627072845586, 6341801.827645837329328 ], [ 652546.291627072845586, 6341807.318194634281099 ], [ 652540.853128749527968, 6341807.318194634281099 ], [ 652540.853128749527968, 6341812.808743432164192 ], [ 652535.414630426210351, 6341812.808743432164192 ], [ 652535.414630426210351, 6341818.299292229115963 ], [ 652529.976132102776319, 6341818.299292229115963 ], [ 652529.976132102776319, 6341823.789841026067734 ], [ 652524.537633779458702, 6341823.789841026067734 ], [ 652524.537633779458702, 6341834.770938620902598 ], [ 652513.660637132707052, 6341834.770938620902598 ], [ 652513.660637132707052, 6341840.261487418785691 ], [ 652491.906643839203753, 6341840.261487418785691 ], [ 652491.906643839203753, 6341834.770938620902598 ], [ 652475.591148869134486, 6341834.770938620902598 ], [ 652475.591148869134486, 6341829.280389823950827 ], [ 652464.714152222382836, 6341829.280389823950827 ], [ 652464.714152222382836, 6341807.318194634281099 ], [ 652459.275653899065219, 6341807.318194634281099 ] ], [ [ 652883.478523121448234, 6341829.280389823950827 ], [ 652883.478523121448234, 6341834.770938620902598 ], [ 652872.601526474696584, 6341834.770938620902598 ], [ 652872.601526474696584, 6341829.280389823950827 ], [ 652883.478523121448234, 6341829.280389823950827 ] ], [ [ 652551.730125396279618, 6341757.903255457989872 ], [ 652551.730125396279618, 6341763.393804254941642 ], [ 652546.291627072845586, 6341763.393804254941642 ], [ 652546.291627072845586, 6341757.903255457989872 ], [ 652551.730125396279618, 6341757.903255457989872 ] ], [ [ 652910.67101473826915, 6341757.903255457989872 ], [ 652910.67101473826915, 6341763.393804254941642 ], [ 652905.232516414951533, 6341763.393804254941642 ], [ 652905.232516414951533, 6341757.903255457989872 ], [ 652910.67101473826915, 6341757.903255457989872 ] ], [ [ 652562.607122043031268, 6341746.922157863155007 ], [ 652562.607122043031268, 6341752.412706661038101 ], [ 652557.168623719597235, 6341752.412706661038101 ], [ 652557.168623719597235, 6341746.922157863155007 ], [ 652562.607122043031268, 6341746.922157863155007 ] ], [ [ 652970.494496295345016, 6341735.941060268320143 ], [ 652970.494496295345016, 6341741.431609066203237 ], [ 652954.179001325275749, 6341741.431609066203237 ], [ 652954.179001325275749, 6341735.941060268320143 ], [ 652970.494496295345016, 6341735.941060268320143 ] ], [ [ 652578.922617013100535, 6341686.526121092028916 ], [ 652578.922617013100535, 6341708.488316281698644 ], [ 652584.361115336418152, 6341708.488316281698644 ], [ 652584.361115336418152, 6341719.469413876533508 ], [ 652573.484118689666502, 6341719.469413876533508 ], [ 652573.484118689666502, 6341713.978865078650415 ], [ 652546.291627072845586, 6341713.978865078650415 ], [ 652546.291627072845586, 6341692.016669889912009 ], [ 652568.045620366348885, 6341692.016669889912009 ], [ 652568.045620366348885, 6341686.526121092028916 ], [ 652578.922617013100535, 6341686.526121092028916 ] ], [ [ 653449.082348751369864, 6341675.545023497194052 ], [ 653449.082348751369864, 6341664.563925902359188 ], [ 653454.520847074687481, 6341664.563925902359188 ], [ 653454.520847074687481, 6341670.054474700242281 ], [ 653459.959345398121513, 6341670.054474700242281 ], [ 653459.959345398121513, 6341675.545023497194052 ], [ 653449.082348751369864, 6341675.545023497194052 ] ], [ [ 652752.954563360777684, 6341554.752949954941869 ], [ 652752.954563360777684, 6341527.30020596832037 ], [ 652747.516065037343651, 6341527.30020596832037 ], [ 652747.516065037343651, 6341521.809657171368599 ], [ 652763.831560007412918, 6341521.809657171368599 ], [ 652763.831560007412918, 6341516.319108373485506 ], [ 652780.1470549775986, 6341516.319108373485506 ], [ 652780.1470549775986, 6341505.338010778650641 ], [ 652785.585553300916217, 6341505.338010778650641 ], [ 652785.585553300916217, 6341477.885266792029142 ], [ 652796.462549947667867, 6341477.885266792029142 ], [ 652796.462549947667867, 6341472.394717994146049 ], [ 652801.901048270985484, 6341472.394717994146049 ], [ 652801.901048270985484, 6341450.432522805407643 ], [ 652807.339546594419517, 6341450.432522805407643 ], [ 652807.339546594419517, 6341466.904169197194278 ], [ 652834.532038211240433, 6341466.904169197194278 ], [ 652834.532038211240433, 6341488.866364386864007 ], [ 652829.093539887806401, 6341488.866364386864007 ], [ 652829.093539887806401, 6341494.356913183815777 ], [ 652823.655041564488783, 6341494.356913183815777 ], [ 652823.655041564488783, 6341499.847461981698871 ], [ 652818.216543241054751, 6341499.847461981698871 ], [ 652818.216543241054751, 6341505.338010778650641 ], [ 652812.778044917737134, 6341505.338010778650641 ], [ 652812.778044917737134, 6341510.828559576533735 ], [ 652807.339546594419517, 6341510.828559576533735 ], [ 652807.339546594419517, 6341521.809657171368599 ], [ 652801.901048270985484, 6341521.809657171368599 ], [ 652801.901048270985484, 6341543.771852360107005 ], [ 652796.462549947667867, 6341543.771852360107005 ], [ 652796.462549947667867, 6341554.752949954941869 ], [ 652791.024051624233834, 6341554.752949954941869 ], [ 652791.024051624233834, 6341560.243498752824962 ], [ 652769.27005833084695, 6341560.243498752824962 ], [ 652769.27005833084695, 6341571.224596347659826 ], [ 652758.393061684095301, 6341571.224596347659826 ], [ 652758.393061684095301, 6341565.734047549776733 ], [ 652752.954563360777684, 6341565.734047549776733 ], [ 652752.954563360777684, 6341560.243498752824962 ], [ 652747.516065037343651, 6341560.243498752824962 ], [ 652747.516065037343651, 6341554.752949954941869 ], [ 652752.954563360777684, 6341554.752949954941869 ] ], [ [ 653155.403439289657399, 6341527.30020596832037 ], [ 653155.403439289657399, 6341538.281303563155234 ], [ 653128.210947672836483, 6341538.281303563155234 ], [ 653128.210947672836483, 6341532.790754765272141 ], [ 653149.964940966339782, 6341532.790754765272141 ], [ 653149.964940966339782, 6341527.30020596832037 ], [ 653155.403439289657399, 6341527.30020596832037 ] ], [ [ 653155.403439289657399, 6341521.809657171368599 ], [ 653160.841937613091432, 6341521.809657171368599 ], [ 653160.841937613091432, 6341527.30020596832037 ], [ 653155.403439289657399, 6341527.30020596832037 ], [ 653155.403439289657399, 6341521.809657171368599 ] ], [ [ 653160.841937613091432, 6341494.356913183815777 ], [ 653166.280435936409049, 6341494.356913183815777 ], [ 653166.280435936409049, 6341510.828559576533735 ], [ 653171.718934259843081, 6341510.828559576533735 ], [ 653171.718934259843081, 6341516.319108373485506 ], [ 653166.280435936409049, 6341516.319108373485506 ], [ 653166.280435936409049, 6341521.809657171368599 ], [ 653160.841937613091432, 6341521.809657171368599 ], [ 653160.841937613091432, 6341494.356913183815777 ] ], [ [ 653204.349924199981615, 6341483.375815588980913 ], [ 653204.349924199981615, 6341510.828559576533735 ], [ 653193.472927553229965, 6341510.828559576533735 ], [ 653193.472927553229965, 6341483.375815588980913 ], [ 653204.349924199981615, 6341483.375815588980913 ] ], [ [ 652682.254085156950168, 6341461.413620400242507 ], [ 652682.254085156950168, 6341455.923071602359414 ], [ 652687.692583480384201, 6341455.923071602359414 ], [ 652687.692583480384201, 6341450.432522805407643 ], [ 652693.131081803701818, 6341450.432522805407643 ], [ 652693.131081803701818, 6341444.94197400752455 ], [ 652704.008078450453468, 6341444.94197400752455 ], [ 652704.008078450453468, 6341433.960876412689686 ], [ 652720.323573420522735, 6341433.960876412689686 ], [ 652720.323573420522735, 6341439.451425210572779 ], [ 652725.762071743956767, 6341439.451425210572779 ], [ 652725.762071743956767, 6341472.394717994146049 ], [ 652742.077566714026034, 6341472.394717994146049 ], [ 652742.077566714026034, 6341477.885266792029142 ], [ 652725.762071743956767, 6341477.885266792029142 ], [ 652725.762071743956767, 6341494.356913183815777 ], [ 652714.885075097205117, 6341494.356913183815777 ], [ 652714.885075097205117, 6341488.866364386864007 ], [ 652709.446576773771085, 6341488.866364386864007 ], [ 652709.446576773771085, 6341466.904169197194278 ], [ 652687.692583480384201, 6341466.904169197194278 ], [ 652687.692583480384201, 6341461.413620400242507 ], [ 652682.254085156950168, 6341461.413620400242507 ] ], [ [ 653149.964940966339782, 6341477.885266792029142 ], [ 653149.964940966339782, 6341494.356913183815777 ], [ 653133.649445996270515, 6341494.356913183815777 ], [ 653133.649445996270515, 6341488.866364386864007 ], [ 653139.087944319588132, 6341488.866364386864007 ], [ 653139.087944319588132, 6341483.375815588980913 ], [ 653144.526442643022165, 6341483.375815588980913 ], [ 653144.526442643022165, 6341477.885266792029142 ], [ 653149.964940966339782, 6341477.885266792029142 ] ], [ [ 653155.403439289657399, 6341466.904169197194278 ], [ 653155.403439289657399, 6341461.413620400242507 ], [ 653166.280435936409049, 6341461.413620400242507 ], [ 653166.280435936409049, 6341466.904169197194278 ], [ 653155.403439289657399, 6341466.904169197194278 ] ], [ [ 653166.280435936409049, 6341455.923071602359414 ], [ 653171.718934259843081, 6341455.923071602359414 ], [ 653171.718934259843081, 6341461.413620400242507 ], [ 653166.280435936409049, 6341461.413620400242507 ], [ 653166.280435936409049, 6341455.923071602359414 ] ], [ [ 652714.885075097205117, 6341401.017583629116416 ], [ 652714.885075097205117, 6341406.508132426068187 ], [ 652709.446576773771085, 6341406.508132426068187 ], [ 652709.446576773771085, 6341401.017583629116416 ], [ 652714.885075097205117, 6341401.017583629116416 ] ], [ [ 653394.697365517728031, 6341214.338924517855048 ], [ 653394.697365517728031, 6341230.810570910573006 ], [ 653372.943372224224731, 6341230.810570910573006 ], [ 653372.943372224224731, 6341225.320022112689912 ], [ 653340.312382284086198, 6341225.320022112689912 ], [ 653340.312382284086198, 6341219.829473315738142 ], [ 653345.750880607403815, 6341219.829473315738142 ], [ 653345.750880607403815, 6341192.37672932818532 ], [ 653351.189378930837847, 6341192.37672932818532 ], [ 653351.189378930837847, 6341186.886180531233549 ], [ 653356.627877254155464, 6341186.886180531233549 ], [ 653356.627877254155464, 6341181.395631733350456 ], [ 653372.943372224224731, 6341181.395631733350456 ], [ 653372.943372224224731, 6341175.905082936398685 ], [ 653378.381870547658764, 6341175.905082936398685 ], [ 653378.381870547658764, 6341170.414534139446914 ], [ 653383.820368870976381, 6341170.414534139446914 ], [ 653383.820368870976381, 6341164.923985341563821 ], [ 653389.258867194410414, 6341164.923985341563821 ], [ 653389.258867194410414, 6341192.37672932818532 ], [ 653421.889857134548947, 6341192.37672932818532 ], [ 653421.889857134548947, 6341208.848375720903277 ], [ 653400.135863841045648, 6341208.848375720903277 ], [ 653400.135863841045648, 6341214.338924517855048 ], [ 653394.697365517728031, 6341214.338924517855048 ] ], [ [ 653389.258867194410414, 6341159.43343654461205 ], [ 653394.697365517728031, 6341159.43343654461205 ], [ 653394.697365517728031, 6341164.923985341563821 ], [ 653389.258867194410414, 6341164.923985341563821 ], [ 653389.258867194410414, 6341159.43343654461205 ] ], [ [ 653454.520847074687481, 6341214.338924517855048 ], [ 653454.520847074687481, 6341219.829473315738142 ], [ 653427.328355457866564, 6341219.829473315738142 ], [ 653427.328355457866564, 6341214.338924517855048 ], [ 653454.520847074687481, 6341214.338924517855048 ] ], [ [ 653459.959345398121513, 6341164.923985341563821 ], [ 653459.959345398121513, 6341159.43343654461205 ], [ 653481.713338691508397, 6341159.43343654461205 ], [ 653481.713338691508397, 6341170.414534139446914 ], [ 653465.397843721439131, 6341170.414534139446914 ], [ 653465.397843721439131, 6341181.395631733350456 ], [ 653443.643850428052247, 6341181.395631733350456 ], [ 653443.643850428052247, 6341186.886180531233549 ], [ 653427.328355457866564, 6341186.886180531233549 ], [ 653427.328355457866564, 6341181.395631733350456 ], [ 653438.205352104618214, 6341181.395631733350456 ], [ 653438.205352104618214, 6341170.414534139446914 ], [ 653449.082348751369864, 6341170.414534139446914 ], [ 653449.082348751369864, 6341164.923985341563821 ], [ 653459.959345398121513, 6341164.923985341563821 ] ], [ [ 653508.905830308445729, 6341082.565753380768001 ], [ 653508.905830308445729, 6341099.037399773485959 ], [ 653514.344328631763346, 6341099.037399773485959 ], [ 653514.344328631763346, 6341104.527948570437729 ], [ 653476.27484036819078, 6341104.527948570437729 ], [ 653476.27484036819078, 6341099.037399773485959 ], [ 653498.02883366169408, 6341099.037399773485959 ], [ 653498.02883366169408, 6341077.07520458381623 ], [ 653503.467331985011697, 6341077.07520458381623 ], [ 653503.467331985011697, 6341082.565753380768001 ], [ 653508.905830308445729, 6341082.565753380768001 ] ], [ [ 653574.167810188722797, 6341077.07520458381623 ], [ 653574.167810188722797, 6341082.565753380768001 ], [ 653557.85231521865353, 6341082.565753380768001 ], [ 653557.85231521865353, 6341077.07520458381623 ], [ 653574.167810188722797, 6341077.07520458381623 ] ], [ [ 653492.590335338260047, 6341055.113009394146502 ], [ 653492.590335338260047, 6341066.094106988981366 ], [ 653476.27484036819078, 6341066.094106988981366 ], [ 653476.27484036819078, 6341055.113009394146502 ], [ 653492.590335338260047, 6341055.113009394146502 ] ], [ [ 653541.536820248584263, 6341016.679167812690139 ], [ 653541.536820248584263, 6341027.660265407525003 ], [ 653536.098321925266646, 6341027.660265407525003 ], [ 653536.098321925266646, 6341016.679167812690139 ], [ 653541.536820248584263, 6341016.679167812690139 ] ], [ [ 653470.836342044873163, 6341000.207521420903504 ], [ 653470.836342044873163, 6340994.716972623020411 ], [ 653503.467331985011697, 6340994.716972623020411 ], [ 653503.467331985011697, 6340989.22642382606864 ], [ 653508.905830308445729, 6340989.22642382606864 ], [ 653508.905830308445729, 6341000.207521420903504 ], [ 653470.836342044873163, 6341000.207521420903504 ] ], [ [ 653672.060780009371229, 6340983.735875028185546 ], [ 653672.060780009371229, 6340989.22642382606864 ], [ 653666.622281685937196, 6340989.22642382606864 ], [ 653666.622281685937196, 6340983.735875028185546 ], [ 653672.060780009371229, 6340983.735875028185546 ] ], [ [ 653465.397843721439131, 6340961.773679838515818 ], [ 653465.397843721439131, 6340967.264228636398911 ], [ 653459.959345398121513, 6340967.264228636398911 ], [ 653459.959345398121513, 6340961.773679838515818 ], [ 653465.397843721439131, 6340961.773679838515818 ] ], [ [ 653639.429790069116279, 6340956.283131041564047 ], [ 653639.429790069116279, 6340961.773679838515818 ], [ 653628.55279342236463, 6340961.773679838515818 ], [ 653628.55279342236463, 6340956.283131041564047 ], [ 653639.429790069116279, 6340956.283131041564047 ] ], [ [ 653481.713338691508397, 6340956.283131041564047 ], [ 653481.713338691508397, 6340950.792582243680954 ], [ 653487.15183701494243, 6340950.792582243680954 ], [ 653487.15183701494243, 6340956.283131041564047 ], [ 653481.713338691508397, 6340956.283131041564047 ] ], [ [ 653487.15183701494243, 6340945.302033446729183 ], [ 653492.590335338260047, 6340945.302033446729183 ], [ 653492.590335338260047, 6340950.792582243680954 ], [ 653487.15183701494243, 6340950.792582243680954 ], [ 653487.15183701494243, 6340945.302033446729183 ] ], [ [ 653514.344328631763346, 6340939.811484649777412 ], [ 653514.344328631763346, 6340945.302033446729183 ], [ 653503.467331985011697, 6340945.302033446729183 ], [ 653503.467331985011697, 6340939.811484649777412 ], [ 653514.344328631763346, 6340939.811484649777412 ] ], [ [ 653612.237298452295363, 6340923.339838257059455 ], [ 653612.237298452295363, 6340928.830387054942548 ], [ 653606.798800128977746, 6340928.830387054942548 ], [ 653606.798800128977746, 6340923.339838257059455 ], [ 653612.237298452295363, 6340923.339838257059455 ] ], [ [ 653639.429790069116279, 6340901.377643067389727 ], [ 653639.429790069116279, 6340906.86819186527282 ], [ 653633.991291745798662, 6340906.86819186527282 ], [ 653633.991291745798662, 6340901.377643067389727 ], [ 653639.429790069116279, 6340901.377643067389727 ] ], [ [ 653650.306786715867929, 6340895.887094270437956 ], [ 653650.306786715867929, 6340901.377643067389727 ], [ 653644.868288392550312, 6340901.377643067389727 ], [ 653644.868288392550312, 6340895.887094270437956 ], [ 653650.306786715867929, 6340895.887094270437956 ] ], [ [ 652758.393061684095301, 6340873.924899080768228 ], [ 652758.393061684095301, 6340879.415447878651321 ], [ 652752.954563360777684, 6340879.415447878651321 ], [ 652752.954563360777684, 6340873.924899080768228 ], [ 652758.393061684095301, 6340873.924899080768228 ] ], [ [ 652796.462549947667867, 6340862.943801485933363 ], [ 652796.462549947667867, 6340873.924899080768228 ], [ 652791.024051624233834, 6340873.924899080768228 ], [ 652791.024051624233834, 6340862.943801485933363 ], [ 652796.462549947667867, 6340862.943801485933363 ] ], [ [ 652883.478523121448234, 6340868.434350283816457 ], [ 652883.478523121448234, 6340873.924899080768228 ], [ 652878.040024798130617, 6340873.924899080768228 ], [ 652878.040024798130617, 6340868.434350283816457 ], [ 652883.478523121448234, 6340868.434350283816457 ] ], [ [ 652905.232516414951533, 6340840.981606296263635 ], [ 652905.232516414951533, 6340846.472155094146729 ], [ 652888.917021444882266, 6340846.472155094146729 ], [ 652888.917021444882266, 6340835.491057499311864 ], [ 652894.355519768199883, 6340835.491057499311864 ], [ 652894.355519768199883, 6340830.000508702360094 ], [ 652899.794018091517501, 6340830.000508702360094 ], [ 652899.794018091517501, 6340840.981606296263635 ], [ 652905.232516414951533, 6340840.981606296263635 ] ], [ [ 652856.286031504627317, 6340835.491057499311864 ], [ 652856.286031504627317, 6340830.000508702360094 ], [ 652850.8475331813097, 6340830.000508702360094 ], [ 652850.8475331813097, 6340813.528862309642136 ], [ 652867.163028151378967, 6340813.528862309642136 ], [ 652867.163028151378967, 6340835.491057499311864 ], [ 652856.286031504627317, 6340835.491057499311864 ] ], [ [ 653122.772449349518865, 6340797.057215917855501 ], [ 653122.772449349518865, 6340802.547764714807272 ], [ 653128.210947672836483, 6340802.547764714807272 ], [ 653128.210947672836483, 6340808.038313512690365 ], [ 653160.841937613091432, 6340808.038313512690365 ], [ 653160.841937613091432, 6340819.019411107525229 ], [ 653166.280435936409049, 6340819.019411107525229 ], [ 653166.280435936409049, 6340824.509959904477 ], [ 653155.403439289657399, 6340824.509959904477 ], [ 653155.403439289657399, 6340830.000508702360094 ], [ 653149.964940966339782, 6340830.000508702360094 ], [ 653149.964940966339782, 6340835.491057499311864 ], [ 653117.333951026201248, 6340835.491057499311864 ], [ 653117.333951026201248, 6340808.038313512690365 ], [ 653111.895452702767216, 6340808.038313512690365 ], [ 653111.895452702767216, 6340791.566667119972408 ], [ 653117.333951026201248, 6340791.566667119972408 ], [ 653117.333951026201248, 6340797.057215917855501 ], [ 653122.772449349518865, 6340797.057215917855501 ] ], [ [ 653372.943372224224731, 6340824.509959904477 ], [ 653372.943372224224731, 6340830.000508702360094 ], [ 653367.504873900907114, 6340830.000508702360094 ], [ 653367.504873900907114, 6340824.509959904477 ], [ 653372.943372224224731, 6340824.509959904477 ] ], [ [ 653416.45135881123133, 6340780.585569525137544 ], [ 653416.45135881123133, 6340758.623374336399138 ], [ 653449.082348751369864, 6340758.623374336399138 ], [ 653449.082348751369864, 6340753.132825538516045 ], [ 653476.27484036819078, 6340753.132825538516045 ], [ 653476.27484036819078, 6340747.642276741564274 ], [ 653487.15183701494243, 6340747.642276741564274 ], [ 653487.15183701494243, 6340742.15172794368118 ], [ 653492.590335338260047, 6340742.15172794368118 ], [ 653492.590335338260047, 6340736.66117914672941 ], [ 653508.905830308445729, 6340736.66117914672941 ], [ 653508.905830308445729, 6340747.642276741564274 ], [ 653503.467331985011697, 6340747.642276741564274 ], [ 653503.467331985011697, 6340775.095020728185773 ], [ 653508.905830308445729, 6340775.095020728185773 ], [ 653508.905830308445729, 6340780.585569525137544 ], [ 653498.02883366169408, 6340780.585569525137544 ], [ 653498.02883366169408, 6340786.076118323020637 ], [ 653487.15183701494243, 6340786.076118323020637 ], [ 653487.15183701494243, 6340791.566667119972408 ], [ 653481.713338691508397, 6340791.566667119972408 ], [ 653481.713338691508397, 6340797.057215917855501 ], [ 653459.959345398121513, 6340797.057215917855501 ], [ 653459.959345398121513, 6340802.547764714807272 ], [ 653443.643850428052247, 6340802.547764714807272 ], [ 653443.643850428052247, 6340813.528862309642136 ], [ 653416.45135881123133, 6340813.528862309642136 ], [ 653416.45135881123133, 6340791.566667119972408 ], [ 653383.820368870976381, 6340791.566667119972408 ], [ 653383.820368870976381, 6340786.076118323020637 ], [ 653378.381870547658764, 6340786.076118323020637 ], [ 653378.381870547658764, 6340780.585569525137544 ], [ 653416.45135881123133, 6340780.585569525137544 ] ], [ [ 653682.937776656006463, 6340637.831300794146955 ], [ 653682.937776656006463, 6340643.321849591098726 ], [ 653672.060780009371229, 6340643.321849591098726 ], [ 653672.060780009371229, 6340637.831300794146955 ], [ 653682.937776656006463, 6340637.831300794146955 ] ], [ [ 653639.429790069116279, 6340621.359654401428998 ], [ 653639.429790069116279, 6340577.435264023020864 ], [ 653644.868288392550312, 6340577.435264023020864 ], [ 653644.868288392550312, 6340566.454166428185999 ], [ 653672.060780009371229, 6340566.454166428185999 ], [ 653672.060780009371229, 6340555.473068833351135 ], [ 653693.814773302758113, 6340555.473068833351135 ], [ 653693.814773302758113, 6340533.510873643681407 ], [ 653704.691769949509762, 6340533.510873643681407 ], [ 653704.691769949509762, 6340539.0014224415645 ], [ 653710.130268272827379, 6340539.0014224415645 ], [ 653710.130268272827379, 6340560.963617630302906 ], [ 653737.322759889648296, 6340560.963617630302906 ], [ 653737.322759889648296, 6340555.473068833351135 ], [ 653753.638254859833978, 6340555.473068833351135 ], [ 653753.638254859833978, 6340566.454166428185999 ], [ 653764.515251506469212, 6340566.454166428185999 ], [ 653764.515251506469212, 6340582.925812819972634 ], [ 653759.076753183151595, 6340582.925812819972634 ], [ 653759.076753183151595, 6340588.416361617855728 ], [ 653753.638254859833978, 6340588.416361617855728 ], [ 653753.638254859833978, 6340577.435264023020864 ], [ 653726.445763243013062, 6340577.435264023020864 ], [ 653726.445763243013062, 6340604.888008009642363 ], [ 653721.007264919579029, 6340604.888008009642363 ], [ 653721.007264919579029, 6340610.378556806594133 ], [ 653715.568766596261412, 6340610.378556806594133 ], [ 653715.568766596261412, 6340615.869105604477227 ], [ 653699.253271626192145, 6340615.869105604477227 ], [ 653699.253271626192145, 6340632.340751996263862 ], [ 653688.376274979440495, 6340632.340751996263862 ], [ 653688.376274979440495, 6340588.416361617855728 ], [ 653650.306786715867929, 6340588.416361617855728 ], [ 653650.306786715867929, 6340610.378556806594133 ], [ 653644.868288392550312, 6340610.378556806594133 ], [ 653644.868288392550312, 6340621.359654401428998 ], [ 653639.429790069116279, 6340621.359654401428998 ] ], [ [ 653661.183783362619579, 6340511.548678454011679 ], [ 653661.183783362619579, 6340517.039227251894772 ], [ 653655.745285039185546, 6340517.039227251894772 ], [ 653655.745285039185546, 6340511.548678454011679 ], [ 653661.183783362619579, 6340511.548678454011679 ] ], [ [ 653737.322759889648296, 6340506.058129657059908 ], [ 653704.691769949509762, 6340506.058129657059908 ], [ 653704.691769949509762, 6340500.567580859176815 ], [ 653737.322759889648296, 6340500.567580859176815 ], [ 653737.322759889648296, 6340506.058129657059908 ] ], [ [ 653693.814773302758113, 6340500.567580859176815 ], [ 653693.814773302758113, 6340478.605385670438409 ], [ 653704.691769949509762, 6340478.605385670438409 ], [ 653704.691769949509762, 6340500.567580859176815 ], [ 653693.814773302758113, 6340500.567580859176815 ] ], [ [ 653780.830746476654895, 6340456.643190480768681 ], [ 653775.392248153220862, 6340456.643190480768681 ], [ 653775.392248153220862, 6340467.624288075603545 ], [ 653769.953749829903245, 6340467.624288075603545 ], [ 653769.953749829903245, 6340500.567580859176815 ], [ 653748.199756536399946, 6340500.567580859176815 ], [ 653748.199756536399946, 6340495.077032062225044 ], [ 653753.638254859833978, 6340495.077032062225044 ], [ 653753.638254859833978, 6340484.09593446739018 ], [ 653759.076753183151595, 6340484.09593446739018 ], [ 653759.076753183151595, 6340478.605385670438409 ], [ 653764.515251506469212, 6340478.605385670438409 ], [ 653764.515251506469212, 6340423.699897696264088 ], [ 653769.953749829903245, 6340423.699897696264088 ], [ 653769.953749829903245, 6340429.190446493215859 ], [ 653775.392248153220862, 6340429.190446493215859 ], [ 653775.392248153220862, 6340451.152641682885587 ], [ 653780.830746476654895, 6340451.152641682885587 ], [ 653780.830746476654895, 6340456.643190480768681 ] ], [ [ 653759.076753183151595, 6340423.699897696264088 ], [ 653759.076753183151595, 6340418.209348899312317 ], [ 653764.515251506469212, 6340418.209348899312317 ], [ 653764.515251506469212, 6340423.699897696264088 ], [ 653759.076753183151595, 6340423.699897696264088 ] ], [ [ 653721.007264919579029, 6340451.152641682885587 ], [ 653721.007264919579029, 6340440.171544088050723 ], [ 653726.445763243013062, 6340440.171544088050723 ], [ 653726.445763243013062, 6340445.662092885933816 ], [ 653731.884261566330679, 6340445.662092885933816 ], [ 653731.884261566330679, 6340451.152641682885587 ], [ 653721.007264919579029, 6340451.152641682885587 ] ], [ [ 653715.568766596261412, 6340412.718800101429224 ], [ 653715.568766596261412, 6340407.228251304477453 ], [ 653721.007264919579029, 6340407.228251304477453 ], [ 653721.007264919579029, 6340390.756604911759496 ], [ 653726.445763243013062, 6340390.756604911759496 ], [ 653726.445763243013062, 6340412.718800101429224 ], [ 653715.568766596261412, 6340412.718800101429224 ] ], [ [ 653759.076753183151595, 6340390.756604911759496 ], [ 653759.076753183151595, 6340412.718800101429224 ], [ 653753.638254859833978, 6340412.718800101429224 ], [ 653753.638254859833978, 6340390.756604911759496 ], [ 653759.076753183151595, 6340390.756604911759496 ] ], [ [ 653731.884261566330679, 6340363.303860925137997 ], [ 653731.884261566330679, 6340374.284958519972861 ], [ 653726.445763243013062, 6340374.284958519972861 ], [ 653726.445763243013062, 6340363.303860925137997 ], [ 653731.884261566330679, 6340363.303860925137997 ] ], [ [ 653715.568766596261412, 6340357.813312128186226 ], [ 653715.568766596261412, 6340363.303860925137997 ], [ 653699.253271626192145, 6340363.303860925137997 ], [ 653699.253271626192145, 6340357.813312128186226 ], [ 653715.568766596261412, 6340357.813312128186226 ] ], [ [ 653644.868288392550312, 6340324.870019343681633 ], [ 653644.868288392550312, 6340319.37947054579854 ], [ 653623.114295099047013, 6340319.37947054579854 ], [ 653623.114295099047013, 6340302.907824154011905 ], [ 653612.237298452295363, 6340302.907824154011905 ], [ 653612.237298452295363, 6340291.926726559177041 ], [ 653606.798800128977746, 6340291.926726559177041 ], [ 653606.798800128977746, 6340286.43617776222527 ], [ 653612.237298452295363, 6340286.43617776222527 ], [ 653612.237298452295363, 6340242.511787382885814 ], [ 653579.606308512156829, 6340242.511787382885814 ], [ 653579.606308512156829, 6340248.002336180768907 ], [ 653563.290813542087562, 6340248.002336180768907 ], [ 653563.290813542087562, 6340237.021238585934043 ], [ 653590.483305158908479, 6340237.021238585934043 ], [ 653590.483305158908479, 6340226.040140991099179 ], [ 653606.798800128977746, 6340226.040140991099179 ], [ 653606.798800128977746, 6340187.606299409642816 ], [ 653612.237298452295363, 6340187.606299409642816 ], [ 653612.237298452295363, 6340193.096848206594586 ], [ 653617.675796775729395, 6340193.096848206594586 ], [ 653617.675796775729395, 6340198.587397003546357 ], [ 653623.114295099047013, 6340198.587397003546357 ], [ 653623.114295099047013, 6340215.059043396264315 ], [ 653628.55279342236463, 6340215.059043396264315 ], [ 653628.55279342236463, 6340226.040140991099179 ], [ 653644.868288392550312, 6340226.040140991099179 ], [ 653644.868288392550312, 6340237.021238585934043 ], [ 653655.745285039185546, 6340237.021238585934043 ], [ 653655.745285039185546, 6340242.511787382885814 ], [ 653644.868288392550312, 6340242.511787382885814 ], [ 653644.868288392550312, 6340280.945628964342177 ], [ 653677.499278332688846, 6340280.945628964342177 ], [ 653677.499278332688846, 6340308.398372951894999 ], [ 653682.937776656006463, 6340308.398372951894999 ], [ 653682.937776656006463, 6340313.888921748846769 ], [ 653688.376274979440495, 6340313.888921748846769 ], [ 653688.376274979440495, 6340319.37947054579854 ], [ 653693.814773302758113, 6340319.37947054579854 ], [ 653693.814773302758113, 6340324.870019343681633 ], [ 653688.376274979440495, 6340324.870019343681633 ], [ 653688.376274979440495, 6340357.813312128186226 ], [ 653677.499278332688846, 6340357.813312128186226 ], [ 653677.499278332688846, 6340352.322763330303133 ], [ 653655.745285039185546, 6340352.322763330303133 ], [ 653655.745285039185546, 6340341.341665735468268 ], [ 653650.306786715867929, 6340341.341665735468268 ], [ 653650.306786715867929, 6340324.870019343681633 ], [ 653644.868288392550312, 6340324.870019343681633 ] ], [ [ 652763.831560007412918, 6340313.888921748846769 ], [ 652763.831560007412918, 6340319.37947054579854 ], [ 652758.393061684095301, 6340319.37947054579854 ], [ 652758.393061684095301, 6340313.888921748846769 ], [ 652763.831560007412918, 6340313.888921748846769 ] ], [ [ 653829.777231386862695, 6340242.511787382885814 ], [ 653824.338733063545078, 6340242.511787382885814 ], [ 653824.338733063545078, 6340237.021238585934043 ], [ 653829.777231386862695, 6340237.021238585934043 ], [ 653829.777231386862695, 6340242.511787382885814 ] ], [ [ 653818.900234740111046, 6340237.021238585934043 ], [ 653818.900234740111046, 6340226.040140991099179 ], [ 653824.338733063545078, 6340226.040140991099179 ], [ 653824.338733063545078, 6340237.021238585934043 ], [ 653818.900234740111046, 6340237.021238585934043 ] ], [ [ 653519.782826955080964, 6340198.587397003546357 ], [ 653519.782826955080964, 6340193.096848206594586 ], [ 653530.659823601832613, 6340193.096848206594586 ], [ 653530.659823601832613, 6340198.587397003546357 ], [ 653541.536820248584263, 6340198.587397003546357 ], [ 653541.536820248584263, 6340215.059043396264315 ], [ 653536.098321925266646, 6340215.059043396264315 ], [ 653536.098321925266646, 6340209.568494598381221 ], [ 653530.659823601832613, 6340209.568494598381221 ], [ 653530.659823601832613, 6340204.077945801429451 ], [ 653525.221325278514996, 6340204.077945801429451 ], [ 653525.221325278514996, 6340198.587397003546357 ], [ 653519.782826955080964, 6340198.587397003546357 ] ], [ [ 653568.72931186540518, 6340187.606299409642816 ], [ 653568.72931186540518, 6340193.096848206594586 ], [ 653574.167810188722797, 6340193.096848206594586 ], [ 653574.167810188722797, 6340198.587397003546357 ], [ 653579.606308512156829, 6340198.587397003546357 ], [ 653579.606308512156829, 6340209.568494598381221 ], [ 653574.167810188722797, 6340209.568494598381221 ], [ 653574.167810188722797, 6340204.077945801429451 ], [ 653568.72931186540518, 6340204.077945801429451 ], [ 653568.72931186540518, 6340198.587397003546357 ], [ 653557.85231521865353, 6340198.587397003546357 ], [ 653557.85231521865353, 6340187.606299409642816 ], [ 653568.72931186540518, 6340187.606299409642816 ] ], [ [ 653808.023238093475811, 6340165.644104219973087 ], [ 653808.023238093475811, 6340171.134653016924858 ], [ 653813.461736416793428, 6340171.134653016924858 ], [ 653813.461736416793428, 6340176.625201814807951 ], [ 653818.900234740111046, 6340176.625201814807951 ], [ 653818.900234740111046, 6340204.077945801429451 ], [ 653813.461736416793428, 6340204.077945801429451 ], [ 653813.461736416793428, 6340193.096848206594586 ], [ 653808.023238093475811, 6340193.096848206594586 ], [ 653808.023238093475811, 6340187.606299409642816 ], [ 653802.584739770041779, 6340187.606299409642816 ], [ 653802.584739770041779, 6340165.644104219973087 ], [ 653808.023238093475811, 6340165.644104219973087 ] ], [ [ 653514.344328631763346, 6340160.153555422089994 ], [ 653514.344328631763346, 6340154.663006625138223 ], [ 653503.467331985011697, 6340154.663006625138223 ], [ 653503.467331985011697, 6340149.17245782725513 ], [ 653519.782826955080964, 6340149.17245782725513 ], [ 653519.782826955080964, 6340160.153555422089994 ], [ 653514.344328631763346, 6340160.153555422089994 ] ], [ [ 653568.72931186540518, 6340149.17245782725513 ], [ 653568.72931186540518, 6340138.191360232420266 ], [ 653585.044806835474446, 6340138.191360232420266 ], [ 653585.044806835474446, 6340143.681909030303359 ], [ 653590.483305158908479, 6340143.681909030303359 ], [ 653590.483305158908479, 6340149.17245782725513 ], [ 653568.72931186540518, 6340149.17245782725513 ] ], [ [ 653470.836342044873163, 6340121.719713840633631 ], [ 653470.836342044873163, 6340127.210262638516724 ], [ 653487.15183701494243, 6340127.210262638516724 ], [ 653487.15183701494243, 6340138.191360232420266 ], [ 653465.397843721439131, 6340138.191360232420266 ], [ 653465.397843721439131, 6340143.681909030303359 ], [ 653459.959345398121513, 6340143.681909030303359 ], [ 653459.959345398121513, 6340116.22916504368186 ], [ 653454.520847074687481, 6340116.22916504368186 ], [ 653454.520847074687481, 6340110.738616245798767 ], [ 653465.397843721439131, 6340110.738616245798767 ], [ 653465.397843721439131, 6340121.719713840633631 ], [ 653470.836342044873163, 6340121.719713840633631 ] ], [ [ 653780.830746476654895, 6340138.191360232420266 ], [ 653780.830746476654895, 6340143.681909030303359 ], [ 653775.392248153220862, 6340143.681909030303359 ], [ 653775.392248153220862, 6340138.191360232420266 ], [ 653780.830746476654895, 6340138.191360232420266 ] ], [ [ 653563.290813542087562, 6340127.210262638516724 ], [ 653563.290813542087562, 6340138.191360232420266 ], [ 653557.85231521865353, 6340138.191360232420266 ], [ 653557.85231521865353, 6340127.210262638516724 ], [ 653563.290813542087562, 6340127.210262638516724 ] ], [ [ 653525.221325278514996, 6340110.738616245798767 ], [ 653530.659823601832613, 6340110.738616245798767 ], [ 653530.659823601832613, 6340116.22916504368186 ], [ 653536.098321925266646, 6340116.22916504368186 ], [ 653536.098321925266646, 6340121.719713840633631 ], [ 653525.221325278514996, 6340121.719713840633631 ], [ 653525.221325278514996, 6340110.738616245798767 ] ], [ [ 653503.467331985011697, 6340110.738616245798767 ], [ 653503.467331985011697, 6340099.757518650963902 ], [ 653508.905830308445729, 6340099.757518650963902 ], [ 653508.905830308445729, 6340105.248067448846996 ], [ 653525.221325278514996, 6340105.248067448846996 ], [ 653525.221325278514996, 6340110.738616245798767 ], [ 653503.467331985011697, 6340110.738616245798767 ] ], [ [ 653753.638254859833978, 6340121.719713840633631 ], [ 653748.199756536399946, 6340121.719713840633631 ], [ 653748.199756536399946, 6340116.22916504368186 ], [ 653753.638254859833978, 6340116.22916504368186 ], [ 653753.638254859833978, 6340121.719713840633631 ] ], [ [ 653742.761258213082328, 6340116.22916504368186 ], [ 653742.761258213082328, 6340110.738616245798767 ], [ 653748.199756536399946, 6340110.738616245798767 ], [ 653748.199756536399946, 6340116.22916504368186 ], [ 653742.761258213082328, 6340116.22916504368186 ] ], [ [ 653731.884261566330679, 6340099.757518650963902 ], [ 653726.445763243013062, 6340099.757518650963902 ], [ 653726.445763243013062, 6340094.266969854012132 ], [ 653731.884261566330679, 6340094.266969854012132 ], [ 653731.884261566330679, 6340099.757518650963902 ] ], [ [ 653721.007264919579029, 6340094.266969854012132 ], [ 653721.007264919579029, 6340088.776421056129038 ], [ 653726.445763243013062, 6340088.776421056129038 ], [ 653726.445763243013062, 6340094.266969854012132 ], [ 653721.007264919579029, 6340094.266969854012132 ] ], [ [ 653498.02883366169408, 6340083.285872259177268 ], [ 653498.02883366169408, 6340094.266969854012132 ], [ 653487.15183701494243, 6340094.266969854012132 ], [ 653487.15183701494243, 6340083.285872259177268 ], [ 653498.02883366169408, 6340083.285872259177268 ] ], [ [ 653481.713338691508397, 6340066.814225867390633 ], [ 653481.713338691508397, 6340072.304774664342403 ], [ 653465.397843721439131, 6340072.304774664342403 ], [ 653465.397843721439131, 6340066.814225867390633 ], [ 653438.205352104618214, 6340066.814225867390633 ], [ 653438.205352104618214, 6340083.285872259177268 ], [ 653432.766853781300597, 6340083.285872259177268 ], [ 653432.766853781300597, 6340055.833128272555768 ], [ 653443.643850428052247, 6340055.833128272555768 ], [ 653443.643850428052247, 6340061.323677069507539 ], [ 653476.27484036819078, 6340061.323677069507539 ], [ 653476.27484036819078, 6340066.814225867390633 ], [ 653481.713338691508397, 6340066.814225867390633 ] ], [ [ 653704.691769949509762, 6340072.304774664342403 ], [ 653704.691769949509762, 6340077.795323461294174 ], [ 653699.253271626192145, 6340077.795323461294174 ], [ 653699.253271626192145, 6340072.304774664342403 ], [ 653704.691769949509762, 6340072.304774664342403 ] ], [ [ 653677.499278332688846, 6340050.342579474672675 ], [ 653682.937776656006463, 6340050.342579474672675 ], [ 653682.937776656006463, 6340055.833128272555768 ], [ 653693.814773302758113, 6340055.833128272555768 ], [ 653693.814773302758113, 6340061.323677069507539 ], [ 653677.499278332688846, 6340061.323677069507539 ], [ 653677.499278332688846, 6340050.342579474672675 ] ], [ [ 653672.060780009371229, 6340050.342579474672675 ], [ 653672.060780009371229, 6340044.852030677720904 ], [ 653677.499278332688846, 6340044.852030677720904 ], [ 653677.499278332688846, 6340050.342579474672675 ], [ 653672.060780009371229, 6340050.342579474672675 ] ], [ [ 653661.183783362619579, 6340044.852030677720904 ], [ 653661.183783362619579, 6340039.361481879837811 ], [ 653655.745285039185546, 6340039.361481879837811 ], [ 653655.745285039185546, 6340033.87093308288604 ], [ 653644.868288392550312, 6340033.87093308288604 ], [ 653644.868288392550312, 6340022.889835488051176 ], [ 653633.991291745798662, 6340022.889835488051176 ], [ 653633.991291745798662, 6340017.399286691099405 ], [ 653650.306786715867929, 6340017.399286691099405 ], [ 653650.306786715867929, 6340022.889835488051176 ], [ 653661.183783362619579, 6340022.889835488051176 ], [ 653661.183783362619579, 6340033.87093308288604 ], [ 653666.622281685937196, 6340033.87093308288604 ], [ 653666.622281685937196, 6340039.361481879837811 ], [ 653672.060780009371229, 6340039.361481879837811 ], [ 653672.060780009371229, 6340044.852030677720904 ], [ 653661.183783362619579, 6340044.852030677720904 ] ], [ [ 653340.312382284086198, 6340050.342579474672675 ], [ 653340.312382284086198, 6340055.833128272555768 ], [ 653323.996887314016931, 6340055.833128272555768 ], [ 653323.996887314016931, 6340050.342579474672675 ], [ 653340.312382284086198, 6340050.342579474672675 ] ], [ [ 653389.258867194410414, 6340022.889835488051176 ], [ 653389.258867194410414, 6340033.87093308288604 ], [ 653378.381870547658764, 6340033.87093308288604 ], [ 653378.381870547658764, 6340022.889835488051176 ], [ 653389.258867194410414, 6340022.889835488051176 ] ], [ [ 653242.419412463554181, 6340000.927640298381448 ], [ 653242.419412463554181, 6340006.418189096264541 ], [ 653236.980914140120149, 6340006.418189096264541 ], [ 653236.980914140120149, 6340000.927640298381448 ], [ 653242.419412463554181, 6340000.927640298381448 ] ], [ [ 653606.798800128977746, 6339978.96544510871172 ], [ 653606.798800128977746, 6339989.946542703546584 ], [ 653612.237298452295363, 6339989.946542703546584 ], [ 653612.237298452295363, 6339995.437091501429677 ], [ 653623.114295099047013, 6339995.437091501429677 ], [ 653623.114295099047013, 6340000.927640298381448 ], [ 653606.798800128977746, 6340000.927640298381448 ], [ 653606.798800128977746, 6339995.437091501429677 ], [ 653601.360301805543713, 6339995.437091501429677 ], [ 653601.360301805543713, 6339984.455993906594813 ], [ 653595.921803482226096, 6339984.455993906594813 ], [ 653595.921803482226096, 6339978.96544510871172 ], [ 653606.798800128977746, 6339978.96544510871172 ] ], [ [ 653585.044806835474446, 6339973.474896311759949 ], [ 653585.044806835474446, 6339978.96544510871172 ], [ 653579.606308512156829, 6339978.96544510871172 ], [ 653579.606308512156829, 6339973.474896311759949 ], [ 653585.044806835474446, 6339973.474896311759949 ] ] ], [ [ [ 654085.386652585002594, 6340846.472155094146729 ], [ 654123.45614084857516, 6340846.472155094146729 ], [ 654123.45614084857516, 6340813.528862309642136 ], [ 654079.948154261684977, 6340813.528862309642136 ], [ 654079.948154261684977, 6340840.981606296263635 ], [ 654085.386652585002594, 6340840.981606296263635 ], [ 654085.386652585002594, 6340846.472155094146729 ] ] ], [ [ [ 654906.599899413064122, 6338315.32915950473398 ], [ 654879.407407796243206, 6338315.32915950473398 ], [ 654879.407407796243206, 6338342.781903491355479 ], [ 654906.599899413064122, 6338342.781903491355479 ], [ 654906.599899413064122, 6338315.32915950473398 ] ] ], [ [ [ 654640.113481568172574, 6338414.159037857316434 ], [ 654629.236484921420924, 6338414.159037857316434 ], [ 654629.236484921420924, 6338408.668489060364664 ], [ 654618.359488274669275, 6338408.668489060364664 ], [ 654618.359488274669275, 6338403.17794026248157 ], [ 654580.290000011213124, 6338403.17794026248157 ], [ 654580.290000011213124, 6338430.630684250034392 ], [ 654596.605494981282391, 6338430.630684250034392 ], [ 654596.605494981282391, 6338436.121233046986163 ], [ 654602.043993304600008, 6338436.121233046986163 ], [ 654602.043993304600008, 6338469.064525831490755 ], [ 654629.236484921420924, 6338469.064525831490755 ], [ 654629.236484921420924, 6338458.083428236655891 ], [ 654634.674983244854957, 6338458.083428236655891 ], [ 654634.674983244854957, 6338447.102330641821027 ], [ 654640.113481568172574, 6338447.102330641821027 ], [ 654640.113481568172574, 6338414.159037857316434 ] ] ], [ [ [ 654922.915394383133389, 6338430.630684250034392 ], [ 654917.476896059815772, 6338430.630684250034392 ], [ 654917.476896059815772, 6338425.140135452151299 ], [ 654912.038397736381739, 6338425.140135452151299 ], [ 654912.038397736381739, 6338419.649586655199528 ], [ 654906.599899413064122, 6338419.649586655199528 ], [ 654906.599899413064122, 6338414.159037857316434 ], [ 654901.16140108963009, 6338414.159037857316434 ], [ 654901.16140108963009, 6338408.668489060364664 ], [ 654873.968909472809173, 6338408.668489060364664 ], [ 654873.968909472809173, 6338474.555074628442526 ], [ 654879.407407796243206, 6338474.555074628442526 ], [ 654879.407407796243206, 6338491.026721021160483 ], [ 654873.968909472809173, 6338491.026721021160483 ], [ 654873.968909472809173, 6338502.007818615995347 ], [ 654846.776417855988257, 6338502.007818615995347 ], [ 654846.776417855988257, 6338529.460562602616847 ], [ 654852.214916179422289, 6338529.460562602616847 ], [ 654852.214916179422289, 6338534.951111399568617 ], [ 654863.091912826173939, 6338534.951111399568617 ], [ 654863.091912826173939, 6338540.441660197451711 ], [ 654912.038397736381739, 6338540.441660197451711 ], [ 654912.038397736381739, 6338545.932208994403481 ], [ 654950.107885999954306, 6338545.932208994403481 ], [ 654950.107885999954306, 6338474.555074628442526 ], [ 654922.915394383133389, 6338474.555074628442526 ], [ 654922.915394383133389, 6338469.064525831490755 ], [ 654950.107885999954306, 6338469.064525831490755 ], [ 654950.107885999954306, 6338441.611781844869256 ], [ 654939.230889353202656, 6338441.611781844869256 ], [ 654939.230889353202656, 6338436.121233046986163 ], [ 654922.915394383133389, 6338436.121233046986163 ], [ 654922.915394383133389, 6338430.630684250034392 ] ], [ [ 654917.476896059815772, 6338469.064525831490755 ], [ 654917.476896059815772, 6338463.573977033607662 ], [ 654922.915394383133389, 6338463.573977033607662 ], [ 654922.915394383133389, 6338469.064525831490755 ], [ 654917.476896059815772, 6338469.064525831490755 ] ] ], [ [ [ 654803.268431269098073, 6338480.045623426325619 ], [ 654765.198943005525507, 6338480.045623426325619 ], [ 654765.198943005525507, 6338485.53617222327739 ], [ 654759.76044468220789, 6338485.53617222327739 ], [ 654759.76044468220789, 6338518.479465007781982 ], [ 654792.391434622346424, 6338518.479465007781982 ], [ 654792.391434622346424, 6338523.970013804733753 ], [ 654830.46092288591899, 6338523.970013804733753 ], [ 654830.46092288591899, 6338491.026721021160483 ], [ 654808.706929592532106, 6338491.026721021160483 ], [ 654808.706929592532106, 6338485.53617222327739 ], [ 654803.268431269098073, 6338485.53617222327739 ], [ 654803.268431269098073, 6338480.045623426325619 ] ] ], [ [ [ 654536.782013424206525, 6338908.30842962116003 ], [ 654536.782013424206525, 6338897.327332026325166 ], [ 654509.589521807385609, 6338897.327332026325166 ], [ 654509.589521807385609, 6338930.270624810829759 ], [ 654515.028020130819641, 6338930.270624810829759 ], [ 654515.028020130819641, 6338935.761173607781529 ], [ 654520.466518454137258, 6338935.761173607781529 ], [ 654520.466518454137258, 6338941.251722405664623 ], [ 654547.659010070958175, 6338941.251722405664623 ], [ 654547.659010070958175, 6338913.798978418111801 ], [ 654542.220511747640558, 6338913.798978418111801 ], [ 654542.220511747640558, 6338908.30842962116003 ], [ 654536.782013424206525, 6338908.30842962116003 ] ] ], [ [ [ 654890.284404442994855, 6339331.080687019042671 ], [ 654884.845906119560823, 6339331.080687019042671 ], [ 654884.845906119560823, 6339325.590138221159577 ], [ 654863.091912826173939, 6339325.590138221159577 ], [ 654863.091912826173939, 6339320.099589424207807 ], [ 654868.530411149491556, 6339320.099589424207807 ], [ 654868.530411149491556, 6339314.609040627256036 ], [ 654890.284404442994855, 6339314.609040627256036 ], [ 654890.284404442994855, 6339303.627943032421172 ], [ 654895.722902766312473, 6339303.627943032421172 ], [ 654895.722902766312473, 6339270.684650247916579 ], [ 654890.284404442994855, 6339270.684650247916579 ], [ 654890.284404442994855, 6339259.703552653081715 ], [ 654884.845906119560823, 6339259.703552653081715 ], [ 654884.845906119560823, 6339254.213003856129944 ], [ 654873.968909472809173, 6339254.213003856129944 ], [ 654873.968909472809173, 6339248.722455058246851 ], [ 654857.653414502739906, 6339248.722455058246851 ], [ 654857.653414502739906, 6339243.23190626129508 ], [ 654852.214916179422289, 6339243.23190626129508 ], [ 654852.214916179422289, 6339237.741357463411987 ], [ 654846.776417855988257, 6339237.741357463411987 ], [ 654846.776417855988257, 6339232.250808666460216 ], [ 654819.58392623916734, 6339232.250808666460216 ], [ 654819.58392623916734, 6339237.741357463411987 ], [ 654808.706929592532106, 6339237.741357463411987 ], [ 654808.706929592532106, 6339243.23190626129508 ], [ 654803.268431269098073, 6339243.23190626129508 ], [ 654803.268431269098073, 6339254.213003856129944 ], [ 654797.829932945780456, 6339254.213003856129944 ], [ 654797.829932945780456, 6339287.156296639703214 ], [ 654803.268431269098073, 6339287.156296639703214 ], [ 654803.268431269098073, 6339292.646845437586308 ], [ 654808.706929592532106, 6339292.646845437586308 ], [ 654808.706929592532106, 6339298.137394234538078 ], [ 654819.58392623916734, 6339298.137394234538078 ], [ 654819.58392623916734, 6339303.627943032421172 ], [ 654825.022424562601373, 6339303.627943032421172 ], [ 654825.022424562601373, 6339320.099589424207807 ], [ 654819.58392623916734, 6339320.099589424207807 ], [ 654819.58392623916734, 6339325.590138221159577 ], [ 654797.829932945780456, 6339325.590138221159577 ], [ 654797.829932945780456, 6339331.080687019042671 ], [ 654786.952936299028806, 6339331.080687019042671 ], [ 654786.952936299028806, 6339358.53343100566417 ], [ 654803.268431269098073, 6339358.53343100566417 ], [ 654803.268431269098073, 6339369.514528600499034 ], [ 654814.145427915849723, 6339369.514528600499034 ], [ 654814.145427915849723, 6339375.005077398382127 ], [ 654852.214916179422289, 6339375.005077398382127 ], [ 654852.214916179422289, 6339369.514528600499034 ], [ 654884.845906119560823, 6339369.514528600499034 ], [ 654884.845906119560823, 6339364.023979803547263 ], [ 654890.284404442994855, 6339364.023979803547263 ], [ 654890.284404442994855, 6339331.080687019042671 ] ] ], [ [ [ 654330.119077136390842, 6339462.853858156129718 ], [ 654335.557575459824875, 6339462.853858156129718 ], [ 654335.557575459824875, 6339457.363309358246624 ], [ 654340.996073783142492, 6339457.363309358246624 ], [ 654340.996073783142492, 6339429.910565371625125 ], [ 654346.434572106460109, 6339429.910565371625125 ], [ 654346.434572106460109, 6339418.929467776790261 ], [ 654351.873070429894142, 6339418.929467776790261 ], [ 654351.873070429894142, 6339380.495626195333898 ], [ 654302.926585519569926, 6339380.495626195333898 ], [ 654302.926585519569926, 6339385.986174992285669 ], [ 654297.488087196252309, 6339385.986174992285669 ], [ 654297.488087196252309, 6339391.476723790168762 ], [ 654286.611090549500659, 6339391.476723790168762 ], [ 654286.611090549500659, 6339396.967272587120533 ], [ 654275.734093902749009, 6339396.967272587120533 ], [ 654275.734093902749009, 6339402.457821385003626 ], [ 654259.418598932679743, 6339402.457821385003626 ], [ 654259.418598932679743, 6339407.948370181955397 ], [ 654253.980100609362125, 6339407.948370181955397 ], [ 654253.980100609362125, 6339413.43891897983849 ], [ 654248.541602285928093, 6339413.43891897983849 ], [ 654248.541602285928093, 6339429.910565371625125 ], [ 654210.472114022355527, 6339429.910565371625125 ], [ 654210.472114022355527, 6339435.401114169508219 ], [ 654199.595117375720292, 6339435.401114169508219 ], [ 654199.595117375720292, 6339479.325504547916353 ], [ 654237.664605639176443, 6339479.325504547916353 ], [ 654237.664605639176443, 6339468.344406953081489 ], [ 654248.541602285928093, 6339468.344406953081489 ], [ 654248.541602285928093, 6339479.325504547916353 ], [ 654330.119077136390842, 6339479.325504547916353 ], [ 654330.119077136390842, 6339462.853858156129718 ] ] ], [ [ [ 654346.434572106460109, 6339572.664834103547037 ], [ 654346.434572106460109, 6339556.193187710829079 ], [ 654308.365083843003958, 6339556.193187710829079 ], [ 654308.365083843003958, 6339567.174285305663943 ], [ 654302.926585519569926, 6339567.174285305663943 ], [ 654302.926585519569926, 6339600.117578090168536 ], [ 654313.803582166321576, 6339600.117578090168536 ], [ 654313.803582166321576, 6339611.0986756850034 ], [ 654319.242080489639193, 6339611.0986756850034 ], [ 654319.242080489639193, 6339616.589224481955171 ], [ 654357.311568753211759, 6339616.589224481955171 ], [ 654357.311568753211759, 6339578.155382900498807 ], [ 654351.873070429894142, 6339578.155382900498807 ], [ 654351.873070429894142, 6339572.664834103547037 ], [ 654346.434572106460109, 6339572.664834103547037 ] ] ], [ [ [ 654803.268431269098073, 6339666.004163659177721 ], [ 654797.829932945780456, 6339666.004163659177721 ], [ 654797.829932945780456, 6339660.513614861294627 ], [ 654786.952936299028806, 6339660.513614861294627 ], [ 654786.952936299028806, 6339655.023066064342856 ], [ 654770.63744132895954, 6339655.023066064342856 ], [ 654770.63744132895954, 6339649.532517266459763 ], [ 654759.76044468220789, 6339649.532517266459763 ], [ 654759.76044468220789, 6339644.041968469507992 ], [ 654754.321946358890273, 6339644.041968469507992 ], [ 654754.321946358890273, 6339638.551419671624899 ], [ 654721.690956418635324, 6339638.551419671624899 ], [ 654721.690956418635324, 6339649.532517266459763 ], [ 654716.252458095317706, 6339649.532517266459763 ], [ 654716.252458095317706, 6339660.513614861294627 ], [ 654710.813959771883674, 6339660.513614861294627 ], [ 654710.813959771883674, 6339666.004163659177721 ], [ 654705.375461448566057, 6339666.004163659177721 ], [ 654705.375461448566057, 6339698.94745644275099 ], [ 654710.813959771883674, 6339698.94745644275099 ], [ 654710.813959771883674, 6339704.438005240634084 ], [ 654738.00645138870459, 6339704.438005240634084 ], [ 654738.00645138870459, 6339698.94745644275099 ], [ 654808.706929592532106, 6339698.94745644275099 ], [ 654808.706929592532106, 6339671.494712456129491 ], [ 654803.268431269098073, 6339671.494712456129491 ], [ 654803.268431269098073, 6339666.004163659177721 ] ] ], [ [ [ 654950.107885999954306, 6339693.45690764579922 ], [ 654928.353892706451006, 6339693.45690764579922 ], [ 654928.353892706451006, 6339731.890749227255583 ], [ 654950.107885999954306, 6339731.890749227255583 ], [ 654950.107885999954306, 6339693.45690764579922 ] ] ], [ [ [ 654678.18296983174514, 6339781.30568840354681 ], [ 654678.18296983174514, 6339764.834042011760175 ], [ 654672.744471508427523, 6339764.834042011760175 ], [ 654672.744471508427523, 6339753.852944416925311 ], [ 654667.305973184993491, 6339753.852944416925311 ], [ 654667.305973184993491, 6339720.909651632420719 ], [ 654661.867474861675873, 6339720.909651632420719 ], [ 654661.867474861675873, 6339715.419102835468948 ], [ 654656.428976538241841, 6339715.419102835468948 ], [ 654656.428976538241841, 6339709.928554037585855 ], [ 654650.990478214924224, 6339709.928554037585855 ], [ 654650.990478214924224, 6339693.45690764579922 ], [ 654618.359488274669275, 6339693.45690764579922 ], [ 654618.359488274669275, 6339742.871846822090447 ], [ 654623.797986598103307, 6339742.871846822090447 ], [ 654623.797986598103307, 6339748.362395619042218 ], [ 654629.236484921420924, 6339748.362395619042218 ], [ 654629.236484921420924, 6339753.852944416925311 ], [ 654623.797986598103307, 6339753.852944416925311 ], [ 654623.797986598103307, 6339759.343493213877082 ], [ 654612.920989951351658, 6339759.343493213877082 ], [ 654612.920989951351658, 6339786.796237200498581 ], [ 654618.359488274669275, 6339786.796237200498581 ], [ 654618.359488274669275, 6339792.286785998381674 ], [ 654629.236484921420924, 6339792.286785998381674 ], [ 654629.236484921420924, 6339797.777334795333445 ], [ 654634.674983244854957, 6339797.777334795333445 ], [ 654634.674983244854957, 6339803.267883593216538 ], [ 654640.113481568172574, 6339803.267883593216538 ], [ 654640.113481568172574, 6339814.248981188051403 ], [ 654645.551979891490191, 6339814.248981188051403 ], [ 654645.551979891490191, 6339819.739529985003173 ], [ 654672.744471508427523, 6339819.739529985003173 ], [ 654672.744471508427523, 6339814.248981188051403 ], [ 654683.621468155062757, 6339814.248981188051403 ], [ 654683.621468155062757, 6339781.30568840354681 ], [ 654678.18296983174514, 6339781.30568840354681 ] ] ], [ [ [ 654776.075939652277157, 6339825.230078782886267 ], [ 654738.00645138870459, 6339825.230078782886267 ], [ 654738.00645138870459, 6339830.720627579838037 ], [ 654732.567953065386973, 6339830.720627579838037 ], [ 654732.567953065386973, 6339836.211176377721131 ], [ 654727.129454742069356, 6339836.211176377721131 ], [ 654727.129454742069356, 6339869.154469161294401 ], [ 654759.76044468220789, 6339869.154469161294401 ], [ 654759.76044468220789, 6339863.66392036434263 ], [ 654781.514437975711189, 6339863.66392036434263 ], [ 654781.514437975711189, 6339836.211176377721131 ], [ 654776.075939652277157, 6339836.211176377721131 ], [ 654776.075939652277157, 6339825.230078782886267 ] ] ], [ [ [ 654879.407407796243206, 6340127.210262638516724 ], [ 654884.845906119560823, 6340127.210262638516724 ], [ 654884.845906119560823, 6340116.22916504368186 ], [ 654895.722902766312473, 6340116.22916504368186 ], [ 654895.722902766312473, 6340088.776421056129038 ], [ 654890.284404442994855, 6340088.776421056129038 ], [ 654890.284404442994855, 6340083.285872259177268 ], [ 654841.337919532670639, 6340083.285872259177268 ], [ 654841.337919532670639, 6340088.776421056129038 ], [ 654830.46092288591899, 6340088.776421056129038 ], [ 654830.46092288591899, 6340094.266969854012132 ], [ 654814.145427915849723, 6340094.266969854012132 ], [ 654814.145427915849723, 6340127.210262638516724 ], [ 654819.58392623916734, 6340127.210262638516724 ], [ 654819.58392623916734, 6340138.191360232420266 ], [ 654830.46092288591899, 6340138.191360232420266 ], [ 654830.46092288591899, 6340154.663006625138223 ], [ 654857.653414502739906, 6340154.663006625138223 ], [ 654857.653414502739906, 6340138.191360232420266 ], [ 654863.091912826173939, 6340138.191360232420266 ], [ 654863.091912826173939, 6340132.700811435468495 ], [ 654879.407407796243206, 6340132.700811435468495 ], [ 654879.407407796243206, 6340127.210262638516724 ] ] ], [ [ [ 654906.599899413064122, 6340165.644104219973087 ], [ 654912.038397736381739, 6340165.644104219973087 ], [ 654912.038397736381739, 6340176.625201814807951 ], [ 654917.476896059815772, 6340176.625201814807951 ], [ 654917.476896059815772, 6340182.115750611759722 ], [ 654922.915394383133389, 6340182.115750611759722 ], [ 654922.915394383133389, 6340187.606299409642816 ], [ 654928.353892706451006, 6340187.606299409642816 ], [ 654928.353892706451006, 6340193.096848206594586 ], [ 654950.107885999954306, 6340193.096848206594586 ], [ 654950.107885999954306, 6340132.700811435468495 ], [ 654933.792391029885039, 6340132.700811435468495 ], [ 654933.792391029885039, 6340127.210262638516724 ], [ 654906.599899413064122, 6340127.210262638516724 ], [ 654906.599899413064122, 6340165.644104219973087 ] ] ], [ [ [ 654612.920989951351658, 6340456.643190480768681 ], [ 654607.48249162803404, 6340456.643190480768681 ], [ 654607.48249162803404, 6340451.152641682885587 ], [ 654574.851501687779091, 6340451.152641682885587 ], [ 654574.851501687779091, 6340445.662092885933816 ], [ 654542.220511747640558, 6340445.662092885933816 ], [ 654542.220511747640558, 6340451.152641682885587 ], [ 654536.782013424206525, 6340451.152641682885587 ], [ 654536.782013424206525, 6340445.662092885933816 ], [ 654509.589521807385609, 6340445.662092885933816 ], [ 654509.589521807385609, 6340451.152641682885587 ], [ 654504.151023484067991, 6340451.152641682885587 ], [ 654504.151023484067991, 6340456.643190480768681 ], [ 654482.397030190564692, 6340456.643190480768681 ], [ 654482.397030190564692, 6340495.077032062225044 ], [ 654515.028020130819641, 6340495.077032062225044 ], [ 654515.028020130819641, 6340500.567580859176815 ], [ 654520.466518454137258, 6340500.567580859176815 ], [ 654520.466518454137258, 6340522.529776048846543 ], [ 654547.659010070958175, 6340522.529776048846543 ], [ 654547.659010070958175, 6340500.567580859176815 ], [ 654607.48249162803404, 6340500.567580859176815 ], [ 654607.48249162803404, 6340495.077032062225044 ], [ 654612.920989951351658, 6340495.077032062225044 ], [ 654612.920989951351658, 6340456.643190480768681 ] ] ], [ [ [ 654417.135050310287625, 6340544.491971238516271 ], [ 654411.696551986853592, 6340544.491971238516271 ], [ 654411.696551986853592, 6340539.0014224415645 ], [ 654406.258053663535975, 6340539.0014224415645 ], [ 654406.258053663535975, 6340533.510873643681407 ], [ 654389.942558693466708, 6340533.510873643681407 ], [ 654389.942558693466708, 6340528.020324846729636 ], [ 654384.504060370032676, 6340528.020324846729636 ], [ 654384.504060370032676, 6340500.567580859176815 ], [ 654379.065562046715058, 6340500.567580859176815 ], [ 654379.065562046715058, 6340495.077032062225044 ], [ 654373.627063723281026, 6340495.077032062225044 ], [ 654373.627063723281026, 6340489.58648326434195 ], [ 654368.188565399963409, 6340489.58648326434195 ], [ 654368.188565399963409, 6340478.605385670438409 ], [ 654335.557575459824875, 6340478.605385670438409 ], [ 654335.557575459824875, 6340511.548678454011679 ], [ 654340.996073783142492, 6340511.548678454011679 ], [ 654340.996073783142492, 6340517.039227251894772 ], [ 654346.434572106460109, 6340517.039227251894772 ], [ 654346.434572106460109, 6340522.529776048846543 ], [ 654351.873070429894142, 6340522.529776048846543 ], [ 654351.873070429894142, 6340539.0014224415645 ], [ 654362.750067076645792, 6340539.0014224415645 ], [ 654362.750067076645792, 6340555.473068833351135 ], [ 654373.627063723281026, 6340555.473068833351135 ], [ 654373.627063723281026, 6340566.454166428185999 ], [ 654384.504060370032676, 6340566.454166428185999 ], [ 654384.504060370032676, 6340577.435264023020864 ], [ 654389.942558693466708, 6340577.435264023020864 ], [ 654389.942558693466708, 6340588.416361617855728 ], [ 654400.819555340101942, 6340588.416361617855728 ], [ 654400.819555340101942, 6340599.397459212690592 ], [ 654406.258053663535975, 6340599.397459212690592 ], [ 654406.258053663535975, 6340626.850203199312091 ], [ 654422.573548633605242, 6340626.850203199312091 ], [ 654422.573548633605242, 6340632.340751996263862 ], [ 654449.766040250426158, 6340632.340751996263862 ], [ 654449.766040250426158, 6340626.850203199312091 ], [ 654455.204538573743775, 6340626.850203199312091 ], [ 654455.204538573743775, 6340588.416361617855728 ], [ 654449.766040250426158, 6340588.416361617855728 ], [ 654449.766040250426158, 6340582.925812819972634 ], [ 654444.327541927108541, 6340582.925812819972634 ], [ 654444.327541927108541, 6340571.94471522513777 ], [ 654438.889043603674509, 6340571.94471522513777 ], [ 654438.889043603674509, 6340560.963617630302906 ], [ 654433.450545280356891, 6340560.963617630302906 ], [ 654433.450545280356891, 6340555.473068833351135 ], [ 654422.573548633605242, 6340555.473068833351135 ], [ 654422.573548633605242, 6340549.982520035468042 ], [ 654417.135050310287625, 6340549.982520035468042 ], [ 654417.135050310287625, 6340544.491971238516271 ] ] ], [ [ [ 654460.643036897177808, 6340604.888008009642363 ], [ 654466.081535220495425, 6340604.888008009642363 ], [ 654466.081535220495425, 6340610.378556806594133 ], [ 654471.520033543929458, 6340610.378556806594133 ], [ 654471.520033543929458, 6340615.869105604477227 ], [ 654476.958531867247075, 6340615.869105604477227 ], [ 654476.958531867247075, 6340621.359654401428998 ], [ 654482.397030190564692, 6340621.359654401428998 ], [ 654482.397030190564692, 6340632.340751996263862 ], [ 654487.835528513998725, 6340632.340751996263862 ], [ 654487.835528513998725, 6340637.831300794146955 ], [ 654553.097508394392207, 6340637.831300794146955 ], [ 654553.097508394392207, 6340643.321849591098726 ], [ 654515.028020130819641, 6340643.321849591098726 ], [ 654515.028020130819641, 6340670.774593577720225 ], [ 654553.097508394392207, 6340670.774593577720225 ], [ 654553.097508394392207, 6340676.265142375603318 ], [ 654607.48249162803404, 6340676.265142375603318 ], [ 654607.48249162803404, 6340670.774593577720225 ], [ 654618.359488274669275, 6340670.774593577720225 ], [ 654618.359488274669275, 6340665.284044780768454 ], [ 654629.236484921420924, 6340665.284044780768454 ], [ 654629.236484921420924, 6340659.793495982885361 ], [ 654634.674983244854957, 6340659.793495982885361 ], [ 654634.674983244854957, 6340654.30294718593359 ], [ 654645.551979891490191, 6340654.30294718593359 ], [ 654645.551979891490191, 6340648.812398388981819 ], [ 654656.428976538241841, 6340648.812398388981819 ], [ 654656.428976538241841, 6340643.321849591098726 ], [ 654699.93696312524844, 6340643.321849591098726 ], [ 654699.93696312524844, 6340637.831300794146955 ], [ 654710.813959771883674, 6340637.831300794146955 ], [ 654710.813959771883674, 6340632.340751996263862 ], [ 654732.567953065386973, 6340632.340751996263862 ], [ 654732.567953065386973, 6340626.850203199312091 ], [ 654738.00645138870459, 6340626.850203199312091 ], [ 654738.00645138870459, 6340610.378556806594133 ], [ 654743.444949712138623, 6340610.378556806594133 ], [ 654743.444949712138623, 6340615.869105604477227 ], [ 654776.075939652277157, 6340615.869105604477227 ], [ 654776.075939652277157, 6340610.378556806594133 ], [ 654797.829932945780456, 6340610.378556806594133 ], [ 654797.829932945780456, 6340604.888008009642363 ], [ 654808.706929592532106, 6340604.888008009642363 ], [ 654808.706929592532106, 6340599.397459212690592 ], [ 654814.145427915849723, 6340599.397459212690592 ], [ 654814.145427915849723, 6340588.416361617855728 ], [ 654819.58392623916734, 6340588.416361617855728 ], [ 654819.58392623916734, 6340582.925812819972634 ], [ 654830.46092288591899, 6340582.925812819972634 ], [ 654830.46092288591899, 6340577.435264023020864 ], [ 654857.653414502739906, 6340577.435264023020864 ], [ 654857.653414502739906, 6340571.94471522513777 ], [ 654863.091912826173939, 6340571.94471522513777 ], [ 654863.091912826173939, 6340566.454166428185999 ], [ 654868.530411149491556, 6340566.454166428185999 ], [ 654868.530411149491556, 6340560.963617630302906 ], [ 654873.968909472809173, 6340560.963617630302906 ], [ 654873.968909472809173, 6340555.473068833351135 ], [ 654879.407407796243206, 6340555.473068833351135 ], [ 654879.407407796243206, 6340549.982520035468042 ], [ 654890.284404442994855, 6340549.982520035468042 ], [ 654890.284404442994855, 6340544.491971238516271 ], [ 654906.599899413064122, 6340544.491971238516271 ], [ 654906.599899413064122, 6340528.020324846729636 ], [ 654912.038397736381739, 6340528.020324846729636 ], [ 654912.038397736381739, 6340522.529776048846543 ], [ 654917.476896059815772, 6340522.529776048846543 ], [ 654917.476896059815772, 6340489.58648326434195 ], [ 654912.038397736381739, 6340489.58648326434195 ], [ 654912.038397736381739, 6340478.605385670438409 ], [ 654906.599899413064122, 6340478.605385670438409 ], [ 654906.599899413064122, 6340473.114836872555315 ], [ 654873.968909472809173, 6340473.114836872555315 ], [ 654873.968909472809173, 6340478.605385670438409 ], [ 654868.530411149491556, 6340478.605385670438409 ], [ 654868.530411149491556, 6340484.09593446739018 ], [ 654863.091912826173939, 6340484.09593446739018 ], [ 654863.091912826173939, 6340489.58648326434195 ], [ 654846.776417855988257, 6340489.58648326434195 ], [ 654846.776417855988257, 6340495.077032062225044 ], [ 654841.337919532670639, 6340495.077032062225044 ], [ 654841.337919532670639, 6340511.548678454011679 ], [ 654835.899421209353022, 6340511.548678454011679 ], [ 654835.899421209353022, 6340517.039227251894772 ], [ 654830.46092288591899, 6340517.039227251894772 ], [ 654830.46092288591899, 6340522.529776048846543 ], [ 654814.145427915849723, 6340522.529776048846543 ], [ 654814.145427915849723, 6340528.020324846729636 ], [ 654803.268431269098073, 6340528.020324846729636 ], [ 654803.268431269098073, 6340533.510873643681407 ], [ 654792.391434622346424, 6340533.510873643681407 ], [ 654792.391434622346424, 6340539.0014224415645 ], [ 654781.514437975711189, 6340539.0014224415645 ], [ 654781.514437975711189, 6340544.491971238516271 ], [ 654765.198943005525507, 6340544.491971238516271 ], [ 654765.198943005525507, 6340549.982520035468042 ], [ 654754.321946358890273, 6340549.982520035468042 ], [ 654754.321946358890273, 6340555.473068833351135 ], [ 654738.00645138870459, 6340555.473068833351135 ], [ 654738.00645138870459, 6340560.963617630302906 ], [ 654732.567953065386973, 6340560.963617630302906 ], [ 654732.567953065386973, 6340577.435264023020864 ], [ 654721.690956418635324, 6340577.435264023020864 ], [ 654721.690956418635324, 6340582.925812819972634 ], [ 654710.813959771883674, 6340582.925812819972634 ], [ 654710.813959771883674, 6340577.435264023020864 ], [ 654705.375461448566057, 6340577.435264023020864 ], [ 654705.375461448566057, 6340566.454166428185999 ], [ 654656.428976538241841, 6340566.454166428185999 ], [ 654656.428976538241841, 6340571.94471522513777 ], [ 654650.990478214924224, 6340571.94471522513777 ], [ 654650.990478214924224, 6340577.435264023020864 ], [ 654645.551979891490191, 6340577.435264023020864 ], [ 654645.551979891490191, 6340582.925812819972634 ], [ 654634.674983244854957, 6340582.925812819972634 ], [ 654634.674983244854957, 6340588.416361617855728 ], [ 654629.236484921420924, 6340588.416361617855728 ], [ 654629.236484921420924, 6340593.906910414807498 ], [ 654525.905016777571291, 6340593.906910414807498 ], [ 654525.905016777571291, 6340599.397459212690592 ], [ 654515.028020130819641, 6340599.397459212690592 ], [ 654515.028020130819641, 6340593.906910414807498 ], [ 654509.589521807385609, 6340593.906910414807498 ], [ 654509.589521807385609, 6340588.416361617855728 ], [ 654504.151023484067991, 6340588.416361617855728 ], [ 654504.151023484067991, 6340582.925812819972634 ], [ 654498.712525160750374, 6340582.925812819972634 ], [ 654498.712525160750374, 6340577.435264023020864 ], [ 654493.274026837316342, 6340577.435264023020864 ], [ 654493.274026837316342, 6340566.454166428185999 ], [ 654487.835528513998725, 6340566.454166428185999 ], [ 654487.835528513998725, 6340549.982520035468042 ], [ 654482.397030190564692, 6340549.982520035468042 ], [ 654482.397030190564692, 6340539.0014224415645 ], [ 654476.958531867247075, 6340539.0014224415645 ], [ 654476.958531867247075, 6340533.510873643681407 ], [ 654471.520033543929458, 6340533.510873643681407 ], [ 654471.520033543929458, 6340528.020324846729636 ], [ 654444.327541927108541, 6340528.020324846729636 ], [ 654444.327541927108541, 6340533.510873643681407 ], [ 654438.889043603674509, 6340533.510873643681407 ], [ 654438.889043603674509, 6340560.963617630302906 ], [ 654444.327541927108541, 6340560.963617630302906 ], [ 654444.327541927108541, 6340571.94471522513777 ], [ 654449.766040250426158, 6340571.94471522513777 ], [ 654449.766040250426158, 6340577.435264023020864 ], [ 654455.204538573743775, 6340577.435264023020864 ], [ 654455.204538573743775, 6340582.925812819972634 ], [ 654460.643036897177808, 6340582.925812819972634 ], [ 654460.643036897177808, 6340604.888008009642363 ] ], [ [ 654602.043993304600008, 6340626.850203199312091 ], [ 654602.043993304600008, 6340632.340751996263862 ], [ 654596.605494981282391, 6340632.340751996263862 ], [ 654596.605494981282391, 6340626.850203199312091 ], [ 654602.043993304600008, 6340626.850203199312091 ] ] ] ] } }
]
}
