{
"type": "FeatureCollection",
"name": "new_inundation_20260729",
"crs": { "type": "name", "properties": { "name": "urn:ogc:def:crs:EPSG::32641" } },
"features": [
{ "type": "Feature", "properties": { }, "geometry": { "type": "MultiPolygon", "coordinates": [ [ [ [ 652616.992105276673101, 6338491.026721021160483 ], [ 652622.430603599990718, 6338491.026721021160483 ], [ 652622.430603599990718, 6338466.468373738229275 ], [ 652621.706072644912638, 6338466.902640880085528 ], [ 652620.818939600372687, 6338467.322223561815917 ], [ 652619.894952049246058, 6338467.65283159352839 ], [ 652618.943008496891707, 6338467.891281040385365 ], [ 652617.972276679938659, 6338468.035275503061712 ], [ 652616.992105276673101, 6338468.083428236655891 ], [ 652609.592551892157644, 6338468.083428236655891 ], [ 652609.495822949917056, 6338468.287944401614368 ], [ 652608.991306429496035, 6338469.129679364152253 ], [ 652608.406714840093628, 6338469.917909875512123 ], [ 652607.747678118408658, 6338470.645044845528901 ], [ 652607.020543148159049, 6338471.304081567563117 ], [ 652606.232312636682764, 6338471.888673156499863 ], [ 652605.390577674726956, 6338472.393189677037299 ], [ 652604.505348695558496, 6338472.811871803365648 ], [ 652604.476907308329828, 6338472.891360155306756 ], [ 652604.057324626599438, 6338473.778493199497461 ], [ 652603.552808106178418, 6338474.620228162035346 ], [ 652602.96821651677601, 6338475.408458673395216 ], [ 652602.30917979509104, 6338476.135593643411994 ], [ 652601.582044824841432, 6338476.79463036544621 ], [ 652600.793814313365147, 6338477.379221954382956 ], [ 652599.952079351409338, 6338477.883738474920392 ], [ 652599.064946306869388, 6338478.303321156650782 ], [ 652598.140958755742759, 6338478.633929188363254 ], [ 652597.189015203388408, 6338478.87237863522023 ], [ 652596.21828338643536, 6338479.016373097896576 ], [ 652595.238111983169802, 6338479.064525831490755 ], [ 652593.277056922088377, 6338479.064525831490755 ], [ 652593.180327979847789, 6338479.269041996449232 ], [ 652592.675811459426768, 6338480.110776958987117 ], [ 652592.091219870024361, 6338480.899007470346987 ], [ 652591.432183148339391, 6338481.626142440363765 ], [ 652590.705048178089783, 6338482.285179162397981 ], [ 652589.916817666613497, 6338482.869770751334727 ], [ 652589.075082704657689, 6338483.374287271872163 ], [ 652588.189853725489229, 6338483.792969398200512 ], [ 652588.161412338260561, 6338483.872457750141621 ], [ 652587.741829656530172, 6338484.759590794332325 ], [ 652587.237313136109151, 6338485.60132575687021 ], [ 652586.652721546706744, 6338486.389556268230081 ], [ 652585.993684825021774, 6338487.116691238246858 ], [ 652585.266549854772165, 6338487.775727960281074 ], [ 652584.47831934329588, 6338488.36031954921782 ], [ 652583.636584381340072, 6338488.864836069755256 ], [ 652582.749451336800121, 6338489.284418751485646 ], [ 652581.825463785673492, 6338489.615026783198118 ], [ 652580.873520233319141, 6338489.853476230055094 ], [ 652579.902788416366093, 6338489.99747069273144 ], [ 652578.922617013100535, 6338490.045623426325619 ], [ 652578.922617013100535, 6338507.498367412947118 ], [ 652606.115108629921451, 6338507.498367412947118 ], [ 652606.115108629921451, 6338502.007818615995347 ], [ 652611.553606953239068, 6338502.007818615995347 ], [ 652611.553606953239068, 6338496.517269818112254 ], [ 652616.992105276673101, 6338496.517269818112254 ], [ 652616.992105276673101, 6338491.026721021160483 ] ] ], [ [ [ 652600.676610306487419, 6338567.89440418407321 ], [ 652600.676610306487419, 6338562.403855387121439 ], [ 652573.484118689666502, 6338562.403855387121439 ], [ 652573.484118689666502, 6338567.89440418407321 ], [ 652568.045620366348885, 6338567.89440418407321 ], [ 652568.045620366348885, 6338611.818794563412666 ], [ 652573.484118689666502, 6338611.818794563412666 ], [ 652573.484118689666502, 6338617.309343360364437 ], [ 652578.922617013100535, 6338617.309343360364437 ], [ 652578.922617013100535, 6338622.799892157316208 ], [ 652589.799613659852184, 6338622.799892157316208 ], [ 652589.799613659852184, 6338628.290440955199301 ], [ 652616.992105276673101, 6338628.290440955199301 ], [ 652616.992105276673101, 6338600.837696968577802 ], [ 652611.553606953239068, 6338600.837696968577802 ], [ 652611.553606953239068, 6338589.856599373742938 ], [ 652606.115108629921451, 6338589.856599373742938 ], [ 652606.115108629921451, 6338567.89440418407321 ], [ 652600.676610306487419, 6338567.89440418407321 ] ] ], [ [ [ 652655.061593540129252, 6338847.912392850033939 ], [ 652655.061593540129252, 6338842.421844053082168 ], [ 652665.938590186880901, 6338842.421844053082168 ], [ 652665.938590186880901, 6338836.931295255199075 ], [ 652671.377088510314934, 6338836.931295255199075 ], [ 652671.377088510314934, 6338814.969100065529346 ], [ 652676.815586833632551, 6338814.969100065529346 ], [ 652676.815586833632551, 6338820.45964886341244 ], [ 652687.692583480384201, 6338820.45964886341244 ], [ 652687.692583480384201, 6338825.950197660364211 ], [ 652720.323573420522735, 6338825.950197660364211 ], [ 652720.323573420522735, 6338798.497453673742712 ], [ 652714.885075097205117, 6338798.497453673742712 ], [ 652714.885075097205117, 6338782.025807281956077 ], [ 652709.446576773771085, 6338782.025807281956077 ], [ 652709.446576773771085, 6338776.535258484072983 ], [ 652698.56958012713585, 6338776.535258484072983 ], [ 652698.56958012713585, 6338765.554160889238119 ], [ 652693.131081803701818, 6338765.554160889238119 ], [ 652693.131081803701818, 6338754.573063294403255 ], [ 652687.692583480384201, 6338754.573063294403255 ], [ 652687.692583480384201, 6338749.082514497451484 ], [ 652676.815586833632551, 6338749.082514497451484 ], [ 652676.815586833632551, 6338743.591965699568391 ], [ 652665.938590186880901, 6338743.591965699568391 ], [ 652665.938590186880901, 6338727.120319307781756 ], [ 652633.307600246742368, 6338727.120319307781756 ], [ 652633.307600246742368, 6338754.573063294403255 ], [ 652638.746098570059985, 6338754.573063294403255 ], [ 652638.746098570059985, 6338765.554160889238119 ], [ 652644.184596893494017, 6338765.554160889238119 ], [ 652644.184596893494017, 6338771.044709687121212 ], [ 652649.623095216811635, 6338771.044709687121212 ], [ 652649.623095216811635, 6338782.025807281956077 ], [ 652655.061593540129252, 6338782.025807281956077 ], [ 652655.061593540129252, 6338787.516356078907847 ], [ 652660.500091863563284, 6338787.516356078907847 ], [ 652660.500091863563284, 6338803.988002470694482 ], [ 652644.184596893494017, 6338803.988002470694482 ], [ 652644.184596893494017, 6338809.478551268577576 ], [ 652595.238111983169802, 6338809.478551268577576 ], [ 652595.238111983169802, 6338836.931295255199075 ], [ 652600.676610306487419, 6338836.931295255199075 ], [ 652600.676610306487419, 6338842.421844053082168 ], [ 652606.115108629921451, 6338842.421844053082168 ], [ 652606.115108629921451, 6338853.402941647917032 ], [ 652611.553606953239068, 6338853.402941647917032 ], [ 652611.553606953239068, 6338864.384039241820574 ], [ 652638.746098570059985, 6338864.384039241820574 ], [ 652638.746098570059985, 6338858.893490444868803 ], [ 652644.184596893494017, 6338858.893490444868803 ], [ 652644.184596893494017, 6338853.402941647917032 ], [ 652649.623095216811635, 6338853.402941647917032 ], [ 652649.623095216811635, 6338847.912392850033939 ], [ 652655.061593540129252, 6338847.912392850033939 ] ] ], [ [ [ 652562.607122043031268, 6338771.044709687121212 ], [ 652524.537633779458702, 6338771.044709687121212 ], [ 652524.537633779458702, 6338798.497453673742712 ], [ 652540.853128749527968, 6338798.497453673742712 ], [ 652540.853128749527968, 6338803.988002470694482 ], [ 652535.414630426210351, 6338803.988002470694482 ], [ 652535.414630426210351, 6338831.440746458247304 ], [ 652540.853128749527968, 6338831.440746458247304 ], [ 652540.853128749527968, 6338836.931295255199075 ], [ 652584.361115336418152, 6338836.931295255199075 ], [ 652584.361115336418152, 6338793.006904876790941 ], [ 652578.922617013100535, 6338793.006904876790941 ], [ 652578.922617013100535, 6338782.025807281956077 ], [ 652562.607122043031268, 6338782.025807281956077 ], [ 652562.607122043031268, 6338771.044709687121212 ] ] ], [ [ [ 652442.960158928995952, 6338655.7431849418208 ], [ 652475.591148869134486, 6338655.7431849418208 ], [ 652475.591148869134486, 6338650.25263614486903 ], [ 652486.468145515886135, 6338650.25263614486903 ], [ 652486.468145515886135, 6338644.762087346985936 ], [ 652508.222138809389435, 6338644.762087346985936 ], [ 652508.222138809389435, 6338633.780989752151072 ], [ 652513.660637132707052, 6338633.780989752151072 ], [ 652513.660637132707052, 6338606.328245765529573 ], [ 652524.537633779458702, 6338606.328245765529573 ], [ 652524.537633779458702, 6338600.837696968577802 ], [ 652529.976132102776319, 6338600.837696968577802 ], [ 652529.976132102776319, 6338595.347148170694709 ], [ 652535.414630426210351, 6338595.347148170694709 ], [ 652535.414630426210351, 6338551.422757792286575 ], [ 652519.099135456024669, 6338551.422757792286575 ], [ 652519.099135456024669, 6338529.460562602616847 ], [ 652513.660637132707052, 6338529.460562602616847 ], [ 652513.660637132707052, 6338523.970013804733753 ], [ 652497.345142162637785, 6338523.970013804733753 ], [ 652497.345142162637785, 6338518.479465007781982 ], [ 652491.906643839203753, 6338518.479465007781982 ], [ 652491.906643839203753, 6338512.988916209898889 ], [ 652486.468145515886135, 6338512.988916209898889 ], [ 652486.468145515886135, 6338507.498367412947118 ], [ 652481.029647192568518, 6338507.498367412947118 ], [ 652481.029647192568518, 6338491.026721021160483 ], [ 652475.591148869134486, 6338491.026721021160483 ], [ 652475.591148869134486, 6338480.045623426325619 ], [ 652470.152650545816869, 6338480.045623426325619 ], [ 652470.152650545816869, 6338469.064525831490755 ], [ 652464.714152222382836, 6338469.064525831490755 ], [ 652464.714152222382836, 6338463.573977033607662 ], [ 652437.52166060556192, 6338463.573977033607662 ], [ 652437.52166060556192, 6338474.555074628442526 ], [ 652432.083162282244302, 6338474.555074628442526 ], [ 652432.083162282244302, 6338475.53617222327739 ], [ 652459.275653899065219, 6338475.53617222327739 ], [ 652460.255825302330777, 6338475.584324956871569 ], [ 652461.226557119283825, 6338475.728319419547915 ], [ 652462.178500671638176, 6338475.966768866404891 ], [ 652463.102488222764805, 6338476.297376898117363 ], [ 652463.989621267304756, 6338476.716959579847753 ], [ 652464.831356229260564, 6338477.221476100385189 ], [ 652465.61958674073685, 6338477.806067689321935 ], [ 652466.346721710986458, 6338478.465104411356151 ], [ 652467.005758432671428, 6338479.192239381372929 ], [ 652467.590350022073835, 6338479.980469892732799 ], [ 652468.094866542494856, 6338480.822204855270684 ], [ 652468.514449224225245, 6338481.709337899461389 ], [ 652468.845057256403379, 6338482.633325451053679 ], [ 652469.083506703143939, 6338483.585269003175199 ], [ 652469.227501165820286, 6338484.556000820361078 ], [ 652469.275653899065219, 6338485.53617222327739 ], [ 652469.275653899065219, 6338487.625946273095906 ], [ 652469.428119590622373, 6338487.698057174682617 ], [ 652470.269854552578181, 6338488.202573695220053 ], [ 652471.058085064054467, 6338488.787165284156799 ], [ 652471.785220034304075, 6338489.446202006191015 ], [ 652472.444256755989045, 6338490.173336976207793 ], [ 652473.028848345391452, 6338490.961567487567663 ], [ 652473.533364865812473, 6338491.803302450105548 ], [ 652473.952947547542863, 6338492.690435494296253 ], [ 652474.283555579720996, 6338493.614423045888543 ], [ 652474.522005026461557, 6338494.566366598010063 ], [ 652474.665999489137903, 6338495.537098415195942 ], [ 652474.714152222382836, 6338496.517269818112254 ], [ 652474.714152222382836, 6338498.60704386793077 ], [ 652474.866617914056405, 6338498.679154769517481 ], [ 652475.708352876012214, 6338499.183671290054917 ], [ 652476.496583387488499, 6338499.768262878991663 ], [ 652477.223718357738107, 6338500.427299601025879 ], [ 652477.882755079423077, 6338501.154434571042657 ], [ 652478.467346668825485, 6338501.942665082402527 ], [ 652478.971863189246505, 6338502.784400044940412 ], [ 652479.391445870976895, 6338503.671533089131117 ], [ 652479.722053903155029, 6338504.595520640723407 ], [ 652479.960503349895589, 6338505.547464192844927 ], [ 652480.104497812571935, 6338506.518196010030806 ], [ 652480.152650545816869, 6338507.498367412947118 ], [ 652480.152650545816869, 6338509.588141462765634 ], [ 652480.305116237374023, 6338509.660252364352345 ], [ 652481.146851199329831, 6338510.164768884889781 ], [ 652481.935081710806116, 6338510.749360473826528 ], [ 652482.662216681055725, 6338511.408397195860744 ], [ 652483.321253402740695, 6338512.135532165877521 ], [ 652483.905844992143102, 6338512.923762677237391 ], [ 652484.410361512564123, 6338513.765497639775276 ], [ 652484.829944194294512, 6338514.652630683965981 ], [ 652484.858385581173934, 6338514.732119034975767 ], [ 652485.743614560808055, 6338515.150801161304116 ], [ 652486.585349522763863, 6338515.655317681841552 ], [ 652487.373580034240149, 6338516.239909270778298 ], [ 652488.100715004489757, 6338516.898945992812514 ], [ 652488.759751726174727, 6338517.626080962829292 ], [ 652489.344343315577134, 6338518.414311474189162 ], [ 652489.848859835998155, 6338519.256046436727047 ], [ 652490.268442517728545, 6338520.143179480917752 ], [ 652490.296883904957213, 6338520.22266783285886 ], [ 652491.182112884125672, 6338520.64134995918721 ], [ 652492.02384784608148, 6338521.145866479724646 ], [ 652492.812078357557766, 6338521.730458068661392 ], [ 652493.539213327807374, 6338522.389494790695608 ], [ 652494.198250049492344, 6338523.116629760712385 ], [ 652494.782841638894752, 6338523.904860272072256 ], [ 652495.287358159315772, 6338524.74659523461014 ], [ 652495.384087101556361, 6338524.951111399568617 ], [ 652497.345142162637785, 6338524.951111399568617 ], [ 652498.325313565903343, 6338524.999264133162796 ], [ 652499.296045382856391, 6338525.143258595839143 ], [ 652500.247988935210742, 6338525.381708042696118 ], [ 652501.171976486337371, 6338525.712316074408591 ], [ 652502.059109530877322, 6338526.13189875613898 ], [ 652502.90084449283313, 6338526.636415276676416 ], [ 652503.689075004309416, 6338527.221006865613163 ], [ 652504.416209974559024, 6338527.880043587647378 ], [ 652505.075246696243994, 6338528.607178557664156 ], [ 652505.659838285646401, 6338529.395409069024026 ], [ 652506.164354806067422, 6338530.237144031561911 ], [ 652506.583937487797812, 6338531.124277075752616 ], [ 652506.914545519975945, 6338532.048264627344906 ], [ 652507.152994966716506, 6338533.000208179466426 ], [ 652507.296989429392852, 6338533.970939996652305 ], [ 652507.345142162637785, 6338534.951111399568617 ], [ 652507.345142162637785, 6338578.875501778908074 ], [ 652507.296989429392852, 6338579.855673181824386 ], [ 652507.152994966716506, 6338580.826404999010265 ], [ 652506.914545519975945, 6338581.778348551131785 ], [ 652506.583937487797812, 6338582.702336102724075 ], [ 652506.164354806067422, 6338583.58946914691478 ], [ 652505.659838285646401, 6338584.431204109452665 ], [ 652505.075246696243994, 6338585.219434620812535 ], [ 652504.416209974559024, 6338585.946569590829313 ], [ 652503.689075004309416, 6338586.605606312863529 ], [ 652502.90084449283313, 6338587.190197901800275 ], [ 652502.059109530877322, 6338587.694714422337711 ], [ 652501.171976486337371, 6338588.1142971040681 ], [ 652500.247988935210742, 6338588.444905135780573 ], [ 652499.296045382856391, 6338588.683354582637548 ], [ 652498.325313565903343, 6338588.827349045313895 ], [ 652497.345142162637785, 6338588.875501778908074 ], [ 652491.029647192568518, 6338588.875501778908074 ], [ 652491.029647192568518, 6338589.856599373742938 ], [ 652490.981494459323585, 6338590.83677077665925 ], [ 652490.837499996647239, 6338591.807502593845129 ], [ 652490.599050549906678, 6338592.759446145966649 ], [ 652490.268442517728545, 6338593.683433697558939 ], [ 652489.848859835998155, 6338594.570566741749644 ], [ 652489.344343315577134, 6338595.412301704287529 ], [ 652488.759751726174727, 6338596.200532215647399 ], [ 652488.100715004489757, 6338596.927667185664177 ], [ 652487.373580034240149, 6338597.586703907698393 ], [ 652486.585349522763863, 6338598.171295496635139 ], [ 652485.743614560808055, 6338598.675812017172575 ], [ 652484.858385581173934, 6338599.094494143500924 ], [ 652484.829944194294512, 6338599.17398249451071 ], [ 652484.410361512564123, 6338600.061115538701415 ], [ 652483.905844992143102, 6338600.9028505012393 ], [ 652483.321253402740695, 6338601.69108101259917 ], [ 652482.662216681055725, 6338602.418215982615948 ], [ 652481.935081710806116, 6338603.077252704650164 ], [ 652481.146851199329831, 6338603.66184429358691 ], [ 652480.305116237374023, 6338604.166360814124346 ], [ 652479.419887258205563, 6338604.585042940452695 ], [ 652479.391445870976895, 6338604.664531292393804 ], [ 652478.971863189246505, 6338605.551664336584508 ], [ 652478.467346668825485, 6338606.393399299122393 ], [ 652477.882755079423077, 6338607.181629810482264 ], [ 652477.223718357738107, 6338607.908764780499041 ], [ 652476.496583387488499, 6338608.567801502533257 ], [ 652475.708352876012214, 6338609.152393091470003 ], [ 652474.866617914056405, 6338609.656909612007439 ], [ 652473.981388934422284, 6338610.075591738335788 ], [ 652473.952947547542863, 6338610.155080089345574 ], [ 652473.533364865812473, 6338611.042213133536279 ], [ 652473.028848345391452, 6338611.883948096074164 ], [ 652472.444256755989045, 6338612.672178607434034 ], [ 652471.785220034304075, 6338613.399313577450812 ], [ 652471.058085064054467, 6338614.058350299485028 ], [ 652470.269854552578181, 6338614.642941888421774 ], [ 652469.428119590622373, 6338615.14745840895921 ], [ 652469.275653899065219, 6338615.219569310545921 ], [ 652469.275653899065219, 6338617.309343360364437 ], [ 652469.227501165820286, 6338618.289514763280749 ], [ 652469.083506703143939, 6338619.260246580466628 ], [ 652468.845057256403379, 6338620.212190132588148 ], [ 652468.514449224225245, 6338621.136177684180439 ], [ 652468.094866542494856, 6338622.023310728371143 ], [ 652467.590350022073835, 6338622.865045690909028 ], [ 652467.005758432671428, 6338623.653276202268898 ], [ 652466.346721710986458, 6338624.380411172285676 ], [ 652465.61958674073685, 6338625.039447894319892 ], [ 652464.831356229260564, 6338625.624039483256638 ], [ 652463.989621267304756, 6338626.128556003794074 ], [ 652463.102488222764805, 6338626.548138685524464 ], [ 652462.178500671638176, 6338626.878746717236936 ], [ 652461.226557119283825, 6338627.117196164093912 ], [ 652460.255825302330777, 6338627.261190626770258 ], [ 652459.275653899065219, 6338627.309343360364437 ], [ 652457.314598837983795, 6338627.309343360364437 ], [ 652457.217869895743206, 6338627.513859525322914 ], [ 652456.713353375322185, 6338628.355594487860799 ], [ 652456.128761785919778, 6338629.143824999220669 ], [ 652455.469725064234808, 6338629.870959969237447 ], [ 652454.7425900939852, 6338630.529996691271663 ], [ 652453.954359582508914, 6338631.114588280208409 ], [ 652453.112624620553106, 6338631.619104800745845 ], [ 652452.960158928995952, 6338631.691215702332556 ], [ 652452.960158928995952, 6338633.780989752151072 ], [ 652452.912006195751019, 6338634.761161155067384 ], [ 652452.768011733074673, 6338635.731892972253263 ], [ 652452.529562286334112, 6338636.683836524374783 ], [ 652452.198954254155979, 6338637.607824075967073 ], [ 652451.779371572425589, 6338638.494957120157778 ], [ 652451.274855052004568, 6338639.336692082695663 ], [ 652450.690263462602161, 6338640.124922594055533 ], [ 652450.031226740917191, 6338640.852057564072311 ], [ 652449.304091770667583, 6338641.511094286106527 ], [ 652448.515861259191297, 6338642.095685875043273 ], [ 652447.674126297235489, 6338642.600202395580709 ], [ 652447.52166060556192, 6338642.67231329716742 ], [ 652447.52166060556192, 6338644.762087346985936 ], [ 652447.473507872316986, 6338645.742258749902248 ], [ 652447.32951340964064, 6338646.712990567088127 ], [ 652447.09106396290008, 6338647.664934119209647 ], [ 652446.760455930721946, 6338648.588921670801938 ], [ 652446.340873248991556, 6338649.476054714992642 ], [ 652445.836356728570536, 6338650.317789677530527 ], [ 652445.251765139168128, 6338651.106020188890398 ], [ 652444.592728417483158, 6338651.833155158907175 ], [ 652443.86559344723355, 6338652.492191880941391 ], [ 652443.077362935757264, 6338653.076783469878137 ], [ 652442.960158928995952, 6338653.147032847627997 ], [ 652442.960158928995952, 6338655.7431849418208 ] ] ], [ [ [ 652372.259680725284852, 6338507.498367412947118 ], [ 652372.259680725284852, 6338519.460562602616847 ], [ 652379.659234109334648, 6338519.460562602616847 ], [ 652379.755963051924482, 6338519.256046436727047 ], [ 652380.260479572345503, 6338518.414311474189162 ], [ 652380.84507116174791, 6338517.626080962829292 ], [ 652381.50410788343288, 6338516.898945992812514 ], [ 652382.231242853682488, 6338516.239909270778298 ], [ 652383.019473365158774, 6338515.655317681841552 ], [ 652383.861208327114582, 6338515.150801161304116 ], [ 652384.748341371654533, 6338514.731218479573727 ], [ 652385.672328922781162, 6338514.400610447861254 ], [ 652386.624272475135513, 6338514.162161001004279 ], [ 652387.595004292088561, 6338514.018166538327932 ], [ 652388.575175695354119, 6338513.970013804733753 ], [ 652394.890670665423386, 6338513.970013804733753 ], [ 652394.890670665423386, 6338507.498367412947118 ], [ 652372.259680725284852, 6338507.498367412947118 ] ] ], [ [ [ 652328.751694138278253, 6338562.403855387121439 ], [ 652328.751694138278253, 6338573.384952981024981 ], [ 652323.313195814960636, 6338573.384952981024981 ], [ 652323.313195814960636, 6338578.875501778908074 ], [ 652317.874697491526604, 6338578.875501778908074 ], [ 652317.874697491526604, 6338584.366050575859845 ], [ 652312.436199168208987, 6338584.366050575859845 ], [ 652312.436199168208987, 6338589.856599373742938 ], [ 652306.997700844891369, 6338589.856599373742938 ], [ 652306.997700844891369, 6338595.347148170694709 ], [ 652301.559202521457337, 6338595.347148170694709 ], [ 652301.559202521457337, 6338600.837696968577802 ], [ 652296.12070419813972, 6338600.837696968577802 ], [ 652296.12070419813972, 6338606.328245765529573 ], [ 652290.682205874705687, 6338606.328245765529573 ], [ 652290.682205874705687, 6338628.290440955199301 ], [ 652268.928212581318803, 6338628.290440955199301 ], [ 652268.928212581318803, 6338633.780989752151072 ], [ 652263.489714257884771, 6338633.780989752151072 ], [ 652263.489714257884771, 6338639.271538550034165 ], [ 652252.612717611249536, 6338639.271538550034165 ], [ 652252.612717611249536, 6338644.762087346985936 ], [ 652236.297222641063854, 6338644.762087346985936 ], [ 652236.297222641063854, 6338650.25263614486903 ], [ 652225.42022599442862, 6338650.25263614486903 ], [ 652225.42022599442862, 6338661.233733739703894 ], [ 652219.981727670994587, 6338661.233733739703894 ], [ 652219.981727670994587, 6338666.724282536655664 ], [ 652214.54322934767697, 6338666.724282536655664 ], [ 652214.54322934767697, 6338683.195928928442299 ], [ 652209.104731024242938, 6338683.195928928442299 ], [ 652209.104731024242938, 6338694.177026523277164 ], [ 652203.66623270092532, 6338694.177026523277164 ], [ 652203.66623270092532, 6338705.158124118112028 ], [ 652198.227734377607703, 6338705.158124118112028 ], [ 652198.227734377607703, 6338716.139221712946892 ], [ 652192.789236054173671, 6338716.139221712946892 ], [ 652192.789236054173671, 6338732.610868105664849 ], [ 652187.350737730856054, 6338732.610868105664849 ], [ 652187.350737730856054, 6338743.591965699568391 ], [ 652181.912239407422021, 6338743.591965699568391 ], [ 652181.912239407422021, 6338754.573063294403255 ], [ 652176.473741084104404, 6338754.573063294403255 ], [ 652176.473741084104404, 6338765.554160889238119 ], [ 652171.035242760786787, 6338765.554160889238119 ], [ 652171.035242760786787, 6338771.044709687121212 ], [ 652165.596744437352754, 6338771.044709687121212 ], [ 652165.596744437352754, 6338793.006904876790941 ], [ 652160.158246114035137, 6338793.006904876790941 ], [ 652160.158246114035137, 6338803.988002470694482 ], [ 652154.719747790601104, 6338803.988002470694482 ], [ 652154.719747790601104, 6338814.969100065529346 ], [ 652149.281249467283487, 6338814.969100065529346 ], [ 652149.281249467283487, 6338825.950197660364211 ], [ 652143.84275114396587, 6338825.950197660364211 ], [ 652143.84275114396587, 6338831.440746458247304 ], [ 652138.404252820531838, 6338831.440746458247304 ], [ 652138.404252820531838, 6338853.402941647917032 ], [ 652132.96575449721422, 6338853.402941647917032 ], [ 652132.96575449721422, 6338880.855685634538531 ], [ 652160.158246114035137, 6338880.855685634538531 ], [ 652160.158246114035137, 6338869.874588039703667 ], [ 652165.596744437352754, 6338869.874588039703667 ], [ 652165.596744437352754, 6338877.961288930848241 ], [ 652166.32127539254725, 6338877.527021788060665 ], [ 652167.206504372064956, 6338877.108339661732316 ], [ 652167.234945758944377, 6338877.02885131072253 ], [ 652167.654528440674767, 6338876.141718266531825 ], [ 652168.159044961095788, 6338875.29998330399394 ], [ 652168.743636550498195, 6338874.51175279263407 ], [ 652169.402673272183165, 6338873.784617822617292 ], [ 652170.129808242432773, 6338873.125581100583076 ], [ 652170.918038753909059, 6338872.54098951164633 ], [ 652171.759773715864867, 6338872.036472991108894 ], [ 652171.912239407422021, 6338871.964362089522183 ], [ 652171.912239407422021, 6338858.893490444868803 ], [ 652171.035242760786787, 6338858.893490444868803 ], [ 652171.035242760786787, 6338853.402941647917032 ], [ 652173.558491759235039, 6338853.402941647917032 ], [ 652173.597543284413405, 6338853.337788114324212 ], [ 652174.182134873815812, 6338852.549557602964342 ], [ 652174.841171595500782, 6338851.822422632947564 ], [ 652175.56830656575039, 6338851.163385910913348 ], [ 652176.356537077226676, 6338850.578794321976602 ], [ 652176.473741084104404, 6338850.508544943295419 ], [ 652176.473741084104404, 6338836.931295255199075 ], [ 652181.912239407422021, 6338836.931295255199075 ], [ 652181.912239407422021, 6338845.017996147274971 ], [ 652182.636770362616517, 6338844.583729004487395 ], [ 652183.521999341784976, 6338844.165046878159046 ], [ 652183.550440729013644, 6338844.085558526217937 ], [ 652183.970023410744034, 6338843.198425482027233 ], [ 652184.474539931165054, 6338842.356690519489348 ], [ 652185.059131520567462, 6338841.568460008129478 ], [ 652185.718168242252432, 6338840.8413250381127 ], [ 652186.44530321250204, 6338840.182288316078484 ], [ 652187.233533723978326, 6338839.597696727141738 ], [ 652188.075268685934134, 6338839.093180206604302 ], [ 652188.227734377607703, 6338839.021069305017591 ], [ 652188.227734377607703, 6338825.950197660364211 ], [ 652188.275887110852636, 6338824.970026257447898 ], [ 652188.419881573528983, 6338823.99929444026202 ], [ 652188.658331020269543, 6338823.0473508881405 ], [ 652188.988939052447677, 6338822.123363336548209 ], [ 652189.408521734178066, 6338821.236230292357504 ], [ 652189.873986729420722, 6338820.45964886341244 ], [ 652187.350737730856054, 6338820.45964886341244 ], [ 652187.350737730856054, 6338814.969100065529346 ], [ 652192.789236054173671, 6338814.969100065529346 ], [ 652192.789236054173671, 6338809.478551268577576 ], [ 652195.312485052738339, 6338809.478551268577576 ], [ 652195.351536577916704, 6338809.413397734984756 ], [ 652195.936128167319112, 6338808.625167223624885 ], [ 652196.595164889004081, 6338807.898032253608108 ], [ 652197.32229985925369, 6338807.238995531573892 ], [ 652198.110530370729975, 6338806.654403942637146 ], [ 652198.227734377607703, 6338806.584154563955963 ], [ 652198.227734377607703, 6338787.516356078907847 ], [ 652203.66623270092532, 6338787.516356078907847 ], [ 652203.66623270092532, 6338782.025807281956077 ], [ 652209.104731024242938, 6338782.025807281956077 ], [ 652209.104731024242938, 6338765.554160889238119 ], [ 652214.54322934767697, 6338765.554160889238119 ], [ 652214.54322934767697, 6338760.063612092286348 ], [ 652217.066478346241638, 6338760.063612092286348 ], [ 652217.105529871420003, 6338759.998458558693528 ], [ 652217.690121460822411, 6338759.210228047333658 ], [ 652218.349158182507381, 6338758.48309307731688 ], [ 652219.076293152756989, 6338757.824056355282664 ], [ 652219.864523664233275, 6338757.239464766345918 ], [ 652220.706258626189083, 6338756.734948245808482 ], [ 652220.858724317746237, 6338756.662837344221771 ], [ 652220.858724317746237, 6338754.573063294403255 ], [ 652220.90687705099117, 6338753.592891891486943 ], [ 652221.050871513667516, 6338752.622160074301064 ], [ 652221.289320960408077, 6338751.670216522179544 ], [ 652221.61992899258621, 6338750.746228970587254 ], [ 652222.0395116743166, 6338749.859095926396549 ], [ 652222.504976669559255, 6338749.082514497451484 ], [ 652219.981727670994587, 6338749.082514497451484 ], [ 652219.981727670994587, 6338738.10141690261662 ], [ 652225.42022599442862, 6338738.10141690261662 ], [ 652225.42022599442862, 6338727.120319307781756 ], [ 652230.858724317746237, 6338727.120319307781756 ], [ 652230.858724317746237, 6338721.629770510829985 ], [ 652231.735720964497887, 6338721.629770510829985 ], [ 652231.735720964497887, 6338694.177026523277164 ], [ 652231.78387369774282, 6338693.196855120360851 ], [ 652231.927868160419166, 6338692.226123303174973 ], [ 652232.166317607159726, 6338691.274179751053452 ], [ 652232.49692563933786, 6338690.350192199461162 ], [ 652232.91650832106825, 6338689.463059155270457 ], [ 652233.42102484148927, 6338688.621324192732573 ], [ 652234.005616430891678, 6338687.833093681372702 ], [ 652234.664653152576648, 6338687.105958711355925 ], [ 652235.391788122826256, 6338686.446921989321709 ], [ 652236.180018634302542, 6338685.862330400384963 ], [ 652237.02175359625835, 6338685.357813879847527 ], [ 652237.174219287815504, 6338685.285702978260815 ], [ 652237.174219287815504, 6338683.195928928442299 ], [ 652237.222372021060437, 6338682.215757525525987 ], [ 652237.366366483736783, 6338681.245025708340108 ], [ 652237.604815930477343, 6338680.293082156218588 ], [ 652237.935423962655477, 6338679.369094604626298 ], [ 652238.355006644385867, 6338678.481961560435593 ], [ 652238.859523164806888, 6338677.640226597897708 ], [ 652239.444114754209295, 6338676.851996086537838 ], [ 652240.103151475894265, 6338676.12486111652106 ], [ 652240.830286446143873, 6338675.465824394486845 ], [ 652241.618516957620159, 6338674.881232805550098 ], [ 652242.460251919575967, 6338674.376716285012662 ], [ 652243.345480899210088, 6338673.958034158684313 ], [ 652243.37392228608951, 6338673.878545807674527 ], [ 652243.793504967819899, 6338672.991412763483822 ], [ 652244.29802148824092, 6338672.149677800945938 ], [ 652244.882613077643327, 6338671.361447289586067 ], [ 652245.541649799328297, 6338670.63431231956929 ], [ 652246.268784769577906, 6338669.975275597535074 ], [ 652247.057015281054191, 6338669.390684008598328 ], [ 652247.898750243009999, 6338668.886167488060892 ], [ 652248.783979222527705, 6338668.467485361732543 ], [ 652248.812420609407127, 6338668.387997010722756 ], [ 652249.232003291137516, 6338667.500863966532052 ], [ 652249.736519811558537, 6338666.659129003994167 ], [ 652250.321111400960945, 6338665.870898492634296 ], [ 652250.980148122645915, 6338665.143763522617519 ], [ 652251.707283092895523, 6338664.484726800583303 ], [ 652252.495513604371808, 6338663.900135211646557 ], [ 652253.337248566327617, 6338663.395618691109121 ], [ 652254.222477545496076, 6338662.976936564780772 ], [ 652254.250918932724744, 6338662.897448212839663 ], [ 652254.670501614455134, 6338662.010315168648958 ], [ 652255.175018134876154, 6338661.168580206111073 ], [ 652255.759609724278562, 6338660.380349694751203 ], [ 652256.418646445963532, 6338659.653214724734426 ], [ 652257.14578141621314, 6338658.99417800270021 ], [ 652257.934011927689426, 6338658.409586413763463 ], [ 652258.775746889645234, 6338657.905069893226027 ], [ 652259.662879934185185, 6338657.485487211495638 ], [ 652260.586867485311814, 6338657.154879179783165 ], [ 652261.538811037666164, 6338656.91642973292619 ], [ 652262.509542854619212, 6338656.772435270249844 ], [ 652263.489714257884771, 6338656.724282536655664 ], [ 652265.450769318966195, 6338656.724282536655664 ], [ 652265.547498261206783, 6338656.519766371697187 ], [ 652266.052014781627804, 6338655.678031409159303 ], [ 652266.636606371030211, 6338654.889800897799432 ], [ 652267.295643092715181, 6338654.162665927782655 ], [ 652268.02277806296479, 6338653.503629205748439 ], [ 652268.811008574441075, 6338652.919037616811693 ], [ 652269.652743536396883, 6338652.414521096274257 ], [ 652270.537972515681759, 6338651.995838969945908 ], [ 652270.566413902910426, 6338651.916350618004799 ], [ 652270.985996584640816, 6338651.029217573814094 ], [ 652271.490513105061837, 6338650.187482611276209 ], [ 652272.075104694464244, 6338649.399252099916339 ], [ 652272.734141416149214, 6338648.672117129899561 ], [ 652273.461276386398822, 6338648.013080407865345 ], [ 652274.249506897875108, 6338647.428488818928599 ], [ 652275.091241859830916, 6338646.923972298391163 ], [ 652275.976470839348622, 6338646.505290172062814 ], [ 652276.004912226228043, 6338646.425801821053028 ], [ 652276.424494907958433, 6338645.538668776862323 ], [ 652276.929011428379454, 6338644.696933814324439 ], [ 652277.513603017781861, 6338643.908703302964568 ], [ 652278.172639739466831, 6338643.181568332947791 ], [ 652278.899774709716439, 6338642.522531610913575 ], [ 652279.688005221192725, 6338641.937940021976829 ], [ 652280.529740183148533, 6338641.433423501439393 ], [ 652281.414969162316993, 6338641.014741375111043 ], [ 652281.443410549545661, 6338640.935253023169935 ], [ 652281.86299323127605, 6338640.04811997897923 ], [ 652282.367509751697071, 6338639.206385016441345 ], [ 652282.952101341099478, 6338638.418154505081475 ], [ 652283.611138062784448, 6338637.691019535064697 ], [ 652284.338273033034056, 6338637.031982813030481 ], [ 652285.126503544510342, 6338636.447391224093735 ], [ 652285.96823850646615, 6338635.942874703556299 ], [ 652286.853467486100271, 6338635.52419257722795 ], [ 652286.881908872979693, 6338635.444704226218164 ], [ 652287.301491554710083, 6338634.557571182027459 ], [ 652287.806008075131103, 6338633.715836219489574 ], [ 652288.390599664533511, 6338632.927605708129704 ], [ 652289.049636386218481, 6338632.200470738112926 ], [ 652289.776771356468089, 6338631.541434016078711 ], [ 652290.565001867944375, 6338630.956842427141964 ], [ 652291.406736829900183, 6338630.452325906604528 ], [ 652291.559202521457337, 6338630.380215005017817 ], [ 652291.559202521457337, 6338628.290440955199301 ], [ 652291.60735525470227, 6338627.310269552282989 ], [ 652291.751349717378616, 6338626.33953773509711 ], [ 652291.989799164119177, 6338625.38759418297559 ], [ 652292.32040719629731, 6338624.4636066313833 ], [ 652292.7399898780277, 6338623.576473587192595 ], [ 652293.244506398448721, 6338622.73473862465471 ], [ 652293.829097987851128, 6338621.94650811329484 ], [ 652294.488134709536098, 6338621.219373143278062 ], [ 652295.215269679785706, 6338620.560336421243846 ], [ 652296.003500191261992, 6338619.9757448323071 ], [ 652296.8452351532178, 6338619.471228311769664 ], [ 652297.730464132502675, 6338619.052546185441315 ], [ 652297.758905519731343, 6338618.973057833500206 ], [ 652298.178488201461732, 6338618.085924789309502 ], [ 652298.683004721882753, 6338617.244189826771617 ], [ 652299.26759631128516, 6338616.455959315411747 ], [ 652299.92663303297013, 6338615.728824345394969 ], [ 652300.653768003219739, 6338615.069787623360753 ], [ 652301.441998514696024, 6338614.485196034424007 ], [ 652302.283733476651832, 6338613.980679513886571 ], [ 652303.168962456169538, 6338613.561997387558222 ], [ 652303.19740384304896, 6338613.482509036548436 ], [ 652303.61698652477935, 6338612.595375992357731 ], [ 652304.12150304520037, 6338611.753641029819846 ], [ 652304.706094634602778, 6338610.965410518459976 ], [ 652305.365131356287748, 6338610.238275548443198 ], [ 652306.092266326537356, 6338609.579238826408982 ], [ 652306.880496838013642, 6338608.994647237472236 ], [ 652307.72223179996945, 6338608.4901307169348 ], [ 652308.607460779487155, 6338608.071448590606451 ], [ 652308.635902166366577, 6338607.991960239596665 ], [ 652309.055484848096967, 6338607.10482719540596 ], [ 652309.560001368517987, 6338606.263092232868075 ], [ 652310.144592957920395, 6338605.474861721508205 ], [ 652310.803629679605365, 6338604.747726751491427 ], [ 652311.530764649854973, 6338604.088690029457211 ], [ 652312.318995161331259, 6338603.504098440520465 ], [ 652313.160730123287067, 6338602.999581919983029 ], [ 652314.045959102571942, 6338602.58089979365468 ], [ 652314.07440048980061, 6338602.501411441713572 ], [ 652314.493983171530999, 6338601.614278397522867 ], [ 652314.99849969195202, 6338600.772543434984982 ], [ 652315.583091281354427, 6338599.984312923625112 ], [ 652316.242128003039397, 6338599.257177953608334 ], [ 652316.969262973289005, 6338598.598141231574118 ], [ 652317.757493484765291, 6338598.013549642637372 ], [ 652318.599228446721099, 6338597.509033122099936 ], [ 652319.484457426238805, 6338597.090350995771587 ], [ 652319.512898813118227, 6338597.010862644761801 ], [ 652319.932481494848616, 6338596.123729600571096 ], [ 652320.436998015269637, 6338595.281994638033211 ], [ 652321.021589604672045, 6338594.493764126673341 ], [ 652321.680626326357014, 6338593.766629156656563 ], [ 652322.407761296606623, 6338593.107592434622347 ], [ 652323.195991808082908, 6338592.523000845685601 ], [ 652324.037726770038716, 6338592.018484325148165 ], [ 652324.190192461712286, 6338591.946373423561454 ], [ 652324.190192461712286, 6338589.856599373742938 ], [ 652324.238345194957219, 6338588.876427970826626 ], [ 652324.382339657633565, 6338587.905696153640747 ], [ 652324.620789104374126, 6338586.953752601519227 ], [ 652324.951397136552259, 6338586.029765049926937 ], [ 652325.370979818282649, 6338585.142632005736232 ], [ 652325.87549633870367, 6338584.300897043198347 ], [ 652326.460087928106077, 6338583.512666531838477 ], [ 652327.119124649791047, 6338582.785531561821699 ], [ 652327.846259620040655, 6338582.126494839787483 ], [ 652328.634490131516941, 6338581.541903250850737 ], [ 652329.476225093472749, 6338581.037386730313301 ], [ 652330.361454072641209, 6338580.618704603984952 ], [ 652330.389895459869877, 6338580.539216252043843 ], [ 652330.809478141600266, 6338579.652083207853138 ], [ 652331.313994662021287, 6338578.810348245315254 ], [ 652331.898586251423694, 6338578.022117733955383 ], [ 652332.557622973108664, 6338577.294982763938606 ], [ 652333.284757943358272, 6338576.63594604190439 ], [ 652334.072988454834558, 6338576.051354452967644 ], [ 652334.914723416790366, 6338575.546837932430208 ], [ 652335.799952396424487, 6338575.128155806101859 ], [ 652335.828393783303909, 6338575.048667455092072 ], [ 652336.247976465034299, 6338574.161534410901368 ], [ 652336.752492985455319, 6338573.319799448363483 ], [ 652337.337084574857727, 6338572.531568937003613 ], [ 652337.996121296542697, 6338571.804433966986835 ], [ 652338.723256266792305, 6338571.145397244952619 ], [ 652339.511486778268591, 6338570.560805656015873 ], [ 652340.353221740224399, 6338570.056289135478437 ], [ 652341.240354784764349, 6338569.636706453748047 ], [ 652342.164342335890979, 6338569.306098422035575 ], [ 652343.116285888245329, 6338569.067648975178599 ], [ 652344.087017705198377, 6338568.923654512502253 ], [ 652345.067189108463936, 6338568.875501778908074 ], [ 652351.382684078533202, 6338568.875501778908074 ], [ 652351.382684078533202, 6338562.403855387121439 ], [ 652328.751694138278253, 6338562.403855387121439 ] ], [ [ 652171.035242760786787, 6338864.384039241820574 ], [ 652165.596744437352754, 6338864.384039241820574 ], [ 652165.596744437352754, 6338858.893490444868803 ], [ 652171.035242760786787, 6338858.893490444868803 ], [ 652171.035242760786787, 6338864.384039241820574 ] ] ], [ [ [ 652160.158246114035137, 6338886.346234431490302 ], [ 652160.158246114035137, 6338888.942386524751782 ], [ 652160.882777069113217, 6338888.508119382895529 ], [ 652161.035242760786787, 6338888.436008481308818 ], [ 652161.035242760786787, 6338886.346234431490302 ], [ 652160.158246114035137, 6338886.346234431490302 ] ] ], [ [ [ 652143.84275114396587, 6338902.81788082420826 ], [ 652143.84275114396587, 6338919.289527215994895 ], [ 652138.404252820531838, 6338919.289527215994895 ], [ 652138.404252820531838, 6338932.866776905022562 ], [ 652139.128783775726333, 6338932.432509762234986 ], [ 652140.014012754894793, 6338932.013827635906637 ], [ 652140.042454142123461, 6338931.934339283965528 ], [ 652140.46203682385385, 6338931.047206239774823 ], [ 652140.966553344274871, 6338930.205471277236938 ], [ 652141.551144933677278, 6338929.417240765877068 ], [ 652142.210181655362248, 6338928.690105795860291 ], [ 652142.937316625611857, 6338928.031069073826075 ], [ 652143.725547137088142, 6338927.446477484889328 ], [ 652144.56728209904395, 6338926.941960964351892 ], [ 652144.719747790601104, 6338926.869850062765181 ], [ 652144.719747790601104, 6338919.289527215994895 ], [ 652144.767900523846038, 6338918.309355813078582 ], [ 652144.911894986522384, 6338917.338623995892704 ], [ 652145.150344433262944, 6338916.386680443771183 ], [ 652145.480952465441078, 6338915.462692892178893 ], [ 652145.900535147171468, 6338914.575559847988188 ], [ 652146.405051667592488, 6338913.733824885450304 ], [ 652146.989643256994896, 6338912.945594374090433 ], [ 652147.648679978679866, 6338912.218459404073656 ], [ 652148.375814948929474, 6338911.55942268203944 ], [ 652149.16404546040576, 6338910.974831093102694 ], [ 652150.005780422361568, 6338910.470314572565258 ], [ 652150.158246114035137, 6338910.398203670978546 ], [ 652150.158246114035137, 6338902.81788082420826 ], [ 652143.84275114396587, 6338902.81788082420826 ] ] ], [ [ [ 652132.96575449721422, 6338935.761173607781529 ], [ 652132.96575449721422, 6338941.251722405664623 ], [ 652122.088757850462571, 6338941.251722405664623 ], [ 652122.088757850462571, 6338965.810069687664509 ], [ 652122.813288805540651, 6338965.375802545808256 ], [ 652123.698517785174772, 6338964.957120419479907 ], [ 652123.726959172054194, 6338964.87763206847012 ], [ 652124.146541853784584, 6338963.990499024279416 ], [ 652124.651058374205604, 6338963.148764061741531 ], [ 652125.235649963608012, 6338962.36053355038166 ], [ 652125.894686685292982, 6338961.633398580364883 ], [ 652126.62182165554259, 6338960.974361858330667 ], [ 652127.410052167018875, 6338960.389770269393921 ], [ 652128.251787128974684, 6338959.885253748856485 ], [ 652129.137016108492389, 6338959.466571622528136 ], [ 652129.165457495371811, 6338959.38708327151835 ], [ 652129.585040177102201, 6338958.499950227327645 ], [ 652130.089556697523221, 6338957.65821526478976 ], [ 652130.674148286925629, 6338956.86998475342989 ], [ 652131.333185008610599, 6338956.142849783413112 ], [ 652132.060319978860207, 6338955.483813061378896 ], [ 652132.848550490336493, 6338954.89922147244215 ], [ 652133.690285452292301, 6338954.394704951904714 ], [ 652133.84275114396587, 6338954.322594050318003 ], [ 652133.84275114396587, 6338941.251722405664623 ], [ 652133.890903877210803, 6338940.271551002748311 ], [ 652134.03489833988715, 6338939.300819185562432 ], [ 652134.27334778662771, 6338938.348875633440912 ], [ 652134.603955818805844, 6338937.424888081848621 ], [ 652135.023538500536233, 6338936.537755037657917 ], [ 652135.489003496360965, 6338935.761173607781529 ], [ 652132.96575449721422, 6338935.761173607781529 ] ] ], [ [ [ 652116.650259527144954, 6338968.704466392286122 ], [ 652116.650259527144954, 6338971.300618485547602 ], [ 652117.374790482223034, 6338970.866351343691349 ], [ 652118.260019461391494, 6338970.447669217363 ], [ 652118.288460848620161, 6338970.368180865421891 ], [ 652118.708043530350551, 6338969.481047821231186 ], [ 652119.173508525593206, 6338968.704466392286122 ], [ 652116.650259527144954, 6338968.704466392286122 ] ] ], [ [ [ 652111.211761203710921, 6338974.195015189237893 ], [ 652111.211761203710921, 6338952.232820000499487 ], [ 652084.019269586890005, 6338952.232820000499487 ], [ 652084.019269586890005, 6338957.723368797451258 ], [ 652078.580771263572387, 6338957.723368797451258 ], [ 652078.580771263572387, 6338968.704466392286122 ], [ 652073.142272940138355, 6338968.704466392286122 ], [ 652073.142272940138355, 6338974.195015189237893 ], [ 652067.703774616820738, 6338974.195015189237893 ], [ 652067.703774616820738, 6338985.176112784072757 ], [ 652062.265276293503121, 6338985.176112784072757 ], [ 652062.265276293503121, 6338990.66666158195585 ], [ 652056.826777970069088, 6338990.66666158195585 ], [ 652056.826777970069088, 6339001.647759176790714 ], [ 652051.388279646751471, 6339001.647759176790714 ], [ 652051.388279646751471, 6339018.119405568577349 ], [ 652045.949781323317438, 6339018.119405568577349 ], [ 652045.949781323317438, 6339034.591051960363984 ], [ 652040.511283, 6339034.591051960363984 ], [ 652040.511283, 6339078.515442339703441 ], [ 652053.911528645898215, 6339078.515442339703441 ], [ 652053.950580170494504, 6339078.450288807041943 ], [ 652054.535171759896912, 6339077.662058295682073 ], [ 652055.194208481581882, 6339076.934923325665295 ], [ 652055.92134345183149, 6339076.275886603631079 ], [ 652056.709573963307776, 6339075.691295014694333 ], [ 652057.551308925263584, 6339075.186778494156897 ], [ 652058.438441969803534, 6339074.767195812426507 ], [ 652059.362429520930164, 6339074.436587780714035 ], [ 652060.314373073284514, 6339074.198138333857059 ], [ 652061.285104890237562, 6339074.054143871180713 ], [ 652062.265276293503121, 6339074.005991137586534 ], [ 652063.142272940138355, 6339074.005991137586534 ], [ 652063.142272940138355, 6339073.02489354275167 ], [ 652063.190425673383288, 6339072.044722139835358 ], [ 652063.334420136059634, 6339071.073990322649479 ], [ 652063.572869582800195, 6339070.122046770527959 ], [ 652063.903477614978328, 6339069.198059218935668 ], [ 652064.323060296708718, 6339068.310926174744964 ], [ 652064.827576817129739, 6339067.469191212207079 ], [ 652065.412168406532146, 6339066.680960700847208 ], [ 652066.071205128217116, 6339065.953825730830431 ], [ 652066.798340098466724, 6339065.294789008796215 ], [ 652067.58657060994301, 6339064.710197419859469 ], [ 652067.703774616820738, 6339064.639948041178286 ], [ 652067.703774616820738, 6339056.553247150033712 ], [ 652068.580771263572387, 6339056.553247150033712 ], [ 652068.628923996817321, 6339055.5730757471174 ], [ 652068.772918459493667, 6339054.602343929931521 ], [ 652069.011367906234227, 6339053.650400377810001 ], [ 652069.341975938412361, 6339052.726412826217711 ], [ 652069.76155862014275, 6339051.839279782027006 ], [ 652070.266075140563771, 6339050.997544819489121 ], [ 652070.850666729966179, 6339050.209314308129251 ], [ 652071.509703451651148, 6339049.482179338112473 ], [ 652072.236838421900757, 6339048.823142616078258 ], [ 652073.025068933377042, 6339048.238551027141511 ], [ 652073.866803895332851, 6339047.734034506604075 ], [ 652074.019269586890005, 6339047.661923605017364 ], [ 652074.019269586890005, 6339040.081600758247077 ], [ 652074.067422320134938, 6339039.101429355330765 ], [ 652074.211416782811284, 6339038.130697538144886 ], [ 652074.449866229551844, 6339037.178753986023366 ], [ 652074.780474261729978, 6339036.254766434431076 ], [ 652075.200056943460368, 6339035.367633390240371 ], [ 652075.704573463881388, 6339034.525898427702487 ], [ 652076.289165053283796, 6339033.737667916342616 ], [ 652076.948201774968766, 6339033.010532946325839 ], [ 652077.675336745218374, 6339032.351496224291623 ], [ 652078.46356725669466, 6339031.766904635354877 ], [ 652079.305302218650468, 6339031.262388114817441 ], [ 652080.192435263190418, 6339030.842805433087051 ], [ 652081.116422814317048, 6339030.512197401374578 ], [ 652082.068366366671398, 6339030.273747954517603 ], [ 652083.039098183624446, 6339030.129753491841257 ], [ 652084.019269586890005, 6339030.081600758247077 ], [ 652084.896266233641654, 6339030.081600758247077 ], [ 652084.896266233641654, 6339029.100503163412213 ], [ 652084.944418966886587, 6339028.120331760495901 ], [ 652085.088413429562934, 6339027.149599943310022 ], [ 652085.326862876303494, 6339026.197656391188502 ], [ 652085.657470908481628, 6339025.273668839596212 ], [ 652086.077053590212017, 6339024.386535795405507 ], [ 652086.581570110633038, 6339023.544800832867622 ], [ 652087.166161700035445, 6339022.756570321507752 ], [ 652087.825198421720415, 6339022.029435351490974 ], [ 652088.552333391970024, 6339021.370398629456758 ], [ 652089.340563903446309, 6339020.785807040520012 ], [ 652090.182298865402117, 6339020.281290519982576 ], [ 652090.334764556959271, 6339020.209179618395865 ], [ 652090.334764556959271, 6339018.119405568577349 ], [ 652090.382917290204205, 6339017.139234165661037 ], [ 652090.526911752880551, 6339016.168502348475158 ], [ 652090.765361199621111, 6339015.216558796353638 ], [ 652091.095969231799245, 6339014.292571244761348 ], [ 652091.515551913529634, 6339013.405438200570643 ], [ 652091.98101690877229, 6339012.628856771625578 ], [ 652089.457767910324037, 6339012.628856771625578 ], [ 652089.457767910324037, 6339007.138307973742485 ], [ 652094.896266233641654, 6339007.138307973742485 ], [ 652094.896266233641654, 6338996.157210378907621 ], [ 652100.334764556959271, 6338996.157210378907621 ], [ 652100.334764556959271, 6339004.243911270983517 ], [ 652101.059295512153767, 6339003.809644128195941 ], [ 652101.944524491322227, 6339003.390962001867592 ], [ 652101.972965878550895, 6339003.311473649926484 ], [ 652102.392548560281284, 6339002.424340605735779 ], [ 652102.897065080702305, 6339001.582605643197894 ], [ 652103.481656670104712, 6339000.794375131838024 ], [ 652104.140693391789682, 6339000.067240161821246 ], [ 652104.86782836203929, 6338999.40820343978703 ], [ 652105.656058873515576, 6338998.823611850850284 ], [ 652106.497793835471384, 6338998.319095330312848 ], [ 652106.650259527144954, 6338998.246984428726137 ], [ 652106.650259527144954, 6338996.157210378907621 ], [ 652106.698412260389887, 6338995.177038975991309 ], [ 652106.842406723066233, 6338994.20630715880543 ], [ 652107.080856169806793, 6338993.25436360668391 ], [ 652107.411464201984927, 6338992.330376055091619 ], [ 652107.831046883715317, 6338991.443243010900915 ], [ 652108.335563404136337, 6338990.60150804836303 ], [ 652108.920154993538745, 6338989.81327753700316 ], [ 652109.579191715223715, 6338989.086142566986382 ], [ 652110.306326685473323, 6338988.427105844952166 ], [ 652111.094557196949609, 6338987.84251425601542 ], [ 652111.936292158905417, 6338987.337997735477984 ], [ 652112.088757850462571, 6338987.265886833891273 ], [ 652112.088757850462571, 6338979.685563987120986 ], [ 652112.136910583707504, 6338978.705392584204674 ], [ 652112.28090504638385, 6338977.734660767018795 ], [ 652112.519354493124411, 6338976.782717214897275 ], [ 652112.849962525302544, 6338975.858729663304985 ], [ 652113.269545207032934, 6338974.97159661911428 ], [ 652113.735010202857666, 6338974.195015189237893 ], [ 652111.211761203710921, 6338974.195015189237893 ] ] ], [ [ [ 652361.382684078533202, 6338776.535258484072983 ], [ 652410.329168988741003, 6338776.535258484072983 ], [ 652410.329168988741003, 6338760.063612092286348 ], [ 652415.767667312175035, 6338760.063612092286348 ], [ 652415.767667312175035, 6338749.082514497451484 ], [ 652421.206165635492653, 6338749.082514497451484 ], [ 652421.206165635492653, 6338738.10141690261662 ], [ 652426.644663958926685, 6338738.10141690261662 ], [ 652426.644663958926685, 6338727.120319307781756 ], [ 652432.083162282244302, 6338727.120319307781756 ], [ 652432.083162282244302, 6338721.629770510829985 ], [ 652437.52166060556192, 6338721.629770510829985 ], [ 652437.52166060556192, 6338710.648672915995121 ], [ 652442.960158928995952, 6338710.648672915995121 ], [ 652442.960158928995952, 6338694.177026523277164 ], [ 652448.398657252313569, 6338694.177026523277164 ], [ 652448.398657252313569, 6338661.233733739703894 ], [ 652434.99841160653159, 6338661.233733739703894 ], [ 652434.959360081935301, 6338661.298887272365391 ], [ 652434.374768492532894, 6338662.087117783725262 ], [ 652433.715731770847924, 6338662.814252753742039 ], [ 652432.988596800598316, 6338663.473289475776255 ], [ 652432.20036628912203, 6338664.057881064713001 ], [ 652431.358631327166222, 6338664.562397585250437 ], [ 652430.473402347881347, 6338664.981079711578786 ], [ 652430.444960960652679, 6338665.060568063519895 ], [ 652430.02537827892229, 6338665.9477011077106 ], [ 652429.520861758501269, 6338666.789436070248485 ], [ 652428.936270169098862, 6338667.577666581608355 ], [ 652428.277233447413892, 6338668.304801551625133 ], [ 652427.550098477164283, 6338668.963838273659348 ], [ 652426.761867965687998, 6338669.548429862596095 ], [ 652425.92013300373219, 6338670.052946383133531 ], [ 652425.767667312175035, 6338670.125057284720242 ], [ 652425.767667312175035, 6338672.214831334538758 ], [ 652425.719514578930102, 6338673.19500273745507 ], [ 652425.575520116253756, 6338674.165734554640949 ], [ 652425.337070669513196, 6338675.117678106762469 ], [ 652425.006462637335062, 6338676.041665658354759 ], [ 652424.586879955604672, 6338676.928798702545464 ], [ 652424.082363435183652, 6338677.770533665083349 ], [ 652423.497771845781244, 6338678.558764176443219 ], [ 652422.838735124096274, 6338679.285899146459997 ], [ 652422.111600153846666, 6338679.944935868494213 ], [ 652421.32336964237038, 6338680.529527457430959 ], [ 652420.481634680414572, 6338681.034043977968395 ], [ 652419.596405700780451, 6338681.452726104296744 ], [ 652419.56796431390103, 6338681.53221445530653 ], [ 652419.14838163217064, 6338682.419347499497235 ], [ 652418.643865111749619, 6338683.26108246203512 ], [ 652418.059273522347212, 6338684.04931297339499 ], [ 652417.400236800662242, 6338684.776447943411767 ], [ 652416.673101830412634, 6338685.435484665445983 ], [ 652415.884871318936348, 6338686.02007625438273 ], [ 652415.04313635698054, 6338686.524592774920166 ], [ 652414.157907377462834, 6338686.943274901248515 ], [ 652414.129465990583412, 6338687.022763252258301 ], [ 652413.709883308853023, 6338687.909896296449006 ], [ 652413.205366788432002, 6338688.75163125898689 ], [ 652412.620775199029595, 6338689.539861770346761 ], [ 652411.961738477344625, 6338690.266996740363538 ], [ 652411.234603507095017, 6338690.926033462397754 ], [ 652410.446372995618731, 6338691.5106250513345 ], [ 652409.604638033662923, 6338692.015141571871936 ], [ 652409.452172342105769, 6338692.087252473458648 ], [ 652409.452172342105769, 6338699.667575321160257 ], [ 652409.404019608860835, 6338700.647746724076569 ], [ 652409.260025146184489, 6338701.618478541262448 ], [ 652409.021575699443929, 6338702.570422093383968 ], [ 652408.690967667265795, 6338703.494409644976258 ], [ 652408.271384985535406, 6338704.381542689166963 ], [ 652407.766868465114385, 6338705.223277651704848 ], [ 652407.182276875711977, 6338706.011508163064718 ], [ 652406.523240154027008, 6338706.738643133081496 ], [ 652405.796105183777399, 6338707.397679855115712 ], [ 652405.007874672301114, 6338707.982271444052458 ], [ 652404.166139710345306, 6338708.486787964589894 ], [ 652403.279006665805355, 6338708.906370646320283 ], [ 652402.355019114678726, 6338709.236978678032756 ], [ 652401.403075562324375, 6338709.475428124889731 ], [ 652400.432343745371327, 6338709.619422587566078 ], [ 652399.452172342105769, 6338709.667575321160257 ], [ 652398.575175695354119, 6338709.667575321160257 ], [ 652398.575175695354119, 6338710.648672915995121 ], [ 652398.527022962109186, 6338711.628844318911433 ], [ 652398.383028499432839, 6338712.599576136097312 ], [ 652398.144579052692279, 6338713.551519688218832 ], [ 652397.813971020514145, 6338714.475507239811122 ], [ 652397.394388338783756, 6338715.362640284001827 ], [ 652396.889871818362735, 6338716.204375246539712 ], [ 652396.305280228960328, 6338716.992605757899582 ], [ 652395.646243507275358, 6338717.71974072791636 ], [ 652394.91910853702575, 6338718.378777449950576 ], [ 652394.130878025549464, 6338718.963369038887322 ], [ 652393.289143063593656, 6338719.467885559424758 ], [ 652392.403914083959535, 6338719.886567685753107 ], [ 652392.375472697080113, 6338719.966056036762893 ], [ 652391.955890015349723, 6338720.853189080953598 ], [ 652391.451373494928703, 6338721.694924043491483 ], [ 652390.866781905526295, 6338722.483154554851353 ], [ 652390.207745183841325, 6338723.210289524868131 ], [ 652389.480610213591717, 6338723.869326246902347 ], [ 652388.692379702115431, 6338724.453917835839093 ], [ 652387.850644740159623, 6338724.958434356376529 ], [ 652387.698179048602469, 6338725.03054525796324 ], [ 652387.698179048602469, 6338732.610868105664849 ], [ 652387.650026315357536, 6338733.591039508581161 ], [ 652387.50603185268119, 6338734.56177132576704 ], [ 652387.26758240594063, 6338735.51371487788856 ], [ 652386.936974373762496, 6338736.437702429480851 ], [ 652386.517391692032106, 6338737.324835473671556 ], [ 652386.012875171611086, 6338738.16657043620944 ], [ 652385.428283582208678, 6338738.954800947569311 ], [ 652384.769246860523708, 6338739.681935917586088 ], [ 652384.0421118902741, 6338740.340972639620304 ], [ 652383.253881378797814, 6338740.92556422855705 ], [ 652382.412146416842006, 6338741.430080749094486 ], [ 652381.525013372302055, 6338741.849663430824876 ], [ 652380.601025821175426, 6338742.180271462537348 ], [ 652379.649082268821076, 6338742.418720909394324 ], [ 652378.678350451868027, 6338742.56271537207067 ], [ 652377.698179048602469, 6338742.610868105664849 ], [ 652375.737123987521045, 6338742.610868105664849 ], [ 652375.640395045280457, 6338742.815384270623326 ], [ 652375.135878524859436, 6338743.657119233161211 ], [ 652374.551286935457028, 6338744.445349744521081 ], [ 652373.892250213772058, 6338745.172484714537859 ], [ 652373.16511524352245, 6338745.831521436572075 ], [ 652372.376884732046165, 6338746.416113025508821 ], [ 652371.535149770090356, 6338746.920629546046257 ], [ 652371.382684078533202, 6338746.992740447632968 ], [ 652371.382684078533202, 6338749.082514497451484 ], [ 652371.334531345288269, 6338750.062685900367796 ], [ 652371.190536882611923, 6338751.033417717553675 ], [ 652370.952087435871363, 6338751.985361269675195 ], [ 652370.621479403693229, 6338752.909348821267486 ], [ 652370.201896721962839, 6338753.79648186545819 ], [ 652369.697380201541819, 6338754.638216827996075 ], [ 652369.112788612139411, 6338755.426447339355946 ], [ 652368.453751890454441, 6338756.153582309372723 ], [ 652367.726616920204833, 6338756.812619031406939 ], [ 652366.938386408728547, 6338757.397210620343685 ], [ 652366.096651446772739, 6338757.901727140881121 ], [ 652365.94418575509917, 6338757.973838042467833 ], [ 652365.94418575509917, 6338760.063612092286348 ], [ 652365.896033021854237, 6338761.043783495202661 ], [ 652365.75203855917789, 6338762.014515312388539 ], [ 652365.51358911243733, 6338762.966458864510059 ], [ 652365.182981080259196, 6338763.89044641610235 ], [ 652364.763398398528807, 6338764.777579460293055 ], [ 652364.258881878107786, 6338765.619314422830939 ], [ 652363.674290288705379, 6338766.40754493419081 ], [ 652363.015253567020409, 6338767.134679904207587 ], [ 652362.288118596770801, 6338767.793716626241803 ], [ 652361.499888085294515, 6338768.378308215178549 ], [ 652361.382684078533202, 6338768.44855759292841 ], [ 652361.382684078533202, 6338776.535258484072983 ] ] ], [ [ [ 652203.66623270092532, 6338793.006904876790941 ], [ 652203.66623270092532, 6338795.603056969121099 ], [ 652204.390763656003401, 6338795.168789827264845 ], [ 652205.275992635637522, 6338794.750107700936496 ], [ 652205.304434022516944, 6338794.67061934992671 ], [ 652205.724016704247333, 6338793.783486305736005 ], [ 652206.189481699489988, 6338793.006904876790941 ], [ 652203.66623270092532, 6338793.006904876790941 ] ] ], [ [ [ 652225.42022599442862, 6338743.591965699568391 ], [ 652225.42022599442862, 6338746.188117792829871 ], [ 652226.1447569495067, 6338745.753850650973618 ], [ 652226.297222641063854, 6338745.681739749386907 ], [ 652226.297222641063854, 6338743.591965699568391 ], [ 652225.42022599442862, 6338743.591965699568391 ] ] ], [ [ [ 652676.815586833632551, 6339018.119405568577349 ], [ 652676.815586833632551, 6338990.66666158195585 ], [ 652671.377088510314934, 6338990.66666158195585 ], [ 652671.377088510314934, 6338968.704466392286122 ], [ 652676.815586833632551, 6338968.704466392286122 ], [ 652676.815586833632551, 6338957.723368797451258 ], [ 652682.254085156950168, 6338957.723368797451258 ], [ 652682.254085156950168, 6338924.780076012946665 ], [ 652676.815586833632551, 6338924.780076012946665 ], [ 652676.815586833632551, 6338913.798978418111801 ], [ 652665.938590186880901, 6338913.798978418111801 ], [ 652665.938590186880901, 6338908.30842962116003 ], [ 652660.500091863563284, 6338908.30842962116003 ], [ 652660.500091863563284, 6338902.81788082420826 ], [ 652633.307600246742368, 6338902.81788082420826 ], [ 652633.307600246742368, 6338908.30842962116003 ], [ 652616.992105276673101, 6338908.30842962116003 ], [ 652616.992105276673101, 6338913.798978418111801 ], [ 652611.553606953239068, 6338913.798978418111801 ], [ 652611.553606953239068, 6338924.780076012946665 ], [ 652589.799613659852184, 6338924.780076012946665 ], [ 652589.799613659852184, 6338930.270624810829759 ], [ 652573.484118689666502, 6338930.270624810829759 ], [ 652573.484118689666502, 6338957.723368797451258 ], [ 652578.922617013100535, 6338957.723368797451258 ], [ 652578.922617013100535, 6338963.213917595334351 ], [ 652589.799613659852184, 6338963.213917595334351 ], [ 652589.799613659852184, 6338968.704466392286122 ], [ 652600.676610306487419, 6338968.704466392286122 ], [ 652600.676610306487419, 6338974.195015189237893 ], [ 652606.115108629921451, 6338974.195015189237893 ], [ 652606.115108629921451, 6338979.685563987120986 ], [ 652611.553606953239068, 6338979.685563987120986 ], [ 652611.553606953239068, 6338996.157210378907621 ], [ 652616.992105276673101, 6338996.157210378907621 ], [ 652616.992105276673101, 6339007.138307973742485 ], [ 652622.430603599990718, 6339007.138307973742485 ], [ 652622.430603599990718, 6339067.534344744868577 ], [ 652649.623095216811635, 6339067.534344744868577 ], [ 652649.623095216811635, 6339040.081600758247077 ], [ 652655.061593540129252, 6339040.081600758247077 ], [ 652655.061593540129252, 6339023.609954366460443 ], [ 652660.500091863563284, 6339023.609954366460443 ], [ 652660.500091863563284, 6339018.119405568577349 ], [ 652676.815586833632551, 6339018.119405568577349 ] ] ], [ [ [ 652720.323573420522735, 6339111.458735124208033 ], [ 652714.885075097205117, 6339111.458735124208033 ], [ 652714.885075097205117, 6339105.96818632632494 ], [ 652687.692583480384201, 6339105.96818632632494 ], [ 652687.692583480384201, 6339111.458735124208033 ], [ 652682.254085156950168, 6339111.458735124208033 ], [ 652682.254085156950168, 6339138.911479110829532 ], [ 652687.692583480384201, 6339138.911479110829532 ], [ 652687.692583480384201, 6339144.402027908712626 ], [ 652682.254085156950168, 6339144.402027908712626 ], [ 652682.254085156950168, 6339177.345320692285895 ], [ 652709.446576773771085, 6339177.345320692285895 ], [ 652709.446576773771085, 6339144.402027908712626 ], [ 652714.885075097205117, 6339144.402027908712626 ], [ 652714.885075097205117, 6339138.911479110829532 ], [ 652720.323573420522735, 6339138.911479110829532 ], [ 652720.323573420522735, 6339111.458735124208033 ] ] ], [ [ [ 652589.799613659852184, 6339188.326418287120759 ], [ 652589.799613659852184, 6339182.835869490168989 ], [ 652595.238111983169802, 6339182.835869490168989 ], [ 652595.238111983169802, 6339171.854771895334125 ], [ 652616.992105276673101, 6339171.854771895334125 ], [ 652616.992105276673101, 6339182.835869490168989 ], [ 652644.184596893494017, 6339182.835869490168989 ], [ 652644.184596893494017, 6339138.911479110829532 ], [ 652627.869101923308335, 6339138.911479110829532 ], [ 652627.869101923308335, 6339133.420930313877761 ], [ 652622.430603599990718, 6339133.420930313877761 ], [ 652622.430603599990718, 6339127.930381515994668 ], [ 652600.676610306487419, 6339127.930381515994668 ], [ 652600.676610306487419, 6339122.439832719042897 ], [ 652622.430603599990718, 6339122.439832719042897 ], [ 652622.430603599990718, 6339116.949283921159804 ], [ 652638.746098570059985, 6339116.949283921159804 ], [ 652638.746098570059985, 6339100.477637529373169 ], [ 652644.184596893494017, 6339100.477637529373169 ], [ 652644.184596893494017, 6339073.02489354275167 ], [ 652616.992105276673101, 6339073.02489354275167 ], [ 652616.992105276673101, 6339084.005991137586534 ], [ 652600.676610306487419, 6339084.005991137586534 ], [ 652600.676610306487419, 6339089.496539934538305 ], [ 652589.799613659852184, 6339089.496539934538305 ], [ 652589.799613659852184, 6339094.987088731490076 ], [ 652573.484118689666502, 6339094.987088731490076 ], [ 652573.484118689666502, 6339100.477637529373169 ], [ 652568.045620366348885, 6339100.477637529373169 ], [ 652568.045620366348885, 6339105.96818632632494 ], [ 652557.168623719597235, 6339105.96818632632494 ], [ 652557.168623719597235, 6339133.420930313877761 ], [ 652562.607122043031268, 6339133.420930313877761 ], [ 652562.607122043031268, 6339144.402027908712626 ], [ 652557.168623719597235, 6339144.402027908712626 ], [ 652557.168623719597235, 6339166.364223097451031 ], [ 652551.730125396279618, 6339166.364223097451031 ], [ 652551.730125396279618, 6339177.345320692285895 ], [ 652546.291627072845586, 6339177.345320692285895 ], [ 652546.291627072845586, 6339215.779162273742259 ], [ 652573.484118689666502, 6339215.779162273742259 ], [ 652573.484118689666502, 6339210.288613476790488 ], [ 652578.922617013100535, 6339210.288613476790488 ], [ 652578.922617013100535, 6339204.798064678907394 ], [ 652584.361115336418152, 6339204.798064678907394 ], [ 652584.361115336418152, 6339188.326418287120759 ], [ 652589.799613659852184, 6339188.326418287120759 ] ] ], [ [ [ 652481.029647192568518, 6339281.665747842751443 ], [ 652481.029647192568518, 6339314.609040627256036 ], [ 652508.222138809389435, 6339314.609040627256036 ], [ 652508.222138809389435, 6339281.665747842751443 ], [ 652481.029647192568518, 6339281.665747842751443 ] ] ], [ [ [ 652241.735720964497887, 6339331.080687019042671 ], [ 652274.36671090463642, 6339331.080687019042671 ], [ 652274.36671090463642, 6339298.137394234538078 ], [ 652247.174219287815504, 6339298.137394234538078 ], [ 652247.174219287815504, 6339303.627943032421172 ], [ 652241.735720964497887, 6339303.627943032421172 ], [ 652241.735720964497887, 6339331.080687019042671 ] ] ], [ [ [ 652089.457767910324037, 6339342.061784613877535 ], [ 652089.457767910324037, 6339331.080687019042671 ], [ 652062.265276293503121, 6339331.080687019042671 ], [ 652062.265276293503121, 6339396.967272587120533 ], [ 652067.703774616820738, 6339396.967272587120533 ], [ 652067.703774616820738, 6339407.948370181955397 ], [ 652094.896266233641654, 6339407.948370181955397 ], [ 652094.896266233641654, 6339402.457821385003626 ], [ 652100.334764556959271, 6339402.457821385003626 ], [ 652100.334764556959271, 6339364.023979803547263 ], [ 652094.896266233641654, 6339364.023979803547263 ], [ 652094.896266233641654, 6339342.061784613877535 ], [ 652089.457767910324037, 6339342.061784613877535 ] ] ], [ [ [ 652720.323573420522735, 6339484.816053345799446 ], [ 652720.323573420522735, 6339490.306602142751217 ], [ 652714.885075097205117, 6339490.306602142751217 ], [ 652714.885075097205117, 6339517.759346129372716 ], [ 652758.393061684095301, 6339517.759346129372716 ], [ 652758.393061684095301, 6339484.816053345799446 ], [ 652752.954563360777684, 6339484.816053345799446 ], [ 652752.954563360777684, 6339479.325504547916353 ], [ 652725.762071743956767, 6339479.325504547916353 ], [ 652725.762071743956767, 6339484.816053345799446 ], [ 652720.323573420522735, 6339484.816053345799446 ] ] ], [ [ [ 652290.682205874705687, 6339528.74044372420758 ], [ 652296.12070419813972, 6339528.74044372420758 ], [ 652296.12070419813972, 6339501.287699737586081 ], [ 652258.051215934567153, 6339501.287699737586081 ], [ 652258.051215934567153, 6339528.74044372420758 ], [ 652209.104731024242938, 6339528.74044372420758 ], [ 652209.104731024242938, 6339561.683736508712173 ], [ 652214.54322934767697, 6339561.683736508712173 ], [ 652214.54322934767697, 6339567.174285305663943 ], [ 652241.735720964497887, 6339567.174285305663943 ], [ 652241.735720964497887, 6339561.683736508712173 ], [ 652268.928212581318803, 6339561.683736508712173 ], [ 652268.928212581318803, 6339534.230992522090673 ], [ 652290.682205874705687, 6339534.230992522090673 ], [ 652290.682205874705687, 6339528.74044372420758 ] ] ], [ [ [ 652040.511283, 6339523.249894927255809 ], [ 652040.511283, 6339561.683736508712173 ], [ 652045.949781323317438, 6339561.683736508712173 ], [ 652045.949781323317438, 6339567.174285305663943 ], [ 652084.019269586890005, 6339567.174285305663943 ], [ 652084.019269586890005, 6339528.74044372420758 ], [ 652111.211761203710921, 6339528.74044372420758 ], [ 652111.211761203710921, 6339501.287699737586081 ], [ 652084.019269586890005, 6339501.287699737586081 ], [ 652084.019269586890005, 6339523.249894927255809 ], [ 652040.511283, 6339523.249894927255809 ] ] ], [ [ [ 652432.083162282244302, 6339759.343493213877082 ], [ 652432.083162282244302, 6339753.852944416925311 ], [ 652437.52166060556192, 6339753.852944416925311 ], [ 652437.52166060556192, 6339726.400200430303812 ], [ 652453.837155575747602, 6339726.400200430303812 ], [ 652453.837155575747602, 6339693.45690764579922 ], [ 652448.398657252313569, 6339693.45690764579922 ], [ 652448.398657252313569, 6339676.985261253081262 ], [ 652410.329168988741003, 6339676.985261253081262 ], [ 652410.329168988741003, 6339671.494712456129491 ], [ 652383.136677371920086, 6339671.494712456129491 ], [ 652383.136677371920086, 6339698.94745644275099 ], [ 652388.575175695354119, 6339698.94745644275099 ], [ 652388.575175695354119, 6339704.438005240634084 ], [ 652399.452172342105769, 6339704.438005240634084 ], [ 652399.452172342105769, 6339709.928554037585855 ], [ 652394.013674018671736, 6339709.928554037585855 ], [ 652394.013674018671736, 6339715.419102835468948 ], [ 652388.575175695354119, 6339715.419102835468948 ], [ 652388.575175695354119, 6339720.909651632420719 ], [ 652383.136677371920086, 6339720.909651632420719 ], [ 652383.136677371920086, 6339709.928554037585855 ], [ 652377.698179048602469, 6339709.928554037585855 ], [ 652377.698179048602469, 6339666.004163659177721 ], [ 652372.259680725284852, 6339666.004163659177721 ], [ 652372.259680725284852, 6339660.513614861294627 ], [ 652366.82118240185082, 6339660.513614861294627 ], [ 652366.82118240185082, 6339655.023066064342856 ], [ 652334.190192461712286, 6339655.023066064342856 ], [ 652334.190192461712286, 6339660.513614861294627 ], [ 652328.751694138278253, 6339660.513614861294627 ], [ 652328.751694138278253, 6339687.966358847916126 ], [ 652334.190192461712286, 6339687.966358847916126 ], [ 652334.190192461712286, 6339709.928554037585855 ], [ 652339.628690785029903, 6339709.928554037585855 ], [ 652339.628690785029903, 6339720.909651632420719 ], [ 652350.505687431781553, 6339720.909651632420719 ], [ 652350.505687431781553, 6339726.400200430303812 ], [ 652345.067189108463936, 6339726.400200430303812 ], [ 652345.067189108463936, 6339731.890749227255583 ], [ 652339.628690785029903, 6339731.890749227255583 ], [ 652339.628690785029903, 6339764.834042011760175 ], [ 652334.190192461712286, 6339764.834042011760175 ], [ 652334.190192461712286, 6339792.286785998381674 ], [ 652361.382684078533202, 6339792.286785998381674 ], [ 652361.382684078533202, 6339786.796237200498581 ], [ 652383.136677371920086, 6339786.796237200498581 ], [ 652383.136677371920086, 6339797.777334795333445 ], [ 652388.575175695354119, 6339797.777334795333445 ], [ 652388.575175695354119, 6339803.267883593216538 ], [ 652415.767667312175035, 6339803.267883593216538 ], [ 652415.767667312175035, 6339775.815139606595039 ], [ 652410.329168988741003, 6339775.815139606595039 ], [ 652410.329168988741003, 6339770.324590808711946 ], [ 652404.890670665423386, 6339770.324590808711946 ], [ 652404.890670665423386, 6339759.343493213877082 ], [ 652432.083162282244302, 6339759.343493213877082 ] ] ], [ [ [ 652225.42022599442862, 6340033.87093308288604 ], [ 652225.42022599442862, 6340066.814225867390633 ], [ 652241.735720964497887, 6340066.814225867390633 ], [ 652241.735720964497887, 6340072.304774664342403 ], [ 652247.174219287815504, 6340072.304774664342403 ], [ 652247.174219287815504, 6340077.795323461294174 ], [ 652290.682205874705687, 6340077.795323461294174 ], [ 652290.682205874705687, 6340072.304774664342403 ], [ 652301.559202521457337, 6340072.304774664342403 ], [ 652301.559202521457337, 6340060.342579474672675 ], [ 652290.682205874705687, 6340060.342579474672675 ], [ 652289.702034471440129, 6340060.294426741078496 ], [ 652288.731302654487081, 6340060.15043227840215 ], [ 652287.77935910213273, 6340059.911982831545174 ], [ 652286.855371551006101, 6340059.581374799832702 ], [ 652285.96823850646615, 6340059.161792118102312 ], [ 652285.126503544510342, 6340058.657275597564876 ], [ 652284.338273033034056, 6340058.07268400862813 ], [ 652283.611138062784448, 6340057.413647286593914 ], [ 652282.952101341099478, 6340056.686512316577137 ], [ 652282.367509751697071, 6340055.898281805217266 ], [ 652281.86299323127605, 6340055.056546842679381 ], [ 652281.766264289035462, 6340054.852030677720904 ], [ 652274.36671090463642, 6340054.852030677720904 ], [ 652273.386539501370862, 6340054.803877944126725 ], [ 652272.415807684417814, 6340054.659883481450379 ], [ 652271.463864132063463, 6340054.421434034593403 ], [ 652270.539876580936834, 6340054.090826002880931 ], [ 652269.652743536396883, 6340053.671243321150541 ], [ 652268.811008574441075, 6340053.166726800613105 ], [ 652268.02277806296479, 6340052.582135211676359 ], [ 652267.295643092715181, 6340051.923098489642143 ], [ 652266.636606371030211, 6340051.195963519625366 ], [ 652266.052014781627804, 6340050.407733008265495 ], [ 652265.547498261206783, 6340049.565998045727611 ], [ 652265.450769318616949, 6340049.361481879837811 ], [ 652263.489714257884771, 6340049.361481879837811 ], [ 652262.509542854619212, 6340049.313329146243632 ], [ 652261.538811037666164, 6340049.169334683567286 ], [ 652260.586867485311814, 6340048.93088523671031 ], [ 652259.662879934185185, 6340048.600277204997838 ], [ 652258.775746889645234, 6340048.180694523267448 ], [ 652257.934011927689426, 6340047.676178002730012 ], [ 652257.14578141621314, 6340047.091586413793266 ], [ 652256.418646445963532, 6340046.43254969175905 ], [ 652255.759609724278562, 6340045.705414721742272 ], [ 652255.175018134876154, 6340044.917184210382402 ], [ 652254.670501614455134, 6340044.075449247844517 ], [ 652254.250918932724744, 6340043.188316203653812 ], [ 652254.222477545845322, 6340043.108827852644026 ], [ 652253.337248566327617, 6340042.690145726315677 ], [ 652252.495513604371808, 6340042.185629205778241 ], [ 652251.707283092895523, 6340041.601037616841495 ], [ 652250.980148122645915, 6340040.942000894807279 ], [ 652250.321111400960945, 6340040.214865924790502 ], [ 652249.736519811558537, 6340039.426635413430631 ], [ 652249.232003291137516, 6340038.584900450892746 ], [ 652248.812420609407127, 6340037.697767406702042 ], [ 652248.481812577228993, 6340036.773779855109751 ], [ 652248.243363130488433, 6340035.821836302988231 ], [ 652248.099368667812087, 6340034.851104485802352 ], [ 652248.051215934567153, 6340033.87093308288604 ], [ 652225.42022599442862, 6340033.87093308288604 ] ] ], [ [ [ 652149.281249467283487, 6341011.188619014807045 ], [ 652149.281249467283487, 6341027.660265407525003 ], [ 652176.473741084104404, 6341027.660265407525003 ], [ 652176.473741084104404, 6341022.16971660964191 ], [ 652181.912239407422021, 6341022.16971660964191 ], [ 652181.912239407422021, 6341011.188619014807045 ], [ 652187.350737730856054, 6341011.188619014807045 ], [ 652187.350737730856054, 6341000.207521420903504 ], [ 652192.789236054173671, 6341000.207521420903504 ], [ 652192.789236054173671, 6340972.754777433350682 ], [ 652176.473741084104404, 6340972.754777433350682 ], [ 652176.473741084104404, 6340961.773679838515818 ], [ 652181.912239407422021, 6340961.773679838515818 ], [ 652181.912239407422021, 6340928.830387054942548 ], [ 652176.473741084104404, 6340928.830387054942548 ], [ 652176.473741084104404, 6340917.849289460107684 ], [ 652187.350737730856054, 6340917.849289460107684 ], [ 652187.350737730856054, 6340906.86819186527282 ], [ 652192.789236054173671, 6340906.86819186527282 ], [ 652192.789236054173671, 6340901.377643067389727 ], [ 652198.227734377607703, 6340901.377643067389727 ], [ 652198.227734377607703, 6340895.887094270437956 ], [ 652203.66623270092532, 6340895.887094270437956 ], [ 652203.66623270092532, 6340901.377643067389727 ], [ 652214.54322934767697, 6340901.377643067389727 ], [ 652214.54322934767697, 6340906.86819186527282 ], [ 652225.42022599442862, 6340906.86819186527282 ], [ 652225.42022599442862, 6340917.849289460107684 ], [ 652230.858724317746237, 6340917.849289460107684 ], [ 652230.858724317746237, 6340928.830387054942548 ], [ 652241.735720964497887, 6340928.830387054942548 ], [ 652241.735720964497887, 6340934.320935851894319 ], [ 652236.297222641063854, 6340934.320935851894319 ], [ 652236.297222641063854, 6340939.811484649777412 ], [ 652230.858724317746237, 6340939.811484649777412 ], [ 652230.858724317746237, 6340956.283131041564047 ], [ 652209.104731024242938, 6340956.283131041564047 ], [ 652209.104731024242938, 6340961.773679838515818 ], [ 652203.66623270092532, 6340961.773679838515818 ], [ 652203.66623270092532, 6340994.716972623020411 ], [ 652241.735720964497887, 6340994.716972623020411 ], [ 652241.735720964497887, 6340978.245326231233776 ], [ 652263.489714257884771, 6340978.245326231233776 ], [ 652263.489714257884771, 6340972.754777433350682 ], [ 652268.928212581318803, 6340972.754777433350682 ], [ 652268.928212581318803, 6340967.264228636398911 ], [ 652279.805209228070453, 6340967.264228636398911 ], [ 652279.805209228070453, 6340961.773679838515818 ], [ 652285.24370755138807, 6340961.773679838515818 ], [ 652285.24370755138807, 6340956.283131041564047 ], [ 652290.682205874705687, 6340956.283131041564047 ], [ 652290.682205874705687, 6340945.302033446729183 ], [ 652301.559202521457337, 6340945.302033446729183 ], [ 652301.559202521457337, 6340950.792582243680954 ], [ 652345.067189108463936, 6340950.792582243680954 ], [ 652345.067189108463936, 6340945.302033446729183 ], [ 652366.82118240185082, 6340945.302033446729183 ], [ 652366.82118240185082, 6340934.320935851894319 ], [ 652388.575175695354119, 6340934.320935851894319 ], [ 652388.575175695354119, 6340928.830387054942548 ], [ 652404.890670665423386, 6340928.830387054942548 ], [ 652404.890670665423386, 6340923.339838257059455 ], [ 652410.329168988741003, 6340923.339838257059455 ], [ 652410.329168988741003, 6340917.849289460107684 ], [ 652421.206165635492653, 6340917.849289460107684 ], [ 652421.206165635492653, 6340912.358740662224591 ], [ 652432.083162282244302, 6340912.358740662224591 ], [ 652432.083162282244302, 6340906.86819186527282 ], [ 652442.960158928995952, 6340906.86819186527282 ], [ 652442.960158928995952, 6340901.377643067389727 ], [ 652453.837155575747602, 6340901.377643067389727 ], [ 652453.837155575747602, 6340895.887094270437956 ], [ 652464.714152222382836, 6340895.887094270437956 ], [ 652464.714152222382836, 6340890.396545472554862 ], [ 652481.029647192568518, 6340890.396545472554862 ], [ 652481.029647192568518, 6340884.905996675603092 ], [ 652497.345142162637785, 6340884.905996675603092 ], [ 652497.345142162637785, 6340879.415447878651321 ], [ 652513.660637132707052, 6340879.415447878651321 ], [ 652513.660637132707052, 6340884.905996675603092 ], [ 652540.853128749527968, 6340884.905996675603092 ], [ 652540.853128749527968, 6340857.453252688981593 ], [ 652557.168623719597235, 6340857.453252688981593 ], [ 652557.168623719597235, 6340851.962703891098499 ], [ 652562.607122043031268, 6340851.962703891098499 ], [ 652562.607122043031268, 6340846.472155094146729 ], [ 652568.045620366348885, 6340846.472155094146729 ], [ 652568.045620366348885, 6340840.981606296263635 ], [ 652589.799613659852184, 6340840.981606296263635 ], [ 652589.799613659852184, 6340846.472155094146729 ], [ 652600.676610306487419, 6340846.472155094146729 ], [ 652600.676610306487419, 6340851.962703891098499 ], [ 652606.115108629921451, 6340851.962703891098499 ], [ 652606.115108629921451, 6340857.453252688981593 ], [ 652633.307600246742368, 6340857.453252688981593 ], [ 652633.307600246742368, 6340851.962703891098499 ], [ 652638.746098570059985, 6340851.962703891098499 ], [ 652638.746098570059985, 6340808.038313512690365 ], [ 652655.061593540129252, 6340808.038313512690365 ], [ 652655.061593540129252, 6340797.057215917855501 ], [ 652660.500091863563284, 6340797.057215917855501 ], [ 652660.500091863563284, 6340791.566667119972408 ], [ 652671.377088510314934, 6340791.566667119972408 ], [ 652671.377088510314934, 6340786.076118323020637 ], [ 652687.692583480384201, 6340786.076118323020637 ], [ 652687.692583480384201, 6340780.585569525137544 ], [ 652704.008078450453468, 6340780.585569525137544 ], [ 652704.008078450453468, 6340775.095020728185773 ], [ 652709.446576773771085, 6340775.095020728185773 ], [ 652709.446576773771085, 6340769.604471931234002 ], [ 652720.323573420522735, 6340769.604471931234002 ], [ 652720.323573420522735, 6340764.113923133350909 ], [ 652725.762071743956767, 6340764.113923133350909 ], [ 652725.762071743956767, 6340758.623374336399138 ], [ 652731.200570067274384, 6340758.623374336399138 ], [ 652731.200570067274384, 6340753.132825538516045 ], [ 652742.077566714026034, 6340753.132825538516045 ], [ 652742.077566714026034, 6340747.642276741564274 ], [ 652752.954563360777684, 6340747.642276741564274 ], [ 652752.954563360777684, 6340742.15172794368118 ], [ 652758.393061684095301, 6340742.15172794368118 ], [ 652758.393061684095301, 6340709.208435160107911 ], [ 652731.200570067274384, 6340709.208435160107911 ], [ 652731.200570067274384, 6340714.698983957059681 ], [ 652693.131081803701818, 6340714.698983957059681 ], [ 652693.131081803701818, 6340725.680081551894546 ], [ 652687.692583480384201, 6340725.680081551894546 ], [ 652687.692583480384201, 6340709.208435160107911 ], [ 652671.377088510314934, 6340709.208435160107911 ], [ 652671.377088510314934, 6340703.717886362224817 ], [ 652649.623095216811635, 6340703.717886362224817 ], [ 652649.623095216811635, 6340698.227337565273046 ], [ 652644.184596893494017, 6340698.227337565273046 ], [ 652644.184596893494017, 6340687.246239970438182 ], [ 652633.307600246742368, 6340687.246239970438182 ], [ 652633.307600246742368, 6340676.265142375603318 ], [ 652627.869101923308335, 6340676.265142375603318 ], [ 652627.869101923308335, 6340670.774593577720225 ], [ 652622.430603599990718, 6340670.774593577720225 ], [ 652622.430603599990718, 6340665.284044780768454 ], [ 652606.115108629921451, 6340665.284044780768454 ], [ 652606.115108629921451, 6340659.793495982885361 ], [ 652578.922617013100535, 6340659.793495982885361 ], [ 652578.922617013100535, 6340654.30294718593359 ], [ 652513.660637132707052, 6340654.30294718593359 ], [ 652513.660637132707052, 6340659.793495982885361 ], [ 652502.783640485955402, 6340659.793495982885361 ], [ 652502.783640485955402, 6340665.284044780768454 ], [ 652497.345142162637785, 6340665.284044780768454 ], [ 652497.345142162637785, 6340670.774593577720225 ], [ 652437.52166060556192, 6340670.774593577720225 ], [ 652437.52166060556192, 6340676.265142375603318 ], [ 652421.206165635492653, 6340676.265142375603318 ], [ 652421.206165635492653, 6340681.755691172555089 ], [ 652415.767667312175035, 6340681.755691172555089 ], [ 652415.767667312175035, 6340621.359654401428998 ], [ 652421.206165635492653, 6340621.359654401428998 ], [ 652421.206165635492653, 6340615.869105604477227 ], [ 652426.644663958926685, 6340615.869105604477227 ], [ 652426.644663958926685, 6340555.473068833351135 ], [ 652399.452172342105769, 6340555.473068833351135 ], [ 652399.452172342105769, 6340560.963617630302906 ], [ 652388.575175695354119, 6340560.963617630302906 ], [ 652388.575175695354119, 6340566.454166428185999 ], [ 652383.136677371920086, 6340566.454166428185999 ], [ 652383.136677371920086, 6340560.963617630302906 ], [ 652377.698179048602469, 6340560.963617630302906 ], [ 652377.698179048602469, 6340549.982520035468042 ], [ 652372.259680725284852, 6340549.982520035468042 ], [ 652372.259680725284852, 6340544.491971238516271 ], [ 652366.82118240185082, 6340544.491971238516271 ], [ 652366.82118240185082, 6340539.0014224415645 ], [ 652361.382684078533202, 6340539.0014224415645 ], [ 652361.382684078533202, 6340533.510873643681407 ], [ 652328.751694138278253, 6340533.510873643681407 ], [ 652328.751694138278253, 6340544.491971238516271 ], [ 652323.313195814960636, 6340544.491971238516271 ], [ 652323.313195814960636, 6340549.982520035468042 ], [ 652317.874697491526604, 6340549.982520035468042 ], [ 652317.874697491526604, 6340566.454166428185999 ], [ 652296.12070419813972, 6340566.454166428185999 ], [ 652296.12070419813972, 6340555.473068833351135 ], [ 652301.559202521457337, 6340555.473068833351135 ], [ 652301.559202521457337, 6340549.982520035468042 ], [ 652306.997700844891369, 6340549.982520035468042 ], [ 652306.997700844891369, 6340506.058129657059908 ], [ 652317.874697491526604, 6340506.058129657059908 ], [ 652317.874697491526604, 6340500.567580859176815 ], [ 652323.313195814960636, 6340500.567580859176815 ], [ 652323.313195814960636, 6340506.058129657059908 ], [ 652328.751694138278253, 6340506.058129657059908 ], [ 652328.751694138278253, 6340511.548678454011679 ], [ 652361.382684078533202, 6340511.548678454011679 ], [ 652361.382684078533202, 6340506.058129657059908 ], [ 652366.82118240185082, 6340506.058129657059908 ], [ 652366.82118240185082, 6340489.58648326434195 ], [ 652372.259680725284852, 6340489.58648326434195 ], [ 652372.259680725284852, 6340484.09593446739018 ], [ 652377.698179048602469, 6340484.09593446739018 ], [ 652377.698179048602469, 6340462.133739277720451 ], [ 652383.136677371920086, 6340462.133739277720451 ], [ 652383.136677371920086, 6340467.624288075603545 ], [ 652388.575175695354119, 6340467.624288075603545 ], [ 652388.575175695354119, 6340473.114836872555315 ], [ 652421.206165635492653, 6340473.114836872555315 ], [ 652421.206165635492653, 6340467.624288075603545 ], [ 652448.398657252313569, 6340467.624288075603545 ], [ 652448.398657252313569, 6340440.171544088050723 ], [ 652442.960158928995952, 6340440.171544088050723 ], [ 652442.960158928995952, 6340434.680995291098952 ], [ 652432.083162282244302, 6340434.680995291098952 ], [ 652432.083162282244302, 6340429.190446493215859 ], [ 652426.644663958926685, 6340429.190446493215859 ], [ 652426.644663958926685, 6340423.699897696264088 ], [ 652415.767667312175035, 6340423.699897696264088 ], [ 652415.767667312175035, 6340418.209348899312317 ], [ 652383.136677371920086, 6340418.209348899312317 ], [ 652383.136677371920086, 6340423.699897696264088 ], [ 652377.698179048602469, 6340423.699897696264088 ], [ 652377.698179048602469, 6340429.190446493215859 ], [ 652345.067189108463936, 6340429.190446493215859 ], [ 652345.067189108463936, 6340434.680995291098952 ], [ 652334.190192461712286, 6340434.680995291098952 ], [ 652334.190192461712286, 6340429.190446493215859 ], [ 652306.997700844891369, 6340429.190446493215859 ], [ 652306.997700844891369, 6340412.718800101429224 ], [ 652301.559202521457337, 6340412.718800101429224 ], [ 652301.559202521457337, 6340407.228251304477453 ], [ 652296.12070419813972, 6340407.228251304477453 ], [ 652296.12070419813972, 6340401.73770250659436 ], [ 652268.928212581318803, 6340401.73770250659436 ], [ 652268.928212581318803, 6340407.228251304477453 ], [ 652236.297222641063854, 6340407.228251304477453 ], [ 652236.297222641063854, 6340401.73770250659436 ], [ 652247.174219287815504, 6340401.73770250659436 ], [ 652247.174219287815504, 6340390.756604911759496 ], [ 652268.928212581318803, 6340390.756604911759496 ], [ 652268.928212581318803, 6340385.266056114807725 ], [ 652274.36671090463642, 6340385.266056114807725 ], [ 652274.36671090463642, 6340357.813312128186226 ], [ 652268.928212581318803, 6340357.813312128186226 ], [ 652268.928212581318803, 6340352.322763330303133 ], [ 652263.489714257884771, 6340352.322763330303133 ], [ 652263.489714257884771, 6340346.832214533351362 ], [ 652209.104731024242938, 6340346.832214533351362 ], [ 652209.104731024242938, 6340374.284958519972861 ], [ 652203.66623270092532, 6340374.284958519972861 ], [ 652203.66623270092532, 6340379.775507316924632 ], [ 652198.227734377607703, 6340379.775507316924632 ], [ 652198.227734377607703, 6340390.756604911759496 ], [ 652192.789236054173671, 6340390.756604911759496 ], [ 652192.789236054173671, 6340401.73770250659436 ], [ 652149.281249467283487, 6340401.73770250659436 ], [ 652149.281249467283487, 6340407.228251304477453 ], [ 652143.84275114396587, 6340407.228251304477453 ], [ 652143.84275114396587, 6340412.718800101429224 ], [ 652132.96575449721422, 6340412.718800101429224 ], [ 652132.96575449721422, 6340440.171544088050723 ], [ 652138.404252820531838, 6340440.171544088050723 ], [ 652138.404252820531838, 6340445.662092885933816 ], [ 652160.158246114035137, 6340445.662092885933816 ], [ 652160.158246114035137, 6340451.152641682885587 ], [ 652154.719747790601104, 6340451.152641682885587 ], [ 652154.719747790601104, 6340456.643190480768681 ], [ 652143.84275114396587, 6340456.643190480768681 ], [ 652143.84275114396587, 6340489.58648326434195 ], [ 652176.473741084104404, 6340489.58648326434195 ], [ 652176.473741084104404, 6340495.077032062225044 ], [ 652171.035242760786787, 6340495.077032062225044 ], [ 652171.035242760786787, 6340522.529776048846543 ], [ 652138.404252820531838, 6340522.529776048846543 ], [ 652138.404252820531838, 6340528.020324846729636 ], [ 652105.773262880393304, 6340528.020324846729636 ], [ 652105.773262880393304, 6340522.529776048846543 ], [ 652084.019269586890005, 6340522.529776048846543 ], [ 652084.019269586890005, 6340517.039227251894772 ], [ 652078.580771263572387, 6340517.039227251894772 ], [ 652078.580771263572387, 6340511.548678454011679 ], [ 652051.388279646751471, 6340511.548678454011679 ], [ 652051.388279646751471, 6340517.039227251894772 ], [ 652045.949781323317438, 6340517.039227251894772 ], [ 652045.949781323317438, 6340539.0014224415645 ], [ 652040.511283, 6340539.0014224415645 ], [ 652040.511283, 6340593.906910414807498 ], [ 652056.826777970069088, 6340593.906910414807498 ], [ 652056.826777970069088, 6340615.869105604477227 ], [ 652062.265276293503121, 6340615.869105604477227 ], [ 652062.265276293503121, 6340621.359654401428998 ], [ 652056.826777970069088, 6340621.359654401428998 ], [ 652056.826777970069088, 6340626.850203199312091 ], [ 652051.388279646751471, 6340626.850203199312091 ], [ 652051.388279646751471, 6340632.340751996263862 ], [ 652040.511283, 6340632.340751996263862 ], [ 652040.511283, 6340692.736788767389953 ], [ 652051.388279646751471, 6340692.736788767389953 ], [ 652051.388279646751471, 6340703.717886362224817 ], [ 652062.265276293503121, 6340703.717886362224817 ], [ 652062.265276293503121, 6340720.189532754011452 ], [ 652067.703774616820738, 6340720.189532754011452 ], [ 652067.703774616820738, 6340725.680081551894546 ], [ 652084.019269586890005, 6340725.680081551894546 ], [ 652084.019269586890005, 6340731.170630348846316 ], [ 652089.457767910324037, 6340731.170630348846316 ], [ 652089.457767910324037, 6340764.113923133350909 ], [ 652094.896266233641654, 6340764.113923133350909 ], [ 652094.896266233641654, 6340769.604471931234002 ], [ 652127.527256173780188, 6340769.604471931234002 ], [ 652127.527256173780188, 6340747.642276741564274 ], [ 652132.96575449721422, 6340747.642276741564274 ], [ 652132.96575449721422, 6340758.623374336399138 ], [ 652143.84275114396587, 6340758.623374336399138 ], [ 652143.84275114396587, 6340764.113923133350909 ], [ 652149.281249467283487, 6340764.113923133350909 ], [ 652149.281249467283487, 6340769.604471931234002 ], [ 652176.473741084104404, 6340769.604471931234002 ], [ 652176.473741084104404, 6340764.113923133350909 ], [ 652181.912239407422021, 6340764.113923133350909 ], [ 652181.912239407422021, 6340769.604471931234002 ], [ 652192.789236054173671, 6340769.604471931234002 ], [ 652192.789236054173671, 6340791.566667119972408 ], [ 652160.158246114035137, 6340791.566667119972408 ], [ 652160.158246114035137, 6340786.076118323020637 ], [ 652149.281249467283487, 6340786.076118323020637 ], [ 652149.281249467283487, 6340780.585569525137544 ], [ 652138.404252820531838, 6340780.585569525137544 ], [ 652138.404252820531838, 6340775.095020728185773 ], [ 652094.896266233641654, 6340775.095020728185773 ], [ 652094.896266233641654, 6340786.076118323020637 ], [ 652089.457767910324037, 6340786.076118323020637 ], [ 652089.457767910324037, 6340791.566667119972408 ], [ 652084.019269586890005, 6340791.566667119972408 ], [ 652084.019269586890005, 6340802.547764714807272 ], [ 652078.580771263572387, 6340802.547764714807272 ], [ 652078.580771263572387, 6340830.000508702360094 ], [ 652111.211761203710921, 6340830.000508702360094 ], [ 652111.211761203710921, 6340824.509959904477 ], [ 652116.650259527144954, 6340824.509959904477 ], [ 652116.650259527144954, 6340819.019411107525229 ], [ 652127.527256173780188, 6340819.019411107525229 ], [ 652127.527256173780188, 6340824.509959904477 ], [ 652138.404252820531838, 6340824.509959904477 ], [ 652138.404252820531838, 6340830.000508702360094 ], [ 652165.596744437352754, 6340830.000508702360094 ], [ 652165.596744437352754, 6340835.491057499311864 ], [ 652187.350737730856054, 6340835.491057499311864 ], [ 652187.350737730856054, 6340862.943801485933363 ], [ 652181.912239407422021, 6340862.943801485933363 ], [ 652181.912239407422021, 6340868.434350283816457 ], [ 652171.035242760786787, 6340868.434350283816457 ], [ 652171.035242760786787, 6340873.924899080768228 ], [ 652165.596744437352754, 6340873.924899080768228 ], [ 652165.596744437352754, 6340884.905996675603092 ], [ 652160.158246114035137, 6340884.905996675603092 ], [ 652160.158246114035137, 6340895.887094270437956 ], [ 652149.281249467283487, 6340895.887094270437956 ], [ 652149.281249467283487, 6340901.377643067389727 ], [ 652127.527256173780188, 6340901.377643067389727 ], [ 652127.527256173780188, 6340906.86819186527282 ], [ 652122.088757850462571, 6340906.86819186527282 ], [ 652122.088757850462571, 6340912.358740662224591 ], [ 652111.211761203710921, 6340912.358740662224591 ], [ 652111.211761203710921, 6340923.339838257059455 ], [ 652105.773262880393304, 6340923.339838257059455 ], [ 652105.773262880393304, 6340928.830387054942548 ], [ 652100.334764556959271, 6340928.830387054942548 ], [ 652100.334764556959271, 6340934.320935851894319 ], [ 652089.457767910324037, 6340934.320935851894319 ], [ 652089.457767910324037, 6340939.811484649777412 ], [ 652084.019269586890005, 6340939.811484649777412 ], [ 652084.019269586890005, 6340956.283131041564047 ], [ 652078.580771263572387, 6340956.283131041564047 ], [ 652078.580771263572387, 6340967.264228636398911 ], [ 652073.142272940138355, 6340967.264228636398911 ], [ 652073.142272940138355, 6341000.207521420903504 ], [ 652078.580771263572387, 6341000.207521420903504 ], [ 652078.580771263572387, 6341005.698070217855275 ], [ 652094.896266233641654, 6341005.698070217855275 ], [ 652094.896266233641654, 6341011.188619014807045 ], [ 652084.019269586890005, 6341011.188619014807045 ], [ 652084.019269586890005, 6341055.113009394146502 ], [ 652111.211761203710921, 6341055.113009394146502 ], [ 652111.211761203710921, 6341022.16971660964191 ], [ 652116.650259527144954, 6341022.16971660964191 ], [ 652116.650259527144954, 6341033.150814204476774 ], [ 652143.84275114396587, 6341033.150814204476774 ], [ 652143.84275114396587, 6341011.188619014807045 ], [ 652149.281249467283487, 6341011.188619014807045 ] ], [ [ 652410.329168988741003, 6340840.981606296263635 ], [ 652399.452172342105769, 6340840.981606296263635 ], [ 652399.452172342105769, 6340830.000508702360094 ], [ 652394.013674018671736, 6340830.000508702360094 ], [ 652394.013674018671736, 6340824.509959904477 ], [ 652404.890670665423386, 6340824.509959904477 ], [ 652404.890670665423386, 6340835.491057499311864 ], [ 652410.329168988741003, 6340835.491057499311864 ], [ 652410.329168988741003, 6340840.981606296263635 ] ], [ [ 652268.928212581318803, 6340813.528862309642136 ], [ 652258.051215934567153, 6340813.528862309642136 ], [ 652258.051215934567153, 6340808.038313512690365 ], [ 652268.928212581318803, 6340808.038313512690365 ], [ 652268.928212581318803, 6340813.528862309642136 ] ], [ [ 652306.997700844891369, 6340802.547764714807272 ], [ 652296.12070419813972, 6340802.547764714807272 ], [ 652296.12070419813972, 6340797.057215917855501 ], [ 652306.997700844891369, 6340797.057215917855501 ], [ 652306.997700844891369, 6340802.547764714807272 ] ], [ [ 652475.591148869134486, 6340780.585569525137544 ], [ 652475.591148869134486, 6340797.057215917855501 ], [ 652481.029647192568518, 6340797.057215917855501 ], [ 652481.029647192568518, 6340802.547764714807272 ], [ 652470.152650545816869, 6340802.547764714807272 ], [ 652470.152650545816869, 6340780.585569525137544 ], [ 652475.591148869134486, 6340780.585569525137544 ] ], [ [ 652464.714152222382836, 6340780.585569525137544 ], [ 652464.714152222382836, 6340775.095020728185773 ], [ 652470.152650545816869, 6340775.095020728185773 ], [ 652470.152650545816869, 6340780.585569525137544 ], [ 652464.714152222382836, 6340780.585569525137544 ] ], [ [ 652529.976132102776319, 6340764.113923133350909 ], [ 652524.537633779458702, 6340764.113923133350909 ], [ 652524.537633779458702, 6340758.623374336399138 ], [ 652513.660637132707052, 6340758.623374336399138 ], [ 652513.660637132707052, 6340753.132825538516045 ], [ 652508.222138809389435, 6340753.132825538516045 ], [ 652508.222138809389435, 6340747.642276741564274 ], [ 652502.783640485955402, 6340747.642276741564274 ], [ 652502.783640485955402, 6340742.15172794368118 ], [ 652497.345142162637785, 6340742.15172794368118 ], [ 652497.345142162637785, 6340736.66117914672941 ], [ 652502.783640485955402, 6340736.66117914672941 ], [ 652502.783640485955402, 6340731.170630348846316 ], [ 652524.537633779458702, 6340731.170630348846316 ], [ 652524.537633779458702, 6340725.680081551894546 ], [ 652529.976132102776319, 6340725.680081551894546 ], [ 652529.976132102776319, 6340720.189532754011452 ], [ 652540.853128749527968, 6340720.189532754011452 ], [ 652540.853128749527968, 6340714.698983957059681 ], [ 652546.291627072845586, 6340714.698983957059681 ], [ 652546.291627072845586, 6340709.208435160107911 ], [ 652551.730125396279618, 6340709.208435160107911 ], [ 652551.730125396279618, 6340703.717886362224817 ], [ 652557.168623719597235, 6340703.717886362224817 ], [ 652557.168623719597235, 6340698.227337565273046 ], [ 652578.922617013100535, 6340698.227337565273046 ], [ 652578.922617013100535, 6340703.717886362224817 ], [ 652584.361115336418152, 6340703.717886362224817 ], [ 652584.361115336418152, 6340720.189532754011452 ], [ 652589.799613659852184, 6340720.189532754011452 ], [ 652589.799613659852184, 6340731.170630348846316 ], [ 652595.238111983169802, 6340731.170630348846316 ], [ 652595.238111983169802, 6340736.66117914672941 ], [ 652616.992105276673101, 6340736.66117914672941 ], [ 652616.992105276673101, 6340742.15172794368118 ], [ 652622.430603599990718, 6340742.15172794368118 ], [ 652622.430603599990718, 6340775.095020728185773 ], [ 652606.115108629921451, 6340775.095020728185773 ], [ 652606.115108629921451, 6340769.604471931234002 ], [ 652611.553606953239068, 6340769.604471931234002 ], [ 652611.553606953239068, 6340742.15172794368118 ], [ 652584.361115336418152, 6340742.15172794368118 ], [ 652584.361115336418152, 6340747.642276741564274 ], [ 652573.484118689666502, 6340747.642276741564274 ], [ 652573.484118689666502, 6340753.132825538516045 ], [ 652562.607122043031268, 6340753.132825538516045 ], [ 652562.607122043031268, 6340758.623374336399138 ], [ 652557.168623719597235, 6340758.623374336399138 ], [ 652557.168623719597235, 6340791.566667119972408 ], [ 652568.045620366348885, 6340791.566667119972408 ], [ 652568.045620366348885, 6340797.057215917855501 ], [ 652557.168623719597235, 6340797.057215917855501 ], [ 652557.168623719597235, 6340802.547764714807272 ], [ 652546.291627072845586, 6340802.547764714807272 ], [ 652546.291627072845586, 6340791.566667119972408 ], [ 652540.853128749527968, 6340791.566667119972408 ], [ 652540.853128749527968, 6340786.076118323020637 ], [ 652535.414630426210351, 6340786.076118323020637 ], [ 652535.414630426210351, 6340769.604471931234002 ], [ 652529.976132102776319, 6340769.604471931234002 ], [ 652529.976132102776319, 6340764.113923133350909 ] ], [ [ 652263.489714257884771, 6340753.132825538516045 ], [ 652258.051215934567153, 6340753.132825538516045 ], [ 652258.051215934567153, 6340742.15172794368118 ], [ 652263.489714257884771, 6340742.15172794368118 ], [ 652263.489714257884771, 6340753.132825538516045 ] ], [ [ 652111.211761203710921, 6340665.284044780768454 ], [ 652122.088757850462571, 6340665.284044780768454 ], [ 652122.088757850462571, 6340676.265142375603318 ], [ 652116.650259527144954, 6340676.265142375603318 ], [ 652116.650259527144954, 6340681.755691172555089 ], [ 652111.211761203710921, 6340681.755691172555089 ], [ 652111.211761203710921, 6340687.246239970438182 ], [ 652105.773262880393304, 6340687.246239970438182 ], [ 652105.773262880393304, 6340676.265142375603318 ], [ 652100.334764556959271, 6340676.265142375603318 ], [ 652100.334764556959271, 6340665.284044780768454 ], [ 652105.773262880393304, 6340665.284044780768454 ], [ 652105.773262880393304, 6340659.793495982885361 ], [ 652111.211761203710921, 6340659.793495982885361 ], [ 652111.211761203710921, 6340665.284044780768454 ] ], [ [ 652263.489714257884771, 6340670.774593577720225 ], [ 652258.051215934567153, 6340670.774593577720225 ], [ 652258.051215934567153, 6340654.30294718593359 ], [ 652263.489714257884771, 6340654.30294718593359 ], [ 652263.489714257884771, 6340670.774593577720225 ] ], [ [ 652214.54322934767697, 6340648.812398388981819 ], [ 652219.981727670994587, 6340648.812398388981819 ], [ 652219.981727670994587, 6340654.30294718593359 ], [ 652214.54322934767697, 6340654.30294718593359 ], [ 652214.54322934767697, 6340648.812398388981819 ] ], [ [ 652219.981727670994587, 6340637.831300794146955 ], [ 652225.42022599442862, 6340637.831300794146955 ], [ 652225.42022599442862, 6340648.812398388981819 ], [ 652219.981727670994587, 6340648.812398388981819 ], [ 652219.981727670994587, 6340637.831300794146955 ] ], [ [ 652187.350737730856054, 6340599.397459212690592 ], [ 652181.912239407422021, 6340599.397459212690592 ], [ 652181.912239407422021, 6340593.906910414807498 ], [ 652187.350737730856054, 6340593.906910414807498 ], [ 652187.350737730856054, 6340599.397459212690592 ] ], [ [ 652214.54322934767697, 6340539.0014224415645 ], [ 652225.42022599442862, 6340539.0014224415645 ], [ 652225.42022599442862, 6340549.982520035468042 ], [ 652219.981727670994587, 6340549.982520035468042 ], [ 652219.981727670994587, 6340560.963617630302906 ], [ 652203.66623270092532, 6340560.963617630302906 ], [ 652203.66623270092532, 6340566.454166428185999 ], [ 652198.227734377607703, 6340566.454166428185999 ], [ 652198.227734377607703, 6340539.0014224415645 ], [ 652203.66623270092532, 6340539.0014224415645 ], [ 652203.66623270092532, 6340528.020324846729636 ], [ 652209.104731024242938, 6340528.020324846729636 ], [ 652209.104731024242938, 6340533.510873643681407 ], [ 652214.54322934767697, 6340533.510873643681407 ], [ 652214.54322934767697, 6340539.0014224415645 ] ], [ [ 652143.84275114396587, 6340560.963617630302906 ], [ 652132.96575449721422, 6340560.963617630302906 ], [ 652132.96575449721422, 6340555.473068833351135 ], [ 652143.84275114396587, 6340555.473068833351135 ], [ 652143.84275114396587, 6340560.963617630302906 ] ], [ [ 652268.928212581318803, 6340484.09593446739018 ], [ 652263.489714257884771, 6340484.09593446739018 ], [ 652263.489714257884771, 6340489.58648326434195 ], [ 652258.051215934567153, 6340489.58648326434195 ], [ 652258.051215934567153, 6340495.077032062225044 ], [ 652247.174219287815504, 6340495.077032062225044 ], [ 652247.174219287815504, 6340500.567580859176815 ], [ 652236.297222641063854, 6340500.567580859176815 ], [ 652236.297222641063854, 6340462.133739277720451 ], [ 652241.735720964497887, 6340462.133739277720451 ], [ 652241.735720964497887, 6340467.624288075603545 ], [ 652274.36671090463642, 6340467.624288075603545 ], [ 652274.36671090463642, 6340473.114836872555315 ], [ 652268.928212581318803, 6340473.114836872555315 ], [ 652268.928212581318803, 6340484.09593446739018 ] ], [ [ 652301.559202521457337, 6340462.133739277720451 ], [ 652296.12070419813972, 6340462.133739277720451 ], [ 652296.12070419813972, 6340456.643190480768681 ], [ 652301.559202521457337, 6340456.643190480768681 ], [ 652301.559202521457337, 6340462.133739277720451 ] ] ], [ [ [ 653666.622281685937196, 6338326.310257099568844 ], [ 653666.622281685937196, 6338318.223556209355593 ], [ 653665.897750730859116, 6338318.657823351211846 ], [ 653665.012521751224995, 6338319.076505477540195 ], [ 653664.984080364345573, 6338319.155993828549981 ], [ 653664.564497682615183, 6338320.043126872740686 ], [ 653664.059981162194163, 6338320.884861835278571 ], [ 653663.475389572791755, 6338321.673092346638441 ], [ 653662.816352851106785, 6338322.400227316655219 ], [ 653662.089217880857177, 6338323.059264038689435 ], [ 653661.300987369380891, 6338323.643855627626181 ], [ 653660.459252407425083, 6338324.148372148163617 ], [ 653660.306786715867929, 6338324.220483049750328 ], [ 653660.306786715867929, 6338326.310257099568844 ], [ 653660.258633982622996, 6338327.290428502485156 ], [ 653660.11463951994665, 6338328.261160319671035 ], [ 653659.876190073206089, 6338329.213103871792555 ], [ 653659.545582041027956, 6338330.137091423384845 ], [ 653659.125999359297566, 6338331.02422446757555 ], [ 653658.621482838876545, 6338331.865959430113435 ], [ 653658.036891249474138, 6338332.654189941473305 ], [ 653657.377854527789168, 6338333.381324911490083 ], [ 653656.65071955753956, 6338334.040361633524299 ], [ 653655.862489046063274, 6338334.624953222461045 ], [ 653655.020754084107466, 6338335.129469742998481 ], [ 653654.133621039567515, 6338335.54905242472887 ], [ 653653.209633488440886, 6338335.879660456441343 ], [ 653652.257689936086535, 6338336.118109903298318 ], [ 653651.286958119133487, 6338336.262104365974665 ], [ 653650.306786715867929, 6338336.310257099568844 ], [ 653638.55279342236463, 6338336.310257099568844 ], [ 653638.55279342236463, 6338337.291354694403708 ], [ 653638.504640689119697, 6338338.27152609732002 ], [ 653638.36064622644335, 6338339.242257914505899 ], [ 653638.12219677970279, 6338340.194201466627419 ], [ 653637.791588747524656, 6338341.118189018219709 ], [ 653637.372006065794267, 6338342.005322062410414 ], [ 653636.867489545373246, 6338342.847057024948299 ], [ 653636.282897955970839, 6338343.635287536308169 ], [ 653635.623861234285869, 6338344.362422506324947 ], [ 653634.896726264036261, 6338345.021459228359163 ], [ 653634.108495752559975, 6338345.606050817295909 ], [ 653633.266760790604167, 6338346.110567337833345 ], [ 653632.379627746064216, 6338346.530150019563735 ], [ 653631.455640194937587, 6338346.860758051276207 ], [ 653630.503696642583236, 6338347.099207498133183 ], [ 653629.532964825630188, 6338347.243201960809529 ], [ 653628.55279342236463, 6338347.291354694403708 ], [ 653626.591738361399621, 6338347.291354694403708 ], [ 653626.495009419159032, 6338347.495870859362185 ], [ 653625.990492898738012, 6338348.33760582190007 ], [ 653625.405901309335604, 6338349.12583633325994 ], [ 653624.746864587650634, 6338349.852971303276718 ], [ 653624.019729617401026, 6338350.512008025310934 ], [ 653623.23149910592474, 6338351.09659961424768 ], [ 653623.114295099047013, 6338351.166848992928863 ], [ 653623.114295099047013, 6338392.196842667646706 ], [ 653650.306786715867929, 6338392.196842667646706 ], [ 653650.306786715867929, 6338381.215745073743165 ], [ 653655.745285039185546, 6338381.215745073743165 ], [ 653655.745285039185546, 6338337.291354694403708 ], [ 653661.183783362619579, 6338337.291354694403708 ], [ 653661.183783362619579, 6338326.310257099568844 ], [ 653666.622281685937196, 6338326.310257099568844 ] ] ], [ [ [ 653677.499278332688846, 6338271.404769126325846 ], [ 653677.499278332688846, 6338238.461476341821253 ], [ 653676.622281685937196, 6338238.461476341821253 ], [ 653676.622281685937196, 6338271.404769126325846 ], [ 653677.499278332688846, 6338271.404769126325846 ] ] ], [ [ [ 653672.060780009371229, 6338205.518183557316661 ], [ 653633.991291745798662, 6338205.518183557316661 ], [ 653633.991291745798662, 6338217.480378746986389 ], [ 653661.183783362619579, 6338217.480378746986389 ], [ 653662.163954765885137, 6338217.528531480580568 ], [ 653663.134686582838185, 6338217.672525943256915 ], [ 653664.086630135192536, 6338217.91097539011389 ], [ 653665.010617686319165, 6338218.241583421826363 ], [ 653665.897750730859116, 6338218.661166103556752 ], [ 653666.739485692814924, 6338219.165682624094188 ], [ 653667.52771620429121, 6338219.750274213030934 ], [ 653668.254851174540818, 6338220.40931093506515 ], [ 653668.913887896225788, 6338221.136445905081928 ], [ 653669.498479485628195, 6338221.924676416441798 ], [ 653670.002996006049216, 6338222.766411378979683 ], [ 653670.422578687779605, 6338223.653544423170388 ], [ 653670.451020074659027, 6338223.733032774180174 ], [ 653671.336249054176733, 6338224.151714900508523 ], [ 653672.060780009371229, 6338224.585982043296099 ], [ 653672.060780009371229, 6338205.518183557316661 ] ] ], [ [ [ 654335.557575459824875, 6338331.800805897451937 ], [ 654313.803582166321576, 6338331.800805897451937 ], [ 654313.803582166321576, 6338326.310257099568844 ], [ 654286.611090549500659, 6338326.310257099568844 ], [ 654286.611090549500659, 6338320.819708302617073 ], [ 654281.172592226183042, 6338320.819708302617073 ], [ 654281.172592226183042, 6338309.838610707782209 ], [ 654232.226107315858826, 6338309.838610707782209 ], [ 654232.226107315858826, 6338304.348061909899116 ], [ 654210.472114022355527, 6338304.348061909899116 ], [ 654210.472114022355527, 6338298.857513112947345 ], [ 654205.03361569903791, 6338298.857513112947345 ], [ 654205.03361569903791, 6338282.385866720229387 ], [ 654183.27962240553461, 6338282.385866720229387 ], [ 654183.27962240553461, 6338254.933122733607888 ], [ 654145.210134142078459, 6338254.933122733607888 ], [ 654145.210134142078459, 6338260.423671531490982 ], [ 654139.771635818644427, 6338260.423671531490982 ], [ 654139.771635818644427, 6338271.404769126325846 ], [ 654134.33313749532681, 6338271.404769126325846 ], [ 654134.33313749532681, 6338276.895317923277617 ], [ 654128.894639171892777, 6338276.895317923277617 ], [ 654128.894639171892777, 6338271.404769126325846 ], [ 654118.017642525257543, 6338271.404769126325846 ], [ 654118.017642525257543, 6338265.914220328442752 ], [ 654112.57914420182351, 6338265.914220328442752 ], [ 654112.57914420182351, 6338260.423671531490982 ], [ 654107.140645878505893, 6338260.423671531490982 ], [ 654107.140645878505893, 6338254.933122733607888 ], [ 654101.702147555071861, 6338254.933122733607888 ], [ 654101.702147555071861, 6338249.442573936656117 ], [ 654069.071157614933327, 6338249.442573936656117 ], [ 654069.071157614933327, 6338254.933122733607888 ], [ 654036.440167674678378, 6338254.933122733607888 ], [ 654036.440167674678378, 6338243.952025138773024 ], [ 654003.809177734539844, 6338243.952025138773024 ], [ 654003.809177734539844, 6338249.442573936656117 ], [ 653998.370679411222227, 6338249.442573936656117 ], [ 653998.370679411222227, 6338265.914220328442752 ], [ 653992.932181087788194, 6338265.914220328442752 ], [ 653992.932181087788194, 6338271.404769126325846 ], [ 653987.493682764470577, 6338271.404769126325846 ], [ 653987.493682764470577, 6338276.895317923277617 ], [ 653982.055184441036545, 6338276.895317923277617 ], [ 653982.055184441036545, 6338304.348061909899116 ], [ 653992.932181087788194, 6338304.348061909899116 ], [ 653992.932181087788194, 6338309.838610707782209 ], [ 654058.194160968181677, 6338309.838610707782209 ], [ 654058.194160968181677, 6338315.32915950473398 ], [ 654090.825150908436626, 6338315.32915950473398 ], [ 654090.825150908436626, 6338321.800805897451937 ], [ 654091.805322311702184, 6338321.848958631046116 ], [ 654092.776054128655232, 6338321.992953093722463 ], [ 654093.727997681009583, 6338322.231402540579438 ], [ 654094.651985232136212, 6338322.562010572291911 ], [ 654095.539118276676163, 6338322.9815932540223 ], [ 654096.380853238631971, 6338323.486109774559736 ], [ 654097.169083750108257, 6338324.070701363496482 ], [ 654097.896218720357865, 6338324.729738085530698 ], [ 654098.555255442042835, 6338325.456873055547476 ], [ 654099.139847031445242, 6338326.245103566907346 ], [ 654099.644363551866263, 6338327.086838529445231 ], [ 654099.741092494106852, 6338327.291354694403708 ], [ 654134.33313749532681, 6338327.291354694403708 ], [ 654135.313308898592368, 6338327.339507427997887 ], [ 654136.284040715545416, 6338327.483501890674233 ], [ 654137.235984267899767, 6338327.721951337531209 ], [ 654138.159971819026396, 6338328.052559369243681 ], [ 654139.047104863566346, 6338328.472142050974071 ], [ 654139.888839825522155, 6338328.976658571511507 ], [ 654140.67707033699844, 6338329.561250160448253 ], [ 654141.404205307248048, 6338330.220286882482469 ], [ 654142.063242028933018, 6338330.947421852499247 ], [ 654142.647833618335426, 6338331.735652363859117 ], [ 654143.152350138756447, 6338332.577387326397002 ], [ 654143.249079080997035, 6338332.781903491355479 ], [ 654172.402625758899376, 6338332.781903491355479 ], [ 654173.382797162164934, 6338332.830056224949658 ], [ 654174.353528979117982, 6338332.974050687626004 ], [ 654175.305472531472333, 6338333.21250013448298 ], [ 654176.229460082598962, 6338333.543108166195452 ], [ 654177.116593127138913, 6338333.962690847925842 ], [ 654177.958328089094721, 6338334.467207368463278 ], [ 654178.746558600571007, 6338335.051798957400024 ], [ 654179.473693570820615, 6338335.71083567943424 ], [ 654180.132730292505585, 6338336.437970649451017 ], [ 654180.717321881907992, 6338337.226201160810888 ], [ 654181.221838402329013, 6338338.067936123348773 ], [ 654181.318567344918847, 6338338.272452289238572 ], [ 654183.27962240553461, 6338338.272452289238572 ], [ 654184.259793808800168, 6338338.320605022832751 ], [ 654185.230525625753216, 6338338.464599485509098 ], [ 654186.182469178107567, 6338338.703048932366073 ], [ 654187.106456729234196, 6338339.033656964078546 ], [ 654187.993589773774147, 6338339.453239645808935 ], [ 654188.835324735729955, 6338339.957756166346371 ], [ 654189.623555247206241, 6338340.542347755283117 ], [ 654190.350690217455849, 6338341.201384477317333 ], [ 654191.009726939140819, 6338341.928519447334111 ], [ 654191.594318528543226, 6338342.716749958693981 ], [ 654192.098835048964247, 6338343.558484921231866 ], [ 654192.195563991204835, 6338343.763001086190343 ], [ 654194.15661905228626, 6338343.763001086190343 ], [ 654195.136790455551818, 6338343.811153819784522 ], [ 654196.107522272504866, 6338343.955148282460868 ], [ 654197.059465824859217, 6338344.193597729317844 ], [ 654197.983453375985846, 6338344.524205761030316 ], [ 654198.870586420525797, 6338344.943788442760706 ], [ 654199.712321382481605, 6338345.448304963298142 ], [ 654200.500551893957891, 6338346.032896552234888 ], [ 654201.227686864207499, 6338346.691933274269104 ], [ 654201.886723585892469, 6338347.419068244285882 ], [ 654202.471315175294876, 6338348.207298755645752 ], [ 654202.510366700473242, 6338348.272452289238572 ], [ 654215.910612345789559, 6338348.272452289238572 ], [ 654215.910612345789559, 6338349.253549884073436 ], [ 654248.541602285928093, 6338349.253549884073436 ], [ 654249.521773689193651, 6338349.301702617667615 ], [ 654250.492505506146699, 6338349.445697080343962 ], [ 654251.44444905850105, 6338349.684146527200937 ], [ 654252.368436609627679, 6338350.01475455891341 ], [ 654253.25556965416763, 6338350.434337240643799 ], [ 654254.097304616123438, 6338350.938853761181235 ], [ 654254.885535127599724, 6338351.523445350117981 ], [ 654255.612670097849332, 6338352.182482072152197 ], [ 654256.271706819534302, 6338352.909617042168975 ], [ 654256.856298408936709, 6338353.697847553528845 ], [ 654257.36081492935773, 6338354.53958251606673 ], [ 654257.457543871598318, 6338354.744098681025207 ], [ 654264.85709725599736, 6338354.744098681025207 ], [ 654265.837268659262918, 6338354.792251414619386 ], [ 654266.808000476215966, 6338354.936245877295732 ], [ 654267.759944028570317, 6338355.174695324152708 ], [ 654268.683931579696946, 6338355.50530335586518 ], [ 654269.571064624236897, 6338355.92488603759557 ], [ 654270.412799586192705, 6338356.429402558133006 ], [ 654271.20103009766899, 6338357.013994147069752 ], [ 654271.928165067918599, 6338357.673030869103968 ], [ 654272.587201789603569, 6338358.400165839120746 ], [ 654273.171793379005976, 6338359.188396350480616 ], [ 654273.210844904184341, 6338359.253549884073436 ], [ 654275.734093902749009, 6338359.253549884073436 ], [ 654275.734093902749009, 6338353.763001086190343 ], [ 654281.172592226183042, 6338353.763001086190343 ], [ 654281.172592226183042, 6338359.253549884073436 ], [ 654335.557575459824875, 6338359.253549884073436 ], [ 654335.557575459824875, 6338331.800805897451937 ] ] ], [ [ [ 652655.061593540129252, 6338436.121233046986163 ], [ 652655.061593540129252, 6338435.140135452151299 ], [ 652653.100538479513489, 6338435.140135452151299 ], [ 652653.003809536923654, 6338435.344651618041098 ], [ 652652.538344541680999, 6338436.121233046986163 ], [ 652655.061593540129252, 6338436.121233046986163 ] ] ], [ [ [ 652687.692583480384201, 6338419.649586655199528 ], [ 652687.692583480384201, 6338417.053434561006725 ], [ 652686.968052525189705, 6338417.487701703794301 ], [ 652686.082823545671999, 6338417.90638383012265 ], [ 652686.054382158792578, 6338417.985872181132436 ], [ 652685.634799477062188, 6338418.873005225323141 ], [ 652685.169334481237456, 6338419.649586655199528 ], [ 652687.692583480384201, 6338419.649586655199528 ] ] ], [ [ [ 652714.885075097205117, 6338403.17794026248157 ], [ 652714.885075097205117, 6338400.581788168288767 ], [ 652714.160544142010622, 6338401.016055311076343 ], [ 652713.275315162842162, 6338401.434737437404692 ], [ 652713.246873775613494, 6338401.514225789345801 ], [ 652712.827291093883105, 6338402.401358833536506 ], [ 652712.361826098640449, 6338403.17794026248157 ], [ 652714.885075097205117, 6338403.17794026248157 ] ] ], [ [ [ 652731.200570067274384, 6338397.687391465529799 ], [ 652731.200570067274384, 6338392.196842667646706 ], [ 652736.639068390592001, 6338392.196842667646706 ], [ 652736.639068390592001, 6338391.215745073743165 ], [ 652729.23951500619296, 6338391.215745073743165 ], [ 652729.142786063952371, 6338391.420261238701642 ], [ 652728.638269543531351, 6338392.261996201239526 ], [ 652728.053677954128943, 6338393.050226712599397 ], [ 652727.394641232443973, 6338393.777361682616174 ], [ 652726.667506262194365, 6338394.43639840465039 ], [ 652725.87927575071808, 6338395.020989993587136 ], [ 652725.037540788762271, 6338395.525506514124572 ], [ 652724.150407744222321, 6338395.945089195854962 ], [ 652723.226420193095692, 6338396.275697227567434 ], [ 652722.274476640741341, 6338396.51414667442441 ], [ 652721.303744823788293, 6338396.658141137100756 ], [ 652720.323573420522735, 6338396.706293870694935 ], [ 652718.36251835944131, 6338396.706293870694935 ], [ 652718.265789417200722, 6338396.910810035653412 ], [ 652717.80032442137599, 6338397.687391465529799 ], [ 652731.200570067274384, 6338397.687391465529799 ] ] ], [ [ [ 652747.516065037343651, 6338386.706293870694935 ], [ 652744.992816038778983, 6338386.706293870694935 ], [ 652744.953764513600618, 6338386.771447404287755 ], [ 652744.36917292419821, 6338387.559677915647626 ], [ 652743.71013620251324, 6338388.286812885664403 ], [ 652742.983001232263632, 6338388.945849607698619 ], [ 652742.194770720787346, 6338389.530441196635365 ], [ 652742.077566714026034, 6338389.600690574385226 ], [ 652742.077566714026034, 6338414.159037857316434 ], [ 652769.27005833084695, 6338414.159037857316434 ], [ 652769.27005833084695, 6338408.668489060364664 ], [ 652807.339546594419517, 6338408.668489060364664 ], [ 652807.339546594419517, 6338414.159037857316434 ], [ 652812.778044917737134, 6338414.159037857316434 ], [ 652812.778044917737134, 6338419.649586655199528 ], [ 652818.216543241054751, 6338419.649586655199528 ], [ 652818.216543241054751, 6338436.121233046986163 ], [ 652845.409034857875668, 6338436.121233046986163 ], [ 652845.409034857875668, 6338375.725196275860071 ], [ 652839.97053653455805, 6338375.725196275860071 ], [ 652839.97053653455805, 6338370.2346474789083 ], [ 652861.72452982806135, 6338370.2346474789083 ], [ 652861.72452982806135, 6338364.744098681025207 ], [ 652867.163028151378967, 6338364.744098681025207 ], [ 652867.163028151378967, 6338337.291354694403708 ], [ 652861.72452982806135, 6338337.291354694403708 ], [ 652861.72452982806135, 6338331.800805897451937 ], [ 652859.201280828914605, 6338331.800805897451937 ], [ 652859.162229304318316, 6338331.865959430113435 ], [ 652858.577637714915909, 6338332.654189941473305 ], [ 652857.918600993230939, 6338333.381324911490083 ], [ 652857.191466022981331, 6338334.040361633524299 ], [ 652856.403235511505045, 6338334.624953222461045 ], [ 652855.561500549549237, 6338335.129469742998481 ], [ 652854.676271570264362, 6338335.54815186932683 ], [ 652854.647830183035694, 6338335.627640221267939 ], [ 652854.228247501305304, 6338336.514773265458643 ], [ 652853.723730980884284, 6338337.356508227996528 ], [ 652853.139139391481876, 6338338.144738739356399 ], [ 652852.480102669796906, 6338338.871873709373176 ], [ 652851.752967699547298, 6338339.530910431407392 ], [ 652850.964737188071012, 6338340.115502020344138 ], [ 652850.123002226115204, 6338340.620018540881574 ], [ 652849.237773246597499, 6338341.038700667209923 ], [ 652849.209331859718077, 6338341.118189018219709 ], [ 652848.789749177987687, 6338342.005322062410414 ], [ 652848.285232657566667, 6338342.847057024948299 ], [ 652847.700641068164259, 6338343.635287536308169 ], [ 652847.041604346479289, 6338344.362422506324947 ], [ 652846.314469376229681, 6338345.021459228359163 ], [ 652845.526238864753395, 6338345.606050817295909 ], [ 652844.684503902797587, 6338346.110567337833345 ], [ 652843.799274923279881, 6338346.529249464161694 ], [ 652843.77083353640046, 6338346.60873781517148 ], [ 652843.35125085467007, 6338347.495870859362185 ], [ 652842.846734334249049, 6338348.33760582190007 ], [ 652842.262142744846642, 6338349.12583633325994 ], [ 652841.603106023161672, 6338349.852971303276718 ], [ 652840.875971052912064, 6338350.512008025310934 ], [ 652840.087740541435778, 6338351.09659961424768 ], [ 652839.24600557947997, 6338351.601116134785116 ], [ 652838.358872534940019, 6338352.020698816515505 ], [ 652837.43488498381339, 6338352.351306848227978 ], [ 652836.482941431459039, 6338352.589756295084953 ], [ 652835.512209614505991, 6338352.7337507577613 ], [ 652834.532038211240433, 6338352.781903491355479 ], [ 652832.570983150508255, 6338352.781903491355479 ], [ 652832.47425420791842, 6338352.986419657245278 ], [ 652831.9697376874974, 6338353.828154619783163 ], [ 652831.385146098094992, 6338354.616385131143034 ], [ 652830.726109376410022, 6338355.343520101159811 ], [ 652829.998974406160414, 6338356.002556823194027 ], [ 652829.210743894684128, 6338356.587148412130773 ], [ 652828.36900893272832, 6338357.091664932668209 ], [ 652827.48187588818837, 6338357.511247614398599 ], [ 652826.55788833706174, 6338357.841855646111071 ], [ 652825.60594478470739, 6338358.080305092968047 ], [ 652824.635212967754342, 6338358.224299555644393 ], [ 652823.655041564488783, 6338358.272452289238572 ], [ 652821.693986503407359, 6338358.272452289238572 ], [ 652821.597257561166771, 6338358.476968454197049 ], [ 652821.09274104074575, 6338359.318703416734934 ], [ 652820.508149451343343, 6338360.106933928094804 ], [ 652819.849112729658373, 6338360.834068898111582 ], [ 652819.121977759408765, 6338361.493105620145798 ], [ 652818.333747247932479, 6338362.077697209082544 ], [ 652817.492012285976671, 6338362.58221372961998 ], [ 652816.60487924143672, 6338363.001796411350369 ], [ 652815.680891690310091, 6338363.332404443062842 ], [ 652814.72894813795574, 6338363.570853889919817 ], [ 652813.758216321002692, 6338363.714848352596164 ], [ 652812.778044917737134, 6338363.763001086190343 ], [ 652791.024051624233834, 6338363.763001086190343 ], [ 652791.024051624233834, 6338364.744098681025207 ], [ 652788.500802625785582, 6338364.744098681025207 ], [ 652788.461751100607216, 6338364.809252214618027 ], [ 652787.877159511204809, 6338365.597482725977898 ], [ 652787.218122789519839, 6338366.324617695994675 ], [ 652786.490987819270231, 6338366.983654418028891 ], [ 652785.702757307793945, 6338367.568246006965637 ], [ 652785.585553300916217, 6338367.63849538564682 ], [ 652785.585553300916217, 6338370.2346474789083 ], [ 652774.708556654164568, 6338370.2346474789083 ], [ 652774.708556654164568, 6338375.725196275860071 ], [ 652766.746809332282282, 6338375.725196275860071 ], [ 652766.707757807103917, 6338375.790349809452891 ], [ 652766.12316621770151, 6338376.578580320812762 ], [ 652765.46412949601654, 6338377.305715290829539 ], [ 652764.736994525766931, 6338377.964752012863755 ], [ 652763.948764014290646, 6338378.549343601800501 ], [ 652763.831560007412918, 6338378.619592980481684 ], [ 652763.831560007412918, 6338381.215745073743165 ], [ 652755.869812684948556, 6338381.215745073743165 ], [ 652755.830761160352267, 6338381.280898606404662 ], [ 652755.24616957094986, 6338382.069129117764533 ], [ 652754.58713284926489, 6338382.79626408778131 ], [ 652753.859997879015282, 6338383.455300809815526 ], [ 652753.071767367538996, 6338384.039892398752272 ], [ 652752.230032405583188, 6338384.544408919289708 ], [ 652751.342899361043237, 6338384.963991601020098 ], [ 652750.418911809916608, 6338385.29459963273257 ], [ 652749.466968257562257, 6338385.533049079589546 ], [ 652748.496236440609209, 6338385.677043542265892 ], [ 652747.516065037343651, 6338385.725196275860071 ], [ 652747.516065037343651, 6338386.706293870694935 ] ] ], [ [ [ 652921.5480113850208, 6338326.310257099568844 ], [ 652921.5480113850208, 6338320.819708302617073 ], [ 652926.986509708454832, 6338320.819708302617073 ], [ 652926.986509708454832, 6338315.32915950473398 ], [ 652943.302004678524099, 6338315.32915950473398 ], [ 652943.302004678524099, 6338312.733007410541177 ], [ 652942.577473723329604, 6338313.167274553328753 ], [ 652941.690340678789653, 6338313.586857235059142 ], [ 652940.766353127663024, 6338313.917465266771615 ], [ 652939.814409575308673, 6338314.15591471362859 ], [ 652938.843677758355625, 6338314.299909176304936 ], [ 652937.863506355090067, 6338314.348061909899116 ], [ 652925.025454647722654, 6338314.348061909899116 ], [ 652924.92872570513282, 6338314.552578075788915 ], [ 652924.424209184711799, 6338315.3943130383268 ], [ 652923.839617595309392, 6338316.18254354968667 ], [ 652923.180580873624422, 6338316.909678519703448 ], [ 652922.453445903374813, 6338317.568715241737664 ], [ 652921.665215391898528, 6338318.15330683067441 ], [ 652920.82348042994272, 6338318.657823351211846 ], [ 652919.936347385402769, 6338319.077406032942235 ], [ 652919.01235983427614, 6338319.408014064654708 ], [ 652918.060416281921789, 6338319.646463511511683 ], [ 652917.089684464968741, 6338319.79045797418803 ], [ 652916.109513061703183, 6338319.838610707782209 ], [ 652914.148458000621758, 6338319.838610707782209 ], [ 652914.05172905838117, 6338320.043126872740686 ], [ 652913.547212537960149, 6338320.884861835278571 ], [ 652912.962620948557742, 6338321.673092346638441 ], [ 652912.303584226872772, 6338322.400227316655219 ], [ 652911.576449256623164, 6338323.059264038689435 ], [ 652910.788218745146878, 6338323.643855627626181 ], [ 652909.94648378319107, 6338324.148372148163617 ], [ 652909.059350738651119, 6338324.567954829894006 ], [ 652908.13536318752449, 6338324.898562861606479 ], [ 652907.183419635170139, 6338325.137012308463454 ], [ 652906.212687818217091, 6338325.281006771139801 ], [ 652905.232516414951533, 6338325.32915950473398 ], [ 652892.394464707467705, 6338325.32915950473398 ], [ 652892.297735764877871, 6338325.533675670623779 ], [ 652891.832270769635215, 6338326.310257099568844 ], [ 652921.5480113850208, 6338326.310257099568844 ] ] ], [ [ [ 653019.440981205552816, 6338298.857513112947345 ], [ 653019.440981205552816, 6338297.876415518112481 ], [ 653012.041427821153775, 6338297.876415518112481 ], [ 653011.944698878913186, 6338298.080931683070958 ], [ 653011.479233883088455, 6338298.857513112947345 ], [ 653019.440981205552816, 6338298.857513112947345 ] ] ], [ [ [ 653557.85231521865353, 6338211.008732355199754 ], [ 653555.329066220088862, 6338211.008732355199754 ], [ 653555.794531215331517, 6338211.785313784144819 ], [ 653555.891260157572106, 6338211.989829949103296 ], [ 653557.85231521865353, 6338211.989829949103296 ], [ 653557.85231521865353, 6338211.008732355199754 ] ] ], [ [ [ 653546.97531857190188, 6338205.518183557316661 ], [ 653528.136574602685869, 6338205.518183557316661 ], [ 653528.602039598510601, 6338206.294764987193048 ], [ 653528.698768540751189, 6338206.499281152151525 ], [ 653546.97531857190188, 6338206.499281152151525 ], [ 653546.97531857190188, 6338205.518183557316661 ] ] ], [ [ [ 653519.782826955080964, 6338200.02763476036489 ], [ 653511.821079633198678, 6338200.02763476036489 ], [ 653512.286544628441334, 6338200.804216189309955 ], [ 653512.383273571031168, 6338201.008732355199754 ], [ 653519.782826955080964, 6338201.008732355199754 ], [ 653519.782826955080964, 6338200.02763476036489 ] ] ], [ [ [ 653405.57436216447968, 6338183.555988367646933 ], [ 653359.543126578442752, 6338183.555988367646933 ], [ 653360.008591574267484, 6338184.33256979752332 ], [ 653360.105320516508073, 6338184.537085962481797 ], [ 653405.57436216447968, 6338184.537085962481797 ], [ 653405.57436216447968, 6338183.555988367646933 ] ] ], [ [ [ 653166.280435936409049, 6338178.065439570695162 ], [ 653166.280435936409049, 6338179.046537165530026 ], [ 653184.556985967210494, 6338179.046537165530026 ], [ 653184.653714909800328, 6338178.842020999640226 ], [ 653185.119179905042984, 6338178.065439570695162 ], [ 653166.280435936409049, 6338178.065439570695162 ] ] ], [ [ [ 653106.456954379449598, 6338183.555988367646933 ], [ 653106.456954379449598, 6338184.537085962481797 ], [ 653151.925996027421206, 6338184.537085962481797 ], [ 653152.022724969661795, 6338184.33256979752332 ], [ 653152.488189965486526, 6338183.555988367646933 ], [ 653106.456954379449598, 6338183.555988367646933 ] ] ], [ [ [ 653101.018456056015566, 6338183.555988367646933 ], [ 653057.510469469125383, 6338183.555988367646933 ], [ 653057.510469469125383, 6338189.046537165530026 ], [ 653046.633472822373733, 6338189.046537165530026 ], [ 653046.633472822373733, 6338190.02763476036489 ], [ 653059.471524529857561, 6338190.02763476036489 ], [ 653059.568253472447395, 6338189.823118594475091 ], [ 653060.072769992868416, 6338188.981383631937206 ], [ 653060.657361582270823, 6338188.193153120577335 ], [ 653061.316398303955793, 6338187.466018150560558 ], [ 653062.043533274205402, 6338186.806981428526342 ], [ 653062.831763785681687, 6338186.222389839589596 ], [ 653063.673498747637495, 6338185.71787331905216 ], [ 653064.560631792177446, 6338185.29829063732177 ], [ 653065.484619343304075, 6338184.967682605609298 ], [ 653066.436562895658426, 6338184.729233158752322 ], [ 653067.407294712611474, 6338184.585238696075976 ], [ 653068.387466115877032, 6338184.537085962481797 ], [ 653101.018456056015566, 6338184.537085962481797 ], [ 653101.018456056015566, 6338183.555988367646933 ] ] ], [ [ [ 653008.563984558917582, 6338194.537085962481797 ], [ 653008.563984558917582, 6338195.518183557316661 ], [ 653010.525039619882591, 6338195.518183557316661 ], [ 653010.621768562123179, 6338195.313667392358184 ], [ 653011.087233557947911, 6338194.537085962481797 ], [ 653008.563984558917582, 6338194.537085962481797 ] ] ], [ [ [ 652954.179001325275749, 6338200.02763476036489 ], [ 652954.179001325275749, 6338205.518183557316661 ], [ 652916.109513061703183, 6338205.518183557316661 ], [ 652916.109513061703183, 6338211.989829949103296 ], [ 652923.509066446102224, 6338211.989829949103296 ], [ 652923.605795388342813, 6338211.785313784144819 ], [ 652924.110311908763833, 6338210.943578821606934 ], [ 652924.694903498166241, 6338210.155348310247064 ], [ 652925.353940219851211, 6338209.428213340230286 ], [ 652926.081075190100819, 6338208.76917661819607 ], [ 652926.869305701577105, 6338208.184585029259324 ], [ 652927.711040663532913, 6338207.680068508721888 ], [ 652928.598173708072864, 6338207.260485826991498 ], [ 652929.522161259199493, 6338206.929877795279026 ], [ 652930.474104811553843, 6338206.69142834842205 ], [ 652931.444836628506891, 6338206.547433885745704 ], [ 652932.42500803177245, 6338206.499281152151525 ], [ 652972.45555135642644, 6338206.499281152151525 ], [ 652972.552280298667029, 6338206.294764987193048 ], [ 652973.056796819088049, 6338205.453030024655163 ], [ 652973.641388408490457, 6338204.664799513295293 ], [ 652974.300425130175427, 6338203.937664543278515 ], [ 652975.027560100425035, 6338203.278627821244299 ], [ 652975.815790611901321, 6338202.694036232307553 ], [ 652976.657525573857129, 6338202.189519711770117 ], [ 652977.544658618397079, 6338201.769937030039728 ], [ 652978.468646169523709, 6338201.439328998327255 ], [ 652979.420589721878059, 6338201.20087955147028 ], [ 652980.391321538831107, 6338201.056885088793933 ], [ 652981.371492942096666, 6338201.008732355199754 ], [ 652988.771046326146461, 6338201.008732355199754 ], [ 652988.867775268736295, 6338200.804216189309955 ], [ 652989.333240263978951, 6338200.02763476036489 ], [ 652954.179001325275749, 6338200.02763476036489 ] ] ], [ [ [ 652845.409034857875668, 6338221.989829949103296 ], [ 652845.409034857875668, 6338228.461476341821253 ], [ 652863.685584888677113, 6338228.461476341821253 ], [ 652863.782313831266947, 6338228.256960175931454 ], [ 652864.286830351687968, 6338227.415225213393569 ], [ 652864.871421941090375, 6338226.626994702033699 ], [ 652865.530458662775345, 6338225.899859732016921 ], [ 652866.257593633024953, 6338225.240823009982705 ], [ 652867.045824144501239, 6338224.656231421045959 ], [ 652867.887559106457047, 6338224.151714900508523 ], [ 652868.774692150996998, 6338223.732132218778133 ], [ 652869.698679702123627, 6338223.401524187065661 ], [ 652870.650623254477978, 6338223.163074740208685 ], [ 652871.621355071431026, 6338223.019080277532339 ], [ 652872.601526474696584, 6338222.97092754393816 ], [ 652885.439578182529658, 6338222.97092754393816 ], [ 652885.536307124770246, 6338222.766411378979683 ], [ 652886.001772120594978, 6338221.989829949103296 ], [ 652845.409034857875668, 6338221.989829949103296 ] ] ], [ [ [ 652834.532038211240433, 6338232.97092754393816 ], [ 652834.532038211240433, 6338233.952025138773024 ], [ 652836.493093272205442, 6338233.952025138773024 ], [ 652836.589822214446031, 6338233.747508973814547 ], [ 652837.055287210270762, 6338232.97092754393816 ], [ 652834.532038211240433, 6338232.97092754393816 ] ] ], [ [ [ 652785.585553300916217, 6338243.952025138773024 ], [ 652785.585553300916217, 6338249.442573936656117 ], [ 652780.1470549775986, 6338249.442573936656117 ], [ 652780.1470549775986, 6338250.423671531490982 ], [ 652787.546608361648396, 6338250.423671531490982 ], [ 652787.64333730423823, 6338250.219155365601182 ], [ 652788.147853824659251, 6338249.377420403063297 ], [ 652788.732445414061658, 6338248.589189891703427 ], [ 652789.391482135746628, 6338247.862054921686649 ], [ 652790.118617105996236, 6338247.203018199652433 ], [ 652790.906847617472522, 6338246.618426610715687 ], [ 652791.74858257942833, 6338246.113910090178251 ], [ 652792.635715623968281, 6338245.694327408447862 ], [ 652793.55970317509491, 6338245.363719376735389 ], [ 652794.511646727449261, 6338245.125269929878414 ], [ 652795.482378544402309, 6338244.981275467202067 ], [ 652796.462549947667867, 6338244.933122733607888 ], [ 652798.423605008749291, 6338244.933122733607888 ], [ 652798.52033395098988, 6338244.728606568649411 ], [ 652798.985798946814612, 6338243.952025138773024 ], [ 652785.585553300916217, 6338243.952025138773024 ] ] ], [ [ [ 652747.516065037343651, 6338260.423671531490982 ], [ 652747.516065037343651, 6338263.019823625683784 ], [ 652748.240595992538147, 6338262.585556482896209 ], [ 652749.127729037078097, 6338262.165973801165819 ], [ 652750.051716588204727, 6338261.835365769453347 ], [ 652751.003660140559077, 6338261.596916322596371 ], [ 652751.974391957512125, 6338261.452921859920025 ], [ 652752.954563360777684, 6338261.404769126325846 ], [ 652754.915618421393447, 6338261.404769126325846 ], [ 652755.012347363983281, 6338261.200252960436046 ], [ 652755.477812359225936, 6338260.423671531490982 ], [ 652747.516065037343651, 6338260.423671531490982 ] ] ], [ [ [ 652731.200570067274384, 6338265.914220328442752 ], [ 652731.200570067274384, 6338272.385866720229387 ], [ 652733.161625128355809, 6338272.385866720229387 ], [ 652733.258354070596397, 6338272.18135055527091 ], [ 652733.762870591017418, 6338271.339615592733026 ], [ 652734.347462180419825, 6338270.551385081373155 ], [ 652735.006498902104795, 6338269.824250111356378 ], [ 652735.733633872354403, 6338269.165213389322162 ], [ 652736.521864383830689, 6338268.580621800385416 ], [ 652737.363599345786497, 6338268.07610527984798 ], [ 652738.250732390326448, 6338267.65652259811759 ], [ 652739.174719941453077, 6338267.325914566405118 ], [ 652740.126663493807428, 6338267.087465119548142 ], [ 652741.097395310760476, 6338266.943470656871796 ], [ 652742.077566714026034, 6338266.895317923277617 ], [ 652744.038621775107458, 6338266.895317923277617 ], [ 652744.135350717348047, 6338266.690801758319139 ], [ 652744.600815713172778, 6338265.914220328442752 ], [ 652731.200570067274384, 6338265.914220328442752 ] ] ], [ [ [ 652693.131081803701818, 6338282.385866720229387 ], [ 652693.131081803701818, 6338283.366964315064251 ], [ 652695.092136864783242, 6338283.366964315064251 ], [ 652695.188865807023831, 6338283.162448150105774 ], [ 652695.654330802848563, 6338282.385866720229387 ], [ 652693.131081803701818, 6338282.385866720229387 ] ] ], [ [ [ 652682.254085156950168, 6338287.876415518112481 ], [ 652682.254085156950168, 6338288.857513112947345 ], [ 652684.215140217682347, 6338288.857513112947345 ], [ 652684.311869160272181, 6338288.652996947057545 ], [ 652684.777334155514836, 6338287.876415518112481 ], [ 652682.254085156950168, 6338287.876415518112481 ] ] ], [ [ [ 652540.853128749527968, 6338381.215745073743165 ], [ 652540.853128749527968, 6338382.196842667646706 ], [ 652541.730125396279618, 6338382.196842667646706 ], [ 652541.730125396279618, 6338381.215745073743165 ], [ 652540.853128749527968, 6338381.215745073743165 ] ] ], [ [ [ 652519.099135456024669, 6338480.045623426325619 ], [ 652532.499381101923063, 6338480.045623426325619 ], [ 652532.033916106098332, 6338479.269041996449232 ], [ 652531.614333424367942, 6338478.381908952258527 ], [ 652531.283725392189808, 6338477.457921400666237 ], [ 652531.045275945449248, 6338476.505977848544717 ], [ 652530.901281482772902, 6338475.535246031358838 ], [ 652530.853128749527968, 6338474.555074628442526 ], [ 652530.853128749527968, 6338473.573977033607662 ], [ 652519.099135456024669, 6338473.573977033607662 ], [ 652519.099135456024669, 6338480.045623426325619 ] ] ], [ [ [ 652535.414630426210351, 6338485.53617222327739 ], [ 652537.937879424658604, 6338485.53617222327739 ], [ 652537.472414429415949, 6338484.759590794332325 ], [ 652537.052831747685559, 6338483.872457750141621 ], [ 652537.024390360456891, 6338483.792969398200512 ], [ 652536.139161381288432, 6338483.374287271872163 ], [ 652535.414630426210351, 6338482.94002013001591 ], [ 652535.414630426210351, 6338485.53617222327739 ] ] ], [ [ [ 653323.996887314016931, 6338364.744098681025207 ], [ 653323.996887314016931, 6338397.687391465529799 ], [ 653356.627877254155464, 6338397.687391465529799 ], [ 653356.627877254155464, 6338364.744098681025207 ], [ 653323.996887314016931, 6338364.744098681025207 ] ] ], [ [ [ 653541.536820248584263, 6338523.970013804733753 ], [ 653541.536820248584263, 6338556.913306589238346 ], [ 653568.72931186540518, 6338556.913306589238346 ], [ 653568.72931186540518, 6338523.970013804733753 ], [ 653541.536820248584263, 6338523.970013804733753 ] ] ], [ [ [ 653062.948967792559415, 6338721.629770510829985 ], [ 653062.948967792559415, 6338760.063612092286348 ], [ 653073.825964439194649, 6338760.063612092286348 ], [ 653073.825964439194649, 6338765.554160889238119 ], [ 653101.018456056015566, 6338765.554160889238119 ], [ 653101.018456056015566, 6338760.063612092286348 ], [ 653111.895452702767216, 6338760.063612092286348 ], [ 653111.895452702767216, 6338732.610868105664849 ], [ 653101.018456056015566, 6338732.610868105664849 ], [ 653101.018456056015566, 6338721.629770510829985 ], [ 653062.948967792559415, 6338721.629770510829985 ] ] ], [ [ [ 654580.290000011213124, 6339572.664834103547037 ], [ 654547.659010070958175, 6339572.664834103547037 ], [ 654547.659010070958175, 6339605.608126888051629 ], [ 654536.782013424206525, 6339605.608126888051629 ], [ 654536.782013424206525, 6339600.117578090168536 ], [ 654509.589521807385609, 6339600.117578090168536 ], [ 654509.589521807385609, 6339633.060870874673128 ], [ 654504.151023484067991, 6339633.060870874673128 ], [ 654504.151023484067991, 6339638.551419671624899 ], [ 654482.397030190564692, 6339638.551419671624899 ], [ 654482.397030190564692, 6339671.494712456129491 ], [ 654509.589521807385609, 6339671.494712456129491 ], [ 654509.589521807385609, 6339676.985261253081262 ], [ 654542.220511747640558, 6339676.985261253081262 ], [ 654542.220511747640558, 6339666.004163659177721 ], [ 654547.659010070958175, 6339666.004163659177721 ], [ 654547.659010070958175, 6339655.023066064342856 ], [ 654580.290000011213124, 6339655.023066064342856 ], [ 654580.290000011213124, 6339622.079773279838264 ], [ 654574.851501687779091, 6339622.079773279838264 ], [ 654574.851501687779091, 6339611.0986756850034 ], [ 654585.728498334530741, 6339611.0986756850034 ], [ 654585.728498334530741, 6339605.608126888051629 ], [ 654602.043993304600008, 6339605.608126888051629 ], [ 654602.043993304600008, 6339600.117578090168536 ], [ 654612.920989951351658, 6339600.117578090168536 ], [ 654612.920989951351658, 6339594.627029293216765 ], [ 654618.359488274669275, 6339594.627029293216765 ], [ 654618.359488274669275, 6339611.0986756850034 ], [ 654623.797986598103307, 6339611.0986756850034 ], [ 654623.797986598103307, 6339627.570322076790035 ], [ 654656.428976538241841, 6339627.570322076790035 ], [ 654656.428976538241841, 6339616.589224481955171 ], [ 654661.867474861675873, 6339616.589224481955171 ], [ 654661.867474861675873, 6339611.0986756850034 ], [ 654667.305973184993491, 6339611.0986756850034 ], [ 654667.305973184993491, 6339605.608126888051629 ], [ 654678.18296983174514, 6339605.608126888051629 ], [ 654678.18296983174514, 6339600.117578090168536 ], [ 654689.05996647849679, 6339600.117578090168536 ], [ 654689.05996647849679, 6339594.627029293216765 ], [ 654694.498464801814407, 6339594.627029293216765 ], [ 654694.498464801814407, 6339600.117578090168536 ], [ 654705.375461448566057, 6339600.117578090168536 ], [ 654705.375461448566057, 6339605.608126888051629 ], [ 654710.813959771883674, 6339605.608126888051629 ], [ 654710.813959771883674, 6339611.0986756850034 ], [ 654738.00645138870459, 6339611.0986756850034 ], [ 654738.00645138870459, 6339605.608126888051629 ], [ 654748.88344803545624, 6339605.608126888051629 ], [ 654748.88344803545624, 6339616.589224481955171 ], [ 654781.514437975711189, 6339616.589224481955171 ], [ 654781.514437975711189, 6339611.0986756850034 ], [ 654797.829932945780456, 6339611.0986756850034 ], [ 654797.829932945780456, 6339605.608126888051629 ], [ 654803.268431269098073, 6339605.608126888051629 ], [ 654803.268431269098073, 6339561.683736508712173 ], [ 654781.514437975711189, 6339561.683736508712173 ], [ 654781.514437975711189, 6339556.193187710829079 ], [ 654748.88344803545624, 6339556.193187710829079 ], [ 654748.88344803545624, 6339550.702638913877308 ], [ 654738.00645138870459, 6339550.702638913877308 ], [ 654738.00645138870459, 6339539.721541319042444 ], [ 654732.567953065386973, 6339539.721541319042444 ], [ 654732.567953065386973, 6339534.230992522090673 ], [ 654705.375461448566057, 6339534.230992522090673 ], [ 654705.375461448566057, 6339550.702638913877308 ], [ 654699.93696312524844, 6339550.702638913877308 ], [ 654699.93696312524844, 6339539.721541319042444 ], [ 654694.498464801814407, 6339539.721541319042444 ], [ 654694.498464801814407, 6339523.249894927255809 ], [ 654678.18296983174514, 6339523.249894927255809 ], [ 654678.18296983174514, 6339517.759346129372716 ], [ 654656.428976538241841, 6339517.759346129372716 ], [ 654656.428976538241841, 6339495.797150939702988 ], [ 654667.305973184993491, 6339495.797150939702988 ], [ 654667.305973184993491, 6339468.344406953081489 ], [ 654661.867474861675873, 6339468.344406953081489 ], [ 654661.867474861675873, 6339462.853858156129718 ], [ 654623.797986598103307, 6339462.853858156129718 ], [ 654623.797986598103307, 6339468.344406953081489 ], [ 654602.043993304600008, 6339468.344406953081489 ], [ 654602.043993304600008, 6339462.853858156129718 ], [ 654591.166996657848358, 6339462.853858156129718 ], [ 654591.166996657848358, 6339429.910565371625125 ], [ 654602.043993304600008, 6339429.910565371625125 ], [ 654602.043993304600008, 6339424.420016574673355 ], [ 654607.48249162803404, 6339424.420016574673355 ], [ 654607.48249162803404, 6339418.929467776790261 ], [ 654629.236484921420924, 6339418.929467776790261 ], [ 654629.236484921420924, 6339413.43891897983849 ], [ 654634.674983244854957, 6339413.43891897983849 ], [ 654634.674983244854957, 6339375.005077398382127 ], [ 654661.867474861675873, 6339375.005077398382127 ], [ 654661.867474861675873, 6339364.023979803547263 ], [ 654667.305973184993491, 6339364.023979803547263 ], [ 654667.305973184993491, 6339353.042882208712399 ], [ 654672.744471508427523, 6339353.042882208712399 ], [ 654672.744471508427523, 6339325.590138221159577 ], [ 654667.305973184993491, 6339325.590138221159577 ], [ 654667.305973184993491, 6339320.099589424207807 ], [ 654645.551979891490191, 6339320.099589424207807 ], [ 654645.551979891490191, 6339314.609040627256036 ], [ 654640.113481568172574, 6339314.609040627256036 ], [ 654640.113481568172574, 6339309.118491829372942 ], [ 654634.674983244854957, 6339309.118491829372942 ], [ 654634.674983244854957, 6339292.646845437586308 ], [ 654596.605494981282391, 6339292.646845437586308 ], [ 654596.605494981282391, 6339287.156296639703214 ], [ 654591.166996657848358, 6339287.156296639703214 ], [ 654591.166996657848358, 6339276.17519904486835 ], [ 654585.728498334530741, 6339276.17519904486835 ], [ 654585.728498334530741, 6339226.760259868577123 ], [ 654591.166996657848358, 6339226.760259868577123 ], [ 654591.166996657848358, 6339210.288613476790488 ], [ 654602.043993304600008, 6339210.288613476790488 ], [ 654602.043993304600008, 6339221.269711071625352 ], [ 654607.48249162803404, 6339221.269711071625352 ], [ 654607.48249162803404, 6339226.760259868577123 ], [ 654602.043993304600008, 6339226.760259868577123 ], [ 654602.043993304600008, 6339265.194101450033486 ], [ 654612.920989951351658, 6339265.194101450033486 ], [ 654612.920989951351658, 6339270.684650247916579 ], [ 654623.797986598103307, 6339270.684650247916579 ], [ 654623.797986598103307, 6339276.17519904486835 ], [ 654650.990478214924224, 6339276.17519904486835 ], [ 654650.990478214924224, 6339254.213003856129944 ], [ 654656.428976538241841, 6339254.213003856129944 ], [ 654656.428976538241841, 6339259.703552653081715 ], [ 654705.375461448566057, 6339259.703552653081715 ], [ 654705.375461448566057, 6339243.23190626129508 ], [ 654759.76044468220789, 6339243.23190626129508 ], [ 654759.76044468220789, 6339210.288613476790488 ], [ 654738.00645138870459, 6339210.288613476790488 ], [ 654738.00645138870459, 6339199.307515881955624 ], [ 654759.76044468220789, 6339199.307515881955624 ], [ 654759.76044468220789, 6339166.364223097451031 ], [ 654732.567953065386973, 6339166.364223097451031 ], [ 654732.567953065386973, 6339171.854771895334125 ], [ 654721.690956418635324, 6339171.854771895334125 ], [ 654721.690956418635324, 6339155.383125502616167 ], [ 654754.321946358890273, 6339155.383125502616167 ], [ 654754.321946358890273, 6339160.87367430049926 ], [ 654781.514437975711189, 6339160.87367430049926 ], [ 654781.514437975711189, 6339182.835869490168989 ], [ 654786.952936299028806, 6339182.835869490168989 ], [ 654786.952936299028806, 6339188.326418287120759 ], [ 654814.145427915849723, 6339188.326418287120759 ], [ 654814.145427915849723, 6339182.835869490168989 ], [ 654835.899421209353022, 6339182.835869490168989 ], [ 654835.899421209353022, 6339210.288613476790488 ], [ 654841.337919532670639, 6339210.288613476790488 ], [ 654841.337919532670639, 6339215.779162273742259 ], [ 654852.214916179422289, 6339215.779162273742259 ], [ 654852.214916179422289, 6339221.269711071625352 ], [ 654890.284404442994855, 6339221.269711071625352 ], [ 654890.284404442994855, 6339193.816967085003853 ], [ 654884.845906119560823, 6339193.816967085003853 ], [ 654884.845906119560823, 6339188.326418287120759 ], [ 654890.284404442994855, 6339188.326418287120759 ], [ 654890.284404442994855, 6339182.835869490168989 ], [ 654895.722902766312473, 6339182.835869490168989 ], [ 654895.722902766312473, 6339177.345320692285895 ], [ 654922.915394383133389, 6339177.345320692285895 ], [ 654922.915394383133389, 6339155.383125502616167 ], [ 654950.107885999954306, 6339155.383125502616167 ], [ 654950.107885999954306, 6339073.02489354275167 ], [ 654928.353892706451006, 6339073.02489354275167 ], [ 654928.353892706451006, 6339078.515442339703441 ], [ 654901.16140108963009, 6339078.515442339703441 ], [ 654901.16140108963009, 6339084.005991137586534 ], [ 654890.284404442994855, 6339084.005991137586534 ], [ 654890.284404442994855, 6339089.496539934538305 ], [ 654884.845906119560823, 6339089.496539934538305 ], [ 654884.845906119560823, 6339062.043795947916806 ], [ 654895.722902766312473, 6339062.043795947916806 ], [ 654895.722902766312473, 6339056.553247150033712 ], [ 654906.599899413064122, 6339056.553247150033712 ], [ 654906.599899413064122, 6339051.062698353081942 ], [ 654917.476896059815772, 6339051.062698353081942 ], [ 654917.476896059815772, 6339056.553247150033712 ], [ 654928.353892706451006, 6339056.553247150033712 ], [ 654928.353892706451006, 6339062.043795947916806 ], [ 654950.107885999954306, 6339062.043795947916806 ], [ 654950.107885999954306, 6338913.798978418111801 ], [ 654939.230889353202656, 6338913.798978418111801 ], [ 654939.230889353202656, 6338902.81788082420826 ], [ 654928.353892706451006, 6338902.81788082420826 ], [ 654928.353892706451006, 6338897.327332026325166 ], [ 654906.599899413064122, 6338897.327332026325166 ], [ 654906.599899413064122, 6338858.893490444868803 ], [ 654912.038397736381739, 6338858.893490444868803 ], [ 654912.038397736381739, 6338820.45964886341244 ], [ 654917.476896059815772, 6338820.45964886341244 ], [ 654917.476896059815772, 6338798.497453673742712 ], [ 654922.915394383133389, 6338798.497453673742712 ], [ 654922.915394383133389, 6338825.950197660364211 ], [ 654950.107885999954306, 6338825.950197660364211 ], [ 654950.107885999954306, 6338793.006904876790941 ], [ 654939.230889353202656, 6338793.006904876790941 ], [ 654939.230889353202656, 6338787.516356078907847 ], [ 654944.669387676636688, 6338787.516356078907847 ], [ 654944.669387676636688, 6338782.025807281956077 ], [ 654950.107885999954306, 6338782.025807281956077 ], [ 654950.107885999954306, 6338727.120319307781756 ], [ 654939.230889353202656, 6338727.120319307781756 ], [ 654939.230889353202656, 6338721.629770510829985 ], [ 654906.599899413064122, 6338721.629770510829985 ], [ 654906.599899413064122, 6338716.139221712946892 ], [ 654901.16140108963009, 6338716.139221712946892 ], [ 654901.16140108963009, 6338710.648672915995121 ], [ 654879.407407796243206, 6338710.648672915995121 ], [ 654879.407407796243206, 6338705.158124118112028 ], [ 654873.968909472809173, 6338705.158124118112028 ], [ 654873.968909472809173, 6338699.667575321160257 ], [ 654868.530411149491556, 6338699.667575321160257 ], [ 654868.530411149491556, 6338694.177026523277164 ], [ 654835.899421209353022, 6338694.177026523277164 ], [ 654835.899421209353022, 6338699.667575321160257 ], [ 654830.46092288591899, 6338699.667575321160257 ], [ 654830.46092288591899, 6338705.158124118112028 ], [ 654814.145427915849723, 6338705.158124118112028 ], [ 654814.145427915849723, 6338721.629770510829985 ], [ 654808.706929592532106, 6338721.629770510829985 ], [ 654808.706929592532106, 6338705.158124118112028 ], [ 654797.829932945780456, 6338705.158124118112028 ], [ 654797.829932945780456, 6338644.762087346985936 ], [ 654765.198943005525507, 6338644.762087346985936 ], [ 654765.198943005525507, 6338650.25263614486903 ], [ 654759.76044468220789, 6338650.25263614486903 ], [ 654759.76044468220789, 6338655.7431849418208 ], [ 654754.321946358890273, 6338655.7431849418208 ], [ 654754.321946358890273, 6338661.233733739703894 ], [ 654721.690956418635324, 6338661.233733739703894 ], [ 654721.690956418635324, 6338655.7431849418208 ], [ 654716.252458095317706, 6338655.7431849418208 ], [ 654716.252458095317706, 6338650.25263614486903 ], [ 654683.621468155062757, 6338650.25263614486903 ], [ 654683.621468155062757, 6338644.762087346985936 ], [ 654634.674983244854957, 6338644.762087346985936 ], [ 654634.674983244854957, 6338672.214831334538758 ], [ 654640.113481568172574, 6338672.214831334538758 ], [ 654640.113481568172574, 6338683.195928928442299 ], [ 654645.551979891490191, 6338683.195928928442299 ], [ 654645.551979891490191, 6338688.686477726325393 ], [ 654650.990478214924224, 6338688.686477726325393 ], [ 654650.990478214924224, 6338694.177026523277164 ], [ 654656.428976538241841, 6338694.177026523277164 ], [ 654656.428976538241841, 6338710.648672915995121 ], [ 654650.990478214924224, 6338710.648672915995121 ], [ 654650.990478214924224, 6338732.610868105664849 ], [ 654629.236484921420924, 6338732.610868105664849 ], [ 654629.236484921420924, 6338721.629770510829985 ], [ 654634.674983244854957, 6338721.629770510829985 ], [ 654634.674983244854957, 6338683.195928928442299 ], [ 654623.797986598103307, 6338683.195928928442299 ], [ 654623.797986598103307, 6338677.705380131490529 ], [ 654607.48249162803404, 6338677.705380131490529 ], [ 654607.48249162803404, 6338672.214831334538758 ], [ 654602.043993304600008, 6338672.214831334538758 ], [ 654602.043993304600008, 6338666.724282536655664 ], [ 654574.851501687779091, 6338666.724282536655664 ], [ 654574.851501687779091, 6338677.705380131490529 ], [ 654569.413003364461474, 6338677.705380131490529 ], [ 654569.413003364461474, 6338672.214831334538758 ], [ 654542.220511747640558, 6338672.214831334538758 ], [ 654542.220511747640558, 6338683.195928928442299 ], [ 654536.782013424206525, 6338683.195928928442299 ], [ 654536.782013424206525, 6338705.158124118112028 ], [ 654531.343515100888908, 6338705.158124118112028 ], [ 654531.343515100888908, 6338710.648672915995121 ], [ 654520.466518454137258, 6338710.648672915995121 ], [ 654520.466518454137258, 6338716.139221712946892 ], [ 654515.028020130819641, 6338716.139221712946892 ], [ 654515.028020130819641, 6338721.629770510829985 ], [ 654509.589521807385609, 6338721.629770510829985 ], [ 654509.589521807385609, 6338727.120319307781756 ], [ 654482.397030190564692, 6338727.120319307781756 ], [ 654482.397030190564692, 6338765.554160889238119 ], [ 654471.520033543929458, 6338765.554160889238119 ], [ 654471.520033543929458, 6338793.006904876790941 ], [ 654482.397030190564692, 6338793.006904876790941 ], [ 654482.397030190564692, 6338814.969100065529346 ], [ 654515.028020130819641, 6338814.969100065529346 ], [ 654515.028020130819641, 6338793.006904876790941 ], [ 654525.905016777571291, 6338793.006904876790941 ], [ 654525.905016777571291, 6338798.497453673742712 ], [ 654553.097508394392207, 6338798.497453673742712 ], [ 654553.097508394392207, 6338793.006904876790941 ], [ 654563.974505041027442, 6338793.006904876790941 ], [ 654563.974505041027442, 6338787.516356078907847 ], [ 654569.413003364461474, 6338787.516356078907847 ], [ 654569.413003364461474, 6338760.063612092286348 ], [ 654558.536006717709824, 6338760.063612092286348 ], [ 654558.536006717709824, 6338754.573063294403255 ], [ 654574.851501687779091, 6338754.573063294403255 ], [ 654574.851501687779091, 6338776.535258484072983 ], [ 654602.043993304600008, 6338776.535258484072983 ], [ 654602.043993304600008, 6338765.554160889238119 ], [ 654640.113481568172574, 6338765.554160889238119 ], [ 654640.113481568172574, 6338771.044709687121212 ], [ 654678.18296983174514, 6338771.044709687121212 ], [ 654678.18296983174514, 6338738.10141690261662 ], [ 654699.93696312524844, 6338738.10141690261662 ], [ 654699.93696312524844, 6338727.120319307781756 ], [ 654705.375461448566057, 6338727.120319307781756 ], [ 654705.375461448566057, 6338721.629770510829985 ], [ 654732.567953065386973, 6338721.629770510829985 ], [ 654732.567953065386973, 6338727.120319307781756 ], [ 654738.00645138870459, 6338727.120319307781756 ], [ 654738.00645138870459, 6338732.610868105664849 ], [ 654732.567953065386973, 6338732.610868105664849 ], [ 654732.567953065386973, 6338754.573063294403255 ], [ 654710.813959771883674, 6338754.573063294403255 ], [ 654710.813959771883674, 6338743.591965699568391 ], [ 654683.621468155062757, 6338743.591965699568391 ], [ 654683.621468155062757, 6338776.535258484072983 ], [ 654689.05996647849679, 6338776.535258484072983 ], [ 654689.05996647849679, 6338814.969100065529346 ], [ 654683.621468155062757, 6338814.969100065529346 ], [ 654683.621468155062757, 6338793.006904876790941 ], [ 654667.305973184993491, 6338793.006904876790941 ], [ 654667.305973184993491, 6338787.516356078907847 ], [ 654661.867474861675873, 6338787.516356078907847 ], [ 654661.867474861675873, 6338782.025807281956077 ], [ 654650.990478214924224, 6338782.025807281956077 ], [ 654650.990478214924224, 6338776.535258484072983 ], [ 654618.359488274669275, 6338776.535258484072983 ], [ 654618.359488274669275, 6338782.025807281956077 ], [ 654612.920989951351658, 6338782.025807281956077 ], [ 654612.920989951351658, 6338809.478551268577576 ], [ 654623.797986598103307, 6338809.478551268577576 ], [ 654623.797986598103307, 6338836.931295255199075 ], [ 654629.236484921420924, 6338836.931295255199075 ], [ 654629.236484921420924, 6338842.421844053082168 ], [ 654623.797986598103307, 6338842.421844053082168 ], [ 654623.797986598103307, 6338864.384039241820574 ], [ 654618.359488274669275, 6338864.384039241820574 ], [ 654618.359488274669275, 6338880.855685634538531 ], [ 654612.920989951351658, 6338880.855685634538531 ], [ 654612.920989951351658, 6338886.346234431490302 ], [ 654607.48249162803404, 6338886.346234431490302 ], [ 654607.48249162803404, 6338897.327332026325166 ], [ 654596.605494981282391, 6338897.327332026325166 ], [ 654596.605494981282391, 6338902.81788082420826 ], [ 654585.728498334530741, 6338902.81788082420826 ], [ 654585.728498334530741, 6338908.30842962116003 ], [ 654580.290000011213124, 6338908.30842962116003 ], [ 654580.290000011213124, 6338913.798978418111801 ], [ 654569.413003364461474, 6338913.798978418111801 ], [ 654569.413003364461474, 6338919.289527215994895 ], [ 654563.974505041027442, 6338919.289527215994895 ], [ 654563.974505041027442, 6338941.251722405664623 ], [ 654558.536006717709824, 6338941.251722405664623 ], [ 654558.536006717709824, 6338946.742271202616394 ], [ 654547.659010070958175, 6338946.742271202616394 ], [ 654547.659010070958175, 6338952.232820000499487 ], [ 654531.343515100888908, 6338952.232820000499487 ], [ 654531.343515100888908, 6338957.723368797451258 ], [ 654515.028020130819641, 6338957.723368797451258 ], [ 654515.028020130819641, 6338963.213917595334351 ], [ 654498.712525160750374, 6338963.213917595334351 ], [ 654498.712525160750374, 6338957.723368797451258 ], [ 654487.835528513998725, 6338957.723368797451258 ], [ 654487.835528513998725, 6338952.232820000499487 ], [ 654438.889043603674509, 6338952.232820000499487 ], [ 654438.889043603674509, 6338919.289527215994895 ], [ 654444.327541927108541, 6338919.289527215994895 ], [ 654444.327541927108541, 6338886.346234431490302 ], [ 654449.766040250426158, 6338886.346234431490302 ], [ 654449.766040250426158, 6338842.421844053082168 ], [ 654455.204538573743775, 6338842.421844053082168 ], [ 654455.204538573743775, 6338836.931295255199075 ], [ 654466.081535220495425, 6338836.931295255199075 ], [ 654466.081535220495425, 6338809.478551268577576 ], [ 654455.204538573743775, 6338809.478551268577576 ], [ 654455.204538573743775, 6338803.988002470694482 ], [ 654428.012046956922859, 6338803.988002470694482 ], [ 654428.012046956922859, 6338809.478551268577576 ], [ 654422.573548633605242, 6338809.478551268577576 ], [ 654422.573548633605242, 6338782.025807281956077 ], [ 654428.012046956922859, 6338782.025807281956077 ], [ 654428.012046956922859, 6338771.044709687121212 ], [ 654433.450545280356891, 6338771.044709687121212 ], [ 654433.450545280356891, 6338765.554160889238119 ], [ 654455.204538573743775, 6338765.554160889238119 ], [ 654455.204538573743775, 6338760.063612092286348 ], [ 654460.643036897177808, 6338760.063612092286348 ], [ 654460.643036897177808, 6338727.120319307781756 ], [ 654444.327541927108541, 6338727.120319307781756 ], [ 654444.327541927108541, 6338710.648672915995121 ], [ 654422.573548633605242, 6338710.648672915995121 ], [ 654422.573548633605242, 6338699.667575321160257 ], [ 654417.135050310287625, 6338699.667575321160257 ], [ 654417.135050310287625, 6338694.177026523277164 ], [ 654444.327541927108541, 6338694.177026523277164 ], [ 654444.327541927108541, 6338677.705380131490529 ], [ 654449.766040250426158, 6338677.705380131490529 ], [ 654449.766040250426158, 6338666.724282536655664 ], [ 654455.204538573743775, 6338666.724282536655664 ], [ 654455.204538573743775, 6338655.7431849418208 ], [ 654471.520033543929458, 6338655.7431849418208 ], [ 654471.520033543929458, 6338650.25263614486903 ], [ 654487.835528513998725, 6338650.25263614486903 ], [ 654487.835528513998725, 6338644.762087346985936 ], [ 654493.274026837316342, 6338644.762087346985936 ], [ 654493.274026837316342, 6338639.271538550034165 ], [ 654504.151023484067991, 6338639.271538550034165 ], [ 654504.151023484067991, 6338633.780989752151072 ], [ 654515.028020130819641, 6338633.780989752151072 ], [ 654515.028020130819641, 6338606.328245765529573 ], [ 654509.589521807385609, 6338606.328245765529573 ], [ 654509.589521807385609, 6338600.837696968577802 ], [ 654504.151023484067991, 6338600.837696968577802 ], [ 654504.151023484067991, 6338595.347148170694709 ], [ 654498.712525160750374, 6338595.347148170694709 ], [ 654498.712525160750374, 6338589.856599373742938 ], [ 654487.835528513998725, 6338589.856599373742938 ], [ 654487.835528513998725, 6338584.366050575859845 ], [ 654428.012046956922859, 6338584.366050575859845 ], [ 654428.012046956922859, 6338573.384952981024981 ], [ 654395.381057016784325, 6338573.384952981024981 ], [ 654395.381057016784325, 6338562.403855387121439 ], [ 654368.188565399963409, 6338562.403855387121439 ], [ 654368.188565399963409, 6338556.913306589238346 ], [ 654351.873070429894142, 6338556.913306589238346 ], [ 654351.873070429894142, 6338551.422757792286575 ], [ 654324.680578813073225, 6338551.422757792286575 ], [ 654324.680578813073225, 6338545.932208994403481 ], [ 654302.926585519569926, 6338545.932208994403481 ], [ 654302.926585519569926, 6338540.441660197451711 ], [ 654259.418598932679743, 6338540.441660197451711 ], [ 654259.418598932679743, 6338523.970013804733753 ], [ 654232.226107315858826, 6338523.970013804733753 ], [ 654232.226107315858826, 6338529.460562602616847 ], [ 654215.910612345789559, 6338529.460562602616847 ], [ 654215.910612345789559, 6338523.970013804733753 ], [ 654166.964127435465343, 6338523.970013804733753 ], [ 654166.964127435465343, 6338529.460562602616847 ], [ 654156.087130788713694, 6338529.460562602616847 ], [ 654156.087130788713694, 6338534.951111399568617 ], [ 654150.648632465396076, 6338534.951111399568617 ], [ 654150.648632465396076, 6338545.932208994403481 ], [ 654128.894639171892777, 6338545.932208994403481 ], [ 654128.894639171892777, 6338534.951111399568617 ], [ 654123.45614084857516, 6338534.951111399568617 ], [ 654123.45614084857516, 6338523.970013804733753 ], [ 654118.017642525257543, 6338523.970013804733753 ], [ 654118.017642525257543, 6338507.498367412947118 ], [ 654101.702147555071861, 6338507.498367412947118 ], [ 654101.702147555071861, 6338502.007818615995347 ], [ 654090.825150908436626, 6338502.007818615995347 ], [ 654090.825150908436626, 6338496.517269818112254 ], [ 654052.75566264486406, 6338496.517269818112254 ], [ 654052.75566264486406, 6338491.026721021160483 ], [ 653992.932181087788194, 6338491.026721021160483 ], [ 653992.932181087788194, 6338502.007818615995347 ], [ 653987.493682764470577, 6338502.007818615995347 ], [ 653987.493682764470577, 6338529.460562602616847 ], [ 653998.370679411222227, 6338529.460562602616847 ], [ 653998.370679411222227, 6338534.951111399568617 ], [ 654003.809177734539844, 6338534.951111399568617 ], [ 654003.809177734539844, 6338540.441660197451711 ], [ 654009.247676057857461, 6338540.441660197451711 ], [ 654009.247676057857461, 6338545.932208994403481 ], [ 654025.563171028043143, 6338545.932208994403481 ], [ 654025.563171028043143, 6338556.913306589238346 ], [ 654031.001669351360761, 6338556.913306589238346 ], [ 654031.001669351360761, 6338562.403855387121439 ], [ 654025.563171028043143, 6338562.403855387121439 ], [ 654025.563171028043143, 6338600.837696968577802 ], [ 654036.440167674678378, 6338600.837696968577802 ], [ 654036.440167674678378, 6338606.328245765529573 ], [ 654041.87866599811241, 6338606.328245765529573 ], [ 654041.87866599811241, 6338622.799892157316208 ], [ 654031.001669351360761, 6338622.799892157316208 ], [ 654031.001669351360761, 6338650.25263614486903 ], [ 654063.632659291499294, 6338650.25263614486903 ], [ 654063.632659291499294, 6338644.762087346985936 ], [ 654069.071157614933327, 6338644.762087346985936 ], [ 654069.071157614933327, 6338639.271538550034165 ], [ 654074.509655938250944, 6338639.271538550034165 ], [ 654074.509655938250944, 6338633.780989752151072 ], [ 654079.948154261684977, 6338633.780989752151072 ], [ 654079.948154261684977, 6338628.290440955199301 ], [ 654090.825150908436626, 6338628.290440955199301 ], [ 654090.825150908436626, 6338639.271538550034165 ], [ 654118.017642525257543, 6338639.271538550034165 ], [ 654118.017642525257543, 6338628.290440955199301 ], [ 654123.45614084857516, 6338628.290440955199301 ], [ 654123.45614084857516, 6338644.762087346985936 ], [ 654090.825150908436626, 6338644.762087346985936 ], [ 654090.825150908436626, 6338672.214831334538758 ], [ 654079.948154261684977, 6338672.214831334538758 ], [ 654079.948154261684977, 6338677.705380131490529 ], [ 654069.071157614933327, 6338677.705380131490529 ], [ 654069.071157614933327, 6338683.195928928442299 ], [ 654063.632659291499294, 6338683.195928928442299 ], [ 654063.632659291499294, 6338688.686477726325393 ], [ 654014.686174381291494, 6338688.686477726325393 ], [ 654014.686174381291494, 6338694.177026523277164 ], [ 654009.247676057857461, 6338694.177026523277164 ], [ 654009.247676057857461, 6338705.158124118112028 ], [ 654003.809177734539844, 6338705.158124118112028 ], [ 654003.809177734539844, 6338743.591965699568391 ], [ 654009.247676057857461, 6338743.591965699568391 ], [ 654009.247676057857461, 6338749.082514497451484 ], [ 654031.001669351360761, 6338749.082514497451484 ], [ 654031.001669351360761, 6338754.573063294403255 ], [ 654041.87866599811241, 6338754.573063294403255 ], [ 654041.87866599811241, 6338760.063612092286348 ], [ 654052.75566264486406, 6338760.063612092286348 ], [ 654052.75566264486406, 6338765.554160889238119 ], [ 654036.440167674678378, 6338765.554160889238119 ], [ 654036.440167674678378, 6338793.006904876790941 ], [ 654041.87866599811241, 6338793.006904876790941 ], [ 654041.87866599811241, 6338798.497453673742712 ], [ 654128.894639171892777, 6338798.497453673742712 ], [ 654128.894639171892777, 6338793.006904876790941 ], [ 654156.087130788713694, 6338793.006904876790941 ], [ 654156.087130788713694, 6338765.554160889238119 ], [ 654183.27962240553461, 6338765.554160889238119 ], [ 654183.27962240553461, 6338771.044709687121212 ], [ 654188.718120728968643, 6338771.044709687121212 ], [ 654188.718120728968643, 6338793.006904876790941 ], [ 654183.27962240553461, 6338793.006904876790941 ], [ 654183.27962240553461, 6338831.440746458247304 ], [ 654188.718120728968643, 6338831.440746458247304 ], [ 654188.718120728968643, 6338836.931295255199075 ], [ 654194.15661905228626, 6338836.931295255199075 ], [ 654194.15661905228626, 6338842.421844053082168 ], [ 654156.087130788713694, 6338842.421844053082168 ], [ 654156.087130788713694, 6338847.912392850033939 ], [ 654150.648632465396076, 6338847.912392850033939 ], [ 654150.648632465396076, 6338853.402941647917032 ], [ 654134.33313749532681, 6338853.402941647917032 ], [ 654134.33313749532681, 6338869.874588039703667 ], [ 654128.894639171892777, 6338869.874588039703667 ], [ 654128.894639171892777, 6338875.365136836655438 ], [ 654118.017642525257543, 6338875.365136836655438 ], [ 654118.017642525257543, 6338880.855685634538531 ], [ 654079.948154261684977, 6338880.855685634538531 ], [ 654079.948154261684977, 6338875.365136836655438 ], [ 654085.386652585002594, 6338875.365136836655438 ], [ 654085.386652585002594, 6338842.421844053082168 ], [ 654041.87866599811241, 6338842.421844053082168 ], [ 654041.87866599811241, 6338864.384039241820574 ], [ 654014.686174381291494, 6338864.384039241820574 ], [ 654014.686174381291494, 6338869.874588039703667 ], [ 654009.247676057857461, 6338869.874588039703667 ], [ 654009.247676057857461, 6338875.365136836655438 ], [ 654003.809177734539844, 6338875.365136836655438 ], [ 654003.809177734539844, 6338902.81788082420826 ], [ 654009.247676057857461, 6338902.81788082420826 ], [ 654009.247676057857461, 6338908.30842962116003 ], [ 654052.75566264486406, 6338908.30842962116003 ], [ 654052.75566264486406, 6338902.81788082420826 ], [ 654058.194160968181677, 6338902.81788082420826 ], [ 654058.194160968181677, 6338897.327332026325166 ], [ 654063.632659291499294, 6338897.327332026325166 ], [ 654063.632659291499294, 6338908.30842962116003 ], [ 654058.194160968181677, 6338908.30842962116003 ], [ 654058.194160968181677, 6338913.798978418111801 ], [ 654036.440167674678378, 6338913.798978418111801 ], [ 654036.440167674678378, 6338946.742271202616394 ], [ 654031.001669351360761, 6338946.742271202616394 ], [ 654031.001669351360761, 6338924.780076012946665 ], [ 654020.124672704609111, 6338924.780076012946665 ], [ 654020.124672704609111, 6338919.289527215994895 ], [ 653987.493682764470577, 6338919.289527215994895 ], [ 653987.493682764470577, 6338952.232820000499487 ], [ 653992.932181087788194, 6338952.232820000499487 ], [ 653992.932181087788194, 6338957.723368797451258 ], [ 653998.370679411222227, 6338957.723368797451258 ], [ 653998.370679411222227, 6338963.213917595334351 ], [ 654025.563171028043143, 6338963.213917595334351 ], [ 654025.563171028043143, 6338985.176112784072757 ], [ 654020.124672704609111, 6338985.176112784072757 ], [ 654020.124672704609111, 6338968.704466392286122 ], [ 653976.616686117718928, 6338968.704466392286122 ], [ 653976.616686117718928, 6338974.195015189237893 ], [ 653965.739689470967278, 6338974.195015189237893 ], [ 653965.739689470967278, 6338979.685563987120986 ], [ 653954.862692824215628, 6338979.685563987120986 ], [ 653954.862692824215628, 6339034.591051960363984 ], [ 653982.055184441036545, 6339034.591051960363984 ], [ 653982.055184441036545, 6339040.081600758247077 ], [ 654014.686174381291494, 6339040.081600758247077 ], [ 654014.686174381291494, 6339045.572149555198848 ], [ 653960.301191147649661, 6339045.572149555198848 ], [ 653960.301191147649661, 6339051.062698353081942 ], [ 653954.862692824215628, 6339051.062698353081942 ], [ 653954.862692824215628, 6339094.987088731490076 ], [ 653976.616686117718928, 6339094.987088731490076 ], [ 653976.616686117718928, 6339100.477637529373169 ], [ 654014.686174381291494, 6339100.477637529373169 ], [ 654014.686174381291494, 6339089.496539934538305 ], [ 654020.124672704609111, 6339089.496539934538305 ], [ 654020.124672704609111, 6339078.515442339703441 ], [ 654031.001669351360761, 6339078.515442339703441 ], [ 654031.001669351360761, 6339084.005991137586534 ], [ 654036.440167674678378, 6339084.005991137586534 ], [ 654036.440167674678378, 6339089.496539934538305 ], [ 654041.87866599811241, 6339089.496539934538305 ], [ 654041.87866599811241, 6339122.439832719042897 ], [ 654069.071157614933327, 6339122.439832719042897 ], [ 654069.071157614933327, 6339116.949283921159804 ], [ 654074.509655938250944, 6339116.949283921159804 ], [ 654074.509655938250944, 6339133.420930313877761 ], [ 654079.948154261684977, 6339133.420930313877761 ], [ 654079.948154261684977, 6339138.911479110829532 ], [ 654085.386652585002594, 6339138.911479110829532 ], [ 654085.386652585002594, 6339155.383125502616167 ], [ 654090.825150908436626, 6339155.383125502616167 ], [ 654090.825150908436626, 6339160.87367430049926 ], [ 654128.894639171892777, 6339160.87367430049926 ], [ 654128.894639171892777, 6339149.892576705664396 ], [ 654134.33313749532681, 6339149.892576705664396 ], [ 654134.33313749532681, 6339155.383125502616167 ], [ 654161.525629112147726, 6339155.383125502616167 ], [ 654161.525629112147726, 6339149.892576705664396 ], [ 654166.964127435465343, 6339149.892576705664396 ], [ 654166.964127435465343, 6339215.779162273742259 ], [ 654194.15661905228626, 6339215.779162273742259 ], [ 654194.15661905228626, 6339210.288613476790488 ], [ 654199.595117375720292, 6339210.288613476790488 ], [ 654199.595117375720292, 6339193.816967085003853 ], [ 654226.787608992541209, 6339193.816967085003853 ], [ 654226.787608992541209, 6339204.798064678907394 ], [ 654232.226107315858826, 6339204.798064678907394 ], [ 654232.226107315858826, 6339221.269711071625352 ], [ 654243.103103962610476, 6339221.269711071625352 ], [ 654243.103103962610476, 6339243.23190626129508 ], [ 654221.349110669107176, 6339243.23190626129508 ], [ 654221.349110669107176, 6339248.722455058246851 ], [ 654215.910612345789559, 6339248.722455058246851 ], [ 654215.910612345789559, 6339281.665747842751443 ], [ 654210.472114022355527, 6339281.665747842751443 ], [ 654210.472114022355527, 6339292.646845437586308 ], [ 654205.03361569903791, 6339292.646845437586308 ], [ 654205.03361569903791, 6339270.684650247916579 ], [ 654177.841124082216993, 6339270.684650247916579 ], [ 654177.841124082216993, 6339281.665747842751443 ], [ 654161.525629112147726, 6339281.665747842751443 ], [ 654161.525629112147726, 6339287.156296639703214 ], [ 654156.087130788713694, 6339287.156296639703214 ], [ 654156.087130788713694, 6339309.118491829372942 ], [ 654145.210134142078459, 6339309.118491829372942 ], [ 654145.210134142078459, 6339292.646845437586308 ], [ 654128.894639171892777, 6339292.646845437586308 ], [ 654128.894639171892777, 6339287.156296639703214 ], [ 654150.648632465396076, 6339287.156296639703214 ], [ 654150.648632465396076, 6339254.213003856129944 ], [ 654156.087130788713694, 6339254.213003856129944 ], [ 654156.087130788713694, 6339248.722455058246851 ], [ 654166.964127435465343, 6339248.722455058246851 ], [ 654166.964127435465343, 6339221.269711071625352 ], [ 654145.210134142078459, 6339221.269711071625352 ], [ 654145.210134142078459, 6339188.326418287120759 ], [ 654107.140645878505893, 6339188.326418287120759 ], [ 654107.140645878505893, 6339193.816967085003853 ], [ 654101.702147555071861, 6339193.816967085003853 ], [ 654101.702147555071861, 6339215.779162273742259 ], [ 654096.263649231754243, 6339215.779162273742259 ], [ 654096.263649231754243, 6339199.307515881955624 ], [ 654079.948154261684977, 6339199.307515881955624 ], [ 654079.948154261684977, 6339188.326418287120759 ], [ 654052.75566264486406, 6339188.326418287120759 ], [ 654052.75566264486406, 6339193.816967085003853 ], [ 654047.317164321430027, 6339193.816967085003853 ], [ 654047.317164321430027, 6339221.269711071625352 ], [ 654036.440167674678378, 6339221.269711071625352 ], [ 654036.440167674678378, 6339232.250808666460216 ], [ 654025.563171028043143, 6339232.250808666460216 ], [ 654025.563171028043143, 6339259.703552653081715 ], [ 654020.124672704609111, 6339259.703552653081715 ], [ 654020.124672704609111, 6339254.213003856129944 ], [ 653992.932181087788194, 6339254.213003856129944 ], [ 653992.932181087788194, 6339259.703552653081715 ], [ 653987.493682764470577, 6339259.703552653081715 ], [ 653987.493682764470577, 6339309.118491829372942 ], [ 653982.055184441036545, 6339309.118491829372942 ], [ 653982.055184441036545, 6339303.627943032421172 ], [ 653949.424194500898011, 6339303.627943032421172 ], [ 653949.424194500898011, 6339287.156296639703214 ], [ 653927.670201207394712, 6339287.156296639703214 ], [ 653927.670201207394712, 6339281.665747842751443 ], [ 653949.424194500898011, 6339281.665747842751443 ], [ 653949.424194500898011, 6339248.722455058246851 ], [ 653938.547197854146361, 6339248.722455058246851 ], [ 653938.547197854146361, 6339243.23190626129508 ], [ 653933.108699530828744, 6339243.23190626129508 ], [ 653933.108699530828744, 6339232.250808666460216 ], [ 653916.793204560759477, 6339232.250808666460216 ], [ 653916.793204560759477, 6339226.760259868577123 ], [ 653911.354706237325445, 6339226.760259868577123 ], [ 653911.354706237325445, 6339221.269711071625352 ], [ 653900.477709590573795, 6339221.269711071625352 ], [ 653900.477709590573795, 6339210.288613476790488 ], [ 653895.039211267256178, 6339210.288613476790488 ], [ 653895.039211267256178, 6339204.798064678907394 ], [ 653933.108699530828744, 6339204.798064678907394 ], [ 653933.108699530828744, 6339193.816967085003853 ], [ 653954.862692824215628, 6339193.816967085003853 ], [ 653954.862692824215628, 6339166.364223097451031 ], [ 653927.670201207394712, 6339166.364223097451031 ], [ 653927.670201207394712, 6339149.892576705664396 ], [ 653933.108699530828744, 6339149.892576705664396 ], [ 653933.108699530828744, 6339122.439832719042897 ], [ 653927.670201207394712, 6339122.439832719042897 ], [ 653927.670201207394712, 6339089.496539934538305 ], [ 653933.108699530828744, 6339089.496539934538305 ], [ 653933.108699530828744, 6339062.043795947916806 ], [ 653922.231702884077094, 6339062.043795947916806 ], [ 653922.231702884077094, 6339056.553247150033712 ], [ 653916.793204560759477, 6339056.553247150033712 ], [ 653916.793204560759477, 6339051.062698353081942 ], [ 653943.985696177580394, 6339051.062698353081942 ], [ 653943.985696177580394, 6339023.609954366460443 ], [ 653938.547197854146361, 6339023.609954366460443 ], [ 653938.547197854146361, 6339018.119405568577349 ], [ 653911.354706237325445, 6339018.119405568577349 ], [ 653911.354706237325445, 6339023.609954366460443 ], [ 653889.600712943938561, 6339023.609954366460443 ], [ 653889.600712943938561, 6339040.081600758247077 ], [ 653884.162214620504528, 6339040.081600758247077 ], [ 653884.162214620504528, 6339051.062698353081942 ], [ 653873.285217973752879, 6339051.062698353081942 ], [ 653873.285217973752879, 6339084.005991137586534 ], [ 653867.846719650435261, 6339084.005991137586534 ], [ 653867.846719650435261, 6339094.987088731490076 ], [ 653862.408221327117644, 6339094.987088731490076 ], [ 653862.408221327117644, 6339100.477637529373169 ], [ 653856.969723003683612, 6339100.477637529373169 ], [ 653856.969723003683612, 6339105.96818632632494 ], [ 653851.531224680365995, 6339105.96818632632494 ], [ 653851.531224680365995, 6339111.458735124208033 ], [ 653846.092726356931962, 6339111.458735124208033 ], [ 653846.092726356931962, 6339105.96818632632494 ], [ 653818.900234740111046, 6339105.96818632632494 ], [ 653818.900234740111046, 6339100.477637529373169 ], [ 653802.584739770041779, 6339100.477637529373169 ], [ 653802.584739770041779, 6339094.987088731490076 ], [ 653791.707743123290129, 6339094.987088731490076 ], [ 653791.707743123290129, 6339089.496539934538305 ], [ 653786.269244799972512, 6339089.496539934538305 ], [ 653786.269244799972512, 6339062.043795947916806 ], [ 653737.322759889648296, 6339062.043795947916806 ], [ 653737.322759889648296, 6339056.553247150033712 ], [ 653769.953749829903245, 6339056.553247150033712 ], [ 653769.953749829903245, 6339023.609954366460443 ], [ 653759.076753183151595, 6339023.609954366460443 ], [ 653759.076753183151595, 6339018.119405568577349 ], [ 653742.761258213082328, 6339018.119405568577349 ], [ 653742.761258213082328, 6339012.628856771625578 ], [ 653737.322759889648296, 6339012.628856771625578 ], [ 653737.322759889648296, 6339007.138307973742485 ], [ 653742.761258213082328, 6339007.138307973742485 ], [ 653742.761258213082328, 6338996.157210378907621 ], [ 653748.199756536399946, 6338996.157210378907621 ], [ 653748.199756536399946, 6338968.704466392286122 ], [ 653753.638254859833978, 6338968.704466392286122 ], [ 653753.638254859833978, 6338935.761173607781529 ], [ 653759.076753183151595, 6338935.761173607781529 ], [ 653759.076753183151595, 6338891.836783229373395 ], [ 653764.515251506469212, 6338891.836783229373395 ], [ 653764.515251506469212, 6338864.384039241820574 ], [ 653737.322759889648296, 6338864.384039241820574 ], [ 653737.322759889648296, 6338880.855685634538531 ], [ 653715.568766596261412, 6338880.855685634538531 ], [ 653715.568766596261412, 6338875.365136836655438 ], [ 653682.937776656006463, 6338875.365136836655438 ], [ 653682.937776656006463, 6338891.836783229373395 ], [ 653650.306786715867929, 6338891.836783229373395 ], [ 653650.306786715867929, 6338897.327332026325166 ], [ 653644.868288392550312, 6338897.327332026325166 ], [ 653644.868288392550312, 6338913.798978418111801 ], [ 653639.429790069116279, 6338913.798978418111801 ], [ 653639.429790069116279, 6338924.780076012946665 ], [ 653606.798800128977746, 6338924.780076012946665 ], [ 653606.798800128977746, 6338930.270624810829759 ], [ 653595.921803482226096, 6338930.270624810829759 ], [ 653595.921803482226096, 6338935.761173607781529 ], [ 653585.044806835474446, 6338935.761173607781529 ], [ 653585.044806835474446, 6338946.742271202616394 ], [ 653552.413816895335913, 6338946.742271202616394 ], [ 653552.413816895335913, 6338979.685563987120986 ], [ 653557.85231521865353, 6338979.685563987120986 ], [ 653557.85231521865353, 6338985.176112784072757 ], [ 653546.97531857190188, 6338985.176112784072757 ], [ 653546.97531857190188, 6339001.647759176790714 ], [ 653541.536820248584263, 6339001.647759176790714 ], [ 653541.536820248584263, 6339023.609954366460443 ], [ 653536.098321925266646, 6339023.609954366460443 ], [ 653536.098321925266646, 6339051.062698353081942 ], [ 653546.97531857190188, 6339051.062698353081942 ], [ 653546.97531857190188, 6339056.553247150033712 ], [ 653552.413816895335913, 6339056.553247150033712 ], [ 653552.413816895335913, 6339067.534344744868577 ], [ 653563.290813542087562, 6339067.534344744868577 ], [ 653563.290813542087562, 6339089.496539934538305 ], [ 653568.72931186540518, 6339089.496539934538305 ], [ 653568.72931186540518, 6339105.96818632632494 ], [ 653623.114295099047013, 6339105.96818632632494 ], [ 653623.114295099047013, 6339100.477637529373169 ], [ 653628.55279342236463, 6339100.477637529373169 ], [ 653628.55279342236463, 6339105.96818632632494 ], [ 653644.868288392550312, 6339105.96818632632494 ], [ 653644.868288392550312, 6339111.458735124208033 ], [ 653650.306786715867929, 6339111.458735124208033 ], [ 653650.306786715867929, 6339116.949283921159804 ], [ 653655.745285039185546, 6339116.949283921159804 ], [ 653655.745285039185546, 6339122.439832719042897 ], [ 653672.060780009371229, 6339122.439832719042897 ], [ 653672.060780009371229, 6339127.930381515994668 ], [ 653682.937776656006463, 6339127.930381515994668 ], [ 653682.937776656006463, 6339138.911479110829532 ], [ 653655.745285039185546, 6339138.911479110829532 ], [ 653655.745285039185546, 6339166.364223097451031 ], [ 653672.060780009371229, 6339166.364223097451031 ], [ 653672.060780009371229, 6339182.835869490168989 ], [ 653666.622281685937196, 6339182.835869490168989 ], [ 653666.622281685937196, 6339188.326418287120759 ], [ 653661.183783362619579, 6339188.326418287120759 ], [ 653661.183783362619579, 6339193.816967085003853 ], [ 653655.745285039185546, 6339193.816967085003853 ], [ 653655.745285039185546, 6339188.326418287120759 ], [ 653628.55279342236463, 6339188.326418287120759 ], [ 653628.55279342236463, 6339182.835869490168989 ], [ 653541.536820248584263, 6339182.835869490168989 ], [ 653541.536820248584263, 6339188.326418287120759 ], [ 653536.098321925266646, 6339188.326418287120759 ], [ 653536.098321925266646, 6339276.17519904486835 ], [ 653541.536820248584263, 6339276.17519904486835 ], [ 653541.536820248584263, 6339281.665747842751443 ], [ 653606.798800128977746, 6339281.665747842751443 ], [ 653606.798800128977746, 6339276.17519904486835 ], [ 653633.991291745798662, 6339276.17519904486835 ], [ 653633.991291745798662, 6339281.665747842751443 ], [ 653639.429790069116279, 6339281.665747842751443 ], [ 653639.429790069116279, 6339364.023979803547263 ], [ 653655.745285039185546, 6339364.023979803547263 ], [ 653655.745285039185546, 6339375.005077398382127 ], [ 653650.306786715867929, 6339375.005077398382127 ], [ 653650.306786715867929, 6339402.457821385003626 ], [ 653693.814773302758113, 6339402.457821385003626 ], [ 653693.814773302758113, 6339369.514528600499034 ], [ 653731.884261566330679, 6339369.514528600499034 ], [ 653731.884261566330679, 6339380.495626195333898 ], [ 653737.322759889648296, 6339380.495626195333898 ], [ 653737.322759889648296, 6339385.986174992285669 ], [ 653742.761258213082328, 6339385.986174992285669 ], [ 653742.761258213082328, 6339402.457821385003626 ], [ 653764.515251506469212, 6339402.457821385003626 ], [ 653764.515251506469212, 6339413.43891897983849 ], [ 653797.146241446724162, 6339413.43891897983849 ], [ 653797.146241446724162, 6339380.495626195333898 ], [ 653813.461736416793428, 6339380.495626195333898 ], [ 653813.461736416793428, 6339385.986174992285669 ], [ 653846.092726356931962, 6339385.986174992285669 ], [ 653846.092726356931962, 6339375.005077398382127 ], [ 653862.408221327117644, 6339375.005077398382127 ], [ 653862.408221327117644, 6339369.514528600499034 ], [ 653867.846719650435261, 6339369.514528600499034 ], [ 653867.846719650435261, 6339342.061784613877535 ], [ 653824.338733063545078, 6339342.061784613877535 ], [ 653824.338733063545078, 6339325.590138221159577 ], [ 653829.777231386862695, 6339325.590138221159577 ], [ 653829.777231386862695, 6339309.118491829372942 ], [ 653835.215729710296728, 6339309.118491829372942 ], [ 653835.215729710296728, 6339303.627943032421172 ], [ 653846.092726356931962, 6339303.627943032421172 ], [ 653846.092726356931962, 6339298.137394234538078 ], [ 653851.531224680365995, 6339298.137394234538078 ], [ 653851.531224680365995, 6339287.156296639703214 ], [ 653862.408221327117644, 6339287.156296639703214 ], [ 653862.408221327117644, 6339309.118491829372942 ], [ 653867.846719650435261, 6339309.118491829372942 ], [ 653867.846719650435261, 6339314.609040627256036 ], [ 653873.285217973752879, 6339314.609040627256036 ], [ 653873.285217973752879, 6339325.590138221159577 ], [ 653878.723716297186911, 6339325.590138221159577 ], [ 653878.723716297186911, 6339331.080687019042671 ], [ 653884.162214620504528, 6339331.080687019042671 ], [ 653884.162214620504528, 6339336.571235815994442 ], [ 653873.285217973752879, 6339336.571235815994442 ], [ 653873.285217973752879, 6339364.023979803547263 ], [ 653900.477709590573795, 6339364.023979803547263 ], [ 653900.477709590573795, 6339358.53343100566417 ], [ 653905.916207914007828, 6339358.53343100566417 ], [ 653905.916207914007828, 6339364.023979803547263 ], [ 653911.354706237325445, 6339364.023979803547263 ], [ 653911.354706237325445, 6339375.005077398382127 ], [ 653949.424194500898011, 6339375.005077398382127 ], [ 653949.424194500898011, 6339385.986174992285669 ], [ 653954.862692824215628, 6339385.986174992285669 ], [ 653954.862692824215628, 6339407.948370181955397 ], [ 653982.055184441036545, 6339407.948370181955397 ], [ 653982.055184441036545, 6339385.986174992285669 ], [ 653987.493682764470577, 6339385.986174992285669 ], [ 653987.493682764470577, 6339358.53343100566417 ], [ 653982.055184441036545, 6339358.53343100566417 ], [ 653982.055184441036545, 6339342.061784613877535 ], [ 653992.932181087788194, 6339342.061784613877535 ], [ 653992.932181087788194, 6339380.495626195333898 ], [ 653998.370679411222227, 6339380.495626195333898 ], [ 653998.370679411222227, 6339391.476723790168762 ], [ 654003.809177734539844, 6339391.476723790168762 ], [ 654003.809177734539844, 6339396.967272587120533 ], [ 654009.247676057857461, 6339396.967272587120533 ], [ 654009.247676057857461, 6339402.457821385003626 ], [ 654036.440167674678378, 6339402.457821385003626 ], [ 654036.440167674678378, 6339396.967272587120533 ], [ 654041.87866599811241, 6339396.967272587120533 ], [ 654041.87866599811241, 6339413.43891897983849 ], [ 654052.75566264486406, 6339413.43891897983849 ], [ 654052.75566264486406, 6339418.929467776790261 ], [ 654063.632659291499294, 6339418.929467776790261 ], [ 654063.632659291499294, 6339424.420016574673355 ], [ 654079.948154261684977, 6339424.420016574673355 ], [ 654079.948154261684977, 6339429.910565371625125 ], [ 654118.017642525257543, 6339429.910565371625125 ], [ 654118.017642525257543, 6339418.929467776790261 ], [ 654123.45614084857516, 6339418.929467776790261 ], [ 654123.45614084857516, 6339413.43891897983849 ], [ 654128.894639171892777, 6339413.43891897983849 ], [ 654128.894639171892777, 6339407.948370181955397 ], [ 654145.210134142078459, 6339407.948370181955397 ], [ 654145.210134142078459, 6339418.929467776790261 ], [ 654150.648632465396076, 6339418.929467776790261 ], [ 654150.648632465396076, 6339429.910565371625125 ], [ 654177.841124082216993, 6339429.910565371625125 ], [ 654177.841124082216993, 6339413.43891897983849 ], [ 654183.27962240553461, 6339413.43891897983849 ], [ 654183.27962240553461, 6339385.986174992285669 ], [ 654188.718120728968643, 6339385.986174992285669 ], [ 654188.718120728968643, 6339353.042882208712399 ], [ 654194.15661905228626, 6339353.042882208712399 ], [ 654194.15661905228626, 6339342.061784613877535 ], [ 654199.595117375720292, 6339342.061784613877535 ], [ 654199.595117375720292, 6339336.571235815994442 ], [ 654210.472114022355527, 6339336.571235815994442 ], [ 654210.472114022355527, 6339331.080687019042671 ], [ 654215.910612345789559, 6339331.080687019042671 ], [ 654215.910612345789559, 6339325.590138221159577 ], [ 654253.980100609362125, 6339325.590138221159577 ], [ 654253.980100609362125, 6339331.080687019042671 ], [ 654281.172592226183042, 6339331.080687019042671 ], [ 654281.172592226183042, 6339336.571235815994442 ], [ 654324.680578813073225, 6339336.571235815994442 ], [ 654324.680578813073225, 6339325.590138221159577 ], [ 654330.119077136390842, 6339325.590138221159577 ], [ 654330.119077136390842, 6339342.061784613877535 ], [ 654335.557575459824875, 6339342.061784613877535 ], [ 654335.557575459824875, 6339347.552333410829306 ], [ 654368.188565399963409, 6339347.552333410829306 ], [ 654368.188565399963409, 6339320.099589424207807 ], [ 654373.627063723281026, 6339320.099589424207807 ], [ 654373.627063723281026, 6339325.590138221159577 ], [ 654417.135050310287625, 6339325.590138221159577 ], [ 654417.135050310287625, 6339331.080687019042671 ], [ 654422.573548633605242, 6339331.080687019042671 ], [ 654422.573548633605242, 6339380.495626195333898 ], [ 654428.012046956922859, 6339380.495626195333898 ], [ 654428.012046956922859, 6339385.986174992285669 ], [ 654433.450545280356891, 6339385.986174992285669 ], [ 654433.450545280356891, 6339429.910565371625125 ], [ 654438.889043603674509, 6339429.910565371625125 ], [ 654438.889043603674509, 6339435.401114169508219 ], [ 654449.766040250426158, 6339435.401114169508219 ], [ 654449.766040250426158, 6339440.89166296645999 ], [ 654455.204538573743775, 6339440.89166296645999 ], [ 654455.204538573743775, 6339462.853858156129718 ], [ 654460.643036897177808, 6339462.853858156129718 ], [ 654460.643036897177808, 6339490.306602142751217 ], [ 654476.958531867247075, 6339490.306602142751217 ], [ 654476.958531867247075, 6339495.797150939702988 ], [ 654525.905016777571291, 6339495.797150939702988 ], [ 654525.905016777571291, 6339490.306602142751217 ], [ 654536.782013424206525, 6339490.306602142751217 ], [ 654536.782013424206525, 6339567.174285305663943 ], [ 654569.413003364461474, 6339567.174285305663943 ], [ 654569.413003364461474, 6339561.683736508712173 ], [ 654585.728498334530741, 6339561.683736508712173 ], [ 654585.728498334530741, 6339567.174285305663943 ], [ 654580.290000011213124, 6339567.174285305663943 ], [ 654580.290000011213124, 6339572.664834103547037 ] ], [ [ 654629.236484921420924, 6339375.005077398382127 ], [ 654629.236484921420924, 6339369.514528600499034 ], [ 654634.674983244854957, 6339369.514528600499034 ], [ 654634.674983244854957, 6339375.005077398382127 ], [ 654629.236484921420924, 6339375.005077398382127 ] ], [ [ 653992.932181087788194, 6339309.118491829372942 ], [ 653992.932181087788194, 6339314.609040627256036 ], [ 653987.493682764470577, 6339314.609040627256036 ], [ 653987.493682764470577, 6339309.118491829372942 ], [ 653992.932181087788194, 6339309.118491829372942 ] ], [ [ 653731.884261566330679, 6339056.553247150033712 ], [ 653731.884261566330679, 6339051.062698353081942 ], [ 653737.322759889648296, 6339051.062698353081942 ], [ 653737.322759889648296, 6339056.553247150033712 ], [ 653731.884261566330679, 6339056.553247150033712 ] ], [ [ 653976.616686117718928, 6339342.061784613877535 ], [ 653976.616686117718928, 6339336.571235815994442 ], [ 653982.055184441036545, 6339336.571235815994442 ], [ 653982.055184441036545, 6339342.061784613877535 ], [ 653976.616686117718928, 6339342.061784613877535 ] ], [ [ 654536.782013424206525, 6339484.816053345799446 ], [ 654547.659010070958175, 6339484.816053345799446 ], [ 654547.659010070958175, 6339479.325504547916353 ], [ 654553.097508394392207, 6339479.325504547916353 ], [ 654553.097508394392207, 6339484.816053345799446 ], [ 654569.413003364461474, 6339484.816053345799446 ], [ 654569.413003364461474, 6339490.306602142751217 ], [ 654536.782013424206525, 6339490.306602142751217 ], [ 654536.782013424206525, 6339484.816053345799446 ] ], [ [ 654585.728498334530741, 6339512.268797332420945 ], [ 654574.851501687779091, 6339512.268797332420945 ], [ 654574.851501687779091, 6339506.778248534537852 ], [ 654585.728498334530741, 6339506.778248534537852 ], [ 654585.728498334530741, 6339512.268797332420945 ] ], [ [ 654525.905016777571291, 6339418.929467776790261 ], [ 654553.097508394392207, 6339418.929467776790261 ], [ 654553.097508394392207, 6339424.420016574673355 ], [ 654536.782013424206525, 6339424.420016574673355 ], [ 654536.782013424206525, 6339429.910565371625125 ], [ 654515.028020130819641, 6339429.910565371625125 ], [ 654515.028020130819641, 6339424.420016574673355 ], [ 654509.589521807385609, 6339424.420016574673355 ], [ 654509.589521807385609, 6339418.929467776790261 ], [ 654515.028020130819641, 6339418.929467776790261 ], [ 654515.028020130819641, 6339407.948370181955397 ], [ 654525.905016777571291, 6339407.948370181955397 ], [ 654525.905016777571291, 6339418.929467776790261 ] ], [ [ 654096.263649231754243, 6339380.495626195333898 ], [ 654090.825150908436626, 6339380.495626195333898 ], [ 654090.825150908436626, 6339375.005077398382127 ], [ 654101.702147555071861, 6339375.005077398382127 ], [ 654101.702147555071861, 6339385.986174992285669 ], [ 654096.263649231754243, 6339385.986174992285669 ], [ 654096.263649231754243, 6339380.495626195333898 ] ], [ [ 654063.632659291499294, 6339380.495626195333898 ], [ 654058.194160968181677, 6339380.495626195333898 ], [ 654058.194160968181677, 6339364.023979803547263 ], [ 654063.632659291499294, 6339364.023979803547263 ], [ 654063.632659291499294, 6339380.495626195333898 ] ], [ [ 654504.151023484067991, 6339375.005077398382127 ], [ 654498.712525160750374, 6339375.005077398382127 ], [ 654498.712525160750374, 6339369.514528600499034 ], [ 654504.151023484067991, 6339369.514528600499034 ], [ 654504.151023484067991, 6339375.005077398382127 ] ], [ [ 653769.953749829903245, 6339331.080687019042671 ], [ 653737.322759889648296, 6339331.080687019042671 ], [ 653737.322759889648296, 6339325.590138221159577 ], [ 653769.953749829903245, 6339325.590138221159577 ], [ 653769.953749829903245, 6339331.080687019042671 ] ], [ [ 654036.440167674678378, 6339270.684650247916579 ], [ 654041.87866599811241, 6339270.684650247916579 ], [ 654041.87866599811241, 6339276.17519904486835 ], [ 654052.75566264486406, 6339276.17519904486835 ], [ 654052.75566264486406, 6339298.137394234538078 ], [ 654058.194160968181677, 6339298.137394234538078 ], [ 654058.194160968181677, 6339303.627943032421172 ], [ 654052.75566264486406, 6339303.627943032421172 ], [ 654052.75566264486406, 6339309.118491829372942 ], [ 654036.440167674678378, 6339309.118491829372942 ], [ 654036.440167674678378, 6339303.627943032421172 ], [ 654031.001669351360761, 6339303.627943032421172 ], [ 654031.001669351360761, 6339298.137394234538078 ], [ 654025.563171028043143, 6339298.137394234538078 ], [ 654025.563171028043143, 6339265.194101450033486 ], [ 654036.440167674678378, 6339265.194101450033486 ], [ 654036.440167674678378, 6339270.684650247916579 ] ], [ [ 654373.627063723281026, 6339237.741357463411987 ], [ 654400.819555340101942, 6339237.741357463411987 ], [ 654400.819555340101942, 6339265.194101450033486 ], [ 654422.573548633605242, 6339265.194101450033486 ], [ 654422.573548633605242, 6339270.684650247916579 ], [ 654417.135050310287625, 6339270.684650247916579 ], [ 654417.135050310287625, 6339276.17519904486835 ], [ 654406.258053663535975, 6339276.17519904486835 ], [ 654406.258053663535975, 6339292.646845437586308 ], [ 654400.819555340101942, 6339292.646845437586308 ], [ 654400.819555340101942, 6339287.156296639703214 ], [ 654395.381057016784325, 6339287.156296639703214 ], [ 654395.381057016784325, 6339248.722455058246851 ], [ 654389.942558693466708, 6339248.722455058246851 ], [ 654389.942558693466708, 6339243.23190626129508 ], [ 654373.627063723281026, 6339243.23190626129508 ], [ 654373.627063723281026, 6339237.741357463411987 ] ], [ [ 653753.638254859833978, 6339281.665747842751443 ], [ 653726.445763243013062, 6339281.665747842751443 ], [ 653726.445763243013062, 6339276.17519904486835 ], [ 653764.515251506469212, 6339276.17519904486835 ], [ 653764.515251506469212, 6339287.156296639703214 ], [ 653753.638254859833978, 6339287.156296639703214 ], [ 653753.638254859833978, 6339281.665747842751443 ] ], [ [ 654553.097508394392207, 6339281.665747842751443 ], [ 654547.659010070958175, 6339281.665747842751443 ], [ 654547.659010070958175, 6339287.156296639703214 ], [ 654536.782013424206525, 6339287.156296639703214 ], [ 654536.782013424206525, 6339281.665747842751443 ], [ 654515.028020130819641, 6339281.665747842751443 ], [ 654515.028020130819641, 6339270.684650247916579 ], [ 654520.466518454137258, 6339270.684650247916579 ], [ 654520.466518454137258, 6339276.17519904486835 ], [ 654553.097508394392207, 6339276.17519904486835 ], [ 654553.097508394392207, 6339281.665747842751443 ] ], [ [ 654308.365083843003958, 6339281.665747842751443 ], [ 654281.172592226183042, 6339281.665747842751443 ], [ 654281.172592226183042, 6339276.17519904486835 ], [ 654308.365083843003958, 6339276.17519904486835 ], [ 654308.365083843003958, 6339281.665747842751443 ] ], [ [ 654248.541602285928093, 6339265.194101450033486 ], [ 654253.980100609362125, 6339265.194101450033486 ], [ 654253.980100609362125, 6339270.684650247916579 ], [ 654259.418598932679743, 6339270.684650247916579 ], [ 654259.418598932679743, 6339276.17519904486835 ], [ 654248.541602285928093, 6339276.17519904486835 ], [ 654248.541602285928093, 6339265.194101450033486 ] ], [ [ 653824.338733063545078, 6339265.194101450033486 ], [ 653818.900234740111046, 6339265.194101450033486 ], [ 653818.900234740111046, 6339221.269711071625352 ], [ 653835.215729710296728, 6339221.269711071625352 ], [ 653835.215729710296728, 6339232.250808666460216 ], [ 653829.777231386862695, 6339232.250808666460216 ], [ 653829.777231386862695, 6339237.741357463411987 ], [ 653824.338733063545078, 6339237.741357463411987 ], [ 653824.338733063545078, 6339265.194101450033486 ] ], [ [ 654438.889043603674509, 6339254.213003856129944 ], [ 654433.450545280356891, 6339254.213003856129944 ], [ 654433.450545280356891, 6339248.722455058246851 ], [ 654438.889043603674509, 6339248.722455058246851 ], [ 654438.889043603674509, 6339254.213003856129944 ] ], [ [ 654259.418598932679743, 6339149.892576705664396 ], [ 654292.049588872818276, 6339149.892576705664396 ], [ 654292.049588872818276, 6339144.402027908712626 ], [ 654302.926585519569926, 6339144.402027908712626 ], [ 654302.926585519569926, 6339138.911479110829532 ], [ 654308.365083843003958, 6339138.911479110829532 ], [ 654308.365083843003958, 6339105.96818632632494 ], [ 654270.295595579431392, 6339105.96818632632494 ], [ 654270.295595579431392, 6339100.477637529373169 ], [ 654259.418598932679743, 6339100.477637529373169 ], [ 654259.418598932679743, 6339094.987088731490076 ], [ 654253.980100609362125, 6339094.987088731490076 ], [ 654253.980100609362125, 6339084.005991137586534 ], [ 654237.664605639176443, 6339084.005991137586534 ], [ 654237.664605639176443, 6339067.534344744868577 ], [ 654232.226107315858826, 6339067.534344744868577 ], [ 654232.226107315858826, 6339056.553247150033712 ], [ 654226.787608992541209, 6339056.553247150033712 ], [ 654226.787608992541209, 6339023.609954366460443 ], [ 654237.664605639176443, 6339023.609954366460443 ], [ 654237.664605639176443, 6339012.628856771625578 ], [ 654243.103103962610476, 6339012.628856771625578 ], [ 654243.103103962610476, 6339023.609954366460443 ], [ 654248.541602285928093, 6339023.609954366460443 ], [ 654248.541602285928093, 6339056.553247150033712 ], [ 654253.980100609362125, 6339056.553247150033712 ], [ 654253.980100609362125, 6339062.043795947916806 ], [ 654281.172592226183042, 6339062.043795947916806 ], [ 654281.172592226183042, 6339034.591051960363984 ], [ 654286.611090549500659, 6339034.591051960363984 ], [ 654286.611090549500659, 6339023.609954366460443 ], [ 654297.488087196252309, 6339023.609954366460443 ], [ 654297.488087196252309, 6339051.062698353081942 ], [ 654330.119077136390842, 6339051.062698353081942 ], [ 654330.119077136390842, 6339045.572149555198848 ], [ 654335.557575459824875, 6339045.572149555198848 ], [ 654335.557575459824875, 6339034.591051960363984 ], [ 654340.996073783142492, 6339034.591051960363984 ], [ 654340.996073783142492, 6339040.081600758247077 ], [ 654346.434572106460109, 6339040.081600758247077 ], [ 654346.434572106460109, 6339056.553247150033712 ], [ 654362.750067076645792, 6339056.553247150033712 ], [ 654362.750067076645792, 6339073.02489354275167 ], [ 654368.188565399963409, 6339073.02489354275167 ], [ 654368.188565399963409, 6339084.005991137586534 ], [ 654362.750067076645792, 6339084.005991137586534 ], [ 654362.750067076645792, 6339116.949283921159804 ], [ 654357.311568753211759, 6339116.949283921159804 ], [ 654357.311568753211759, 6339122.439832719042897 ], [ 654330.119077136390842, 6339122.439832719042897 ], [ 654330.119077136390842, 6339149.892576705664396 ], [ 654335.557575459824875, 6339149.892576705664396 ], [ 654335.557575459824875, 6339155.383125502616167 ], [ 654340.996073783142492, 6339155.383125502616167 ], [ 654340.996073783142492, 6339166.364223097451031 ], [ 654362.750067076645792, 6339166.364223097451031 ], [ 654362.750067076645792, 6339177.345320692285895 ], [ 654357.311568753211759, 6339177.345320692285895 ], [ 654357.311568753211759, 6339226.760259868577123 ], [ 654340.996073783142492, 6339226.760259868577123 ], [ 654340.996073783142492, 6339232.250808666460216 ], [ 654324.680578813073225, 6339232.250808666460216 ], [ 654324.680578813073225, 6339243.23190626129508 ], [ 654297.488087196252309, 6339243.23190626129508 ], [ 654297.488087196252309, 6339237.741357463411987 ], [ 654281.172592226183042, 6339237.741357463411987 ], [ 654281.172592226183042, 6339232.250808666460216 ], [ 654275.734093902749009, 6339232.250808666460216 ], [ 654275.734093902749009, 6339204.798064678907394 ], [ 654259.418598932679743, 6339204.798064678907394 ], [ 654259.418598932679743, 6339149.892576705664396 ] ], [ [ 653661.183783362619579, 6339232.250808666460216 ], [ 653655.745285039185546, 6339232.250808666460216 ], [ 653655.745285039185546, 6339226.760259868577123 ], [ 653661.183783362619579, 6339226.760259868577123 ], [ 653661.183783362619579, 6339232.250808666460216 ] ], [ [ 653764.515251506469212, 6339215.779162273742259 ], [ 653759.076753183151595, 6339215.779162273742259 ], [ 653759.076753183151595, 6339221.269711071625352 ], [ 653753.638254859833978, 6339221.269711071625352 ], [ 653753.638254859833978, 6339215.779162273742259 ], [ 653715.568766596261412, 6339215.779162273742259 ], [ 653715.568766596261412, 6339204.798064678907394 ], [ 653721.007264919579029, 6339204.798064678907394 ], [ 653721.007264919579029, 6339210.288613476790488 ], [ 653764.515251506469212, 6339210.288613476790488 ], [ 653764.515251506469212, 6339215.779162273742259 ] ], [ [ 654395.381057016784325, 6339210.288613476790488 ], [ 654395.381057016784325, 6339204.798064678907394 ], [ 654400.819555340101942, 6339204.798064678907394 ], [ 654400.819555340101942, 6339210.288613476790488 ], [ 654395.381057016784325, 6339210.288613476790488 ] ], [ [ 654384.504060370032676, 6339204.798064678907394 ], [ 654384.504060370032676, 6339199.307515881955624 ], [ 654395.381057016784325, 6339199.307515881955624 ], [ 654395.381057016784325, 6339204.798064678907394 ], [ 654384.504060370032676, 6339204.798064678907394 ] ], [ [ 654846.776417855988257, 6339166.364223097451031 ], [ 654852.214916179422289, 6339166.364223097451031 ], [ 654852.214916179422289, 6339182.835869490168989 ], [ 654846.776417855988257, 6339182.835869490168989 ], [ 654846.776417855988257, 6339166.364223097451031 ] ], [ [ 654852.214916179422289, 6339160.87367430049926 ], [ 654857.653414502739906, 6339160.87367430049926 ], [ 654857.653414502739906, 6339166.364223097451031 ], [ 654852.214916179422289, 6339166.364223097451031 ], [ 654852.214916179422289, 6339160.87367430049926 ] ], [ [ 654857.653414502739906, 6339155.383125502616167 ], [ 654863.091912826173939, 6339155.383125502616167 ], [ 654863.091912826173939, 6339160.87367430049926 ], [ 654857.653414502739906, 6339160.87367430049926 ], [ 654857.653414502739906, 6339155.383125502616167 ] ], [ [ 654602.043993304600008, 6339177.345320692285895 ], [ 654596.605494981282391, 6339177.345320692285895 ], [ 654596.605494981282391, 6339166.364223097451031 ], [ 654602.043993304600008, 6339166.364223097451031 ], [ 654602.043993304600008, 6339177.345320692285895 ] ], [ [ 653775.392248153220862, 6339166.364223097451031 ], [ 653753.638254859833978, 6339166.364223097451031 ], [ 653753.638254859833978, 6339160.87367430049926 ], [ 653742.761258213082328, 6339160.87367430049926 ], [ 653742.761258213082328, 6339155.383125502616167 ], [ 653769.953749829903245, 6339155.383125502616167 ], [ 653769.953749829903245, 6339160.87367430049926 ], [ 653775.392248153220862, 6339160.87367430049926 ], [ 653775.392248153220862, 6339166.364223097451031 ] ], [ [ 654226.787608992541209, 6339166.364223097451031 ], [ 654205.03361569903791, 6339166.364223097451031 ], [ 654205.03361569903791, 6339138.911479110829532 ], [ 654226.787608992541209, 6339138.911479110829532 ], [ 654226.787608992541209, 6339166.364223097451031 ] ], [ [ 654406.258053663535975, 6339160.87367430049926 ], [ 654395.381057016784325, 6339160.87367430049926 ], [ 654395.381057016784325, 6339155.383125502616167 ], [ 654406.258053663535975, 6339155.383125502616167 ], [ 654406.258053663535975, 6339160.87367430049926 ] ], [ [ 654797.829932945780456, 6339144.402027908712626 ], [ 654808.706929592532106, 6339144.402027908712626 ], [ 654808.706929592532106, 6339149.892576705664396 ], [ 654792.391434622346424, 6339149.892576705664396 ], [ 654792.391434622346424, 6339155.383125502616167 ], [ 654786.952936299028806, 6339155.383125502616167 ], [ 654786.952936299028806, 6339133.420930313877761 ], [ 654781.514437975711189, 6339133.420930313877761 ], [ 654781.514437975711189, 6339105.96818632632494 ], [ 654786.952936299028806, 6339105.96818632632494 ], [ 654786.952936299028806, 6339127.930381515994668 ], [ 654797.829932945780456, 6339127.930381515994668 ], [ 654797.829932945780456, 6339144.402027908712626 ] ], [ [ 654569.413003364461474, 6339149.892576705664396 ], [ 654563.974505041027442, 6339149.892576705664396 ], [ 654563.974505041027442, 6339144.402027908712626 ], [ 654569.413003364461474, 6339144.402027908712626 ], [ 654569.413003364461474, 6339149.892576705664396 ] ], [ [ 654623.797986598103307, 6339138.911479110829532 ], [ 654618.359488274669275, 6339138.911479110829532 ], [ 654618.359488274669275, 6339144.402027908712626 ], [ 654612.920989951351658, 6339144.402027908712626 ], [ 654612.920989951351658, 6339149.892576705664396 ], [ 654607.48249162803404, 6339149.892576705664396 ], [ 654607.48249162803404, 6339100.477637529373169 ], [ 654612.920989951351658, 6339100.477637529373169 ], [ 654612.920989951351658, 6339127.930381515994668 ], [ 654618.359488274669275, 6339127.930381515994668 ], [ 654618.359488274669275, 6339133.420930313877761 ], [ 654623.797986598103307, 6339133.420930313877761 ], [ 654623.797986598103307, 6339138.911479110829532 ] ], [ [ 654721.690956418635324, 6339149.892576705664396 ], [ 654716.252458095317706, 6339149.892576705664396 ], [ 654716.252458095317706, 6339144.402027908712626 ], [ 654721.690956418635324, 6339144.402027908712626 ], [ 654721.690956418635324, 6339149.892576705664396 ] ], [ [ 653900.477709590573795, 6339144.402027908712626 ], [ 653895.039211267256178, 6339144.402027908712626 ], [ 653895.039211267256178, 6339138.911479110829532 ], [ 653900.477709590573795, 6339138.911479110829532 ], [ 653900.477709590573795, 6339144.402027908712626 ] ], [ [ 654656.428976538241841, 6339127.930381515994668 ], [ 654661.867474861675873, 6339127.930381515994668 ], [ 654661.867474861675873, 6339105.96818632632494 ], [ 654667.305973184993491, 6339105.96818632632494 ], [ 654667.305973184993491, 6339138.911479110829532 ], [ 654656.428976538241841, 6339138.911479110829532 ], [ 654656.428976538241841, 6339127.930381515994668 ] ], [ [ 654852.214916179422289, 6339105.96818632632494 ], [ 654846.776417855988257, 6339105.96818632632494 ], [ 654846.776417855988257, 6339122.439832719042897 ], [ 654841.337919532670639, 6339122.439832719042897 ], [ 654841.337919532670639, 6339127.930381515994668 ], [ 654830.46092288591899, 6339127.930381515994668 ], [ 654830.46092288591899, 6339133.420930313877761 ], [ 654825.022424562601373, 6339133.420930313877761 ], [ 654825.022424562601373, 6339105.96818632632494 ], [ 654819.58392623916734, 6339105.96818632632494 ], [ 654819.58392623916734, 6339100.477637529373169 ], [ 654825.022424562601373, 6339100.477637529373169 ], [ 654825.022424562601373, 6339094.987088731490076 ], [ 654852.214916179422289, 6339094.987088731490076 ], [ 654852.214916179422289, 6339105.96818632632494 ] ], [ [ 654721.690956418635324, 6339116.949283921159804 ], [ 654732.567953065386973, 6339116.949283921159804 ], [ 654732.567953065386973, 6339122.439832719042897 ], [ 654727.129454742069356, 6339122.439832719042897 ], [ 654727.129454742069356, 6339127.930381515994668 ], [ 654721.690956418635324, 6339127.930381515994668 ], [ 654721.690956418635324, 6339116.949283921159804 ] ], [ [ 654884.845906119560823, 6339122.439832719042897 ], [ 654879.407407796243206, 6339122.439832719042897 ], [ 654879.407407796243206, 6339111.458735124208033 ], [ 654884.845906119560823, 6339111.458735124208033 ], [ 654884.845906119560823, 6339122.439832719042897 ] ], [ [ 654395.381057016784325, 6339111.458735124208033 ], [ 654389.942558693466708, 6339111.458735124208033 ], [ 654389.942558693466708, 6339105.96818632632494 ], [ 654422.573548633605242, 6339105.96818632632494 ], [ 654422.573548633605242, 6339116.949283921159804 ], [ 654395.381057016784325, 6339116.949283921159804 ], [ 654395.381057016784325, 6339111.458735124208033 ] ], [ [ 654542.220511747640558, 6339094.987088731490076 ], [ 654547.659010070958175, 6339094.987088731490076 ], [ 654547.659010070958175, 6339089.496539934538305 ], [ 654553.097508394392207, 6339089.496539934538305 ], [ 654553.097508394392207, 6339105.96818632632494 ], [ 654542.220511747640558, 6339105.96818632632494 ], [ 654542.220511747640558, 6339094.987088731490076 ] ], [ [ 654128.894639171892777, 6339089.496539934538305 ], [ 654139.771635818644427, 6339089.496539934538305 ], [ 654139.771635818644427, 6339094.987088731490076 ], [ 654150.648632465396076, 6339094.987088731490076 ], [ 654150.648632465396076, 6339100.477637529373169 ], [ 654128.894639171892777, 6339100.477637529373169 ], [ 654128.894639171892777, 6339089.496539934538305 ] ], [ [ 654069.071157614933327, 6339056.553247150033712 ], [ 654079.948154261684977, 6339056.553247150033712 ], [ 654079.948154261684977, 6339062.043795947916806 ], [ 654074.509655938250944, 6339062.043795947916806 ], [ 654074.509655938250944, 6339073.02489354275167 ], [ 654069.071157614933327, 6339073.02489354275167 ], [ 654069.071157614933327, 6339056.553247150033712 ] ], [ [ 654460.643036897177808, 6339073.02489354275167 ], [ 654455.204538573743775, 6339073.02489354275167 ], [ 654455.204538573743775, 6339045.572149555198848 ], [ 654438.889043603674509, 6339045.572149555198848 ], [ 654438.889043603674509, 6339040.081600758247077 ], [ 654433.450545280356891, 6339040.081600758247077 ], [ 654433.450545280356891, 6339034.591051960363984 ], [ 654460.643036897177808, 6339034.591051960363984 ], [ 654460.643036897177808, 6339073.02489354275167 ] ], [ [ 653623.114295099047013, 6339062.043795947916806 ], [ 653606.798800128977746, 6339062.043795947916806 ], [ 653606.798800128977746, 6339056.553247150033712 ], [ 653623.114295099047013, 6339056.553247150033712 ], [ 653623.114295099047013, 6339062.043795947916806 ] ], [ [ 654161.525629112147726, 6339062.043795947916806 ], [ 654156.087130788713694, 6339062.043795947916806 ], [ 654156.087130788713694, 6339056.553247150033712 ], [ 654161.525629112147726, 6339056.553247150033712 ], [ 654161.525629112147726, 6339062.043795947916806 ] ], [ [ 654085.386652585002594, 6339045.572149555198848 ], [ 654079.948154261684977, 6339045.572149555198848 ], [ 654079.948154261684977, 6339040.081600758247077 ], [ 654085.386652585002594, 6339040.081600758247077 ], [ 654085.386652585002594, 6339045.572149555198848 ] ], [ [ 654384.504060370032676, 6339029.100503163412213 ], [ 654379.065562046715058, 6339029.100503163412213 ], [ 654379.065562046715058, 6339012.628856771625578 ], [ 654384.504060370032676, 6339012.628856771625578 ], [ 654384.504060370032676, 6339018.119405568577349 ], [ 654395.381057016784325, 6339018.119405568577349 ], [ 654395.381057016784325, 6339023.609954366460443 ], [ 654384.504060370032676, 6339023.609954366460443 ], [ 654384.504060370032676, 6339029.100503163412213 ] ], [ [ 654873.968909472809173, 6339012.628856771625578 ], [ 654868.530411149491556, 6339012.628856771625578 ], [ 654868.530411149491556, 6339001.647759176790714 ], [ 654873.968909472809173, 6339001.647759176790714 ], [ 654873.968909472809173, 6339012.628856771625578 ] ], [ [ 653666.622281685937196, 6338985.176112784072757 ], [ 653682.937776656006463, 6338985.176112784072757 ], [ 653682.937776656006463, 6338996.157210378907621 ], [ 653672.060780009371229, 6338996.157210378907621 ], [ 653672.060780009371229, 6339001.647759176790714 ], [ 653666.622281685937196, 6339001.647759176790714 ], [ 653666.622281685937196, 6338985.176112784072757 ] ], [ [ 654313.803582166321576, 6338985.176112784072757 ], [ 654340.996073783142492, 6338985.176112784072757 ], [ 654340.996073783142492, 6338990.66666158195585 ], [ 654335.557575459824875, 6338990.66666158195585 ], [ 654335.557575459824875, 6338996.157210378907621 ], [ 654313.803582166321576, 6338996.157210378907621 ], [ 654313.803582166321576, 6338985.176112784072757 ] ], [ [ 654052.75566264486406, 6338990.66666158195585 ], [ 654036.440167674678378, 6338990.66666158195585 ], [ 654036.440167674678378, 6338985.176112784072757 ], [ 654052.75566264486406, 6338985.176112784072757 ], [ 654052.75566264486406, 6338990.66666158195585 ] ], [ [ 654112.57914420182351, 6338990.66666158195585 ], [ 654107.140645878505893, 6338990.66666158195585 ], [ 654107.140645878505893, 6338985.176112784072757 ], [ 654101.702147555071861, 6338985.176112784072757 ], [ 654101.702147555071861, 6338979.685563987120986 ], [ 654107.140645878505893, 6338979.685563987120986 ], [ 654107.140645878505893, 6338968.704466392286122 ], [ 654112.57914420182351, 6338968.704466392286122 ], [ 654112.57914420182351, 6338990.66666158195585 ] ], [ [ 654727.129454742069356, 6338979.685563987120986 ], [ 654732.567953065386973, 6338979.685563987120986 ], [ 654732.567953065386973, 6338990.66666158195585 ], [ 654727.129454742069356, 6338990.66666158195585 ], [ 654727.129454742069356, 6338979.685563987120986 ] ], [ [ 654732.567953065386973, 6338974.195015189237893 ], [ 654738.00645138870459, 6338974.195015189237893 ], [ 654738.00645138870459, 6338979.685563987120986 ], [ 654732.567953065386973, 6338979.685563987120986 ], [ 654732.567953065386973, 6338974.195015189237893 ] ], [ [ 654438.889043603674509, 6338985.176112784072757 ], [ 654438.889043603674509, 6338979.685563987120986 ], [ 654444.327541927108541, 6338979.685563987120986 ], [ 654444.327541927108541, 6338985.176112784072757 ], [ 654438.889043603674509, 6338985.176112784072757 ] ], [ [ 654428.012046956922859, 6338979.685563987120986 ], [ 654428.012046956922859, 6338974.195015189237893 ], [ 654438.889043603674509, 6338974.195015189237893 ], [ 654438.889043603674509, 6338979.685563987120986 ], [ 654428.012046956922859, 6338979.685563987120986 ] ], [ [ 653661.183783362619579, 6338979.685563987120986 ], [ 653655.745285039185546, 6338979.685563987120986 ], [ 653655.745285039185546, 6338974.195015189237893 ], [ 653661.183783362619579, 6338974.195015189237893 ], [ 653661.183783362619579, 6338979.685563987120986 ] ], [ [ 654172.402625758899376, 6338963.213917595334351 ], [ 654156.087130788713694, 6338963.213917595334351 ], [ 654156.087130788713694, 6338957.723368797451258 ], [ 654172.402625758899376, 6338957.723368797451258 ], [ 654172.402625758899376, 6338963.213917595334351 ] ], [ [ 654694.498464801814407, 6338963.213917595334351 ], [ 654672.744471508427523, 6338963.213917595334351 ], [ 654672.744471508427523, 6338957.723368797451258 ], [ 654694.498464801814407, 6338957.723368797451258 ], [ 654694.498464801814407, 6338963.213917595334351 ] ], [ [ 654308.365083843003958, 6338919.289527215994895 ], [ 654259.418598932679743, 6338919.289527215994895 ], [ 654259.418598932679743, 6338913.798978418111801 ], [ 654297.488087196252309, 6338913.798978418111801 ], [ 654297.488087196252309, 6338908.30842962116003 ], [ 654302.926585519569926, 6338908.30842962116003 ], [ 654302.926585519569926, 6338902.81788082420826 ], [ 654308.365083843003958, 6338902.81788082420826 ], [ 654308.365083843003958, 6338897.327332026325166 ], [ 654313.803582166321576, 6338897.327332026325166 ], [ 654313.803582166321576, 6338869.874588039703667 ], [ 654308.365083843003958, 6338869.874588039703667 ], [ 654308.365083843003958, 6338858.893490444868803 ], [ 654302.926585519569926, 6338858.893490444868803 ], [ 654302.926585519569926, 6338853.402941647917032 ], [ 654281.172592226183042, 6338853.402941647917032 ], [ 654281.172592226183042, 6338847.912392850033939 ], [ 654292.049588872818276, 6338847.912392850033939 ], [ 654292.049588872818276, 6338842.421844053082168 ], [ 654297.488087196252309, 6338842.421844053082168 ], [ 654297.488087196252309, 6338798.497453673742712 ], [ 654292.049588872818276, 6338798.497453673742712 ], [ 654292.049588872818276, 6338760.063612092286348 ], [ 654281.172592226183042, 6338760.063612092286348 ], [ 654281.172592226183042, 6338754.573063294403255 ], [ 654275.734093902749009, 6338754.573063294403255 ], [ 654275.734093902749009, 6338749.082514497451484 ], [ 654281.172592226183042, 6338749.082514497451484 ], [ 654281.172592226183042, 6338738.10141690261662 ], [ 654286.611090549500659, 6338738.10141690261662 ], [ 654286.611090549500659, 6338732.610868105664849 ], [ 654297.488087196252309, 6338732.610868105664849 ], [ 654297.488087196252309, 6338738.10141690261662 ], [ 654302.926585519569926, 6338738.10141690261662 ], [ 654302.926585519569926, 6338754.573063294403255 ], [ 654324.680578813073225, 6338754.573063294403255 ], [ 654324.680578813073225, 6338760.063612092286348 ], [ 654351.873070429894142, 6338760.063612092286348 ], [ 654351.873070429894142, 6338749.082514497451484 ], [ 654362.750067076645792, 6338749.082514497451484 ], [ 654362.750067076645792, 6338743.591965699568391 ], [ 654368.188565399963409, 6338743.591965699568391 ], [ 654368.188565399963409, 6338738.10141690261662 ], [ 654379.065562046715058, 6338738.10141690261662 ], [ 654379.065562046715058, 6338765.554160889238119 ], [ 654384.504060370032676, 6338765.554160889238119 ], [ 654384.504060370032676, 6338776.535258484072983 ], [ 654400.819555340101942, 6338776.535258484072983 ], [ 654400.819555340101942, 6338782.025807281956077 ], [ 654395.381057016784325, 6338782.025807281956077 ], [ 654395.381057016784325, 6338787.516356078907847 ], [ 654384.504060370032676, 6338787.516356078907847 ], [ 654384.504060370032676, 6338803.988002470694482 ], [ 654351.873070429894142, 6338803.988002470694482 ], [ 654351.873070429894142, 6338809.478551268577576 ], [ 654346.434572106460109, 6338809.478551268577576 ], [ 654346.434572106460109, 6338814.969100065529346 ], [ 654340.996073783142492, 6338814.969100065529346 ], [ 654340.996073783142492, 6338820.45964886341244 ], [ 654330.119077136390842, 6338820.45964886341244 ], [ 654330.119077136390842, 6338847.912392850033939 ], [ 654351.873070429894142, 6338847.912392850033939 ], [ 654351.873070429894142, 6338858.893490444868803 ], [ 654384.504060370032676, 6338858.893490444868803 ], [ 654384.504060370032676, 6338864.384039241820574 ], [ 654417.135050310287625, 6338864.384039241820574 ], [ 654417.135050310287625, 6338891.836783229373395 ], [ 654411.696551986853592, 6338891.836783229373395 ], [ 654411.696551986853592, 6338902.81788082420826 ], [ 654400.819555340101942, 6338902.81788082420826 ], [ 654400.819555340101942, 6338930.270624810829759 ], [ 654406.258053663535975, 6338930.270624810829759 ], [ 654406.258053663535975, 6338935.761173607781529 ], [ 654400.819555340101942, 6338935.761173607781529 ], [ 654400.819555340101942, 6338941.251722405664623 ], [ 654384.504060370032676, 6338941.251722405664623 ], [ 654384.504060370032676, 6338935.761173607781529 ], [ 654362.750067076645792, 6338935.761173607781529 ], [ 654362.750067076645792, 6338930.270624810829759 ], [ 654357.311568753211759, 6338930.270624810829759 ], [ 654357.311568753211759, 6338924.780076012946665 ], [ 654308.365083843003958, 6338924.780076012946665 ], [ 654308.365083843003958, 6338919.289527215994895 ] ], [ [ 654803.268431269098073, 6338941.251722405664623 ], [ 654792.391434622346424, 6338941.251722405664623 ], [ 654792.391434622346424, 6338935.761173607781529 ], [ 654803.268431269098073, 6338935.761173607781529 ], [ 654803.268431269098073, 6338941.251722405664623 ] ], [ [ 653682.937776656006463, 6338935.761173607781529 ], [ 653677.499278332688846, 6338935.761173607781529 ], [ 653677.499278332688846, 6338930.270624810829759 ], [ 653682.937776656006463, 6338930.270624810829759 ], [ 653682.937776656006463, 6338935.761173607781529 ] ], [ [ 654678.18296983174514, 6338930.270624810829759 ], [ 654678.18296983174514, 6338919.289527215994895 ], [ 654672.744471508427523, 6338919.289527215994895 ], [ 654672.744471508427523, 6338913.798978418111801 ], [ 654683.621468155062757, 6338913.798978418111801 ], [ 654683.621468155062757, 6338886.346234431490302 ], [ 654705.375461448566057, 6338886.346234431490302 ], [ 654705.375461448566057, 6338913.798978418111801 ], [ 654710.813959771883674, 6338913.798978418111801 ], [ 654710.813959771883674, 6338924.780076012946665 ], [ 654705.375461448566057, 6338924.780076012946665 ], [ 654705.375461448566057, 6338930.270624810829759 ], [ 654678.18296983174514, 6338930.270624810829759 ] ], [ [ 654678.18296983174514, 6338886.346234431490302 ], [ 654678.18296983174514, 6338880.855685634538531 ], [ 654683.621468155062757, 6338880.855685634538531 ], [ 654683.621468155062757, 6338886.346234431490302 ], [ 654678.18296983174514, 6338886.346234431490302 ] ], [ [ 654743.444949712138623, 6338913.798978418111801 ], [ 654738.00645138870459, 6338913.798978418111801 ], [ 654738.00645138870459, 6338897.327332026325166 ], [ 654743.444949712138623, 6338897.327332026325166 ], [ 654743.444949712138623, 6338891.836783229373395 ], [ 654748.88344803545624, 6338891.836783229373395 ], [ 654748.88344803545624, 6338902.81788082420826 ], [ 654743.444949712138623, 6338902.81788082420826 ], [ 654743.444949712138623, 6338913.798978418111801 ] ], [ [ 654835.899421209353022, 6338902.81788082420826 ], [ 654797.829932945780456, 6338902.81788082420826 ], [ 654797.829932945780456, 6338897.327332026325166 ], [ 654835.899421209353022, 6338897.327332026325166 ], [ 654835.899421209353022, 6338902.81788082420826 ] ], [ [ 654738.00645138870459, 6338798.497453673742712 ], [ 654732.567953065386973, 6338798.497453673742712 ], [ 654732.567953065386973, 6338782.025807281956077 ], [ 654738.00645138870459, 6338782.025807281956077 ], [ 654738.00645138870459, 6338771.044709687121212 ], [ 654743.444949712138623, 6338771.044709687121212 ], [ 654743.444949712138623, 6338820.45964886341244 ], [ 654748.88344803545624, 6338820.45964886341244 ], [ 654748.88344803545624, 6338825.950197660364211 ], [ 654781.514437975711189, 6338825.950197660364211 ], [ 654781.514437975711189, 6338831.440746458247304 ], [ 654797.829932945780456, 6338831.440746458247304 ], [ 654797.829932945780456, 6338836.931295255199075 ], [ 654808.706929592532106, 6338836.931295255199075 ], [ 654808.706929592532106, 6338842.421844053082168 ], [ 654846.776417855988257, 6338842.421844053082168 ], [ 654846.776417855988257, 6338847.912392850033939 ], [ 654863.091912826173939, 6338847.912392850033939 ], [ 654863.091912826173939, 6338858.893490444868803 ], [ 654846.776417855988257, 6338858.893490444868803 ], [ 654846.776417855988257, 6338864.384039241820574 ], [ 654819.58392623916734, 6338864.384039241820574 ], [ 654819.58392623916734, 6338869.874588039703667 ], [ 654792.391434622346424, 6338869.874588039703667 ], [ 654792.391434622346424, 6338875.365136836655438 ], [ 654765.198943005525507, 6338875.365136836655438 ], [ 654765.198943005525507, 6338858.893490444868803 ], [ 654710.813959771883674, 6338858.893490444868803 ], [ 654710.813959771883674, 6338847.912392850033939 ], [ 654716.252458095317706, 6338847.912392850033939 ], [ 654716.252458095317706, 6338842.421844053082168 ], [ 654738.00645138870459, 6338842.421844053082168 ], [ 654738.00645138870459, 6338798.497453673742712 ] ], [ [ 654226.787608992541209, 6338814.969100065529346 ], [ 654232.226107315858826, 6338814.969100065529346 ], [ 654232.226107315858826, 6338798.497453673742712 ], [ 654237.664605639176443, 6338798.497453673742712 ], [ 654237.664605639176443, 6338793.006904876790941 ], [ 654248.541602285928093, 6338793.006904876790941 ], [ 654248.541602285928093, 6338798.497453673742712 ], [ 654253.980100609362125, 6338798.497453673742712 ], [ 654253.980100609362125, 6338803.988002470694482 ], [ 654243.103103962610476, 6338803.988002470694482 ], [ 654243.103103962610476, 6338869.874588039703667 ], [ 654232.226107315858826, 6338869.874588039703667 ], [ 654232.226107315858826, 6338864.384039241820574 ], [ 654226.787608992541209, 6338864.384039241820574 ], [ 654226.787608992541209, 6338847.912392850033939 ], [ 654221.349110669107176, 6338847.912392850033939 ], [ 654221.349110669107176, 6338842.421844053082168 ], [ 654226.787608992541209, 6338842.421844053082168 ], [ 654226.787608992541209, 6338814.969100065529346 ] ], [ [ 654678.18296983174514, 6338858.893490444868803 ], [ 654661.867474861675873, 6338858.893490444868803 ], [ 654661.867474861675873, 6338853.402941647917032 ], [ 654656.428976538241841, 6338853.402941647917032 ], [ 654656.428976538241841, 6338836.931295255199075 ], [ 654661.867474861675873, 6338836.931295255199075 ], [ 654661.867474861675873, 6338842.421844053082168 ], [ 654678.18296983174514, 6338842.421844053082168 ], [ 654678.18296983174514, 6338858.893490444868803 ] ], [ [ 654863.091912826173939, 6338820.45964886341244 ], [ 654857.653414502739906, 6338820.45964886341244 ], [ 654857.653414502739906, 6338809.478551268577576 ], [ 654863.091912826173939, 6338809.478551268577576 ], [ 654863.091912826173939, 6338820.45964886341244 ] ], [ [ 654868.530411149491556, 6338803.988002470694482 ], [ 654863.091912826173939, 6338803.988002470694482 ], [ 654863.091912826173939, 6338793.006904876790941 ], [ 654868.530411149491556, 6338793.006904876790941 ], [ 654868.530411149491556, 6338803.988002470694482 ] ], [ [ 654825.022424562601373, 6338765.554160889238119 ], [ 654819.58392623916734, 6338765.554160889238119 ], [ 654819.58392623916734, 6338771.044709687121212 ], [ 654814.145427915849723, 6338771.044709687121212 ], [ 654814.145427915849723, 6338776.535258484072983 ], [ 654808.706929592532106, 6338776.535258484072983 ], [ 654808.706929592532106, 6338782.025807281956077 ], [ 654803.268431269098073, 6338782.025807281956077 ], [ 654803.268431269098073, 6338776.535258484072983 ], [ 654797.829932945780456, 6338776.535258484072983 ], [ 654797.829932945780456, 6338765.554160889238119 ], [ 654803.268431269098073, 6338765.554160889238119 ], [ 654803.268431269098073, 6338760.063612092286348 ], [ 654825.022424562601373, 6338760.063612092286348 ], [ 654825.022424562601373, 6338765.554160889238119 ] ], [ [ 654292.049588872818276, 6338611.818794563412666 ], [ 654297.488087196252309, 6338611.818794563412666 ], [ 654297.488087196252309, 6338606.328245765529573 ], [ 654324.680578813073225, 6338606.328245765529573 ], [ 654324.680578813073225, 6338611.818794563412666 ], [ 654335.557575459824875, 6338611.818794563412666 ], [ 654335.557575459824875, 6338628.290440955199301 ], [ 654340.996073783142492, 6338628.290440955199301 ], [ 654340.996073783142492, 6338661.233733739703894 ], [ 654346.434572106460109, 6338661.233733739703894 ], [ 654346.434572106460109, 6338666.724282536655664 ], [ 654351.873070429894142, 6338666.724282536655664 ], [ 654351.873070429894142, 6338672.214831334538758 ], [ 654357.311568753211759, 6338672.214831334538758 ], [ 654357.311568753211759, 6338677.705380131490529 ], [ 654346.434572106460109, 6338677.705380131490529 ], [ 654346.434572106460109, 6338683.195928928442299 ], [ 654335.557575459824875, 6338683.195928928442299 ], [ 654335.557575459824875, 6338688.686477726325393 ], [ 654324.680578813073225, 6338688.686477726325393 ], [ 654324.680578813073225, 6338699.667575321160257 ], [ 654319.242080489639193, 6338699.667575321160257 ], [ 654319.242080489639193, 6338705.158124118112028 ], [ 654297.488087196252309, 6338705.158124118112028 ], [ 654297.488087196252309, 6338677.705380131490529 ], [ 654292.049588872818276, 6338677.705380131490529 ], [ 654292.049588872818276, 6338672.214831334538758 ], [ 654286.611090549500659, 6338672.214831334538758 ], [ 654286.611090549500659, 6338650.25263614486903 ], [ 654292.049588872818276, 6338650.25263614486903 ], [ 654292.049588872818276, 6338611.818794563412666 ] ], [ [ 654150.648632465396076, 6338677.705380131490529 ], [ 654156.087130788713694, 6338677.705380131490529 ], [ 654156.087130788713694, 6338655.7431849418208 ], [ 654161.525629112147726, 6338655.7431849418208 ], [ 654161.525629112147726, 6338683.195928928442299 ], [ 654150.648632465396076, 6338683.195928928442299 ], [ 654150.648632465396076, 6338677.705380131490529 ] ], [ [ 654172.402625758899376, 6338644.762087346985936 ], [ 654166.964127435465343, 6338644.762087346985936 ], [ 654166.964127435465343, 6338639.271538550034165 ], [ 654172.402625758899376, 6338639.271538550034165 ], [ 654172.402625758899376, 6338644.762087346985936 ] ], [ [ 654221.349110669107176, 6338584.366050575859845 ], [ 654259.418598932679743, 6338584.366050575859845 ], [ 654259.418598932679743, 6338589.856599373742938 ], [ 654253.980100609362125, 6338589.856599373742938 ], [ 654253.980100609362125, 6338595.347148170694709 ], [ 654243.103103962610476, 6338595.347148170694709 ], [ 654243.103103962610476, 6338639.271538550034165 ], [ 654237.664605639176443, 6338639.271538550034165 ], [ 654237.664605639176443, 6338622.799892157316208 ], [ 654232.226107315858826, 6338622.799892157316208 ], [ 654232.226107315858826, 6338617.309343360364437 ], [ 654226.787608992541209, 6338617.309343360364437 ], [ 654226.787608992541209, 6338600.837696968577802 ], [ 654221.349110669107176, 6338600.837696968577802 ], [ 654221.349110669107176, 6338584.366050575859845 ] ], [ [ 654389.942558693466708, 6338639.271538550034165 ], [ 654379.065562046715058, 6338639.271538550034165 ], [ 654379.065562046715058, 6338628.290440955199301 ], [ 654389.942558693466708, 6338628.290440955199301 ], [ 654389.942558693466708, 6338639.271538550034165 ] ] ], [ [ [ 652856.286031504627317, 6339171.854771895334125 ], [ 652856.286031504627317, 6339144.402027908712626 ], [ 652878.040024798130617, 6339144.402027908712626 ], [ 652878.040024798130617, 6339138.911479110829532 ], [ 652883.478523121448234, 6339138.911479110829532 ], [ 652883.478523121448234, 6339149.892576705664396 ], [ 652910.67101473826915, 6339149.892576705664396 ], [ 652910.67101473826915, 6339144.402027908712626 ], [ 652916.109513061703183, 6339144.402027908712626 ], [ 652916.109513061703183, 6339116.949283921159804 ], [ 652910.67101473826915, 6339116.949283921159804 ], [ 652910.67101473826915, 6339111.458735124208033 ], [ 652905.232516414951533, 6339111.458735124208033 ], [ 652905.232516414951533, 6339100.477637529373169 ], [ 652899.794018091517501, 6339100.477637529373169 ], [ 652899.794018091517501, 6339073.02489354275167 ], [ 652894.355519768199883, 6339073.02489354275167 ], [ 652894.355519768199883, 6339067.534344744868577 ], [ 652878.040024798130617, 6339067.534344744868577 ], [ 652878.040024798130617, 6339062.043795947916806 ], [ 652850.8475331813097, 6339062.043795947916806 ], [ 652850.8475331813097, 6339089.496539934538305 ], [ 652845.409034857875668, 6339089.496539934538305 ], [ 652845.409034857875668, 6339094.987088731490076 ], [ 652839.97053653455805, 6339094.987088731490076 ], [ 652839.97053653455805, 6339100.477637529373169 ], [ 652823.655041564488783, 6339100.477637529373169 ], [ 652823.655041564488783, 6339105.96818632632494 ], [ 652796.462549947667867, 6339105.96818632632494 ], [ 652796.462549947667867, 6339111.458735124208033 ], [ 652791.024051624233834, 6339111.458735124208033 ], [ 652791.024051624233834, 6339138.911479110829532 ], [ 652796.462549947667867, 6339138.911479110829532 ], [ 652796.462549947667867, 6339149.892576705664396 ], [ 652774.708556654164568, 6339149.892576705664396 ], [ 652774.708556654164568, 6339160.87367430049926 ], [ 652763.831560007412918, 6339160.87367430049926 ], [ 652763.831560007412918, 6339199.307515881955624 ], [ 652769.27005833084695, 6339199.307515881955624 ], [ 652769.27005833084695, 6339204.798064678907394 ], [ 652796.462549947667867, 6339204.798064678907394 ], [ 652796.462549947667867, 6339182.835869490168989 ], [ 652823.655041564488783, 6339182.835869490168989 ], [ 652823.655041564488783, 6339177.345320692285895 ], [ 652829.093539887806401, 6339177.345320692285895 ], [ 652829.093539887806401, 6339171.854771895334125 ], [ 652856.286031504627317, 6339171.854771895334125 ] ] ], [ [ [ 652829.093539887806401, 6339259.703552653081715 ], [ 652845.409034857875668, 6339259.703552653081715 ], [ 652845.409034857875668, 6339248.722455058246851 ], [ 652856.286031504627317, 6339248.722455058246851 ], [ 652856.286031504627317, 6339259.703552653081715 ], [ 652888.917021444882266, 6339259.703552653081715 ], [ 652888.917021444882266, 6339237.741357463411987 ], [ 652905.232516414951533, 6339237.741357463411987 ], [ 652905.232516414951533, 6339259.703552653081715 ], [ 652910.67101473826915, 6339259.703552653081715 ], [ 652910.67101473826915, 6339270.684650247916579 ], [ 652954.179001325275749, 6339270.684650247916579 ], [ 652954.179001325275749, 6339276.17519904486835 ], [ 652986.809991265414283, 6339276.17519904486835 ], [ 652986.809991265414283, 6339254.213003856129944 ], [ 653014.002482882235199, 6339254.213003856129944 ], [ 653014.002482882235199, 6339248.722455058246851 ], [ 653052.071971145807765, 6339248.722455058246851 ], [ 653052.071971145807765, 6339243.23190626129508 ], [ 653084.702961085946299, 6339243.23190626129508 ], [ 653084.702961085946299, 6339237.741357463411987 ], [ 653095.579957732697949, 6339237.741357463411987 ], [ 653095.579957732697949, 6339232.250808666460216 ], [ 653128.210947672836483, 6339232.250808666460216 ], [ 653128.210947672836483, 6339204.798064678907394 ], [ 653052.071971145807765, 6339204.798064678907394 ], [ 653052.071971145807765, 6339199.307515881955624 ], [ 653014.002482882235199, 6339199.307515881955624 ], [ 653014.002482882235199, 6339221.269711071625352 ], [ 652997.686987912165932, 6339221.269711071625352 ], [ 652997.686987912165932, 6339226.760259868577123 ], [ 652975.932994618662633, 6339226.760259868577123 ], [ 652975.932994618662633, 6339232.250808666460216 ], [ 652959.617499648593366, 6339232.250808666460216 ], [ 652959.617499648593366, 6339237.741357463411987 ], [ 652954.179001325275749, 6339237.741357463411987 ], [ 652954.179001325275749, 6339232.250808666460216 ], [ 652948.740503001841716, 6339232.250808666460216 ], [ 652948.740503001841716, 6339226.760259868577123 ], [ 652937.863506355090067, 6339226.760259868577123 ], [ 652937.863506355090067, 6339221.269711071625352 ], [ 652926.986509708454832, 6339221.269711071625352 ], [ 652926.986509708454832, 6339204.798064678907394 ], [ 652899.794018091517501, 6339204.798064678907394 ], [ 652899.794018091517501, 6339177.345320692285895 ], [ 652861.72452982806135, 6339177.345320692285895 ], [ 652861.72452982806135, 6339199.307515881955624 ], [ 652856.286031504627317, 6339199.307515881955624 ], [ 652856.286031504627317, 6339210.288613476790488 ], [ 652829.093539887806401, 6339210.288613476790488 ], [ 652829.093539887806401, 6339221.269711071625352 ], [ 652823.655041564488783, 6339221.269711071625352 ], [ 652823.655041564488783, 6339232.250808666460216 ], [ 652818.216543241054751, 6339232.250808666460216 ], [ 652818.216543241054751, 6339226.760259868577123 ], [ 652807.339546594419517, 6339226.760259868577123 ], [ 652807.339546594419517, 6339221.269711071625352 ], [ 652801.901048270985484, 6339221.269711071625352 ], [ 652801.901048270985484, 6339215.779162273742259 ], [ 652796.462549947667867, 6339215.779162273742259 ], [ 652796.462549947667867, 6339210.288613476790488 ], [ 652763.831560007412918, 6339210.288613476790488 ], [ 652763.831560007412918, 6339204.798064678907394 ], [ 652747.516065037343651, 6339204.798064678907394 ], [ 652747.516065037343651, 6339199.307515881955624 ], [ 652720.323573420522735, 6339199.307515881955624 ], [ 652720.323573420522735, 6339226.760259868577123 ], [ 652725.762071743956767, 6339226.760259868577123 ], [ 652725.762071743956767, 6339243.23190626129508 ], [ 652731.200570067274384, 6339243.23190626129508 ], [ 652731.200570067274384, 6339248.722455058246851 ], [ 652742.077566714026034, 6339248.722455058246851 ], [ 652742.077566714026034, 6339270.684650247916579 ], [ 652763.831560007412918, 6339270.684650247916579 ], [ 652763.831560007412918, 6339276.17519904486835 ], [ 652769.27005833084695, 6339276.17519904486835 ], [ 652769.27005833084695, 6339287.156296639703214 ], [ 652774.708556654164568, 6339287.156296639703214 ], [ 652774.708556654164568, 6339298.137394234538078 ], [ 652807.339546594419517, 6339298.137394234538078 ], [ 652807.339546594419517, 6339292.646845437586308 ], [ 652823.655041564488783, 6339292.646845437586308 ], [ 652823.655041564488783, 6339265.194101450033486 ], [ 652829.093539887806401, 6339265.194101450033486 ], [ 652829.093539887806401, 6339259.703552653081715 ] ] ], [ [ [ 653470.836342044873163, 6339270.684650247916579 ], [ 653470.836342044873163, 6339265.194101450033486 ], [ 653481.713338691508397, 6339265.194101450033486 ], [ 653481.713338691508397, 6339232.250808666460216 ], [ 653487.15183701494243, 6339232.250808666460216 ], [ 653487.15183701494243, 6339226.760259868577123 ], [ 653498.02883366169408, 6339226.760259868577123 ], [ 653498.02883366169408, 6339199.307515881955624 ], [ 653432.766853781300597, 6339199.307515881955624 ], [ 653432.766853781300597, 6339226.760259868577123 ], [ 653427.328355457866564, 6339226.760259868577123 ], [ 653427.328355457866564, 6339237.741357463411987 ], [ 653421.889857134548947, 6339237.741357463411987 ], [ 653421.889857134548947, 6339276.17519904486835 ], [ 653411.012860487797298, 6339276.17519904486835 ], [ 653411.012860487797298, 6339303.627943032421172 ], [ 653443.643850428052247, 6339303.627943032421172 ], [ 653443.643850428052247, 6339287.156296639703214 ], [ 653449.082348751369864, 6339287.156296639703214 ], [ 653449.082348751369864, 6339276.17519904486835 ], [ 653459.959345398121513, 6339276.17519904486835 ], [ 653459.959345398121513, 6339270.684650247916579 ], [ 653470.836342044873163, 6339270.684650247916579 ] ] ], [ [ [ 653149.964940966339782, 6339424.420016574673355 ], [ 653149.964940966339782, 6339429.910565371625125 ], [ 653144.526442643022165, 6339429.910565371625125 ], [ 653144.526442643022165, 6339457.363309358246624 ], [ 653182.595930906478316, 6339457.363309358246624 ], [ 653182.595930906478316, 6339451.872760561294854 ], [ 653188.034429229912348, 6339451.872760561294854 ], [ 653188.034429229912348, 6339418.929467776790261 ], [ 653155.403439289657399, 6339418.929467776790261 ], [ 653155.403439289657399, 6339424.420016574673355 ], [ 653149.964940966339782, 6339424.420016574673355 ] ] ], [ [ [ 653432.766853781300597, 6339457.363309358246624 ], [ 653427.328355457866564, 6339457.363309358246624 ], [ 653427.328355457866564, 6339451.872760561294854 ], [ 653421.889857134548947, 6339451.872760561294854 ], [ 653421.889857134548947, 6339446.38221176341176 ], [ 653416.45135881123133, 6339446.38221176341176 ], [ 653416.45135881123133, 6339440.89166296645999 ], [ 653411.012860487797298, 6339440.89166296645999 ], [ 653411.012860487797298, 6339429.910565371625125 ], [ 653405.57436216447968, 6339429.910565371625125 ], [ 653405.57436216447968, 6339413.43891897983849 ], [ 653400.135863841045648, 6339413.43891897983849 ], [ 653400.135863841045648, 6339402.457821385003626 ], [ 653394.697365517728031, 6339402.457821385003626 ], [ 653394.697365517728031, 6339396.967272587120533 ], [ 653389.258867194410414, 6339396.967272587120533 ], [ 653389.258867194410414, 6339391.476723790168762 ], [ 653362.066375577589497, 6339391.476723790168762 ], [ 653362.066375577589497, 6339396.967272587120533 ], [ 653345.750880607403815, 6339396.967272587120533 ], [ 653345.750880607403815, 6339418.929467776790261 ], [ 653340.312382284086198, 6339418.929467776790261 ], [ 653340.312382284086198, 6339424.420016574673355 ], [ 653334.87388396076858, 6339424.420016574673355 ], [ 653334.87388396076858, 6339429.910565371625125 ], [ 653323.996887314016931, 6339429.910565371625125 ], [ 653323.996887314016931, 6339435.401114169508219 ], [ 653313.119890667265281, 6339435.401114169508219 ], [ 653313.119890667265281, 6339468.344406953081489 ], [ 653334.87388396076858, 6339468.344406953081489 ], [ 653334.87388396076858, 6339473.834955750964582 ], [ 653340.312382284086198, 6339473.834955750964582 ], [ 653340.312382284086198, 6339479.325504547916353 ], [ 653378.381870547658764, 6339479.325504547916353 ], [ 653378.381870547658764, 6339473.834955750964582 ], [ 653394.697365517728031, 6339473.834955750964582 ], [ 653394.697365517728031, 6339484.816053345799446 ], [ 653400.135863841045648, 6339484.816053345799446 ], [ 653400.135863841045648, 6339490.306602142751217 ], [ 653405.57436216447968, 6339490.306602142751217 ], [ 653405.57436216447968, 6339495.797150939702988 ], [ 653432.766853781300597, 6339495.797150939702988 ], [ 653432.766853781300597, 6339490.306602142751217 ], [ 653438.205352104618214, 6339490.306602142751217 ], [ 653438.205352104618214, 6339462.853858156129718 ], [ 653432.766853781300597, 6339462.853858156129718 ], [ 653432.766853781300597, 6339457.363309358246624 ] ] ], [ [ [ 653400.135863841045648, 6339506.778248534537852 ], [ 653400.135863841045648, 6339512.268797332420945 ], [ 653394.697365517728031, 6339512.268797332420945 ], [ 653394.697365517728031, 6339561.683736508712173 ], [ 653449.082348751369864, 6339561.683736508712173 ], [ 653449.082348751369864, 6339517.759346129372716 ], [ 653438.205352104618214, 6339517.759346129372716 ], [ 653438.205352104618214, 6339512.268797332420945 ], [ 653427.328355457866564, 6339512.268797332420945 ], [ 653427.328355457866564, 6339506.778248534537852 ], [ 653400.135863841045648, 6339506.778248534537852 ] ] ], [ [ [ 653922.231702884077094, 6339748.362395619042218 ], [ 653922.231702884077094, 6339698.94745644275099 ], [ 653916.793204560759477, 6339698.94745644275099 ], [ 653916.793204560759477, 6339687.966358847916126 ], [ 653889.600712943938561, 6339687.966358847916126 ], [ 653889.600712943938561, 6339682.475810050964355 ], [ 653884.162214620504528, 6339682.475810050964355 ], [ 653884.162214620504528, 6339666.004163659177721 ], [ 653873.285217973752879, 6339666.004163659177721 ], [ 653873.285217973752879, 6339655.023066064342856 ], [ 653835.215729710296728, 6339655.023066064342856 ], [ 653835.215729710296728, 6339676.985261253081262 ], [ 653829.777231386862695, 6339676.985261253081262 ], [ 653829.777231386862695, 6339720.909651632420719 ], [ 653835.215729710296728, 6339720.909651632420719 ], [ 653835.215729710296728, 6339737.381298024207354 ], [ 653840.654228033614345, 6339737.381298024207354 ], [ 653840.654228033614345, 6339764.834042011760175 ], [ 653846.092726356931962, 6339764.834042011760175 ], [ 653846.092726356931962, 6339770.324590808711946 ], [ 653873.285217973752879, 6339770.324590808711946 ], [ 653873.285217973752879, 6339764.834042011760175 ], [ 653878.723716297186911, 6339764.834042011760175 ], [ 653878.723716297186911, 6339742.871846822090447 ], [ 653884.162214620504528, 6339742.871846822090447 ], [ 653884.162214620504528, 6339748.362395619042218 ], [ 653922.231702884077094, 6339748.362395619042218 ] ] ], [ [ [ 653938.547197854146361, 6340467.624288075603545 ], [ 653933.108699530828744, 6340467.624288075603545 ], [ 653933.108699530828744, 6340495.077032062225044 ], [ 653938.547197854146361, 6340495.077032062225044 ], [ 653938.547197854146361, 6340506.058129657059908 ], [ 653943.985696177580394, 6340506.058129657059908 ], [ 653943.985696177580394, 6340511.548678454011679 ], [ 653938.547197854146361, 6340511.548678454011679 ], [ 653938.547197854146361, 6340517.039227251894772 ], [ 653933.108699530828744, 6340517.039227251894772 ], [ 653933.108699530828744, 6340555.473068833351135 ], [ 653938.547197854146361, 6340555.473068833351135 ], [ 653938.547197854146361, 6340566.454166428185999 ], [ 653965.739689470967278, 6340566.454166428185999 ], [ 653965.739689470967278, 6340571.94471522513777 ], [ 653971.17818779440131, 6340571.94471522513777 ], [ 653971.17818779440131, 6340577.435264023020864 ], [ 654014.686174381291494, 6340577.435264023020864 ], [ 654014.686174381291494, 6340588.416361617855728 ], [ 654020.124672704609111, 6340588.416361617855728 ], [ 654020.124672704609111, 6340599.397459212690592 ], [ 654025.563171028043143, 6340599.397459212690592 ], [ 654025.563171028043143, 6340604.888008009642363 ], [ 654031.001669351360761, 6340604.888008009642363 ], [ 654031.001669351360761, 6340610.378556806594133 ], [ 654036.440167674678378, 6340610.378556806594133 ], [ 654036.440167674678378, 6340626.850203199312091 ], [ 654025.563171028043143, 6340626.850203199312091 ], [ 654025.563171028043143, 6340632.340751996263862 ], [ 654009.247676057857461, 6340632.340751996263862 ], [ 654009.247676057857461, 6340637.831300794146955 ], [ 654003.809177734539844, 6340637.831300794146955 ], [ 654003.809177734539844, 6340632.340751996263862 ], [ 653971.17818779440131, 6340632.340751996263862 ], [ 653971.17818779440131, 6340637.831300794146955 ], [ 653960.301191147649661, 6340637.831300794146955 ], [ 653960.301191147649661, 6340665.284044780768454 ], [ 653987.493682764470577, 6340665.284044780768454 ], [ 653987.493682764470577, 6340670.774593577720225 ], [ 654047.317164321430027, 6340670.774593577720225 ], [ 654047.317164321430027, 6340676.265142375603318 ], [ 654074.509655938250944, 6340676.265142375603318 ], [ 654074.509655938250944, 6340703.717886362224817 ], [ 654079.948154261684977, 6340703.717886362224817 ], [ 654079.948154261684977, 6340709.208435160107911 ], [ 654085.386652585002594, 6340709.208435160107911 ], [ 654085.386652585002594, 6340720.189532754011452 ], [ 654087.909901583567262, 6340720.189532754011452 ], [ 654087.444436588324606, 6340719.412951325066388 ], [ 654087.024853906594217, 6340718.525818280875683 ], [ 654086.694245874416083, 6340717.601830729283392 ], [ 654086.455796427675523, 6340716.649887177161872 ], [ 654086.311801964999177, 6340715.679155359975994 ], [ 654086.263649231754243, 6340714.698983957059681 ], [ 654086.263649231754243, 6340681.755691172555089 ], [ 654086.311801964999177, 6340680.775519769638777 ], [ 654086.455796427675523, 6340679.804787952452898 ], [ 654086.694245874416083, 6340678.852844400331378 ], [ 654087.024853906594217, 6340677.928856848739088 ], [ 654087.444436588324606, 6340677.041723804548383 ], [ 654087.948953108745627, 6340676.199988842010498 ], [ 654088.533544698148035, 6340675.411758330650628 ], [ 654089.192581419833004, 6340674.68462336063385 ], [ 654089.919716390082613, 6340674.025586638599634 ], [ 654090.707946901558898, 6340673.440995049662888 ], [ 654091.549681863514706, 6340672.936478529125452 ], [ 654092.434910843032412, 6340672.517796402797103 ], [ 654092.463352229911834, 6340672.438308051787317 ], [ 654092.882934911642224, 6340671.551175007596612 ], [ 654093.387451432063244, 6340670.709440045058727 ], [ 654093.972043021465652, 6340669.921209533698857 ], [ 654094.631079743150622, 6340669.194074563682079 ], [ 654095.35821471340023, 6340668.535037841647863 ], [ 654096.146445224876516, 6340667.950446252711117 ], [ 654096.988180186832324, 6340667.445929732173681 ], [ 654097.875313231372274, 6340667.026347050443292 ], [ 654098.799300782498904, 6340666.695739018730819 ], [ 654099.751244334853254, 6340666.457289571873844 ], [ 654100.721976151806302, 6340666.313295109197497 ], [ 654101.702147555071861, 6340666.265142375603318 ], [ 654112.57914420182351, 6340666.265142375603318 ], [ 654112.57914420182351, 6340665.284044780768454 ], [ 654118.017642525257543, 6340665.284044780768454 ], [ 654118.017642525257543, 6340666.265142375603318 ], [ 654163.486684172879905, 6340666.265142375603318 ], [ 654163.583413115469739, 6340666.060626209713519 ], [ 654164.08792963589076, 6340665.218891247175634 ], [ 654164.672521225293167, 6340664.430660735815763 ], [ 654165.331557946978137, 6340663.703525765798986 ], [ 654166.058692917227745, 6340663.04448904376477 ], [ 654166.846923428704031, 6340662.459897454828024 ], [ 654167.688658390659839, 6340661.955380934290588 ], [ 654168.573887370177545, 6340661.536698807962239 ], [ 654168.602328757056966, 6340661.457210456952453 ], [ 654169.021911438787356, 6340660.570077412761748 ], [ 654169.526427959208377, 6340659.728342450223863 ], [ 654170.111019548610784, 6340658.940111938863993 ], [ 654170.770056270295754, 6340658.212976968847215 ], [ 654171.497191240545362, 6340657.553940246812999 ], [ 654172.285421752021648, 6340656.969348657876253 ], [ 654172.402625758899376, 6340656.89909927919507 ], [ 654172.402625758899376, 6340643.321849591098726 ], [ 654183.27962240553461, 6340643.321849591098726 ], [ 654183.27962240553461, 6340651.408550482243299 ], [ 654184.004153360729106, 6340650.974283339455724 ], [ 654184.891286405269057, 6340650.554700657725334 ], [ 654185.815273956395686, 6340650.224092626012862 ], [ 654186.767217508750036, 6340649.985643179155886 ], [ 654187.737949325703084, 6340649.84164871647954 ], [ 654188.718120728968643, 6340649.793495982885361 ], [ 654189.595117375720292, 6340649.793495982885361 ], [ 654189.595117375720292, 6340648.812398388981819 ], [ 654189.643270108965226, 6340647.832226986065507 ], [ 654189.787264571641572, 6340646.861495168879628 ], [ 654190.025714018382132, 6340645.909551616758108 ], [ 654190.356322050560266, 6340644.985564065165818 ], [ 654190.775904732290655, 6340644.098431020975113 ], [ 654191.280421252711676, 6340643.256696058437228 ], [ 654191.865012842114083, 6340642.468465547077358 ], [ 654192.524049563799053, 6340641.74133057706058 ], [ 654193.251184534048662, 6340641.082293855026364 ], [ 654194.039415045524947, 6340640.497702266089618 ], [ 654194.881150007480755, 6340639.993185745552182 ], [ 654195.766378986649215, 6340639.574503619223833 ], [ 654195.794820373877883, 6340639.495015267282724 ], [ 654196.214403055608273, 6340638.60788222309202 ], [ 654196.679868050850928, 6340637.831300794146955 ], [ 654183.27962240553461, 6340637.831300794146955 ], [ 654183.27962240553461, 6340593.906910414807498 ], [ 654166.964127435465343, 6340593.906910414807498 ], [ 654166.964127435465343, 6340588.416361617855728 ], [ 654161.525629112147726, 6340588.416361617855728 ], [ 654161.525629112147726, 6340566.454166428185999 ], [ 654166.964127435465343, 6340566.454166428185999 ], [ 654166.964127435465343, 6340539.0014224415645 ], [ 654161.525629112147726, 6340539.0014224415645 ], [ 654161.525629112147726, 6340533.510873643681407 ], [ 654156.087130788713694, 6340533.510873643681407 ], [ 654156.087130788713694, 6340528.020324846729636 ], [ 654150.648632465396076, 6340528.020324846729636 ], [ 654150.648632465396076, 6340506.058129657059908 ], [ 654145.210134142078459, 6340506.058129657059908 ], [ 654145.210134142078459, 6340495.077032062225044 ], [ 654150.648632465396076, 6340495.077032062225044 ], [ 654150.648632465396076, 6340484.09593446739018 ], [ 654156.087130788713694, 6340484.09593446739018 ], [ 654156.087130788713694, 6340478.605385670438409 ], [ 654166.964127435465343, 6340478.605385670438409 ], [ 654166.964127435465343, 6340473.114836872555315 ], [ 654188.718120728968643, 6340473.114836872555315 ], [ 654188.718120728968643, 6340478.605385670438409 ], [ 654199.595117375720292, 6340478.605385670438409 ], [ 654199.595117375720292, 6340484.09593446739018 ], [ 654210.472114022355527, 6340484.09593446739018 ], [ 654210.472114022355527, 6340495.077032062225044 ], [ 654215.910612345789559, 6340495.077032062225044 ], [ 654215.910612345789559, 6340506.058129657059908 ], [ 654210.472114022355527, 6340506.058129657059908 ], [ 654210.472114022355527, 6340533.510873643681407 ], [ 654243.103103962610476, 6340533.510873643681407 ], [ 654243.103103962610476, 6340517.039227251894772 ], [ 654248.541602285928093, 6340517.039227251894772 ], [ 654248.541602285928093, 6340511.548678454011679 ], [ 654259.418598932679743, 6340511.548678454011679 ], [ 654259.418598932679743, 6340506.058129657059908 ], [ 654264.85709725599736, 6340506.058129657059908 ], [ 654264.85709725599736, 6340500.567580859176815 ], [ 654270.295595579431392, 6340500.567580859176815 ], [ 654270.295595579431392, 6340495.077032062225044 ], [ 654275.734093902749009, 6340495.077032062225044 ], [ 654275.734093902749009, 6340489.58648326434195 ], [ 654281.172592226183042, 6340489.58648326434195 ], [ 654281.172592226183042, 6340456.643190480768681 ], [ 654275.734093902749009, 6340456.643190480768681 ], [ 654275.734093902749009, 6340445.662092885933816 ], [ 654270.295595579431392, 6340445.662092885933816 ], [ 654270.295595579431392, 6340440.171544088050723 ], [ 654281.172592226183042, 6340440.171544088050723 ], [ 654281.172592226183042, 6340412.718800101429224 ], [ 654253.980100609362125, 6340412.718800101429224 ], [ 654253.980100609362125, 6340407.228251304477453 ], [ 654259.418598932679743, 6340407.228251304477453 ], [ 654259.418598932679743, 6340379.775507316924632 ], [ 654253.980100609362125, 6340379.775507316924632 ], [ 654253.980100609362125, 6340368.794409722089767 ], [ 654226.787608992541209, 6340368.794409722089767 ], [ 654226.787608992541209, 6340385.266056114807725 ], [ 654215.910612345789559, 6340385.266056114807725 ], [ 654215.910612345789559, 6340379.775507316924632 ], [ 654210.472114022355527, 6340379.775507316924632 ], [ 654210.472114022355527, 6340368.794409722089767 ], [ 654199.595117375720292, 6340368.794409722089767 ], [ 654199.595117375720292, 6340363.303860925137997 ], [ 654194.15661905228626, 6340363.303860925137997 ], [ 654194.15661905228626, 6340357.813312128186226 ], [ 654128.894639171892777, 6340357.813312128186226 ], [ 654128.894639171892777, 6340352.322763330303133 ], [ 654123.45614084857516, 6340352.322763330303133 ], [ 654123.45614084857516, 6340346.832214533351362 ], [ 654118.017642525257543, 6340346.832214533351362 ], [ 654118.017642525257543, 6340341.341665735468268 ], [ 654090.825150908436626, 6340341.341665735468268 ], [ 654090.825150908436626, 6340346.832214533351362 ], [ 654085.386652585002594, 6340346.832214533351362 ], [ 654085.386652585002594, 6340352.322763330303133 ], [ 654074.509655938250944, 6340352.322763330303133 ], [ 654074.509655938250944, 6340357.813312128186226 ], [ 654069.071157614933327, 6340357.813312128186226 ], [ 654069.071157614933327, 6340363.303860925137997 ], [ 654063.632659291499294, 6340363.303860925137997 ], [ 654063.632659291499294, 6340368.794409722089767 ], [ 654058.194160968181677, 6340368.794409722089767 ], [ 654058.194160968181677, 6340374.284958519972861 ], [ 654052.75566264486406, 6340374.284958519972861 ], [ 654052.75566264486406, 6340379.775507316924632 ], [ 654047.317164321430027, 6340379.775507316924632 ], [ 654047.317164321430027, 6340396.247153709642589 ], [ 654031.001669351360761, 6340396.247153709642589 ], [ 654031.001669351360761, 6340352.322763330303133 ], [ 654003.809177734539844, 6340352.322763330303133 ], [ 654003.809177734539844, 6340363.303860925137997 ], [ 653987.493682764470577, 6340363.303860925137997 ], [ 653987.493682764470577, 6340368.794409722089767 ], [ 653976.616686117718928, 6340368.794409722089767 ], [ 653976.616686117718928, 6340374.284958519972861 ], [ 653971.17818779440131, 6340374.284958519972861 ], [ 653971.17818779440131, 6340407.228251304477453 ], [ 653976.616686117718928, 6340407.228251304477453 ], [ 653976.616686117718928, 6340418.209348899312317 ], [ 653992.932181087788194, 6340418.209348899312317 ], [ 653992.932181087788194, 6340434.680995291098952 ], [ 654003.809177734539844, 6340434.680995291098952 ], [ 654003.809177734539844, 6340440.171544088050723 ], [ 654020.124672704609111, 6340440.171544088050723 ], [ 654020.124672704609111, 6340445.662092885933816 ], [ 654025.563171028043143, 6340445.662092885933816 ], [ 654025.563171028043143, 6340451.152641682885587 ], [ 653949.424194500898011, 6340451.152641682885587 ], [ 653949.424194500898011, 6340456.643190480768681 ], [ 653943.985696177580394, 6340456.643190480768681 ], [ 653943.985696177580394, 6340462.133739277720451 ], [ 653938.547197854146361, 6340462.133739277720451 ], [ 653938.547197854146361, 6340467.624288075603545 ] ], [ [ 654031.001669351360761, 6340451.152641682885587 ], [ 654031.001669351360761, 6340456.643190480768681 ], [ 654025.563171028043143, 6340456.643190480768681 ], [ 654025.563171028043143, 6340451.152641682885587 ], [ 654031.001669351360761, 6340451.152641682885587 ] ], [ [ 654128.894639171892777, 6340665.284044780768454 ], [ 654128.894639171892777, 6340648.812398388981819 ], [ 654139.771635818644427, 6340648.812398388981819 ], [ 654139.771635818644427, 6340654.30294718593359 ], [ 654145.210134142078459, 6340654.30294718593359 ], [ 654145.210134142078459, 6340665.284044780768454 ], [ 654128.894639171892777, 6340665.284044780768454 ] ], [ [ 654069.071157614933327, 6340462.133739277720451 ], [ 654069.071157614933327, 6340467.624288075603545 ], [ 654079.948154261684977, 6340467.624288075603545 ], [ 654079.948154261684977, 6340473.114836872555315 ], [ 654058.194160968181677, 6340473.114836872555315 ], [ 654058.194160968181677, 6340484.09593446739018 ], [ 654052.75566264486406, 6340484.09593446739018 ], [ 654052.75566264486406, 6340489.58648326434195 ], [ 654031.001669351360761, 6340489.58648326434195 ], [ 654031.001669351360761, 6340484.09593446739018 ], [ 654036.440167674678378, 6340484.09593446739018 ], [ 654036.440167674678378, 6340456.643190480768681 ], [ 654063.632659291499294, 6340456.643190480768681 ], [ 654063.632659291499294, 6340462.133739277720451 ], [ 654069.071157614933327, 6340462.133739277720451 ] ], [ [ 654123.45614084857516, 6340434.680995291098952 ], [ 654123.45614084857516, 6340429.190446493215859 ], [ 654128.894639171892777, 6340429.190446493215859 ], [ 654128.894639171892777, 6340423.699897696264088 ], [ 654134.33313749532681, 6340423.699897696264088 ], [ 654134.33313749532681, 6340434.680995291098952 ], [ 654123.45614084857516, 6340434.680995291098952 ] ] ], [ [ [ 654101.702147555071861, 6340753.132825538516045 ], [ 654101.702147555071861, 6340780.585569525137544 ], [ 654107.140645878505893, 6340780.585569525137544 ], [ 654107.140645878505893, 6340786.076118323020637 ], [ 654118.017642525257543, 6340786.076118323020637 ], [ 654118.017642525257543, 6340791.566667119972408 ], [ 654150.648632465396076, 6340791.566667119972408 ], [ 654150.648632465396076, 6340786.076118323020637 ], [ 654172.402625758899376, 6340786.076118323020637 ], [ 654172.402625758899376, 6340780.585569525137544 ], [ 654188.718120728968643, 6340780.585569525137544 ], [ 654188.718120728968643, 6340775.095020728185773 ], [ 654194.15661905228626, 6340775.095020728185773 ], [ 654194.15661905228626, 6340769.604471931234002 ], [ 654215.910612345789559, 6340769.604471931234002 ], [ 654215.910612345789559, 6340764.113923133350909 ], [ 654221.349110669107176, 6340764.113923133350909 ], [ 654221.349110669107176, 6340758.623374336399138 ], [ 654237.664605639176443, 6340758.623374336399138 ], [ 654237.664605639176443, 6340753.132825538516045 ], [ 654248.541602285928093, 6340753.132825538516045 ], [ 654248.541602285928093, 6340747.642276741564274 ], [ 654259.418598932679743, 6340747.642276741564274 ], [ 654259.418598932679743, 6340742.15172794368118 ], [ 654270.295595579431392, 6340742.15172794368118 ], [ 654270.295595579431392, 6340736.66117914672941 ], [ 654275.734093902749009, 6340736.66117914672941 ], [ 654275.734093902749009, 6340731.170630348846316 ], [ 654281.172592226183042, 6340731.170630348846316 ], [ 654281.172592226183042, 6340725.680081551894546 ], [ 654286.611090549500659, 6340725.680081551894546 ], [ 654286.611090549500659, 6340706.61228306684643 ], [ 654285.886559594422579, 6340707.046550208702683 ], [ 654284.999426549882628, 6340707.466132890433073 ], [ 654284.075438998755999, 6340707.796740922145545 ], [ 654283.123495446401648, 6340708.035190369002521 ], [ 654282.1527636294486, 6340708.179184831678867 ], [ 654281.172592226183042, 6340708.227337565273046 ], [ 654273.773038841667585, 6340708.227337565273046 ], [ 654273.676309899426997, 6340708.431853730231524 ], [ 654273.171793379005976, 6340709.273588692769408 ], [ 654272.587201789603569, 6340710.061819204129279 ], [ 654271.928165067918599, 6340710.788954174146056 ], [ 654271.20103009766899, 6340711.447990896180272 ], [ 654270.412799586192705, 6340712.032582485117018 ], [ 654269.571064624236897, 6340712.537099005654454 ], [ 654268.685835645068437, 6340712.955781131982803 ], [ 654268.657394257839769, 6340713.035269483923912 ], [ 654268.23781157610938, 6340713.922402528114617 ], [ 654267.733295055688359, 6340714.764137490652502 ], [ 654267.148703466285951, 6340715.552368002012372 ], [ 654266.489666744600981, 6340716.27950297202915 ], [ 654265.762531774351373, 6340716.938539694063365 ], [ 654264.974301262875088, 6340717.523131283000112 ], [ 654264.132566300919279, 6340718.027647803537548 ], [ 654263.245433256379329, 6340718.447230485267937 ], [ 654262.3214457052527, 6340718.77783851698041 ], [ 654261.369502152898349, 6340719.016287963837385 ], [ 654260.398770335945301, 6340719.160282426513731 ], [ 654259.418598932679743, 6340719.208435160107911 ], [ 654257.457543871598318, 6340719.208435160107911 ], [ 654257.36081492935773, 6340719.412951325066388 ], [ 654256.856298408936709, 6340720.254686287604272 ], [ 654256.271706819534302, 6340721.042916798964143 ], [ 654255.612670097849332, 6340721.77005176898092 ], [ 654254.885535127599724, 6340722.429088491015136 ], [ 654254.097304616123438, 6340723.013680079951882 ], [ 654253.25556965416763, 6340723.518196600489318 ], [ 654252.368436609627679, 6340723.937779282219708 ], [ 654251.44444905850105, 6340724.26838731393218 ], [ 654250.492505506146699, 6340724.506836760789156 ], [ 654249.521773689193651, 6340724.650831223465502 ], [ 654248.541602285928093, 6340724.698983957059681 ], [ 654246.580547224846669, 6340724.698983957059681 ], [ 654246.48381828260608, 6340724.903500122018158 ], [ 654245.979301762185059, 6340725.745235084556043 ], [ 654245.394710172782652, 6340726.533465595915914 ], [ 654244.735673451097682, 6340727.260600565932691 ], [ 654244.008538480848074, 6340727.919637287966907 ], [ 654243.220307969371788, 6340728.504228876903653 ], [ 654242.37857300741598, 6340729.008745397441089 ], [ 654241.491439962876029, 6340729.428328079171479 ], [ 654240.5674524117494, 6340729.758936110883951 ], [ 654239.61550885939505, 6340729.997385557740927 ], [ 654238.644777042442001, 6340730.141380020417273 ], [ 654237.664605639176443, 6340730.189532754011452 ], [ 654219.388055608374998, 6340730.189532754011452 ], [ 654219.291326665785164, 6340730.394048919901252 ], [ 654218.786810145364143, 6340731.235783882439137 ], [ 654218.202218555961736, 6340732.024014393799007 ], [ 654217.543181834276766, 6340732.751149363815784 ], [ 654216.816046864027157, 6340733.41018608585 ], [ 654216.027816352550872, 6340733.994777674786747 ], [ 654215.186081390595064, 6340734.499294195324183 ], [ 654214.298948346055113, 6340734.918876877054572 ], [ 654213.374960794928484, 6340735.249484908767045 ], [ 654212.423017242574133, 6340735.48793435562402 ], [ 654211.452285425621085, 6340735.631928818300366 ], [ 654210.472114022355527, 6340735.680081551894546 ], [ 654209.595117375720292, 6340735.680081551894546 ], [ 654209.595117375720292, 6340736.66117914672941 ], [ 654209.546964642475359, 6340737.641350549645722 ], [ 654209.402970179799013, 6340738.612082366831601 ], [ 654209.164520733058453, 6340739.564025918953121 ], [ 654208.833912700880319, 6340740.488013470545411 ], [ 654208.414330019149929, 6340741.375146514736116 ], [ 654207.909813498728909, 6340742.216881477274001 ], [ 654207.325221909326501, 6340743.005111988633871 ], [ 654206.666185187641531, 6340743.732246958650649 ], [ 654205.939050217391923, 6340744.391283680684865 ], [ 654205.150819705915637, 6340744.975875269621611 ], [ 654204.309084743959829, 6340745.480391790159047 ], [ 654203.421951699419878, 6340745.899974471889436 ], [ 654202.497964148293249, 6340746.230582503601909 ], [ 654201.546020595938899, 6340746.469031950458884 ], [ 654200.575288778985851, 6340746.613026413135231 ], [ 654199.595117375720292, 6340746.66117914672941 ], [ 654181.318567344569601, 6340746.66117914672941 ], [ 654181.221838402329013, 6340746.865695311687887 ], [ 654180.717321881907992, 6340747.707430274225771 ], [ 654180.132730292505585, 6340748.495660785585642 ], [ 654179.473693570820615, 6340749.222795755602419 ], [ 654178.746558600571007, 6340749.881832477636635 ], [ 654177.958328089094721, 6340750.466424066573381 ], [ 654177.116593127138913, 6340750.970940587110817 ], [ 654176.229460082598962, 6340751.390523268841207 ], [ 654175.305472531472333, 6340751.721131300553679 ], [ 654174.353528979117982, 6340751.959580747410655 ], [ 654173.382797162164934, 6340752.103575210087001 ], [ 654172.402625758899376, 6340752.15172794368118 ], [ 654165.003072374733165, 6340752.15172794368118 ], [ 654164.906343432143331, 6340752.35624410957098 ], [ 654164.40182691172231, 6340753.197979072108865 ], [ 654163.817235322319902, 6340753.986209583468735 ], [ 654163.158198600634933, 6340754.713344553485513 ], [ 654162.431063630385324, 6340755.372381275519729 ], [ 654161.642833118909039, 6340755.956972864456475 ], [ 654160.801098156953231, 6340756.461489384993911 ], [ 654159.91396511241328, 6340756.8810720667243 ], [ 654158.989977561286651, 6340757.211680098436773 ], [ 654158.0380340089323, 6340757.450129545293748 ], [ 654157.067302191979252, 6340757.594124007970095 ], [ 654156.087130788713694, 6340757.642276741564274 ], [ 654139.771635818644427, 6340757.642276741564274 ], [ 654139.771635818644427, 6340758.623374336399138 ], [ 654128.894639171892777, 6340758.623374336399138 ], [ 654128.894639171892777, 6340757.642276741564274 ], [ 654123.45614084857516, 6340757.642276741564274 ], [ 654122.475969445309602, 6340757.594124007970095 ], [ 654121.505237628356554, 6340757.450129545293748 ], [ 654120.553294076002203, 6340757.211680098436773 ], [ 654119.629306524875574, 6340756.8810720667243 ], [ 654118.742173480335623, 6340756.461489384993911 ], [ 654117.900438518379815, 6340755.956972864456475 ], [ 654117.112208006903529, 6340755.372381275519729 ], [ 654116.385073036653921, 6340754.713344553485513 ], [ 654115.726036314968951, 6340753.986209583468735 ], [ 654115.141444725566544, 6340753.197979072108865 ], [ 654115.102393200388178, 6340753.132825538516045 ], [ 654101.702147555071861, 6340753.132825538516045 ] ] ], [ [ [ 654205.03361569903791, 6340615.869105604477227 ], [ 654205.03361569903791, 6340629.446355292573571 ], [ 654205.75814665411599, 6340629.012088150717318 ], [ 654205.910612345789559, 6340628.939977249130607 ], [ 654205.910612345789559, 6340621.359654401428998 ], [ 654205.958765079034492, 6340620.379482998512685 ], [ 654206.102759541710839, 6340619.408751181326807 ], [ 654206.341208988451399, 6340618.456807629205287 ], [ 654206.671817020629533, 6340617.532820077612996 ], [ 654207.091399702359922, 6340616.645687033422291 ], [ 654207.556864697602578, 6340615.869105604477227 ], [ 654205.03361569903791, 6340615.869105604477227 ] ] ], [ [ [ 652774.708556654164568, 6340846.472155094146729 ], [ 652774.708556654164568, 6340840.981606296263635 ], [ 652747.516065037343651, 6340840.981606296263635 ], [ 652747.516065037343651, 6340846.472155094146729 ], [ 652736.639068390592001, 6340846.472155094146729 ], [ 652736.639068390592001, 6340851.962703891098499 ], [ 652725.762071743956767, 6340851.962703891098499 ], [ 652725.762071743956767, 6340879.415447878651321 ], [ 652682.254085156950168, 6340879.415447878651321 ], [ 652682.254085156950168, 6340884.905996675603092 ], [ 652671.377088510314934, 6340884.905996675603092 ], [ 652671.377088510314934, 6340890.396545472554862 ], [ 652665.938590186880901, 6340890.396545472554862 ], [ 652665.938590186880901, 6340895.887094270437956 ], [ 652660.500091863563284, 6340895.887094270437956 ], [ 652660.500091863563284, 6340890.396545472554862 ], [ 652633.307600246742368, 6340890.396545472554862 ], [ 652633.307600246742368, 6340895.887094270437956 ], [ 652627.869101923308335, 6340895.887094270437956 ], [ 652627.869101923308335, 6340901.377643067389727 ], [ 652622.430603599990718, 6340901.377643067389727 ], [ 652622.430603599990718, 6340906.86819186527282 ], [ 652616.992105276673101, 6340906.86819186527282 ], [ 652616.992105276673101, 6340917.849289460107684 ], [ 652557.168623719597235, 6340917.849289460107684 ], [ 652557.168623719597235, 6340936.917087946087122 ], [ 652557.893154674791731, 6340936.482820803299546 ], [ 652558.780287719331682, 6340936.063238121569157 ], [ 652559.704275270458311, 6340935.732630089856684 ], [ 652560.656218822812662, 6340935.494180642999709 ], [ 652561.62695063976571, 6340935.350186180323362 ], [ 652562.607122043031268, 6340935.302033446729183 ], [ 652575.445173750747927, 6340935.302033446729183 ], [ 652575.541902692988515, 6340935.097517281770706 ], [ 652576.046419213409536, 6340934.255782319232821 ], [ 652576.631010802811943, 6340933.467551807872951 ], [ 652577.290047524496913, 6340932.740416837856174 ], [ 652578.017182494746521, 6340932.081380115821958 ], [ 652578.805413006222807, 6340931.496788526885211 ], [ 652579.647147968178615, 6340930.992272006347775 ], [ 652580.534281012718566, 6340930.572689324617386 ], [ 652581.458268563845195, 6340930.242081292904913 ], [ 652582.410212116199546, 6340930.003631846047938 ], [ 652583.380943933152594, 6340929.859637383371592 ], [ 652584.361115336418152, 6340929.811484649777412 ], [ 652602.637665367219597, 6340929.811484649777412 ], [ 652602.734394309809431, 6340929.606968483887613 ], [ 652603.238910830230452, 6340928.765233521349728 ], [ 652603.82350241963286, 6340927.977003009989858 ], [ 652604.482539141317829, 6340927.24986803997308 ], [ 652605.209674111567438, 6340926.590831317938864 ], [ 652605.997904623043723, 6340926.006239729002118 ], [ 652606.839639584999532, 6340925.501723208464682 ], [ 652607.726772629539482, 6340925.082140526734293 ], [ 652608.650760180666111, 6340924.75153249502182 ], [ 652609.602703733020462, 6340924.513083048164845 ], [ 652610.57343554997351, 6340924.369088585488498 ], [ 652611.553606953239068, 6340924.320935851894319 ], [ 652624.391658661072142, 6340924.320935851894319 ], [ 652624.488387603312731, 6340924.116419686935842 ], [ 652624.992904123733751, 6340923.274684724397957 ], [ 652625.577495713136159, 6340922.486454213038087 ], [ 652626.236532434821129, 6340921.759319243021309 ], [ 652626.963667405070737, 6340921.100282520987093 ], [ 652627.751897916547023, 6340920.515690932050347 ], [ 652628.593632878502831, 6340920.011174411512911 ], [ 652629.480765923042782, 6340919.591591729782522 ], [ 652630.404753474169411, 6340919.260983698070049 ], [ 652631.356697026523761, 6340919.022534251213074 ], [ 652632.32742884347681, 6340918.878539788536727 ], [ 652633.307600246742368, 6340918.830387054942548 ], [ 652635.268655307474546, 6340918.830387054942548 ], [ 652635.36538425006438, 6340918.625870889052749 ], [ 652635.869900770485401, 6340917.784135926514864 ], [ 652636.454492359887809, 6340916.995905415154994 ], [ 652637.113529081572779, 6340916.268770445138216 ], [ 652637.840664051822387, 6340915.609733723104 ], [ 652638.628894563298672, 6340915.025142134167254 ], [ 652639.470629525254481, 6340914.520625613629818 ], [ 652640.357762569794431, 6340914.101042931899428 ], [ 652641.28175012092106, 6340913.770434900186956 ], [ 652642.233693673275411, 6340913.53198545332998 ], [ 652643.204425490228459, 6340913.387990990653634 ], [ 652644.184596893494017, 6340913.339838257059455 ], [ 652651.584150277893059, 6340913.339838257059455 ], [ 652651.680879220133647, 6340913.135322092100978 ], [ 652652.185395740554668, 6340912.293587129563093 ], [ 652652.769987329957075, 6340911.505356618203223 ], [ 652653.429024051642045, 6340910.778221648186445 ], [ 652654.156159021891654, 6340910.119184926152229 ], [ 652654.944389533367939, 6340909.534593337215483 ], [ 652655.786124495323747, 6340909.030076816678047 ], [ 652656.673257539863698, 6340908.610494134947658 ], [ 652657.597245090990327, 6340908.279886103235185 ], [ 652658.549188643344678, 6340908.04143665637821 ], [ 652659.519920460297726, 6340907.897442193701863 ], [ 652660.500091863563284, 6340907.849289460107684 ], [ 652711.407631834503263, 6340907.849289460107684 ], [ 652711.504360777093098, 6340907.644773294217885 ], [ 652712.008877297514118, 6340906.80303833168 ], [ 652712.593468886916526, 6340906.014807820320129 ], [ 652713.252505608601496, 6340905.287672850303352 ], [ 652713.979640578851104, 6340904.628636128269136 ], [ 652714.76787109032739, 6340904.04404453933239 ], [ 652715.609606052283198, 6340903.539528018794954 ], [ 652716.496739096823148, 6340903.119945337064564 ], [ 652717.420726647949778, 6340902.789337305352092 ], [ 652718.372670200304128, 6340902.550887858495116 ], [ 652719.343402017257176, 6340902.40689339581877 ], [ 652720.323573420522735, 6340902.358740662224591 ], [ 652744.038621775107458, 6340902.358740662224591 ], [ 652744.135350717348047, 6340902.154224497266114 ], [ 652744.639867237769067, 6340901.312489534728229 ], [ 652745.224458827171475, 6340900.524259023368359 ], [ 652745.883495548856445, 6340899.797124053351581 ], [ 652746.610630519106053, 6340899.138087331317365 ], [ 652747.398861030582339, 6340898.553495742380619 ], [ 652748.240595992538147, 6340898.048979221843183 ], [ 652749.125824971706606, 6340897.630297095514834 ], [ 652749.154266358935274, 6340897.550808743573725 ], [ 652749.573849040665664, 6340896.66367569938302 ], [ 652750.078365561086684, 6340895.821940736845136 ], [ 652750.662957150489092, 6340895.033710225485265 ], [ 652751.321993872174062, 6340894.306575255468488 ], [ 652752.04912884242367, 6340893.647538533434272 ], [ 652752.837359353899956, 6340893.062946944497526 ], [ 652753.679094315855764, 6340892.55843042396009 ], [ 652754.566227360395715, 6340892.1388477422297 ], [ 652755.490214911522344, 6340891.808239710517228 ], [ 652756.442158463876694, 6340891.569790263660252 ], [ 652757.412890280829743, 6340891.425795800983906 ], [ 652758.393061684095301, 6340891.377643067389727 ], [ 652809.300601655384526, 6340891.377643067389727 ], [ 652809.397330597625114, 6340891.17312690243125 ], [ 652809.901847118046135, 6340890.331391939893365 ], [ 652810.486438707448542, 6340889.543161428533494 ], [ 652811.145475429133512, 6340888.816026458516717 ], [ 652811.87261039938312, 6340888.156989736482501 ], [ 652812.660840910859406, 6340887.572398147545755 ], [ 652813.502575872815214, 6340887.067881627008319 ], [ 652814.389708917355165, 6340886.648298945277929 ], [ 652815.313696468481794, 6340886.317690913565457 ], [ 652816.265640020836145, 6340886.079241466708481 ], [ 652817.236371837789193, 6340885.935247004032135 ], [ 652818.216543241054751, 6340885.887094270437956 ], [ 652847.370089918607846, 6340885.887094270437956 ], [ 652847.46681886119768, 6340885.682578104548156 ], [ 652847.971335381618701, 6340884.840843142010272 ], [ 652848.555926971021108, 6340884.052612630650401 ], [ 652849.214963692706078, 6340883.325477660633624 ], [ 652849.942098662955686, 6340882.666440938599408 ], [ 652850.730329174431972, 6340882.081849349662662 ], [ 652851.57206413638778, 6340881.577332829125226 ], [ 652852.459197180927731, 6340881.157750147394836 ], [ 652853.38318473205436, 6340880.827142115682364 ], [ 652854.335128284408711, 6340880.588692668825388 ], [ 652855.305860101361759, 6340880.444698206149042 ], [ 652856.286031504627317, 6340880.396545472554862 ], [ 652858.247086565708742, 6340880.396545472554862 ], [ 652858.34381550794933, 6340880.192029307596385 ], [ 652858.848332028370351, 6340879.350294345058501 ], [ 652859.432923617772758, 6340878.56206383369863 ], [ 652860.091960339457728, 6340877.834928863681853 ], [ 652860.819095309707336, 6340877.175892141647637 ], [ 652861.607325821183622, 6340876.591300552710891 ], [ 652862.44906078313943, 6340876.086784032173455 ], [ 652863.336193827679381, 6340875.667201350443065 ], [ 652864.26018137880601, 6340875.336593318730593 ], [ 652865.212124931160361, 6340875.098143871873617 ], [ 652866.182856748113409, 6340874.954149409197271 ], [ 652867.163028151378967, 6340874.905996675603092 ], [ 652901.755073152598925, 6340874.905996675603092 ], [ 652901.851802094839513, 6340874.701480510644615 ], [ 652902.356318615260534, 6340873.85974554810673 ], [ 652902.940910204662941, 6340873.07151503674686 ], [ 652903.599946926347911, 6340872.344380066730082 ], [ 652904.32708189659752, 6340871.685343344695866 ], [ 652905.115312408073805, 6340871.10075175575912 ], [ 652905.957047370029613, 6340870.596235235221684 ], [ 652906.844180414569564, 6340870.176652553491294 ], [ 652907.768167965696193, 6340869.846044521778822 ], [ 652908.720111518050544, 6340869.607595074921846 ], [ 652909.690843335003592, 6340869.4636006122455 ], [ 652910.67101473826915, 6340869.415447878651321 ], [ 652959.617499648593366, 6340869.415447878651321 ], [ 652960.597671051858924, 6340869.4636006122455 ], [ 652961.568402868811972, 6340869.607595074921846 ], [ 652962.336748810252175, 6340869.800055714324117 ], [ 652963.105094751692377, 6340869.607595074921846 ], [ 652964.075826568645425, 6340869.4636006122455 ], [ 652965.055997971910983, 6340869.415447878651321 ], [ 652999.648042972898111, 6340869.415447878651321 ], [ 652999.744771915487945, 6340869.210931712761521 ], [ 653000.249288435908966, 6340868.369196750223637 ], [ 653000.833880025311373, 6340867.580966238863766 ], [ 653001.492916746996343, 6340866.853831268846989 ], [ 653002.220051717245951, 6340866.194794546812773 ], [ 653003.008282228722237, 6340865.610202957876027 ], [ 653003.850017190678045, 6340865.105686437338591 ], [ 653004.737150235217996, 6340864.686103755608201 ], [ 653005.661137786344625, 6340864.355495723895729 ], [ 653006.613081338698976, 6340864.117046277038753 ], [ 653007.583813155652024, 6340863.973051814362407 ], [ 653008.563984558917582, 6340863.924899080768228 ], [ 653048.594527883455157, 6340863.924899080768228 ], [ 653048.691256825695746, 6340863.720382915809751 ], [ 653049.195773346116766, 6340862.878647953271866 ], [ 653049.780364935519174, 6340862.090417441911995 ], [ 653050.439401657204144, 6340861.363282471895218 ], [ 653051.166536627453752, 6340860.704245749861002 ], [ 653051.954767138930038, 6340860.119654160924256 ], [ 653052.796502100885846, 6340859.61513764038682 ], [ 653053.683635145425797, 6340859.19555495865643 ], [ 653054.607622696552426, 6340858.864946926943958 ], [ 653055.559566248906776, 6340858.626497480086982 ], [ 653056.530298065859824, 6340858.482503017410636 ], [ 653057.510469469125383, 6340858.434350283816457 ], [ 653119.295006086817011, 6340858.434350283816457 ], [ 653119.391735029406846, 6340858.229834117926657 ], [ 653119.896251549827866, 6340857.388099155388772 ], [ 653120.480843139230274, 6340856.599868644028902 ], [ 653121.139879860915244, 6340855.872733674012125 ], [ 653121.867014831164852, 6340855.213696951977909 ], [ 653122.655245342641138, 6340854.629105363041162 ], [ 653123.496980304596946, 6340854.124588842503726 ], [ 653124.384113349136896, 6340853.705006160773337 ], [ 653125.308100900263526, 6340853.374398129060864 ], [ 653126.260044452617876, 6340853.135948682203889 ], [ 653127.230776269570924, 6340852.991954219527543 ], [ 653128.210947672836483, 6340852.943801485933363 ], [ 653151.925996027421206, 6340852.943801485933363 ], [ 653152.022724969661795, 6340852.739285320974886 ], [ 653152.527241490082815, 6340851.897550358437002 ], [ 653153.111833079485223, 6340851.109319847077131 ], [ 653153.770869801170193, 6340850.382184877060354 ], [ 653154.498004771419801, 6340849.723148155026138 ], [ 653155.286235282896087, 6340849.138556566089392 ], [ 653156.127970244851895, 6340848.634040045551956 ], [ 653157.015103289391845, 6340848.214457363821566 ], [ 653157.939090840518475, 6340847.883849332109094 ], [ 653158.891034392872825, 6340847.645399885252118 ], [ 653159.861766209825873, 6340847.501405422575772 ], [ 653160.841937613091432, 6340847.453252688981593 ], [ 653206.310979260713793, 6340847.453252688981593 ], [ 653206.407708203303628, 6340847.248736523091793 ], [ 653206.912224723724648, 6340846.407001560553908 ], [ 653207.496816313127056, 6340845.618771049194038 ], [ 653208.155853034812026, 6340844.89163607917726 ], [ 653208.882988005061634, 6340844.232599357143044 ], [ 653209.67121851653792, 6340843.648007768206298 ], [ 653210.512953478493728, 6340843.143491247668862 ], [ 653211.400086523033679, 6340842.723908565938473 ], [ 653212.324074074160308, 6340842.393300534226 ], [ 653213.276017626514658, 6340842.154851087369025 ], [ 653214.246749443467706, 6340842.010856624692678 ], [ 653215.226920846733265, 6340841.962703891098499 ], [ 653233.503470877883956, 6340841.962703891098499 ], [ 653233.600199820124544, 6340841.758187726140022 ], [ 653234.104716340545565, 6340840.916452763602138 ], [ 653234.689307929947972, 6340840.128222252242267 ], [ 653235.348344651632942, 6340839.40108728222549 ], [ 653236.07547962188255, 6340838.742050560191274 ], [ 653236.863710133358836, 6340838.157458971254528 ], [ 653237.705445095314644, 6340837.652942450717092 ], [ 653238.592578139854595, 6340837.233359768986702 ], [ 653239.516565690981224, 6340836.90275173727423 ], [ 653240.468509243335575, 6340836.664302290417254 ], [ 653241.439241060288623, 6340836.520307827740908 ], [ 653242.419412463554181, 6340836.472155094146729 ], [ 653249.818965847603977, 6340836.472155094146729 ], [ 653249.915694790193811, 6340836.267638928256929 ], [ 653250.420211310614832, 6340835.425903965719044 ], [ 653251.004802900017239, 6340834.637673454359174 ], [ 653251.663839621702209, 6340833.910538484342396 ], [ 653252.390974591951817, 6340833.25150176230818 ], [ 653253.179205103428103, 6340832.666910173371434 ], [ 653254.020940065383911, 6340832.162393652833998 ], [ 653254.908073109923862, 6340831.742810971103609 ], [ 653255.832060661050491, 6340831.412202939391136 ], [ 653256.784004213404842, 6340831.173753492534161 ], [ 653257.75473603035789, 6340831.029759029857814 ], [ 653258.734907433623448, 6340830.981606296263635 ], [ 653309.642447404912673, 6340830.981606296263635 ], [ 653309.739176347153261, 6340830.777090131305158 ], [ 653310.243692867574282, 6340829.935355168767273 ], [ 653310.828284456976689, 6340829.147124657407403 ], [ 653311.487321178661659, 6340828.419989687390625 ], [ 653312.214456148911268, 6340827.76095296535641 ], [ 653313.002686660387553, 6340827.176361376419663 ], [ 653313.844421622343361, 6340826.671844855882227 ], [ 653314.731554666883312, 6340826.252262174151838 ], [ 653315.655542218009941, 6340825.921654142439365 ], [ 653316.607485770364292, 6340825.68320469558239 ], [ 653317.57821758731734, 6340825.539210232906044 ], [ 653318.558388990582898, 6340825.491057499311864 ], [ 653342.273437345167622, 6340825.491057499311864 ], [ 653342.37016628740821, 6340825.286541334353387 ], [ 653342.874682807829231, 6340824.444806371815503 ], [ 653343.459274397231638, 6340823.656575860455632 ], [ 653344.118311118916608, 6340822.929440890438855 ], [ 653344.845446089166217, 6340822.270404168404639 ], [ 653345.633676600642502, 6340821.685812579467893 ], [ 653346.47541156259831, 6340821.181296058930457 ], [ 653347.362544607138261, 6340820.761713377200067 ], [ 653348.28653215826489, 6340820.431105345487595 ], [ 653349.238475710619241, 6340820.192655898630619 ], [ 653350.209207527572289, 6340820.048661435954273 ], [ 653351.189378930837847, 6340820.000508702360094 ], [ 653358.588932314887643, 6340820.000508702360094 ], [ 653358.685661257477477, 6340819.795992536470294 ], [ 653359.190177777898498, 6340818.954257573932409 ], [ 653359.774769367300905, 6340818.166027062572539 ], [ 653360.433806088985875, 6340817.438892092555761 ], [ 653361.160941059235483, 6340816.779855370521545 ], [ 653361.949171570711769, 6340816.195263781584799 ], [ 653362.790906532667577, 6340815.690747261047363 ], [ 653363.678039577207528, 6340815.271164579316974 ], [ 653364.602027128334157, 6340814.940556547604501 ], [ 653365.553970680688508, 6340814.702107100747526 ], [ 653366.524702497641556, 6340814.558112638071179 ], [ 653367.504873900907114, 6340814.509959904477 ], [ 653380.342925608740188, 6340814.509959904477 ], [ 653380.439654550980777, 6340814.305443739518523 ], [ 653380.944171071401797, 6340813.463708776980639 ], [ 653381.528762660804205, 6340812.675478265620768 ], [ 653382.187799382489175, 6340811.948343295603991 ], [ 653382.914934352738783, 6340811.289306573569775 ], [ 653383.703164864215069, 6340810.704714984633029 ], [ 653384.544899826170877, 6340810.200198464095592 ], [ 653385.432032870710827, 6340809.780615782365203 ], [ 653386.356020421837457, 6340809.45000775065273 ], [ 653387.307963974191807, 6340809.211558303795755 ], [ 653388.278695791144855, 6340809.067563841119409 ], [ 653389.258867194410414, 6340809.019411107525229 ], [ 653402.096918901777826, 6340809.019411107525229 ], [ 653402.193647844367661, 6340808.81489494163543 ], [ 653402.698164364788681, 6340807.973159979097545 ], [ 653403.282755954191089, 6340807.184929467737675 ], [ 653403.941792675876059, 6340806.457794497720897 ], [ 653404.668927646125667, 6340805.798757775686681 ], [ 653405.457158157601953, 6340805.214166186749935 ], [ 653406.298893119557761, 6340804.709649666212499 ], [ 653407.186026164097711, 6340804.29006698448211 ], [ 653408.110013715224341, 6340803.959458952769637 ], [ 653409.061957267578691, 6340803.721009505912662 ], [ 653410.032689084531739, 6340803.577015043236315 ], [ 653411.012860487797298, 6340803.528862309642136 ], [ 653416.45135881123133, 6340803.528862309642136 ], [ 653416.45135881123133, 6340791.566667119972408 ], [ 653383.820368870976381, 6340791.566667119972408 ], [ 653383.820368870976381, 6340786.076118323020637 ], [ 653378.381870547658764, 6340786.076118323020637 ], [ 653378.381870547658764, 6340780.585569525137544 ], [ 653416.45135881123133, 6340780.585569525137544 ], [ 653416.45135881123133, 6340758.623374336399138 ], [ 653449.082348751369864, 6340758.623374336399138 ], [ 653449.082348751369864, 6340753.132825538516045 ], [ 653476.27484036819078, 6340753.132825538516045 ], [ 653476.27484036819078, 6340747.642276741564274 ], [ 653487.15183701494243, 6340747.642276741564274 ], [ 653487.15183701494243, 6340742.15172794368118 ], [ 653492.590335338260047, 6340742.15172794368118 ], [ 653492.590335338260047, 6340736.66117914672941 ], [ 653508.905830308445729, 6340736.66117914672941 ], [ 653508.905830308445729, 6340747.642276741564274 ], [ 653503.467331985011697, 6340747.642276741564274 ], [ 653503.467331985011697, 6340775.095020728185773 ], [ 653508.905830308445729, 6340775.095020728185773 ], [ 653508.905830308445729, 6340777.691172821447253 ], [ 653509.63036126352381, 6340777.256905679591 ], [ 653510.515590242692269, 6340776.838223553262651 ], [ 653510.544031629920937, 6340776.758735201321542 ], [ 653510.963614311651327, 6340775.871602157130837 ], [ 653511.468130832072347, 6340775.029867194592953 ], [ 653512.052722421474755, 6340774.241636683233082 ], [ 653512.711759143159725, 6340773.514501713216305 ], [ 653513.438894113409333, 6340772.855464991182089 ], [ 653514.227124624885619, 6340772.270873402245343 ], [ 653515.068859586841427, 6340771.766356881707907 ], [ 653515.955992631381378, 6340771.346774199977517 ], [ 653516.879980182508007, 6340771.016166168265045 ], [ 653517.831923734862357, 6340770.777716721408069 ], [ 653518.802655551815405, 6340770.633722258731723 ], [ 653519.782826955080964, 6340770.585569525137544 ], [ 653532.620878662914038, 6340770.585569525137544 ], [ 653532.717607605154626, 6340770.381053360179067 ], [ 653533.222124125575647, 6340769.539318397641182 ], [ 653533.806715714978054, 6340768.751087886281312 ], [ 653534.465752436663024, 6340768.023952916264534 ], [ 653535.192887406912632, 6340767.364916194230318 ], [ 653535.981117918388918, 6340766.780324605293572 ], [ 653536.822852880344726, 6340766.275808084756136 ], [ 653537.709985924884677, 6340765.856225403025746 ], [ 653538.633973476011306, 6340765.525617371313274 ], [ 653539.585917028365657, 6340765.287167924456298 ], [ 653540.556648845318705, 6340765.143173461779952 ], [ 653541.536820248584263, 6340765.095020728185773 ], [ 653543.497875309665687, 6340765.095020728185773 ], [ 653543.594604251906276, 6340764.890504563227296 ], [ 653544.099120772327296, 6340764.048769600689411 ], [ 653544.683712361729704, 6340763.260539089329541 ], [ 653545.342749083414674, 6340762.533404119312763 ], [ 653546.069884053664282, 6340761.874367397278547 ], [ 653546.858114565140568, 6340761.289775808341801 ], [ 653547.699849527096376, 6340760.785259287804365 ], [ 653548.586982571636327, 6340760.365676606073976 ], [ 653549.510970122762956, 6340760.035068574361503 ], [ 653550.462913675117306, 6340759.796619127504528 ], [ 653551.433645492070355, 6340759.652624664828181 ], [ 653552.413816895335913, 6340759.604471931234002 ], [ 653554.374871956068091, 6340759.604471931234002 ], [ 653554.471600898657925, 6340759.399955765344203 ], [ 653554.976117419078946, 6340758.558220802806318 ], [ 653555.560709008481354, 6340757.769990291446447 ], [ 653556.219745730166323, 6340757.04285532142967 ], [ 653556.946880700415932, 6340756.383818599395454 ], [ 653557.735111211892217, 6340755.799227010458708 ], [ 653558.576846173848026, 6340755.294710489921272 ], [ 653559.463979218387976, 6340754.875127808190882 ], [ 653560.387966769514605, 6340754.54451977647841 ], [ 653561.339910321868956, 6340754.306070329621434 ], [ 653562.310642138822004, 6340754.162075866945088 ], [ 653563.290813542087562, 6340754.113923133350909 ], [ 653565.251868603052571, 6340754.113923133350909 ], [ 653565.34859754529316, 6340753.909406968392432 ], [ 653565.85311406571418, 6340753.067672005854547 ], [ 653566.437705655116588, 6340752.279441494494677 ], [ 653567.096742376801558, 6340751.552306524477899 ], [ 653567.823877347051166, 6340750.893269802443683 ], [ 653568.612107858527452, 6340750.308678213506937 ], [ 653569.45384282048326, 6340749.804161692969501 ], [ 653570.339071799768135, 6340749.385479566641152 ], [ 653570.367513186996803, 6340749.305991214700043 ], [ 653570.787095868727192, 6340748.418858170509338 ], [ 653571.291612389148213, 6340747.577123207971454 ], [ 653571.87620397855062, 6340746.788892696611583 ], [ 653572.53524070023559, 6340746.061757726594806 ], [ 653573.262375670485198, 6340745.40272100456059 ], [ 653574.050606181961484, 6340744.818129415623844 ], [ 653574.892341143917292, 6340744.313612895086408 ], [ 653575.779474188457243, 6340743.894030213356018 ], [ 653576.703461739583872, 6340743.563422181643546 ], [ 653577.655405291938223, 6340743.32497273478657 ], [ 653578.626137108891271, 6340743.180978272110224 ], [ 653579.606308512156829, 6340743.132825538516045 ], [ 653581.567363573238254, 6340743.132825538516045 ], [ 653581.664092515478842, 6340742.928309373557568 ], [ 653582.168609035899863, 6340742.086574411019683 ], [ 653582.75320062530227, 6340741.298343899659812 ], [ 653583.41223734698724, 6340740.571208929643035 ], [ 653584.139372317236848, 6340739.912172207608819 ], [ 653584.927602828713134, 6340739.327580618672073 ], [ 653585.769337790668942, 6340738.823064098134637 ], [ 653586.654566769837402, 6340738.404381971806288 ], [ 653586.68300815706607, 6340738.324893619865179 ], [ 653587.102590838796459, 6340737.437760575674474 ], [ 653587.60710735921748, 6340736.59602561313659 ], [ 653588.191698948619887, 6340735.807795101776719 ], [ 653588.850735670304857, 6340735.080660131759942 ], [ 653589.577870640554465, 6340734.421623409725726 ], [ 653590.366101152030751, 6340733.83703182078898 ], [ 653591.207836113986559, 6340733.332515300251544 ], [ 653592.09496915852651, 6340732.912932618521154 ], [ 653593.018956709653139, 6340732.582324586808681 ], [ 653593.97090026200749, 6340732.343875139951706 ], [ 653594.941632078960538, 6340732.19988067727536 ], [ 653595.921803482226096, 6340732.15172794368118 ], [ 653597.88285854330752, 6340732.15172794368118 ], [ 653597.979587485548109, 6340731.947211778722703 ], [ 653598.48410400596913, 6340731.105476816184819 ], [ 653599.068695595371537, 6340730.317246304824948 ], [ 653599.727732317056507, 6340729.590111334808171 ], [ 653600.454867287306115, 6340728.931074612773955 ], [ 653601.243097798782401, 6340728.346483023837209 ], [ 653602.084832760738209, 6340727.841966503299773 ], [ 653602.97196580527816, 6340727.422383821569383 ], [ 653603.895953356404789, 6340727.091775789856911 ], [ 653604.847896908759139, 6340726.853326342999935 ], [ 653605.818628725712188, 6340726.709331880323589 ], [ 653606.798800128977746, 6340726.66117914672941 ], [ 653608.759855189709924, 6340726.66117914672941 ], [ 653608.856584132299758, 6340726.45666298083961 ], [ 653609.361100652720779, 6340725.614928018301725 ], [ 653609.945692242123187, 6340724.826697506941855 ], [ 653610.604728963808157, 6340724.099562536925077 ], [ 653611.331863934057765, 6340723.440525814890862 ], [ 653612.12009444553405, 6340722.855934225954115 ], [ 653612.961829407489859, 6340722.351417705416679 ], [ 653613.847058387007564, 6340721.93273557908833 ], [ 653613.875499773886986, 6340721.853247228078544 ], [ 653614.295082455617376, 6340720.966114183887839 ], [ 653614.799598976038396, 6340720.124379221349955 ], [ 653615.384190565440804, 6340719.336148709990084 ], [ 653616.043227287125774, 6340718.609013739973307 ], [ 653616.770362257375382, 6340717.949977017939091 ], [ 653617.558592768851668, 6340717.365385429002345 ], [ 653618.400327730807476, 6340716.860868908464909 ], [ 653619.287460775347427, 6340716.441286226734519 ], [ 653620.211448326474056, 6340716.110678195022047 ], [ 653621.163391878828406, 6340715.872228748165071 ], [ 653622.134123695781454, 6340715.728234285488725 ], [ 653623.114295099047013, 6340715.680081551894546 ], [ 653625.075350159779191, 6340715.680081551894546 ], [ 653625.172079102369025, 6340715.475565386004746 ], [ 653625.676595622790046, 6340714.633830423466861 ], [ 653626.261187212192453, 6340713.845599912106991 ], [ 653626.920223933877423, 6340713.118464942090213 ], [ 653627.647358904127032, 6340712.459428220055997 ], [ 653628.435589415603317, 6340711.874836631119251 ], [ 653629.277324377559125, 6340711.370320110581815 ], [ 653629.429790069116279, 6340711.298209208995104 ], [ 653629.429790069116279, 6340709.208435160107911 ], [ 653629.477942802361213, 6340708.228263757191598 ], [ 653629.621937265037559, 6340707.25753194000572 ], [ 653629.860386711778119, 6340706.3055883878842 ], [ 653630.190994743956253, 6340705.381600836291909 ], [ 653630.610577425686643, 6340704.494467792101204 ], [ 653631.115093946107663, 6340703.65273282956332 ], [ 653631.699685535510071, 6340702.864502318203449 ], [ 653632.358722257195041, 6340702.137367348186672 ], [ 653633.085857227444649, 6340701.478330626152456 ], [ 653633.874087738920934, 6340700.89373903721571 ], [ 653634.715822700876743, 6340700.389222516678274 ], [ 653634.868288392550312, 6340700.317111615091562 ], [ 653634.868288392550312, 6340698.227337565273046 ], [ 653634.916441125795245, 6340697.247166162356734 ], [ 653635.060435588471591, 6340696.276434345170856 ], [ 653635.298885035212152, 6340695.324490793049335 ], [ 653635.629493067390285, 6340694.400503241457045 ], [ 653636.049075749120675, 6340693.51337019726634 ], [ 653636.553592269541696, 6340692.671635234728456 ], [ 653637.138183858944103, 6340691.883404723368585 ], [ 653637.797220580629073, 6340691.156269753351808 ], [ 653638.524355550878681, 6340690.497233031317592 ], [ 653639.312586062354967, 6340689.912641442380846 ], [ 653640.154321024310775, 6340689.40812492184341 ], [ 653641.039550003479235, 6340688.98944279551506 ], [ 653641.067991390707903, 6340688.909954443573952 ], [ 653641.487574072438292, 6340688.022821399383247 ], [ 653641.992090592859313, 6340687.181086436845362 ], [ 653642.57668218226172, 6340686.392855925485492 ], [ 653643.23571890394669, 6340685.665720955468714 ], [ 653643.962853874196298, 6340685.006684233434498 ], [ 653644.751084385672584, 6340684.422092644497752 ], [ 653645.592819347628392, 6340683.917576123960316 ], [ 653645.745285039185546, 6340683.845465222373605 ], [ 653645.745285039185546, 6340681.755691172555089 ], [ 653645.79343777243048, 6340680.775519769638777 ], [ 653645.937432235106826, 6340679.804787952452898 ], [ 653646.175881681847386, 6340678.852844400331378 ], [ 653646.50648971402552, 6340677.928856848739088 ], [ 653646.926072395755909, 6340677.041723804548383 ], [ 653647.43058891617693, 6340676.199988842010498 ], [ 653648.015180505579337, 6340675.411758330650628 ], [ 653648.674217227264307, 6340674.68462336063385 ], [ 653649.401352197513916, 6340674.025586638599634 ], [ 653650.189582708990201, 6340673.440995049662888 ], [ 653651.031317670946009, 6340672.936478529125452 ], [ 653651.91845071548596, 6340672.516895847395062 ], [ 653652.842438266612589, 6340672.18628781568259 ], [ 653653.79438181896694, 6340671.947838368825614 ], [ 653654.765113635919988, 6340671.803843906149268 ], [ 653655.745285039185546, 6340671.755691172555089 ], [ 653657.706340100266971, 6340671.755691172555089 ], [ 653657.803069042507559, 6340671.551175007596612 ], [ 653658.30758556292858, 6340670.709440045058727 ], [ 653658.892177152330987, 6340669.921209533698857 ], [ 653659.551213874015957, 6340669.194074563682079 ], [ 653660.278348844265565, 6340668.535037841647863 ], [ 653661.066579355741851, 6340667.950446252711117 ], [ 653661.908314317697659, 6340667.445929732173681 ], [ 653662.79544736223761, 6340667.026347050443292 ], [ 653663.719434913364239, 6340666.695739018730819 ], [ 653664.67137846571859, 6340666.457289571873844 ], [ 653665.642110282671638, 6340666.313295109197497 ], [ 653666.622281685937196, 6340666.265142375603318 ], [ 653674.021835069986992, 6340666.265142375603318 ], [ 653674.118564012576826, 6340666.060626209713519 ], [ 653674.623080532997847, 6340665.218891247175634 ], [ 653675.207672122400254, 6340664.430660735815763 ], [ 653675.866708844085224, 6340663.703525765798986 ], [ 653676.593843814334832, 6340663.04448904376477 ], [ 653677.382074325811118, 6340662.459897454828024 ], [ 653678.223809287766926, 6340661.955380934290588 ], [ 653678.376274979440495, 6340661.883270032703876 ], [ 653678.376274979440495, 6340659.793495982885361 ], [ 653678.424427712685429, 6340658.813324579969049 ], [ 653678.568422175361775, 6340657.84259276278317 ], [ 653678.806871622102335, 6340656.89064921066165 ], [ 653679.137479654280469, 6340655.966661659069359 ], [ 653679.557062336010858, 6340655.079528614878654 ], [ 653680.061578856431879, 6340654.23779365234077 ], [ 653680.646170445834287, 6340653.449563140980899 ], [ 653681.305207167519256, 6340652.722428170964122 ], [ 653682.032342137768865, 6340652.063391448929906 ], [ 653682.82057264924515, 6340651.47879985999316 ], [ 653683.662307611200958, 6340650.974283339455724 ], [ 653684.549440655740909, 6340650.554700657725334 ], [ 653685.473428206867538, 6340650.224092626012862 ], [ 653686.425371759221889, 6340649.985643179155886 ], [ 653687.396103576174937, 6340649.84164871647954 ], [ 653688.376274979440495, 6340649.793495982885361 ], [ 653690.33733004052192, 6340649.793495982885361 ], [ 653690.434058982762508, 6340649.588979817926884 ], [ 653690.938575503183529, 6340648.747244855388999 ], [ 653691.523167092585936, 6340647.959014344029129 ], [ 653692.182203814270906, 6340647.231879374012351 ], [ 653692.909338784520514, 6340646.572842651978135 ], [ 653693.6975692959968, 6340645.988251063041389 ], [ 653694.539304257952608, 6340645.483734542503953 ], [ 653695.426437302492559, 6340645.064151860773563 ], [ 653696.350424853619188, 6340644.733543829061091 ], [ 653697.302368405973539, 6340644.495094382204115 ], [ 653698.273100222926587, 6340644.351099919527769 ], [ 653699.253271626192145, 6340644.30294718593359 ], [ 653717.529821657342836, 6340644.30294718593359 ], [ 653717.626550599583425, 6340644.098431020975113 ], [ 653718.131067120004445, 6340643.256696058437228 ], [ 653718.715658709406853, 6340642.468465547077358 ], [ 653719.374695431091823, 6340641.74133057706058 ], [ 653720.101830401341431, 6340641.082293855026364 ], [ 653720.890060912817717, 6340640.497702266089618 ], [ 653721.731795874773525, 6340639.993185745552182 ], [ 653722.617024853941984, 6340639.574503619223833 ], [ 653722.645466241170652, 6340639.495015267282724 ], [ 653723.065048922901042, 6340638.60788222309202 ], [ 653723.569565443322062, 6340637.766147260554135 ], [ 653724.15415703272447, 6340636.977916749194264 ], [ 653724.81319375440944, 6340636.250781779177487 ], [ 653725.540328724659048, 6340635.591745057143271 ], [ 653726.328559236135334, 6340635.007153468206525 ], [ 653727.170294198091142, 6340634.502636947669089 ], [ 653728.057427242631093, 6340634.083054265938699 ], [ 653728.981414793757722, 6340633.752446234226227 ], [ 653729.933358346112072, 6340633.513996787369251 ], [ 653730.904090163065121, 6340633.370002324692905 ], [ 653731.884261566330679, 6340633.321849591098726 ], [ 653732.761258213082328, 6340633.321849591098726 ], [ 653732.761258213082328, 6340632.340751996263862 ], [ 653732.809410946327262, 6340631.360580593347549 ], [ 653732.953405409003608, 6340630.389848776161671 ], [ 653733.191854855744168, 6340629.437905224040151 ], [ 653733.522462887922302, 6340628.51391767244786 ], [ 653733.942045569652691, 6340627.626784628257155 ], [ 653734.446562090073712, 6340626.785049665719271 ], [ 653735.03115367947612, 6340625.9968191543594 ], [ 653735.69019040116109, 6340625.269684184342623 ], [ 653736.417325371410698, 6340624.610647462308407 ], [ 653737.205555882886983, 6340624.026055873371661 ], [ 653738.047290844842792, 6340623.521539352834225 ], [ 653738.932519824360497, 6340623.102857226505876 ], [ 653738.960961211239919, 6340623.023368875496089 ], [ 653739.380543892970309, 6340622.136235831305385 ], [ 653739.885060413391329, 6340621.2945008687675 ], [ 653740.469652002793737, 6340620.506270357407629 ], [ 653741.128688724478707, 6340619.779135387390852 ], [ 653741.855823694728315, 6340619.120098665356636 ], [ 653742.644054206204601, 6340618.53550707641989 ], [ 653743.485789168160409, 6340618.030990555882454 ], [ 653743.638254859833978, 6340617.958879654295743 ], [ 653743.638254859833978, 6340615.869105604477227 ], [ 653743.686407593078911, 6340614.888934201560915 ], [ 653743.830402055755258, 6340613.918202384375036 ], [ 653744.068851502495818, 6340612.966258832253516 ], [ 653744.399459534673952, 6340612.042271280661225 ], [ 653744.819042216404341, 6340611.15513823647052 ], [ 653745.323558736825362, 6340610.313403273932636 ], [ 653745.908150326227769, 6340609.525172762572765 ], [ 653746.567187047912739, 6340608.798037792555988 ], [ 653747.294322018162347, 6340608.139001070521772 ], [ 653748.082552529638633, 6340607.554409481585026 ], [ 653748.924287491594441, 6340607.04989296104759 ], [ 653749.809516470762901, 6340606.631210834719241 ], [ 653749.837957857991569, 6340606.551722482778132 ], [ 653750.257540539721958, 6340605.664589438587427 ], [ 653750.762057060142979, 6340604.822854476049542 ], [ 653751.346648649545386, 6340604.034623964689672 ], [ 653752.005685371230356, 6340603.307488994672894 ], [ 653752.732820341479965, 6340602.648452272638679 ], [ 653753.52105085295625, 6340602.063860683701932 ], [ 653754.362785814912058, 6340601.559344163164496 ], [ 653754.515251506469212, 6340601.487233261577785 ], [ 653754.515251506469212, 6340599.397459212690592 ], [ 653754.563404239714146, 6340598.41728780977428 ], [ 653754.707398702390492, 6340597.446555992588401 ], [ 653754.945848149131052, 6340596.494612440466881 ], [ 653755.276456181309186, 6340595.57062488887459 ], [ 653755.696038863039576, 6340594.683491844683886 ], [ 653756.200555383460596, 6340593.841756882146001 ], [ 653756.785146972863004, 6340593.05352637078613 ], [ 653757.444183694547974, 6340592.326391400769353 ], [ 653758.171318664797582, 6340591.667354678735137 ], [ 653758.959549176273867, 6340591.082763089798391 ], [ 653759.801284138229676, 6340590.578246569260955 ], [ 653760.686513117514551, 6340590.159564442932606 ], [ 653760.714954504743218, 6340590.080076090991497 ], [ 653761.134537186473608, 6340589.192943046800792 ], [ 653761.639053706894629, 6340588.351208084262908 ], [ 653762.223645296297036, 6340587.562977572903037 ], [ 653762.882682017982006, 6340586.83584260288626 ], [ 653763.609816988231614, 6340586.176805880852044 ], [ 653764.3980474997079, 6340585.592214291915298 ], [ 653765.239782461663708, 6340585.087697771377861 ], [ 653765.392248153220862, 6340585.01558686979115 ], [ 653765.392248153220862, 6340582.925812819972634 ], [ 653765.440400886465795, 6340581.945641417056322 ], [ 653765.584395349142142, 6340580.974909599870443 ], [ 653765.822844795882702, 6340580.022966047748923 ], [ 653766.153452828060836, 6340579.098978496156633 ], [ 653766.573035509791225, 6340578.211845451965928 ], [ 653767.077552030212246, 6340577.370110489428043 ], [ 653767.662143619614653, 6340576.581879978068173 ], [ 653768.321180341299623, 6340575.854745008051395 ], [ 653769.048315311549231, 6340575.195708286017179 ], [ 653769.836545823025517, 6340574.611116697080433 ], [ 653770.678280784981325, 6340574.106600176542997 ], [ 653770.830746476654895, 6340574.034489274956286 ], [ 653770.830746476654895, 6340571.94471522513777 ], [ 653770.878899209899828, 6340570.964543822221458 ], [ 653771.022893672576174, 6340569.993812005035579 ], [ 653771.261343119316734, 6340569.041868452914059 ], [ 653771.591951151494868, 6340568.117880901321769 ], [ 653772.011533833225258, 6340567.230747857131064 ], [ 653772.516050353646278, 6340566.389012894593179 ], [ 653773.100641943048686, 6340565.600782383233309 ], [ 653773.759678664733656, 6340564.873647413216531 ], [ 653774.486813634983264, 6340564.214610691182315 ], [ 653775.27504414645955, 6340563.630019102245569 ], [ 653776.116779108415358, 6340563.125502581708133 ], [ 653776.269244799972512, 6340563.053391680121422 ], [ 653776.269244799972512, 6340560.963617630302906 ], [ 653776.317397533217445, 6340559.983446227386594 ], [ 653776.461391995893791, 6340559.012714410200715 ], [ 653776.699841442634352, 6340558.060770858079195 ], [ 653777.030449474812485, 6340557.136783306486905 ], [ 653777.450032156542875, 6340556.2496502622962 ], [ 653777.954548676963896, 6340555.407915299758315 ], [ 653778.539140266366303, 6340554.619684788398445 ], [ 653779.198176988051273, 6340553.892549818381667 ], [ 653779.925311958300881, 6340553.233513096347451 ], [ 653780.713542469777167, 6340552.648921507410705 ], [ 653781.555277431732975, 6340552.144404986873269 ], [ 653782.442410476272926, 6340551.724822305142879 ], [ 653783.366398027399555, 6340551.394214273430407 ], [ 653784.318341579753906, 6340551.155764826573431 ], [ 653785.289073396706954, 6340551.011770363897085 ], [ 653786.269244799972512, 6340550.963617630302906 ], [ 653787.146241446724162, 6340550.963617630302906 ], [ 653787.146241446724162, 6340549.982520035468042 ], [ 653787.194394179969095, 6340549.00234863255173 ], [ 653787.338388642645441, 6340548.031616815365851 ], [ 653787.576838089386001, 6340547.079673263244331 ], [ 653787.907446121564135, 6340546.15568571165204 ], [ 653788.327028803294525, 6340545.268552667461336 ], [ 653788.831545323715545, 6340544.426817704923451 ], [ 653789.416136913117953, 6340543.638587193563581 ], [ 653790.075173634802923, 6340542.911452223546803 ], [ 653790.802308605052531, 6340542.252415501512587 ], [ 653791.590539116528817, 6340541.667823912575841 ], [ 653792.432274078484625, 6340541.163307392038405 ], [ 653793.31750305800233, 6340540.744625265710056 ], [ 653793.345944444881752, 6340540.66513691470027 ], [ 653793.765527126612142, 6340539.778003870509565 ], [ 653794.270043647033162, 6340538.93626890797168 ], [ 653794.85463523643557, 6340538.14803839661181 ], [ 653795.51367195812054, 6340537.420903426595032 ], [ 653796.240806928370148, 6340536.761866704560816 ], [ 653797.029037439846434, 6340536.17727511562407 ], [ 653797.870772401802242, 6340535.672758595086634 ], [ 653798.757905446342193, 6340535.253175913356245 ], [ 653799.681892997468822, 6340534.922567881643772 ], [ 653800.633836549823172, 6340534.684118434786797 ], [ 653801.604568366776221, 6340534.54012397211045 ], [ 653802.584739770041779, 6340534.491971238516271 ], [ 653884.162214620504528, 6340534.491971238516271 ], [ 653885.142386023770086, 6340534.54012397211045 ], [ 653886.113117840723135, 6340534.684118434786797 ], [ 653887.065061393077485, 6340534.922567881643772 ], [ 653887.989048944204114, 6340535.253175913356245 ], [ 653888.876181988744065, 6340535.672758595086634 ], [ 653889.717916950699873, 6340536.17727511562407 ], [ 653890.506147462176159, 6340536.761866704560816 ], [ 653891.233282432425767, 6340537.420903426595032 ], [ 653891.892319154110737, 6340538.14803839661181 ], [ 653892.476910743513145, 6340538.93626890797168 ], [ 653892.981427263934165, 6340539.778003870509565 ], [ 653893.401009945664555, 6340540.66513691470027 ], [ 653893.731617977842689, 6340541.58912446629256 ], [ 653893.970067424583249, 6340542.54106801841408 ], [ 653894.114061887259595, 6340543.511799835599959 ], [ 653894.162214620504528, 6340544.491971238516271 ], [ 653894.162214620504528, 6340599.397459212690592 ], [ 653895.039211267256178, 6340599.397459212690592 ], [ 653895.039211267256178, 6340571.94471522513777 ], [ 653900.477709590573795, 6340571.94471522513777 ], [ 653900.477709590573795, 6340544.491971238516271 ], [ 653905.916207914007828, 6340544.491971238516271 ], [ 653905.916207914007828, 6340506.058129657059908 ], [ 653911.354706237325445, 6340506.058129657059908 ], [ 653911.354706237325445, 6340440.171544088050723 ], [ 653910.477709590573795, 6340440.171544088050723 ], [ 653910.477709590573795, 6340478.605385670438409 ], [ 653910.429556857328862, 6340479.585557073354721 ], [ 653910.285562394652516, 6340480.5562888905406 ], [ 653910.047112947911955, 6340481.50823244266212 ], [ 653909.716504915733822, 6340482.43221999425441 ], [ 653909.296922234003432, 6340483.319353038445115 ], [ 653908.792405713582411, 6340484.161088000983 ], [ 653908.207814124180004, 6340484.94931851234287 ], [ 653907.548777402495034, 6340485.676453482359648 ], [ 653906.821642432245426, 6340486.335490204393864 ], [ 653906.03341192076914, 6340486.92008179333061 ], [ 653905.191676958813332, 6340487.424598313868046 ], [ 653904.306447979295626, 6340487.843280440196395 ], [ 653904.278006592416205, 6340487.922768791206181 ], [ 653903.858423910685815, 6340488.809901835396886 ], [ 653903.353907390264794, 6340489.651636797934771 ], [ 653902.769315800862387, 6340490.439867309294641 ], [ 653902.110279079177417, 6340491.167002279311419 ], [ 653901.383144108927809, 6340491.826039001345634 ], [ 653900.594913597451523, 6340492.410630590282381 ], [ 653899.753178635495715, 6340492.915147110819817 ], [ 653898.867949655978009, 6340493.333829237148166 ], [ 653898.839508269098587, 6340493.413317588157952 ], [ 653898.419925587368198, 6340494.300450632348657 ], [ 653897.915409066947177, 6340495.142185594886541 ], [ 653897.33081747754477, 6340495.930416106246412 ], [ 653896.6717807558598, 6340496.657551076263189 ], [ 653895.944645785610192, 6340497.316587798297405 ], [ 653895.156415274133906, 6340497.901179387234151 ], [ 653894.314680312178098, 6340498.405695907771587 ], [ 653893.427547267638147, 6340498.825278589501977 ], [ 653892.503559716511518, 6340499.155886621214449 ], [ 653891.551616164157167, 6340499.394336068071425 ], [ 653890.580884347204119, 6340499.538330530747771 ], [ 653889.600712943938561, 6340499.58648326434195 ], [ 653887.639657883206382, 6340499.58648326434195 ], [ 653887.542928940616548, 6340499.79099943023175 ], [ 653887.038412420195527, 6340500.632734392769635 ], [ 653886.45382083079312, 6340501.420964904129505 ], [ 653885.79478410910815, 6340502.148099874146283 ], [ 653885.067649138858542, 6340502.807136596180499 ], [ 653884.279418627382256, 6340503.391728185117245 ], [ 653883.437683665426448, 6340503.896244705654681 ], [ 653882.550550620886497, 6340504.31582738738507 ], [ 653881.626563069759868, 6340504.646435419097543 ], [ 653880.674619517405517, 6340504.884884865954518 ], [ 653879.703887700452469, 6340505.028879328630865 ], [ 653878.723716297186911, 6340505.077032062225044 ], [ 653876.762661236105487, 6340505.077032062225044 ], [ 653876.665932293864898, 6340505.281548227183521 ], [ 653876.161415773443878, 6340506.123283189721406 ], [ 653875.57682418404147, 6340506.911513701081276 ], [ 653874.9177874623565, 6340507.638648671098053 ], [ 653874.190652492106892, 6340508.297685393132269 ], [ 653873.402421980630606, 6340508.882276982069016 ], [ 653872.560687018674798, 6340509.386793502606452 ], [ 653871.673553974134848, 6340509.806376184336841 ], [ 653870.749566423008218, 6340510.136984216049314 ], [ 653869.797622870653868, 6340510.375433662906289 ], [ 653868.82689105370082, 6340510.519428125582635 ], [ 653867.846719650435261, 6340510.567580859176815 ], [ 653860.447166266385466, 6340510.567580859176815 ], [ 653860.350437323795632, 6340510.772097025066614 ], [ 653859.845920803374611, 6340511.613831987604499 ], [ 653859.261329213972203, 6340512.402062498964369 ], [ 653858.602292492287233, 6340513.129197468981147 ], [ 653857.875157522037625, 6340513.788234191015363 ], [ 653857.08692701056134, 6340514.372825779952109 ], [ 653856.245192048605531, 6340514.877342300489545 ], [ 653855.358059004065581, 6340515.296924982219934 ], [ 653854.434071452938952, 6340515.627533013932407 ], [ 653853.482127900584601, 6340515.865982460789382 ], [ 653852.511396083631553, 6340516.009976923465729 ], [ 653851.531224680365995, 6340516.058129657059908 ], [ 653849.57016961928457, 6340516.058129657059908 ], [ 653849.473440677043982, 6340516.262645822018385 ], [ 653848.968924156622961, 6340517.10438078455627 ], [ 653848.384332567220554, 6340517.89261129591614 ], [ 653847.725295845535584, 6340518.619746265932918 ], [ 653846.998160875285976, 6340519.278782987967134 ], [ 653846.20993036380969, 6340519.86337457690388 ], [ 653845.368195401853882, 6340520.367891097441316 ], [ 653844.482966422685422, 6340520.786573223769665 ], [ 653844.454525035456754, 6340520.866061575710773 ], [ 653844.034942353726365, 6340521.753194619901478 ], [ 653843.530425833305344, 6340522.594929582439363 ], [ 653842.945834243902937, 6340523.383160093799233 ], [ 653842.286797522217967, 6340524.110295063816011 ], [ 653841.559662551968358, 6340524.769331785850227 ], [ 653840.771432040492073, 6340525.353923374786973 ], [ 653839.929697078536265, 6340525.858439895324409 ], [ 653839.042564033996314, 6340526.278022577054799 ], [ 653838.118576482869685, 6340526.608630608767271 ], [ 653837.166632930515334, 6340526.847080055624247 ], [ 653836.195901113562286, 6340526.991074518300593 ], [ 653835.215729710296728, 6340527.039227251894772 ], [ 653802.584739770041779, 6340527.039227251894772 ], [ 653801.604568366776221, 6340526.991074518300593 ], [ 653800.633836549823172, 6340526.847080055624247 ], [ 653799.681892997468822, 6340526.608630608767271 ], [ 653798.757905446342193, 6340526.278022577054799 ], [ 653797.870772401802242, 6340525.858439895324409 ], [ 653797.029037439846434, 6340525.353923374786973 ], [ 653796.240806928370148, 6340524.769331785850227 ], [ 653795.51367195812054, 6340524.110295063816011 ], [ 653794.85463523643557, 6340523.383160093799233 ], [ 653794.270043647033162, 6340522.594929582439363 ], [ 653793.765527126612142, 6340521.753194619901478 ], [ 653793.345944444881752, 6340520.866061575710773 ], [ 653793.317503057653084, 6340520.786573223769665 ], [ 653792.432274078484625, 6340520.367891097441316 ], [ 653791.590539116528817, 6340519.86337457690388 ], [ 653790.802308605052531, 6340519.278782987967134 ], [ 653790.075173634802923, 6340518.619746265932918 ], [ 653789.416136913117953, 6340517.89261129591614 ], [ 653788.831545323715545, 6340517.10438078455627 ], [ 653788.327028803294525, 6340516.262645822018385 ], [ 653787.907446121564135, 6340515.37551277782768 ], [ 653787.576838089386001, 6340514.45152522623539 ], [ 653787.338388642645441, 6340513.49958167411387 ], [ 653787.194394179969095, 6340512.528849856927991 ], [ 653787.146241446724162, 6340511.548678454011679 ], [ 653787.146241446724162, 6340509.458904404193163 ], [ 653786.993775755050592, 6340509.386793502606452 ], [ 653786.152040793094784, 6340508.882276982069016 ], [ 653785.363810281618498, 6340508.297685393132269 ], [ 653784.63667531136889, 6340507.638648671098053 ], [ 653783.97763858968392, 6340506.911513701081276 ], [ 653783.393047000281513, 6340506.123283189721406 ], [ 653782.888530479860492, 6340505.281548227183521 ], [ 653782.468947798130102, 6340504.394415182992816 ], [ 653782.138339765951969, 6340503.470427631400526 ], [ 653781.899890319211408, 6340502.518484079279006 ], [ 653781.755895856535062, 6340501.547752262093127 ], [ 653781.707743123290129, 6340500.567580859176815 ], [ 653781.707743123290129, 6340482.006160417571664 ], [ 653781.555277431732975, 6340481.934049515984952 ], [ 653780.713542469777167, 6340481.429532995447516 ], [ 653779.925311958300881, 6340480.84494140651077 ], [ 653779.198176988051273, 6340480.185904684476554 ], [ 653778.539140266366303, 6340479.458769714459777 ], [ 653777.954548676963896, 6340478.670539203099906 ], [ 653777.450032156542875, 6340477.828804240562022 ], [ 653777.030449474812485, 6340476.941671196371317 ], [ 653776.699841442634352, 6340476.017683644779027 ], [ 653776.461391995893791, 6340475.065740092657506 ], [ 653776.317397533217445, 6340474.095008275471628 ], [ 653776.269244799972512, 6340473.114836872555315 ], [ 653776.269244799972512, 6340460.043965227901936 ], [ 653776.116779108415358, 6340459.971854326315224 ], [ 653775.392248153220862, 6340459.537587183527648 ], [ 653775.392248153220862, 6340467.624288075603545 ], [ 653769.953749829903245, 6340467.624288075603545 ], [ 653769.953749829903245, 6340500.567580859176815 ], [ 653748.199756536399946, 6340500.567580859176815 ], [ 653748.199756536399946, 6340495.077032062225044 ], [ 653753.638254859833978, 6340495.077032062225044 ], [ 653753.638254859833978, 6340484.09593446739018 ], [ 653759.076753183151595, 6340484.09593446739018 ], [ 653759.076753183151595, 6340478.605385670438409 ], [ 653764.515251506469212, 6340478.605385670438409 ], [ 653764.515251506469212, 6340423.699897696264088 ], [ 653759.076753183151595, 6340423.699897696264088 ], [ 653759.076753183151595, 6340418.209348899312317 ], [ 653761.60000218229834, 6340418.209348899312317 ], [ 653761.134537186473608, 6340417.43276746943593 ], [ 653760.714954504743218, 6340416.545634425245225 ], [ 653760.686513117863797, 6340416.466146074235439 ], [ 653759.801284138229676, 6340416.04746394790709 ], [ 653758.959549176273867, 6340415.542947427369654 ], [ 653758.171318664797582, 6340414.958355838432908 ], [ 653757.444183694547974, 6340414.299319116398692 ], [ 653756.785146972863004, 6340413.572184146381915 ], [ 653756.200555383460596, 6340412.783953635022044 ], [ 653756.161503858282231, 6340412.718800101429224 ], [ 653753.638254859833978, 6340412.718800101429224 ], [ 653753.638254859833978, 6340404.632099211215973 ], [ 653753.52105085295625, 6340404.56184983253479 ], [ 653752.732820341479965, 6340403.977258243598044 ], [ 653752.005685371230356, 6340403.318221521563828 ], [ 653751.346648649545386, 6340402.59108655154705 ], [ 653750.762057060142979, 6340401.80285604018718 ], [ 653750.257540539721958, 6340400.961121077649295 ], [ 653749.837957857991569, 6340400.073988033458591 ], [ 653749.507349825813435, 6340399.1500004818663 ], [ 653749.268900379072875, 6340398.19805692974478 ], [ 653749.124905916396528, 6340397.227325112558901 ], [ 653749.076753183151595, 6340396.247153709642589 ], [ 653749.076753183151595, 6340395.266056114807725 ], [ 653748.199756536399946, 6340395.266056114807725 ], [ 653747.219585133134387, 6340395.217903381213546 ], [ 653746.248853316181339, 6340395.073908918537199 ], [ 653745.296909763826989, 6340394.835459471680224 ], [ 653744.37292221270036, 6340394.504851439967752 ], [ 653743.485789168160409, 6340394.085268758237362 ], [ 653742.644054206204601, 6340393.580752237699926 ], [ 653741.855823694728315, 6340392.99616064876318 ], [ 653741.128688724478707, 6340392.337123926728964 ], [ 653740.469652002793737, 6340391.609988956712186 ], [ 653739.885060413391329, 6340390.821758445352316 ], [ 653739.380543892970309, 6340389.980023482814431 ], [ 653739.283814950380474, 6340389.775507316924632 ], [ 653737.322759889648296, 6340389.775507316924632 ], [ 653736.342588486382738, 6340389.727354583330452 ], [ 653735.37185666942969, 6340389.583360120654106 ], [ 653734.419913117075339, 6340389.344910673797131 ], [ 653733.49592556594871, 6340389.014302642084658 ], [ 653732.608792521408759, 6340388.594719960354269 ], [ 653731.767057559452951, 6340388.090203439816833 ], [ 653730.978827047976665, 6340387.505611850880086 ], [ 653730.251692077727057, 6340386.84657512884587 ], [ 653729.592655356042087, 6340386.119440158829093 ], [ 653729.00806376663968, 6340385.331209647469223 ], [ 653728.503547246218659, 6340384.489474684931338 ], [ 653728.083964564488269, 6340383.602341640740633 ], [ 653727.753356532310136, 6340382.678354089148343 ], [ 653727.514907085569575, 6340381.726410537026823 ], [ 653727.370912622893229, 6340380.755678719840944 ], [ 653727.322759889648296, 6340379.775507316924632 ], [ 653727.322759889648296, 6340374.284958519972861 ], [ 653726.445763243013062, 6340374.284958519972861 ], [ 653726.445763243013062, 6340366.19825762975961 ], [ 653726.328559236135334, 6340366.128008251078427 ], [ 653725.540328724659048, 6340365.543416662141681 ], [ 653724.81319375440944, 6340364.884379940107465 ], [ 653724.15415703272447, 6340364.157244970090687 ], [ 653723.569565443322062, 6340363.369014458730817 ], [ 653723.065048922901042, 6340362.527279496192932 ], [ 653722.645466241170652, 6340361.640146452002227 ], [ 653722.617024853941984, 6340361.560658100061119 ], [ 653721.731795874773525, 6340361.141975973732769 ], [ 653720.890060912817717, 6340360.637459453195333 ], [ 653720.101830401341431, 6340360.052867864258587 ], [ 653719.374695431091823, 6340359.393831142224371 ], [ 653718.715658709406853, 6340358.666696172207594 ], [ 653718.131067120004445, 6340357.878465660847723 ], [ 653717.626550599583425, 6340357.036730698309839 ], [ 653717.206967917853035, 6340356.149597654119134 ], [ 653716.876359885674901, 6340355.225610102526844 ], [ 653716.637910438934341, 6340354.273666550405324 ], [ 653716.493915976257995, 6340353.302934733219445 ], [ 653716.445763243013062, 6340352.322763330303133 ], [ 653716.445763243013062, 6340350.232989280484617 ], [ 653716.293297551339492, 6340350.160878378897905 ], [ 653715.451562589383684, 6340349.656361858360469 ], [ 653714.663332077907398, 6340349.071770269423723 ], [ 653713.93619710765779, 6340348.412733547389507 ], [ 653713.27716038597282, 6340347.68559857737273 ], [ 653712.692568796570413, 6340346.897368066012859 ], [ 653712.188052276149392, 6340346.055633103474975 ], [ 653711.768469594419003, 6340345.16850005928427 ], [ 653711.437861562240869, 6340344.244512507691979 ], [ 653711.199412115500309, 6340343.292568955570459 ], [ 653711.055417652823962, 6340342.321837138384581 ], [ 653711.007264919579029, 6340341.341665735468268 ], [ 653711.007264919579029, 6340329.37947054579854 ], [ 653710.130268272827379, 6340329.37947054579854 ], [ 653709.150096869561821, 6340329.331317812204361 ], [ 653708.179365052608773, 6340329.187323349528015 ], [ 653707.227421500254422, 6340328.948873902671039 ], [ 653706.303433949127793, 6340328.618265870958567 ], [ 653705.416300904587843, 6340328.198683189228177 ], [ 653704.574565942632034, 6340327.694166668690741 ], [ 653703.786335431155749, 6340327.109575079753995 ], [ 653703.059200460906141, 6340326.450538357719779 ], [ 653702.400163739221171, 6340325.723403387703001 ], [ 653701.815572149818763, 6340324.935172876343131 ], [ 653701.311055629397742, 6340324.093437913805246 ], [ 653700.891472947667353, 6340323.206304869614542 ], [ 653700.863031560787931, 6340323.126816518604755 ], [ 653699.977802581270225, 6340322.708134392276406 ], [ 653699.136067619314417, 6340322.20361787173897 ], [ 653698.347837107838131, 6340321.619026282802224 ], [ 653697.620702137588523, 6340320.959989560768008 ], [ 653696.961665415903553, 6340320.232854590751231 ], [ 653696.377073826501146, 6340319.44462407939136 ], [ 653695.872557306080125, 6340318.602889116853476 ], [ 653695.452974624349736, 6340317.715756072662771 ], [ 653695.424533237470314, 6340317.636267721652985 ], [ 653694.539304257952608, 6340317.217585595324636 ], [ 653693.6975692959968, 6340316.713069074787199 ], [ 653692.909338784520514, 6340316.128477485850453 ], [ 653692.182203814270906, 6340315.469440763816237 ], [ 653691.523167092585936, 6340314.74230579379946 ], [ 653690.938575503183529, 6340313.95407528243959 ], [ 653690.434058982762508, 6340313.112340319901705 ], [ 653690.014476301032118, 6340312.225207275711 ], [ 653689.683868268853985, 6340311.30121972411871 ], [ 653689.445418822113425, 6340310.34927617199719 ], [ 653689.301424359437078, 6340309.378544354811311 ], [ 653689.253271626192145, 6340308.398372951894999 ], [ 653689.253271626192145, 6340306.308598902076483 ], [ 653689.100805934518576, 6340306.236488000489771 ], [ 653688.259070972562768, 6340305.731971479952335 ], [ 653687.470840461086482, 6340305.147379891015589 ], [ 653686.743705490836874, 6340304.488343168981373 ], [ 653686.084668769151904, 6340303.761208198964596 ], [ 653685.500077179749496, 6340302.972977687604725 ], [ 653684.995560659328476, 6340302.131242725066841 ], [ 653684.575977977598086, 6340301.244109680876136 ], [ 653684.547536590369418, 6340301.164621328935027 ], [ 653683.662307611200958, 6340300.745939202606678 ], [ 653682.82057264924515, 6340300.241422682069242 ], [ 653682.032342137768865, 6340299.656831093132496 ], [ 653681.305207167519256, 6340298.99779437109828 ], [ 653680.646170445834287, 6340298.270659401081502 ], [ 653680.061578856431879, 6340297.482428889721632 ], [ 653679.557062336010858, 6340296.640693927183747 ], [ 653679.137479654280469, 6340295.753560882993042 ], [ 653679.109038267401047, 6340295.674072531983256 ], [ 653678.223809287766926, 6340295.255390405654907 ], [ 653677.499278332688846, 6340294.821123263798654 ], [ 653677.499278332688846, 6340308.398372951894999 ], [ 653682.937776656006463, 6340308.398372951894999 ], [ 653682.937776656006463, 6340313.888921748846769 ], [ 653688.376274979440495, 6340313.888921748846769 ], [ 653688.376274979440495, 6340319.37947054579854 ], [ 653693.814773302758113, 6340319.37947054579854 ], [ 653693.814773302758113, 6340324.870019343681633 ], [ 653688.376274979440495, 6340324.870019343681633 ], [ 653688.376274979440495, 6340357.813312128186226 ], [ 653677.499278332688846, 6340357.813312128186226 ], [ 653677.499278332688846, 6340352.322763330303133 ], [ 653655.745285039185546, 6340352.322763330303133 ], [ 653655.745285039185546, 6340341.341665735468268 ], [ 653650.306786715867929, 6340341.341665735468268 ], [ 653650.306786715867929, 6340324.870019343681633 ], [ 653644.868288392550312, 6340324.870019343681633 ], [ 653644.868288392550312, 6340319.37947054579854 ], [ 653623.114295099047013, 6340319.37947054579854 ], [ 653623.114295099047013, 6340302.907824154011905 ], [ 653612.237298452295363, 6340302.907824154011905 ], [ 653612.237298452295363, 6340291.926726559177041 ], [ 653606.798800128977746, 6340291.926726559177041 ], [ 653606.798800128977746, 6340286.43617776222527 ], [ 653612.237298452295363, 6340286.43617776222527 ], [ 653612.237298452295363, 6340242.511787382885814 ], [ 653579.606308512156829, 6340242.511787382885814 ], [ 653579.606308512156829, 6340248.002336180768907 ], [ 653563.290813542087562, 6340248.002336180768907 ], [ 653563.290813542087562, 6340237.021238585934043 ], [ 653590.483305158908479, 6340237.021238585934043 ], [ 653590.483305158908479, 6340226.040140991099179 ], [ 653606.798800128977746, 6340226.040140991099179 ], [ 653606.798800128977746, 6340187.606299409642816 ], [ 653607.675796775729395, 6340187.606299409642816 ], [ 653607.675796775729395, 6340185.5165253598243 ], [ 653607.523331084055826, 6340185.444414458237588 ], [ 653606.681596122100018, 6340184.939897937700152 ], [ 653605.893365610623732, 6340184.355306348763406 ], [ 653605.166230640374124, 6340183.69626962672919 ], [ 653604.507193918689154, 6340182.969134656712413 ], [ 653603.922602329286747, 6340182.180904145352542 ], [ 653603.418085808865726, 6340181.339169182814658 ], [ 653602.998503127135336, 6340180.452036138623953 ], [ 653602.970061739906669, 6340180.372547786682844 ], [ 653602.084832760738209, 6340179.953865660354495 ], [ 653601.243097798782401, 6340179.449349139817059 ], [ 653600.454867287306115, 6340178.864757550880313 ], [ 653599.727732317056507, 6340178.205720828846097 ], [ 653599.068695595371537, 6340177.478585858829319 ], [ 653598.48410400596913, 6340176.690355347469449 ], [ 653597.979587485548109, 6340175.848620384931564 ], [ 653597.560004803817719, 6340174.96148734074086 ], [ 653597.531563416938297, 6340174.881998989731073 ], [ 653596.646334437304176, 6340174.463316863402724 ], [ 653595.804599475348368, 6340173.958800342865288 ], [ 653595.016368963872083, 6340173.374208753928542 ], [ 653594.289233993622474, 6340172.715172031894326 ], [ 653593.630197271937504, 6340171.988037061877549 ], [ 653593.045605682535097, 6340171.199806550517678 ], [ 653592.541089162114076, 6340170.358071587979794 ], [ 653592.121506480383687, 6340169.470938543789089 ], [ 653592.093065093155019, 6340169.39145019184798 ], [ 653591.207836113986559, 6340168.972768065519631 ], [ 653590.366101152030751, 6340168.468251544982195 ], [ 653589.577870640554465, 6340167.883659956045449 ], [ 653588.850735670304857, 6340167.224623234011233 ], [ 653588.191698948619887, 6340166.497488263994455 ], [ 653587.60710735921748, 6340165.709257752634585 ], [ 653587.102590838796459, 6340164.8675227900967 ], [ 653586.68300815706607, 6340163.980389745905995 ], [ 653586.654566770186648, 6340163.900901394896209 ], [ 653585.769337790668942, 6340163.48221926856786 ], [ 653584.927602828713134, 6340162.977702748030424 ], [ 653584.139372317236848, 6340162.393111159093678 ], [ 653583.41223734698724, 6340161.734074437059462 ], [ 653582.75320062530227, 6340161.006939467042685 ], [ 653582.168609035899863, 6340160.218708955682814 ], [ 653581.664092515478842, 6340159.376973993144929 ], [ 653581.244509833748452, 6340158.489840948954225 ], [ 653581.216068446519785, 6340158.410352597013116 ], [ 653580.33083946723491, 6340157.991670470684767 ], [ 653579.489104505279101, 6340157.487153950147331 ], [ 653578.700873993802816, 6340156.902562361210585 ], [ 653577.973739023553208, 6340156.243525639176369 ], [ 653577.314702301868238, 6340155.516390669159591 ], [ 653576.73011071246583, 6340154.728160157799721 ], [ 653576.225594192044809, 6340153.886425195261836 ], [ 653575.80601151031442, 6340152.999292151071131 ], [ 653575.777570123434998, 6340152.919803800061345 ], [ 653574.892341143917292, 6340152.501121673732996 ], [ 653574.050606181961484, 6340151.99660515319556 ], [ 653573.262375670485198, 6340151.412013564258814 ], [ 653572.53524070023559, 6340150.752976842224598 ], [ 653571.87620397855062, 6340150.02584187220782 ], [ 653571.291612389148213, 6340149.23761136084795 ], [ 653571.252560863969848, 6340149.17245782725513 ], [ 653568.72931186540518, 6340149.17245782725513 ], [ 653568.72931186540518, 6340146.576305733993649 ], [ 653568.612107858527452, 6340146.506056355312467 ], [ 653567.823877347051166, 6340145.921464766375721 ], [ 653567.096742376801558, 6340145.262428044341505 ], [ 653566.437705655116588, 6340144.535293074324727 ], [ 653565.85311406571418, 6340143.747062562964857 ], [ 653565.34859754529316, 6340142.905327600426972 ], [ 653564.92901486356277, 6340142.018194556236267 ], [ 653564.900573476683348, 6340141.938706205226481 ], [ 653564.015344497165643, 6340141.520024078898132 ], [ 653563.173609535209835, 6340141.015507558360696 ], [ 653562.385379023733549, 6340140.43091596942395 ], [ 653561.658244053483941, 6340139.771879247389734 ], [ 653560.999207331798971, 6340139.044744277372956 ], [ 653560.414615742396563, 6340138.256513766013086 ], [ 653560.375564217218198, 6340138.191360232420266 ], [ 653557.85231521865353, 6340138.191360232420266 ], [ 653557.85231521865353, 6340135.595208139158785 ], [ 653557.735111211892217, 6340135.524958761408925 ], [ 653556.946880700415932, 6340134.940367172472179 ], [ 653556.219745730166323, 6340134.281330450437963 ], [ 653555.560709008481354, 6340133.554195480421185 ], [ 653554.976117419078946, 6340132.765964969061315 ], [ 653554.471600898657925, 6340131.92423000652343 ], [ 653554.374871956068091, 6340131.719713840633631 ], [ 653552.413816895335913, 6340131.719713840633631 ], [ 653551.433645492070355, 6340131.671561107039452 ], [ 653550.462913675117306, 6340131.527566644363105 ], [ 653549.510970122762956, 6340131.28911719750613 ], [ 653548.586982571636327, 6340130.958509165793657 ], [ 653547.699849527096376, 6340130.538926484063268 ], [ 653546.858114565140568, 6340130.034409963525832 ], [ 653546.069884053664282, 6340129.449818374589086 ], [ 653545.342749083414674, 6340128.79078165255487 ], [ 653544.683712361729704, 6340128.063646682538092 ], [ 653544.099120772327296, 6340127.275416171178222 ], [ 653543.594604251906276, 6340126.433681208640337 ], [ 653543.497875309665687, 6340126.22916504368186 ], [ 653541.536820248584263, 6340126.22916504368186 ], [ 653540.556648845318705, 6340126.181012310087681 ], [ 653539.585917028365657, 6340126.037017847411335 ], [ 653538.633973476011306, 6340125.798568400554359 ], [ 653537.709985924884677, 6340125.467960368841887 ], [ 653536.822852880344726, 6340125.048377687111497 ], [ 653535.981117918388918, 6340124.543861166574061 ], [ 653535.192887406912632, 6340123.959269577637315 ], [ 653534.465752436663024, 6340123.300232855603099 ], [ 653533.806715714978054, 6340122.573097885586321 ], [ 653533.222124125575647, 6340121.784867374226451 ], [ 653533.183072600397281, 6340121.719713840633631 ], [ 653525.221325278514996, 6340121.719713840633631 ], [ 653525.221325278514996, 6340113.63301295042038 ], [ 653525.104121271637268, 6340113.562763571739197 ], [ 653524.315890760160983, 6340112.978171982802451 ], [ 653523.588755789911374, 6340112.319135260768235 ], [ 653522.929719068226404, 6340111.592000290751457 ], [ 653522.345127478823997, 6340110.803769779391587 ], [ 653522.306075953645632, 6340110.738616245798767 ], [ 653503.467331985011697, 6340110.738616245798767 ], [ 653503.467331985011697, 6340102.651915354654193 ], [ 653503.350127978250384, 6340102.581665976904333 ], [ 653502.561897466774099, 6340101.997074387967587 ], [ 653501.83476249652449, 6340101.338037665933371 ], [ 653501.17572577483952, 6340100.610902695916593 ], [ 653500.591134185437113, 6340099.822672184556723 ], [ 653500.086617665016092, 6340098.980937222018838 ], [ 653499.667034983285703, 6340098.093804177828133 ], [ 653499.638593596057035, 6340098.014315825887024 ], [ 653498.75336461677216, 6340097.595633699558675 ], [ 653497.911629654816352, 6340097.091117179021239 ], [ 653497.123399143340066, 6340096.506525590084493 ], [ 653496.396264173090458, 6340095.847488868050277 ], [ 653495.737227451405488, 6340095.1203538980335 ], [ 653495.152635862003081, 6340094.332123386673629 ], [ 653495.113584337406792, 6340094.266969854012132 ], [ 653487.15183701494243, 6340094.266969854012132 ], [ 653487.15183701494243, 6340091.670817760750651 ], [ 653487.034633008064702, 6340091.600568382069468 ], [ 653486.246402496588416, 6340091.015976793132722 ], [ 653485.519267526338808, 6340090.356940071098506 ], [ 653484.860230804653838, 6340089.629805101081729 ], [ 653484.275639215251431, 6340088.841574589721859 ], [ 653483.77112269483041, 6340087.999839627183974 ], [ 653483.674393752240576, 6340087.795323461294174 ], [ 653481.713338691508397, 6340087.795323461294174 ], [ 653480.733167288242839, 6340087.747170727699995 ], [ 653479.762435471289791, 6340087.603176265023649 ], [ 653478.81049191893544, 6340087.364726818166673 ], [ 653477.886504367808811, 6340087.034118786454201 ], [ 653476.999371323268861, 6340086.614536104723811 ], [ 653476.157636361313052, 6340086.110019584186375 ], [ 653475.369405849836767, 6340085.525427995249629 ], [ 653474.642270879587159, 6340084.866391273215413 ], [ 653473.983234157902189, 6340084.139256303198636 ], [ 653473.398642568499781, 6340083.351025791838765 ], [ 653472.894126048078761, 6340082.50929082930088 ], [ 653472.474543366348371, 6340081.622157785110176 ], [ 653472.446101979468949, 6340081.542669434100389 ], [ 653471.560872999951243, 6340081.12398730777204 ], [ 653470.719138037995435, 6340080.619470787234604 ], [ 653469.93090752651915, 6340080.034879198297858 ], [ 653469.203772556269541, 6340079.375842476263642 ], [ 653468.544735834584571, 6340078.648707506246865 ], [ 653467.960144245182164, 6340077.860476994886994 ], [ 653467.455627724761143, 6340077.01874203234911 ], [ 653467.036045043030754, 6340076.131608988158405 ], [ 653467.007603656151332, 6340076.052120637148619 ], [ 653466.122374676633626, 6340075.63343851082027 ], [ 653465.280639714677818, 6340075.128921990282834 ], [ 653464.492409203201532, 6340074.544330401346087 ], [ 653463.765274232951924, 6340073.885293679311872 ], [ 653463.106237511266954, 6340073.158158709295094 ], [ 653462.521645921864547, 6340072.369928197935224 ], [ 653462.017129401443526, 6340071.528193235397339 ], [ 653461.920400458853692, 6340071.323677069507539 ], [ 653454.520847074687481, 6340071.323677069507539 ], [ 653453.540675671421923, 6340071.27552433591336 ], [ 653452.569943854468875, 6340071.131529873237014 ], [ 653451.618000302114524, 6340070.893080426380038 ], [ 653450.694012750987895, 6340070.562472394667566 ], [ 653449.806879706447944, 6340070.142889712937176 ], [ 653448.965144744492136, 6340069.63837319239974 ], [ 653448.17691423301585, 6340069.053781603462994 ], [ 653447.449779262766242, 6340068.394744881428778 ], [ 653446.790742541081272, 6340067.667609911412001 ], [ 653446.206150951678865, 6340066.87937940005213 ], [ 653446.167099427082576, 6340066.814225867390633 ], [ 653438.205352104618214, 6340066.814225867390633 ], [ 653438.205352104618214, 6340083.285872259177268 ], [ 653432.766853781300597, 6340083.285872259177268 ], [ 653432.766853781300597, 6340058.727524976246059 ], [ 653432.649649774422869, 6340058.657275597564876 ], [ 653431.861419262946583, 6340058.07268400862813 ], [ 653431.134284292696975, 6340057.413647286593914 ], [ 653430.475247571012005, 6340056.686512316577137 ], [ 653429.890655981609598, 6340055.898281805217266 ], [ 653429.386139461188577, 6340055.056546842679381 ], [ 653429.289410518947989, 6340054.852030677720904 ], [ 653421.889857134548947, 6340054.852030677720904 ], [ 653420.909685731283389, 6340054.803877944126725 ], [ 653419.938953914330341, 6340054.659883481450379 ], [ 653418.98701036197599, 6340054.421434034593403 ], [ 653418.063022810849361, 6340054.090826002880931 ], [ 653417.17588976630941, 6340053.671243321150541 ], [ 653416.334154804353602, 6340053.166726800613105 ], [ 653415.545924292877316, 6340052.582135211676359 ], [ 653414.818789322627708, 6340051.923098489642143 ], [ 653414.159752600942738, 6340051.195963519625366 ], [ 653413.575161011540331, 6340050.407733008265495 ], [ 653413.07064449111931, 6340049.565998045727611 ], [ 653412.651061809388921, 6340048.678865001536906 ], [ 653412.622620422160253, 6340048.599376649595797 ], [ 653411.737391442991793, 6340048.180694523267448 ], [ 653410.895656481035985, 6340047.676178002730012 ], [ 653410.107425969559699, 6340047.091586413793266 ], [ 653409.380290999310091, 6340046.43254969175905 ], [ 653408.721254277625121, 6340045.705414721742272 ], [ 653408.136662688222714, 6340044.917184210382402 ], [ 653407.632146167801693, 6340044.075449247844517 ], [ 653407.212563486071303, 6340043.188316203653812 ], [ 653407.184122099191882, 6340043.108827852644026 ], [ 653406.298893119557761, 6340042.690145726315677 ], [ 653405.457158157601953, 6340042.185629205778241 ], [ 653404.668927646125667, 6340041.601037616841495 ], [ 653403.941792675876059, 6340040.942000894807279 ], [ 653403.282755954191089, 6340040.214865924790502 ], [ 653402.698164364788681, 6340039.426635413430631 ], [ 653402.193647844367661, 6340038.584900450892746 ], [ 653402.096918901777826, 6340038.380384285002947 ], [ 653400.135863841045648, 6340038.380384285002947 ], [ 653399.15569243778009, 6340038.332231551408768 ], [ 653398.184960620827042, 6340038.188237088732421 ], [ 653397.233017068472691, 6340037.949787641875446 ], [ 653396.309029517346062, 6340037.619179610162973 ], [ 653395.421896472806111, 6340037.199596928432584 ], [ 653394.580161510850303, 6340036.695080407895148 ], [ 653393.791930999374017, 6340036.110488818958402 ], [ 653393.064796029124409, 6340035.451452096924186 ], [ 653392.405759307439439, 6340034.724317126907408 ], [ 653391.821167718037032, 6340033.936086615547538 ], [ 653391.316651197616011, 6340033.094351653009653 ], [ 653391.219922255375423, 6340032.889835488051176 ], [ 653389.258867194410414, 6340032.889835488051176 ], [ 653389.258867194410414, 6340033.87093308288604 ], [ 653378.381870547658764, 6340033.87093308288604 ], [ 653378.381870547658764, 6340027.399286691099405 ], [ 653362.066375577589497, 6340027.399286691099405 ], [ 653361.086204174323939, 6340027.351133957505226 ], [ 653360.115472357370891, 6340027.20713949482888 ], [ 653359.16352880501654, 6340026.968690047971904 ], [ 653358.239541253889911, 6340026.638082016259432 ], [ 653357.35240820934996, 6340026.218499334529042 ], [ 653356.510673247394152, 6340025.713982813991606 ], [ 653355.722442735917866, 6340025.12939122505486 ], [ 653354.995307765668258, 6340024.470354503020644 ], [ 653354.336271043983288, 6340023.743219533003867 ], [ 653353.751679454580881, 6340022.954989021643996 ], [ 653353.24716293415986, 6340022.113254059106112 ], [ 653352.82758025242947, 6340021.226121014915407 ], [ 653352.799138865200803, 6340021.146632662974298 ], [ 653351.913909885915928, 6340020.727950536645949 ], [ 653351.072174923960119, 6340020.223434016108513 ], [ 653350.283944412483834, 6340019.638842427171767 ], [ 653349.556809442234226, 6340018.979805705137551 ], [ 653348.897772720549256, 6340018.252670735120773 ], [ 653348.313181131146848, 6340017.464440223760903 ], [ 653347.808664610725828, 6340016.622705261223018 ], [ 653347.711935668485239, 6340016.418189096264541 ], [ 653334.87388396076858, 6340016.418189096264541 ], [ 653333.893712557503022, 6340016.370036362670362 ], [ 653332.922980740549974, 6340016.226041899994016 ], [ 653331.971037188195623, 6340015.98759245313704 ], [ 653331.047049637068994, 6340015.656984421424568 ], [ 653330.159916592529044, 6340015.237401739694178 ], [ 653329.318181630573235, 6340014.732885219156742 ], [ 653328.52995111909695, 6340014.148293630219996 ], [ 653327.802816148847342, 6340013.48925690818578 ], [ 653327.143779427162372, 6340012.762121938169003 ], [ 653326.559187837759964, 6340011.973891426809132 ], [ 653326.054671317338943, 6340011.132156464271247 ], [ 653325.957942374749109, 6340010.927640298381448 ], [ 653291.365897373761982, 6340010.927640298381448 ], [ 653290.385725970496424, 6340010.879487564787269 ], [ 653289.414994153543375, 6340010.735493102110922 ], [ 653288.463050601189025, 6340010.497043655253947 ], [ 653287.539063050062396, 6340010.166435623541474 ], [ 653286.651930005522445, 6340009.746852941811085 ], [ 653285.810195043566637, 6340009.242336421273649 ], [ 653285.021964532090351, 6340008.657744832336903 ], [ 653284.294829561840743, 6340007.998708110302687 ], [ 653283.635792840155773, 6340007.271573140285909 ], [ 653283.051201250753365, 6340006.483342628926039 ], [ 653282.546684730332345, 6340005.641607666388154 ], [ 653282.127102048601955, 6340004.754474622197449 ], [ 653281.796494016423821, 6340003.830487070605159 ], [ 653281.558044569683261, 6340002.878543518483639 ], [ 653281.414050107006915, 6340001.90781170129776 ], [ 653281.365897373761982, 6340000.927640298381448 ], [ 653281.365897373761982, 6339999.946542703546584 ], [ 653258.734907433623448, 6339999.946542703546584 ], [ 653257.75473603035789, 6339999.898389969952404 ], [ 653256.784004213404842, 6339999.754395507276058 ], [ 653255.832060661050491, 6339999.515946060419083 ], [ 653254.908073109923862, 6339999.18533802870661 ], [ 653254.020940065383911, 6339998.765755346976221 ], [ 653253.179205103428103, 6339998.261238826438785 ], [ 653252.390974591951817, 6339997.676647237502038 ], [ 653251.663839621702209, 6339997.017610515467823 ], [ 653251.004802900017239, 6339996.290475545451045 ], [ 653250.420211310614832, 6339995.502245034091175 ], [ 653249.915694790193811, 6339994.66051007155329 ], [ 653249.818965847953223, 6339994.455993906594813 ], [ 653204.349924199981615, 6339994.455993906594813 ], [ 653204.349924199981615, 6340011.908737893216312 ], [ 653149.964940966339782, 6340011.908737893216312 ], [ 653149.964940966339782, 6340017.399286691099405 ], [ 653144.526442643022165, 6340017.399286691099405 ], [ 653144.526442643022165, 6340050.342579474672675 ], [ 653139.087944319588132, 6340050.342579474672675 ], [ 653139.087944319588132, 6340044.852030677720904 ], [ 653111.895452702767216, 6340044.852030677720904 ], [ 653111.895452702767216, 6340039.361481879837811 ], [ 653073.825964439194649, 6340039.361481879837811 ], [ 653073.825964439194649, 6340061.323677069507539 ], [ 653062.948967792559415, 6340061.323677069507539 ], [ 653062.948967792559415, 6340055.833128272555768 ], [ 653052.071971145807765, 6340055.833128272555768 ], [ 653052.071971145807765, 6340050.342579474672675 ], [ 653046.633472822373733, 6340050.342579474672675 ], [ 653046.633472822373733, 6340044.852030677720904 ], [ 653014.002482882235199, 6340044.852030677720904 ], [ 653014.002482882235199, 6340077.795323461294174 ], [ 653008.563984558917582, 6340077.795323461294174 ], [ 653008.563984558917582, 6340061.323677069507539 ], [ 653003.12548623548355, 6340061.323677069507539 ], [ 653003.12548623548355, 6340055.833128272555768 ], [ 652975.932994618662633, 6340055.833128272555768 ], [ 652975.932994618662633, 6340083.285872259177268 ], [ 652970.494496295345016, 6340083.285872259177268 ], [ 652970.494496295345016, 6340077.795323461294174 ], [ 652965.055997971910983, 6340077.795323461294174 ], [ 652965.055997971910983, 6340072.304774664342403 ], [ 652937.863506355090067, 6340072.304774664342403 ], [ 652937.863506355090067, 6340077.795323461294174 ], [ 652932.42500803177245, 6340077.795323461294174 ], [ 652932.42500803177245, 6340094.266969854012132 ], [ 652926.986509708454832, 6340094.266969854012132 ], [ 652926.986509708454832, 6340072.304774664342403 ], [ 652845.409034857875668, 6340072.304774664342403 ], [ 652845.409034857875668, 6340061.323677069507539 ], [ 652812.778044917737134, 6340061.323677069507539 ], [ 652812.778044917737134, 6340066.814225867390633 ], [ 652796.462549947667867, 6340066.814225867390633 ], [ 652796.462549947667867, 6340072.304774664342403 ], [ 652785.585553300916217, 6340072.304774664342403 ], [ 652785.585553300916217, 6340066.814225867390633 ], [ 652747.516065037343651, 6340066.814225867390633 ], [ 652747.516065037343651, 6340094.266969854012132 ], [ 652763.831560007412918, 6340094.266969854012132 ], [ 652763.831560007412918, 6340099.757518650963902 ], [ 652758.393061684095301, 6340099.757518650963902 ], [ 652758.393061684095301, 6340132.700811435468495 ], [ 652752.954563360777684, 6340132.700811435468495 ], [ 652752.954563360777684, 6340149.17245782725513 ], [ 652742.077566714026034, 6340149.17245782725513 ], [ 652742.077566714026034, 6340154.663006625138223 ], [ 652736.639068390592001, 6340154.663006625138223 ], [ 652736.639068390592001, 6340165.644104219973087 ], [ 652725.762071743956767, 6340165.644104219973087 ], [ 652725.762071743956767, 6340215.059043396264315 ], [ 652698.56958012713585, 6340215.059043396264315 ], [ 652698.56958012713585, 6340220.549592193216085 ], [ 652660.500091863563284, 6340220.549592193216085 ], [ 652660.500091863563284, 6340215.059043396264315 ], [ 652649.623095216811635, 6340215.059043396264315 ], [ 652649.623095216811635, 6340204.077945801429451 ], [ 652638.746098570059985, 6340204.077945801429451 ], [ 652638.746098570059985, 6340198.587397003546357 ], [ 652633.307600246742368, 6340198.587397003546357 ], [ 652633.307600246742368, 6340193.096848206594586 ], [ 652627.869101923308335, 6340193.096848206594586 ], [ 652627.869101923308335, 6340182.115750611759722 ], [ 652616.992105276673101, 6340182.115750611759722 ], [ 652616.992105276673101, 6340176.625201814807951 ], [ 652611.553606953239068, 6340176.625201814807951 ], [ 652611.553606953239068, 6340171.134653016924858 ], [ 652606.115108629921451, 6340171.134653016924858 ], [ 652606.115108629921451, 6340154.663006625138223 ], [ 652611.553606953239068, 6340154.663006625138223 ], [ 652611.553606953239068, 6340127.210262638516724 ], [ 652584.361115336418152, 6340127.210262638516724 ], [ 652584.361115336418152, 6340132.700811435468495 ], [ 652557.168623719597235, 6340132.700811435468495 ], [ 652557.168623719597235, 6340138.191360232420266 ], [ 652529.976132102776319, 6340138.191360232420266 ], [ 652529.976132102776319, 6340143.681909030303359 ], [ 652508.222138809389435, 6340143.681909030303359 ], [ 652508.222138809389435, 6340154.663006625138223 ], [ 652481.029647192568518, 6340154.663006625138223 ], [ 652481.029647192568518, 6340160.153555422089994 ], [ 652459.275653899065219, 6340160.153555422089994 ], [ 652459.275653899065219, 6340165.644104219973087 ], [ 652442.960158928995952, 6340165.644104219973087 ], [ 652442.960158928995952, 6340171.134653016924858 ], [ 652432.083162282244302, 6340171.134653016924858 ], [ 652432.083162282244302, 6340176.625201814807951 ], [ 652421.206165635492653, 6340176.625201814807951 ], [ 652421.206165635492653, 6340193.096848206594586 ], [ 652415.767667312175035, 6340193.096848206594586 ], [ 652415.767667312175035, 6340220.549592193216085 ], [ 652437.52166060556192, 6340220.549592193216085 ], [ 652437.52166060556192, 6340231.53068978805095 ], [ 652442.960158928995952, 6340231.53068978805095 ], [ 652442.960158928995952, 6340237.021238585934043 ], [ 652470.152650545816869, 6340237.021238585934043 ], [ 652470.152650545816869, 6340242.511787382885814 ], [ 652475.591148869134486, 6340242.511787382885814 ], [ 652475.591148869134486, 6340253.492884977720678 ], [ 652481.029647192568518, 6340253.492884977720678 ], [ 652481.029647192568518, 6340258.983433774672449 ], [ 652502.783640485955402, 6340258.983433774672449 ], [ 652502.783640485955402, 6340264.473982572555542 ], [ 652508.222138809389435, 6340264.473982572555542 ], [ 652508.222138809389435, 6340269.964531369507313 ], [ 652513.660637132707052, 6340269.964531369507313 ], [ 652513.660637132707052, 6340275.455080167390406 ], [ 652519.099135456024669, 6340275.455080167390406 ], [ 652519.099135456024669, 6340286.43617776222527 ], [ 652524.537633779458702, 6340286.43617776222527 ], [ 652524.537633779458702, 6340297.417275357060134 ], [ 652551.730125396279618, 6340297.417275357060134 ], [ 652551.730125396279618, 6340302.907824154011905 ], [ 652557.168623719597235, 6340302.907824154011905 ], [ 652557.168623719597235, 6340313.888921748846769 ], [ 652589.799613659852184, 6340313.888921748846769 ], [ 652589.799613659852184, 6340291.926726559177041 ], [ 652595.238111983169802, 6340291.926726559177041 ], [ 652595.238111983169802, 6340286.43617776222527 ], [ 652600.676610306487419, 6340286.43617776222527 ], [ 652600.676610306487419, 6340258.983433774672449 ], [ 652606.115108629921451, 6340258.983433774672449 ], [ 652606.115108629921451, 6340253.492884977720678 ], [ 652616.992105276673101, 6340253.492884977720678 ], [ 652616.992105276673101, 6340248.002336180768907 ], [ 652633.307600246742368, 6340248.002336180768907 ], [ 652633.307600246742368, 6340242.511787382885814 ], [ 652660.500091863563284, 6340242.511787382885814 ], [ 652660.500091863563284, 6340258.983433774672449 ], [ 652671.377088510314934, 6340258.983433774672449 ], [ 652671.377088510314934, 6340264.473982572555542 ], [ 652676.815586833632551, 6340264.473982572555542 ], [ 652676.815586833632551, 6340297.417275357060134 ], [ 652671.377088510314934, 6340297.417275357060134 ], [ 652671.377088510314934, 6340324.870019343681633 ], [ 652704.008078450453468, 6340324.870019343681633 ], [ 652704.008078450453468, 6340330.360568140633404 ], [ 652714.885075097205117, 6340330.360568140633404 ], [ 652714.885075097205117, 6340335.851116938516498 ], [ 652742.077566714026034, 6340335.851116938516498 ], [ 652742.077566714026034, 6340363.303860925137997 ], [ 652763.831560007412918, 6340363.303860925137997 ], [ 652763.831560007412918, 6340385.266056114807725 ], [ 652752.954563360777684, 6340385.266056114807725 ], [ 652752.954563360777684, 6340418.209348899312317 ], [ 652758.393061684095301, 6340418.209348899312317 ], [ 652758.393061684095301, 6340423.699897696264088 ], [ 652769.27005833084695, 6340423.699897696264088 ], [ 652769.27005833084695, 6340434.680995291098952 ], [ 652774.708556654164568, 6340434.680995291098952 ], [ 652774.708556654164568, 6340440.171544088050723 ], [ 652801.901048270985484, 6340440.171544088050723 ], [ 652801.901048270985484, 6340445.662092885933816 ], [ 652812.778044917737134, 6340445.662092885933816 ], [ 652812.778044917737134, 6340467.624288075603545 ], [ 652785.585553300916217, 6340467.624288075603545 ], [ 652785.585553300916217, 6340478.605385670438409 ], [ 652774.708556654164568, 6340478.605385670438409 ], [ 652774.708556654164568, 6340549.982520035468042 ], [ 652780.1470549775986, 6340549.982520035468042 ], [ 652780.1470549775986, 6340560.963617630302906 ], [ 652785.585553300916217, 6340560.963617630302906 ], [ 652785.585553300916217, 6340593.906910414807498 ], [ 652791.024051624233834, 6340593.906910414807498 ], [ 652791.024051624233834, 6340599.397459212690592 ], [ 652796.462549947667867, 6340599.397459212690592 ], [ 652796.462549947667867, 6340626.850203199312091 ], [ 652801.901048270985484, 6340626.850203199312091 ], [ 652801.901048270985484, 6340714.698983957059681 ], [ 652812.778044917737134, 6340714.698983957059681 ], [ 652812.778044917737134, 6340720.189532754011452 ], [ 652818.216543241054751, 6340720.189532754011452 ], [ 652818.216543241054751, 6340742.15172794368118 ], [ 652823.655041564488783, 6340742.15172794368118 ], [ 652823.655041564488783, 6340747.642276741564274 ], [ 652818.216543241054751, 6340747.642276741564274 ], [ 652818.216543241054751, 6340753.132825538516045 ], [ 652812.778044917737134, 6340753.132825538516045 ], [ 652812.778044917737134, 6340819.019411107525229 ], [ 652818.216543241054751, 6340819.019411107525229 ], [ 652818.216543241054751, 6340835.491057499311864 ], [ 652812.778044917737134, 6340835.491057499311864 ], [ 652812.778044917737134, 6340824.509959904477 ], [ 652785.585553300916217, 6340824.509959904477 ], [ 652785.585553300916217, 6340835.491057499311864 ], [ 652780.1470549775986, 6340835.491057499311864 ], [ 652780.1470549775986, 6340846.472155094146729 ], [ 652774.708556654164568, 6340846.472155094146729 ] ], [ [ 652823.655041564488783, 6340835.491057499311864 ], [ 652823.655041564488783, 6340840.981606296263635 ], [ 652818.216543241054751, 6340840.981606296263635 ], [ 652818.216543241054751, 6340835.491057499311864 ], [ 652823.655041564488783, 6340835.491057499311864 ] ], [ [ 652758.393061684095301, 6340879.415447878651321 ], [ 652752.954563360777684, 6340879.415447878651321 ], [ 652752.954563360777684, 6340873.924899080768228 ], [ 652758.393061684095301, 6340873.924899080768228 ], [ 652758.393061684095301, 6340879.415447878651321 ] ], [ [ 652796.462549947667867, 6340873.924899080768228 ], [ 652791.024051624233834, 6340873.924899080768228 ], [ 652791.024051624233834, 6340862.943801485933363 ], [ 652796.462549947667867, 6340862.943801485933363 ], [ 652796.462549947667867, 6340873.924899080768228 ] ], [ [ 652883.478523121448234, 6340873.924899080768228 ], [ 652878.040024798130617, 6340873.924899080768228 ], [ 652878.040024798130617, 6340868.434350283816457 ], [ 652883.478523121448234, 6340868.434350283816457 ], [ 652883.478523121448234, 6340873.924899080768228 ] ], [ [ 652905.232516414951533, 6340846.472155094146729 ], [ 652888.917021444882266, 6340846.472155094146729 ], [ 652888.917021444882266, 6340835.491057499311864 ], [ 652894.355519768199883, 6340835.491057499311864 ], [ 652894.355519768199883, 6340830.000508702360094 ], [ 652899.794018091517501, 6340830.000508702360094 ], [ 652899.794018091517501, 6340840.981606296263635 ], [ 652905.232516414951533, 6340840.981606296263635 ], [ 652905.232516414951533, 6340846.472155094146729 ] ], [ [ 652856.286031504627317, 6340830.000508702360094 ], [ 652850.8475331813097, 6340830.000508702360094 ], [ 652850.8475331813097, 6340813.528862309642136 ], [ 652867.163028151378967, 6340813.528862309642136 ], [ 652867.163028151378967, 6340835.491057499311864 ], [ 652856.286031504627317, 6340835.491057499311864 ], [ 652856.286031504627317, 6340830.000508702360094 ] ], [ [ 653122.772449349518865, 6340802.547764714807272 ], [ 653128.210947672836483, 6340802.547764714807272 ], [ 653128.210947672836483, 6340808.038313512690365 ], [ 653160.841937613091432, 6340808.038313512690365 ], [ 653160.841937613091432, 6340819.019411107525229 ], [ 653166.280435936409049, 6340819.019411107525229 ], [ 653166.280435936409049, 6340824.509959904477 ], [ 653155.403439289657399, 6340824.509959904477 ], [ 653155.403439289657399, 6340830.000508702360094 ], [ 653149.964940966339782, 6340830.000508702360094 ], [ 653149.964940966339782, 6340835.491057499311864 ], [ 653117.333951026201248, 6340835.491057499311864 ], [ 653117.333951026201248, 6340808.038313512690365 ], [ 653111.895452702767216, 6340808.038313512690365 ], [ 653111.895452702767216, 6340791.566667119972408 ], [ 653117.333951026201248, 6340791.566667119972408 ], [ 653117.333951026201248, 6340797.057215917855501 ], [ 653122.772449349518865, 6340797.057215917855501 ], [ 653122.772449349518865, 6340802.547764714807272 ] ], [ [ 653682.937776656006463, 6340643.321849591098726 ], [ 653672.060780009371229, 6340643.321849591098726 ], [ 653672.060780009371229, 6340637.831300794146955 ], [ 653682.937776656006463, 6340637.831300794146955 ], [ 653682.937776656006463, 6340643.321849591098726 ] ], [ [ 653639.429790069116279, 6340591.310758321546018 ], [ 653638.705259114038199, 6340591.745025463402271 ], [ 653638.55279342236463, 6340591.817136364988983 ], [ 653638.55279342236463, 6340621.359654401428998 ], [ 653638.504640689119697, 6340622.33982580434531 ], [ 653638.36064622644335, 6340623.310557621531188 ], [ 653638.12219677970279, 6340624.262501173652709 ], [ 653637.791588747524656, 6340625.186488725244999 ], [ 653637.372006065794267, 6340626.073621769435704 ], [ 653636.867489545373246, 6340626.915356731973588 ], [ 653636.282897955970839, 6340627.703587243333459 ], [ 653635.623861234285869, 6340628.430722213350236 ], [ 653634.896726264036261, 6340629.089758935384452 ], [ 653634.108495752559975, 6340629.674350524321198 ], [ 653633.266760790604167, 6340630.178867044858634 ], [ 653633.114295099047013, 6340630.250977946445346 ], [ 653633.114295099047013, 6340632.340751996263862 ], [ 653633.066142365802079, 6340633.320923399180174 ], [ 653632.922147903125733, 6340634.291655216366053 ], [ 653632.683698456385173, 6340635.243598768487573 ], [ 653632.353090424207039, 6340636.167586320079863 ], [ 653631.93350774247665, 6340637.054719364270568 ], [ 653631.428991222055629, 6340637.896454326808453 ], [ 653630.844399632653221, 6340638.684684838168323 ], [ 653630.185362910968252, 6340639.411819808185101 ], [ 653629.458227940718643, 6340640.070856530219316 ], [ 653628.669997429242358, 6340640.655448119156063 ], [ 653627.82826246728655, 6340641.159964639693499 ], [ 653627.675796775729395, 6340641.23207554128021 ], [ 653627.675796775729395, 6340648.812398388981819 ], [ 653627.627644042484462, 6340649.792569791898131 ], [ 653627.483649579808116, 6340650.76330160908401 ], [ 653627.245200133067556, 6340651.71524516120553 ], [ 653626.914592100889422, 6340652.639232712797821 ], [ 653626.495009419159032, 6340653.526365756988525 ], [ 653625.990492898738012, 6340654.36810071952641 ], [ 653625.405901309335604, 6340655.156331230886281 ], [ 653624.746864587650634, 6340655.883466200903058 ], [ 653624.019729617401026, 6340656.542502922937274 ], [ 653623.23149910592474, 6340657.12709451187402 ], [ 653622.389764143968932, 6340657.631611032411456 ], [ 653621.502631099428982, 6340658.051193714141846 ], [ 653620.578643548302352, 6340658.381801745854318 ], [ 653619.626699995948002, 6340658.620251192711294 ], [ 653618.655968178994954, 6340658.76424565538764 ], [ 653617.675796775729395, 6340658.812398388981819 ], [ 653615.714741714647971, 6340658.812398388981819 ], [ 653615.618012772407383, 6340659.016914553940296 ], [ 653615.113496251986362, 6340659.858649516478181 ], [ 653614.528904662583955, 6340660.646880027838051 ], [ 653613.869867940898985, 6340661.374014997854829 ], [ 653613.142732970649377, 6340662.033051719889045 ], [ 653612.354502459173091, 6340662.617643308825791 ], [ 653611.512767497217283, 6340663.122159829363227 ], [ 653610.627538517583162, 6340663.540841955691576 ], [ 653610.59909713070374, 6340663.620330306701362 ], [ 653610.17951444897335, 6340664.507463350892067 ], [ 653609.67499792855233, 6340665.349198313429952 ], [ 653609.090406339149922, 6340666.137428824789822 ], [ 653608.431369617464952, 6340666.8645637948066 ], [ 653607.704234647215344, 6340667.523600516840816 ], [ 653606.916004135739058, 6340668.108192105777562 ], [ 653606.07426917378325, 6340668.612708626314998 ], [ 653605.18904019461479, 6340669.031390752643347 ], [ 653605.160598807386123, 6340669.110879104584455 ], [ 653604.741016125655733, 6340669.99801214877516 ], [ 653604.236499605234712, 6340670.839747111313045 ], [ 653603.651908015832305, 6340671.627977622672915 ], [ 653602.992871294147335, 6340672.355112592689693 ], [ 653602.265736323897727, 6340673.014149314723909 ], [ 653601.477505812421441, 6340673.598740903660655 ], [ 653600.635770850465633, 6340674.103257424198091 ], [ 653599.748637805925682, 6340674.522840105928481 ], [ 653598.824650254799053, 6340674.853448137640953 ], [ 653597.872706702444702, 6340675.091897584497929 ], [ 653596.901974885491654, 6340675.235892047174275 ], [ 653595.921803482226096, 6340675.284044780768454 ], [ 653593.960748421144672, 6340675.284044780768454 ], [ 653593.864019478904083, 6340675.488560945726931 ], [ 653593.359502958483063, 6340676.330295908264816 ], [ 653592.774911369080655, 6340677.118526419624686 ], [ 653592.115874647395685, 6340677.845661389641464 ], [ 653591.388739677146077, 6340678.50469811167568 ], [ 653590.600509165669791, 6340679.089289700612426 ], [ 653589.758774203713983, 6340679.593806221149862 ], [ 653588.873545224545524, 6340680.012488347478211 ], [ 653588.845103837316856, 6340680.09197669941932 ], [ 653588.425521155586466, 6340680.979109743610024 ], [ 653587.921004635165446, 6340681.820844706147909 ], [ 653587.336413045763038, 6340682.60907521750778 ], [ 653586.677376324078068, 6340683.336210187524557 ], [ 653585.95024135382846, 6340683.995246909558773 ], [ 653585.162010842352174, 6340684.579838498495519 ], [ 653584.320275880396366, 6340685.084355019032955 ], [ 653583.433142835856415, 6340685.503937700763345 ], [ 653582.509155284729786, 6340685.834545732475817 ], [ 653581.557211732375436, 6340686.072995179332793 ], [ 653580.586479915422387, 6340686.216989642009139 ], [ 653579.606308512156829, 6340686.265142375603318 ], [ 653577.645253451075405, 6340686.265142375603318 ], [ 653577.548524508834817, 6340686.469658540561795 ], [ 653577.044007988413796, 6340687.31139350309968 ], [ 653576.459416399011388, 6340688.09962401445955 ], [ 653575.800379677326418, 6340688.826758984476328 ], [ 653575.07324470707681, 6340689.485795706510544 ], [ 653574.285014195600525, 6340690.07038729544729 ], [ 653573.443279233644716, 6340690.574903815984726 ], [ 653572.558050254476257, 6340690.993585942313075 ], [ 653572.529608867247589, 6340691.073074294254184 ], [ 653572.110026185517199, 6340691.960207338444889 ], [ 653571.605509665096179, 6340692.801942300982773 ], [ 653571.020918075693771, 6340693.590172812342644 ], [ 653570.361881354008801, 6340694.317307782359421 ], [ 653569.634746383759193, 6340694.976344504393637 ], [ 653568.846515872282907, 6340695.560936093330383 ], [ 653568.004780910327099, 6340696.065452613867819 ], [ 653567.119551930692978, 6340696.484134740196168 ], [ 653567.091110543813556, 6340696.563623091205955 ], [ 653566.671527862083167, 6340697.450756135396659 ], [ 653566.167011341662146, 6340698.292491097934544 ], [ 653565.582419752259739, 6340699.080721609294415 ], [ 653564.923383030574769, 6340699.807856579311192 ], [ 653564.196248060325161, 6340700.466893301345408 ], [ 653563.408017548848875, 6340701.051484890282154 ], [ 653562.566282586893067, 6340701.55600141081959 ], [ 653561.679149542353116, 6340701.97558409254998 ], [ 653560.755161991226487, 6340702.306192124262452 ], [ 653559.803218438872136, 6340702.544641571119428 ], [ 653558.832486621919088, 6340702.688636033795774 ], [ 653557.85231521865353, 6340702.736788767389953 ], [ 653555.891260157921351, 6340702.736788767389953 ], [ 653555.794531215331517, 6340702.941304933279753 ], [ 653555.290014694910496, 6340703.783039895817637 ], [ 653554.705423105508089, 6340704.571270407177508 ], [ 653554.046386383823119, 6340705.298405377194285 ], [ 653553.319251413573511, 6340705.957442099228501 ], [ 653552.531020902097225, 6340706.542033688165247 ], [ 653551.689285940141417, 6340707.046550208702683 ], [ 653550.802152895601466, 6340707.466132890433073 ], [ 653549.878165344474837, 6340707.796740922145545 ], [ 653548.926221792120486, 6340708.035190369002521 ], [ 653547.955489975167438, 6340708.179184831678867 ], [ 653546.97531857190188, 6340708.227337565273046 ], [ 653528.698768540751189, 6340708.227337565273046 ], [ 653528.602039598510601, 6340708.431853730231524 ], [ 653528.09752307808958, 6340709.273588692769408 ], [ 653527.512931488687173, 6340710.061819204129279 ], [ 653526.853894767002203, 6340710.788954174146056 ], [ 653526.126759796752594, 6340711.447990896180272 ], [ 653525.338529285276309, 6340712.032582485117018 ], [ 653524.496794323320501, 6340712.537099005654454 ], [ 653523.60966127878055, 6340712.956681687384844 ], [ 653522.685673727653921, 6340713.287289719097316 ], [ 653521.73373017529957, 6340713.525739165954292 ], [ 653520.762998358346522, 6340713.669733628630638 ], [ 653519.782826955080964, 6340713.717886362224817 ], [ 653501.506276924279518, 6340713.717886362224817 ], [ 653501.409547981689684, 6340713.922402528114617 ], [ 653500.905031461268663, 6340714.764137490652502 ], [ 653500.320439871866256, 6340715.552368002012372 ], [ 653499.661403150181286, 6340716.27950297202915 ], [ 653498.934268179931678, 6340716.938539694063365 ], [ 653498.146037668455392, 6340717.523131283000112 ], [ 653497.304302706499584, 6340718.027647803537548 ], [ 653496.417169661959633, 6340718.447230485267937 ], [ 653495.493182110833004, 6340718.77783851698041 ], [ 653494.541238558478653, 6340719.016287963837385 ], [ 653493.570506741525605, 6340719.160282426513731 ], [ 653492.590335338260047, 6340719.208435160107911 ], [ 653474.313785307109356, 6340719.208435160107911 ], [ 653474.217056364868768, 6340719.412951325066388 ], [ 653473.712539844447747, 6340720.254686287604272 ], [ 653473.127948255045339, 6340721.042916798964143 ], [ 653472.46891153336037, 6340721.77005176898092 ], [ 653471.741776563110761, 6340722.429088491015136 ], [ 653470.953546051634476, 6340723.013680079951882 ], [ 653470.111811089678667, 6340723.518196600489318 ], [ 653469.226582110160962, 6340723.936878726817667 ], [ 653469.19814072328154, 6340724.016367077827454 ], [ 653468.77855804155115, 6340724.903500122018158 ], [ 653468.27404152113013, 6340725.745235084556043 ], [ 653467.689449931727722, 6340726.533465595915914 ], [ 653467.030413210042752, 6340727.260600565932691 ], [ 653466.303278239793144, 6340727.919637287966907 ], [ 653465.515047728316858, 6340728.504228876903653 ], [ 653464.67331276636105, 6340729.008745397441089 ], [ 653463.7861797218211, 6340729.428328079171479 ], [ 653462.86219217069447, 6340729.758936110883951 ], [ 653461.91024861834012, 6340729.997385557740927 ], [ 653460.939516801387072, 6340730.141380020417273 ], [ 653459.959345398121513, 6340730.189532754011452 ], [ 653452.559792014071718, 6340730.189532754011452 ], [ 653452.463063071481884, 6340730.394048919901252 ], [ 653451.958546551060863, 6340731.235783882439137 ], [ 653451.373954961658455, 6340732.024014393799007 ], [ 653450.714918239973485, 6340732.751149363815784 ], [ 653449.987783269723877, 6340733.41018608585 ], [ 653449.199552758247592, 6340733.994777674786747 ], [ 653448.357817796291783, 6340734.499294195324183 ], [ 653447.470684751751833, 6340734.918876877054572 ], [ 653446.546697200625204, 6340735.249484908767045 ], [ 653445.594753648270853, 6340735.48793435562402 ], [ 653444.624021831317805, 6340735.631928818300366 ], [ 653443.643850428052247, 6340735.680081551894546 ], [ 653400.135863841045648, 6340735.680081551894546 ], [ 653399.15569243778009, 6340735.631928818300366 ], [ 653398.184960620827042, 6340735.48793435562402 ], [ 653397.233017068472691, 6340735.249484908767045 ], [ 653396.309029517346062, 6340734.918876877054572 ], [ 653395.421896472806111, 6340734.499294195324183 ], [ 653394.580161510850303, 6340733.994777674786747 ], [ 653393.791930999374017, 6340733.41018608585 ], [ 653393.064796029124409, 6340732.751149363815784 ], [ 653392.405759307439439, 6340732.024014393799007 ], [ 653391.821167718037032, 6340731.235783882439137 ], [ 653391.316651197616011, 6340730.394048919901252 ], [ 653391.219922255026177, 6340730.189532754011452 ], [ 653378.381870547658764, 6340730.189532754011452 ], [ 653377.401699144393206, 6340730.141380020417273 ], [ 653376.430967327440158, 6340729.997385557740927 ], [ 653375.479023775085807, 6340729.758936110883951 ], [ 653374.555036223959178, 6340729.428328079171479 ], [ 653373.667903179419227, 6340729.008745397441089 ], [ 653372.826168217463419, 6340728.504228876903653 ], [ 653372.037937705987133, 6340727.919637287966907 ], [ 653371.310802735737525, 6340727.260600565932691 ], [ 653370.651766014052555, 6340726.533465595915914 ], [ 653370.067174424650148, 6340725.745235084556043 ], [ 653369.562657904229127, 6340724.903500122018158 ], [ 653369.143075222498737, 6340724.016367077827454 ], [ 653369.114633835619316, 6340723.936878726817667 ], [ 653368.229404855985194, 6340723.518196600489318 ], [ 653367.387669894029386, 6340723.013680079951882 ], [ 653366.599439382553101, 6340722.429088491015136 ], [ 653365.872304412303492, 6340721.77005176898092 ], [ 653365.213267690618522, 6340721.042916798964143 ], [ 653364.628676101216115, 6340720.254686287604272 ], [ 653364.124159580795094, 6340719.412951325066388 ], [ 653364.027430638554506, 6340719.208435160107911 ], [ 653356.627877254155464, 6340719.208435160107911 ], [ 653355.647705850889906, 6340719.160282426513731 ], [ 653354.676974033936858, 6340719.016287963837385 ], [ 653353.725030481582507, 6340718.77783851698041 ], [ 653352.801042930455878, 6340718.447230485267937 ], [ 653351.913909885915928, 6340718.027647803537548 ], [ 653351.072174923960119, 6340717.523131283000112 ], [ 653350.283944412483834, 6340716.938539694063365 ], [ 653349.556809442234226, 6340716.27950297202915 ], [ 653348.897772720549256, 6340715.552368002012372 ], [ 653348.313181131146848, 6340714.764137490652502 ], [ 653347.808664610725828, 6340713.922402528114617 ], [ 653347.711935668135993, 6340713.717886362224817 ], [ 653329.435385637334548, 6340713.717886362224817 ], [ 653328.45521423406899, 6340713.669733628630638 ], [ 653327.484482417115942, 6340713.525739165954292 ], [ 653326.532538864761591, 6340713.287289719097316 ], [ 653325.608551313634962, 6340712.956681687384844 ], [ 653324.721418269095011, 6340712.537099005654454 ], [ 653323.879683307139203, 6340712.032582485117018 ], [ 653323.091452795662917, 6340711.447990896180272 ], [ 653322.364317825413309, 6340710.788954174146056 ], [ 653321.705281103728339, 6340710.061819204129279 ], [ 653321.120689514325932, 6340709.273588692769408 ], [ 653320.616172993904911, 6340708.431853730231524 ], [ 653320.196590312174521, 6340707.544720686040819 ], [ 653319.865982279996388, 6340706.620733134448528 ], [ 653319.627532833255827, 6340705.668789582327008 ], [ 653319.483538370579481, 6340704.698057765141129 ], [ 653319.435385637334548, 6340703.717886362224817 ], [ 653319.435385637334548, 6340702.736788767389953 ], [ 653269.611904080375098, 6340702.736788767389953 ], [ 653268.63173267710954, 6340702.688636033795774 ], [ 653267.661000860156491, 6340702.544641571119428 ], [ 653266.709057307802141, 6340702.306192124262452 ], [ 653265.785069756675512, 6340701.97558409254998 ], [ 653264.897936712135561, 6340701.55600141081959 ], [ 653264.056201750179753, 6340701.051484890282154 ], [ 653263.267971238703467, 6340700.466893301345408 ], [ 653262.540836268453859, 6340699.807856579311192 ], [ 653261.881799546768889, 6340699.080721609294415 ], [ 653261.297207957366481, 6340698.292491097934544 ], [ 653260.792691436945461, 6340697.450756135396659 ], [ 653260.373108755215071, 6340696.563623091205955 ], [ 653260.042500723036937, 6340695.639635539613664 ], [ 653259.804051276296377, 6340694.687691987492144 ], [ 653259.660056813620031, 6340693.716960170306265 ], [ 653259.611904080375098, 6340692.736788767389953 ], [ 653259.611904080375098, 6340691.712607089430094 ], [ 653258.734907433623448, 6340691.755691172555089 ], [ 653256.77385237289127, 6340691.755691172555089 ], [ 653256.677123430301435, 6340691.960207338444889 ], [ 653256.172606909880415, 6340692.801942300982773 ], [ 653255.588015320478007, 6340693.590172812342644 ], [ 653254.928978598793037, 6340694.317307782359421 ], [ 653254.201843628543429, 6340694.976344504393637 ], [ 653253.413613117067143, 6340695.560936093330383 ], [ 653252.571878155111335, 6340696.065452613867819 ], [ 653251.686649175593629, 6340696.484134740196168 ], [ 653251.658207788714208, 6340696.563623091205955 ], [ 653251.238625106983818, 6340697.450756135396659 ], [ 653250.734108586562797, 6340698.292491097934544 ], [ 653250.14951699716039, 6340699.080721609294415 ], [ 653249.49048027547542, 6340699.807856579311192 ], [ 653248.763345305225812, 6340700.466893301345408 ], [ 653247.975114793749526, 6340701.051484890282154 ], [ 653247.133379831793718, 6340701.55600141081959 ], [ 653246.246246787253767, 6340701.97558409254998 ], [ 653245.322259236127138, 6340702.306192124262452 ], [ 653244.370315683772787, 6340702.544641571119428 ], [ 653243.399583866819739, 6340702.688636033795774 ], [ 653242.419412463554181, 6340702.736788767389953 ], [ 653225.226920846733265, 6340702.736788767389953 ], [ 653225.226920846733265, 6340703.717886362224817 ], [ 653225.178768113488331, 6340704.698057765141129 ], [ 653225.034773650811985, 6340705.668789582327008 ], [ 653224.796324204071425, 6340706.620733134448528 ], [ 653224.465716171893291, 6340707.544720686040819 ], [ 653224.046133490162902, 6340708.431853730231524 ], [ 653223.541616969741881, 6340709.273588692769408 ], [ 653222.957025380339473, 6340710.061819204129279 ], [ 653222.297988658654504, 6340710.788954174146056 ], [ 653221.570853688404895, 6340711.447990896180272 ], [ 653220.78262317692861, 6340712.032582485117018 ], [ 653219.940888214972802, 6340712.537099005654454 ], [ 653219.053755170432851, 6340712.956681687384844 ], [ 653218.129767619306222, 6340713.287289719097316 ], [ 653217.177824066951871, 6340713.525739165954292 ], [ 653216.207092249998823, 6340713.669733628630638 ], [ 653215.226920846733265, 6340713.717886362224817 ], [ 653213.265865786001086, 6340713.717886362224817 ], [ 653213.169136843411252, 6340713.922402528114617 ], [ 653212.664620322990231, 6340714.764137490652502 ], [ 653212.080028733587824, 6340715.552368002012372 ], [ 653211.420992011902854, 6340716.27950297202915 ], [ 653210.693857041653246, 6340716.938539694063365 ], [ 653209.90562653017696, 6340717.523131283000112 ], [ 653209.063891568221152, 6340718.027647803537548 ], [ 653208.176758523681201, 6340718.447230485267937 ], [ 653207.252770972554572, 6340718.77783851698041 ], [ 653206.300827420200221, 6340719.016287963837385 ], [ 653205.330095603247173, 6340719.160282426513731 ], [ 653204.349924199981615, 6340719.208435160107911 ], [ 653202.388869138900191, 6340719.208435160107911 ], [ 653202.292140196659602, 6340719.412951325066388 ], [ 653201.787623676238582, 6340720.254686287604272 ], [ 653201.203032086836174, 6340721.042916798964143 ], [ 653200.543995365151204, 6340721.77005176898092 ], [ 653199.816860394901596, 6340722.429088491015136 ], [ 653199.02862988342531, 6340723.013680079951882 ], [ 653198.186894921469502, 6340723.518196600489318 ], [ 653197.299761876929551, 6340723.937779282219708 ], [ 653196.375774325802922, 6340724.26838731393218 ], [ 653195.423830773448572, 6340724.506836760789156 ], [ 653194.453098956495523, 6340724.650831223465502 ], [ 653193.472927553229965, 6340724.698983957059681 ], [ 653175.196377522079274, 6340724.698983957059681 ], [ 653175.099648579838686, 6340724.903500122018158 ], [ 653174.595132059417665, 6340725.745235084556043 ], [ 653174.010540470015258, 6340726.533465595915914 ], [ 653173.351503748330288, 6340727.260600565932691 ], [ 653172.624368778080679, 6340727.919637287966907 ], [ 653171.836138266604394, 6340728.504228876903653 ], [ 653170.994403304648586, 6340729.008745397441089 ], [ 653170.107270260108635, 6340729.428328079171479 ], [ 653169.183282708982006, 6340729.758936110883951 ], [ 653168.231339156627655, 6340729.997385557740927 ], [ 653167.260607339674607, 6340730.141380020417273 ], [ 653166.280435936409049, 6340730.189532754011452 ], [ 653158.880882552359253, 6340730.189532754011452 ], [ 653158.784153609769419, 6340730.394048919901252 ], [ 653158.279637089348398, 6340731.235783882439137 ], [ 653157.695045499945991, 6340732.024014393799007 ], [ 653157.036008778261021, 6340732.751149363815784 ], [ 653156.308873808011413, 6340733.41018608585 ], [ 653155.520643296535127, 6340733.994777674786747 ], [ 653154.678908334579319, 6340734.499294195324183 ], [ 653153.791775290039368, 6340734.918876877054572 ], [ 653152.867787738912739, 6340735.249484908767045 ], [ 653151.915844186558388, 6340735.48793435562402 ], [ 653150.94511236960534, 6340735.631928818300366 ], [ 653149.964940966339782, 6340735.680081551894546 ], [ 653142.56538758194074, 6340735.680081551894546 ], [ 653142.468658639700152, 6340735.884597716853023 ], [ 653141.964142119279131, 6340736.726332679390907 ], [ 653141.379550529876724, 6340737.514563190750778 ], [ 653140.720513808191754, 6340738.241698160767555 ], [ 653139.993378837942146, 6340738.900734882801771 ], [ 653139.20514832646586, 6340739.485326471738517 ], [ 653138.363413364510052, 6340739.989842992275953 ], [ 653137.476280319970101, 6340740.409425674006343 ], [ 653136.552292768843472, 6340740.740033705718815 ], [ 653135.600349216489121, 6340740.978483152575791 ], [ 653134.629617399536073, 6340741.122477615252137 ], [ 653133.649445996270515, 6340741.170630348846316 ], [ 653115.37289596546907, 6340741.170630348846316 ], [ 653115.276167022879235, 6340741.375146514736116 ], [ 653114.771650502458215, 6340742.216881477274001 ], [ 653114.187058913055807, 6340743.005111988633871 ], [ 653113.528022191370837, 6340743.732246958650649 ], [ 653112.800887221121229, 6340744.391283680684865 ], [ 653112.012656709644943, 6340744.975875269621611 ], [ 653111.170921747689135, 6340745.480391790159047 ], [ 653110.283788703149185, 6340745.899974471889436 ], [ 653109.359801152022555, 6340746.230582503601909 ], [ 653108.407857599668205, 6340746.469031950458884 ], [ 653107.437125782715157, 6340746.613026413135231 ], [ 653106.456954379449598, 6340746.66117914672941 ], [ 653082.741906024864875, 6340746.66117914672941 ], [ 653082.645177082624286, 6340746.865695311687887 ], [ 653082.140660562203266, 6340747.707430274225771 ], [ 653081.556068972800858, 6340748.495660785585642 ], [ 653080.897032251115888, 6340749.222795755602419 ], [ 653080.16989728086628, 6340749.881832477636635 ], [ 653079.381666769389994, 6340750.466424066573381 ], [ 653078.539931807434186, 6340750.970940587110817 ], [ 653077.652798762894236, 6340751.390523268841207 ], [ 653076.728811211767606, 6340751.721131300553679 ], [ 653075.776867659413256, 6340751.959580747410655 ], [ 653074.806135842460208, 6340752.103575210087001 ], [ 653073.825964439194649, 6340752.15172794368118 ], [ 653046.633472822373733, 6340752.15172794368118 ], [ 653045.653301419108175, 6340752.103575210087001 ], [ 653044.682569602155127, 6340751.959580747410655 ], [ 653043.730626049800776, 6340751.721131300553679 ], [ 653042.806638498674147, 6340751.390523268841207 ], [ 653041.919505454134196, 6340750.970940587110817 ], [ 653041.077770492178388, 6340750.466424066573381 ], [ 653040.289539980702102, 6340749.881832477636635 ], [ 653039.562405010452494, 6340749.222795755602419 ], [ 653038.903368288767524, 6340748.495660785585642 ], [ 653038.318776699365117, 6340747.707430274225771 ], [ 653037.814260178944096, 6340746.865695311687887 ], [ 653037.717531236703508, 6340746.66117914672941 ], [ 653030.317977852304466, 6340746.66117914672941 ], [ 653029.337806449038908, 6340746.613026413135231 ], [ 653028.36707463208586, 6340746.469031950458884 ], [ 653027.415131079731509, 6340746.230582503601909 ], [ 653026.49114352860488, 6340745.899974471889436 ], [ 653025.604010484064929, 6340745.480391790159047 ], [ 653024.762275522109121, 6340744.975875269621611 ], [ 653023.974045010632835, 6340744.391283680684865 ], [ 653023.246910040383227, 6340743.732246958650649 ], [ 653022.587873318698257, 6340743.005111988633871 ], [ 653022.00328172929585, 6340742.216881477274001 ], [ 653021.498765208874829, 6340741.375146514736116 ], [ 653021.07918252714444, 6340740.488013470545411 ], [ 653021.050741139915772, 6340740.408525118604302 ], [ 653020.165512160747312, 6340739.989842992275953 ], [ 653019.323777198791504, 6340739.485326471738517 ], [ 653018.535546687315218, 6340738.900734882801771 ], [ 653017.80841171706561, 6340738.241698160767555 ], [ 653017.14937499538064, 6340737.514563190750778 ], [ 653016.564783405978233, 6340736.726332679390907 ], [ 653016.060266885557212, 6340735.884597716853023 ], [ 653015.963537943316624, 6340735.680081551894546 ], [ 653008.563984558917582, 6340735.680081551894546 ], [ 653007.583813155652024, 6340735.631928818300366 ], [ 653006.613081338698976, 6340735.48793435562402 ], [ 653005.661137786344625, 6340735.249484908767045 ], [ 653004.737150235217996, 6340734.918876877054572 ], [ 653003.850017190678045, 6340734.499294195324183 ], [ 653003.008282228722237, 6340733.994777674786747 ], [ 653002.220051717245951, 6340733.41018608585 ], [ 653001.492916746996343, 6340732.751149363815784 ], [ 653000.833880025311373, 6340732.024014393799007 ], [ 653000.249288435908966, 6340731.235783882439137 ], [ 652999.744771915487945, 6340730.394048919901252 ], [ 652999.648042972898111, 6340730.189532754011452 ], [ 652986.809991265414283, 6340730.189532754011452 ], [ 652985.829819862148724, 6340730.141380020417273 ], [ 652984.859088045195676, 6340729.997385557740927 ], [ 652983.907144492841326, 6340729.758936110883951 ], [ 652982.983156941714697, 6340729.428328079171479 ], [ 652982.096023897174746, 6340729.008745397441089 ], [ 652981.254288935218938, 6340728.504228876903653 ], [ 652980.466058423742652, 6340727.919637287966907 ], [ 652979.738923453493044, 6340727.260600565932691 ], [ 652979.079886731808074, 6340726.533465595915914 ], [ 652978.495295142405666, 6340725.745235084556043 ], [ 652977.990778621984646, 6340724.903500122018158 ], [ 652977.571195940254256, 6340724.016367077827454 ], [ 652977.240587908076122, 6340723.092379526235163 ], [ 652977.002138461335562, 6340722.140435974113643 ], [ 652976.858143998659216, 6340721.169704156927764 ], [ 652976.809991265414283, 6340720.189532754011452 ], [ 652976.809991265414283, 6340719.208435160107911 ], [ 652926.986509708454832, 6340719.208435160107911 ], [ 652926.006338305189274, 6340719.160282426513731 ], [ 652925.035606488236226, 6340719.016287963837385 ], [ 652924.083662935881875, 6340718.77783851698041 ], [ 652923.159675384755246, 6340718.447230485267937 ], [ 652922.272542340215296, 6340718.027647803537548 ], [ 652921.430807378259487, 6340717.523131283000112 ], [ 652920.642576866783202, 6340716.938539694063365 ], [ 652919.915441896533594, 6340716.27950297202915 ], [ 652919.256405174848624, 6340715.552368002012372 ], [ 652918.671813585446216, 6340714.764137490652502 ], [ 652918.167297065025195, 6340713.922402528114617 ], [ 652918.070568122435361, 6340713.717886362224817 ], [ 652916.109513061703183, 6340713.717886362224817 ], [ 652915.129341658437625, 6340713.669733628630638 ], [ 652914.158609841484576, 6340713.525739165954292 ], [ 652913.206666289130226, 6340713.287289719097316 ], [ 652912.282678738003597, 6340712.956681687384844 ], [ 652911.395545693463646, 6340712.537099005654454 ], [ 652910.553810731507838, 6340712.032582485117018 ], [ 652909.765580220031552, 6340711.447990896180272 ], [ 652909.038445249781944, 6340710.788954174146056 ], [ 652908.379408528096974, 6340710.061819204129279 ], [ 652907.794816938694566, 6340709.273588692769408 ], [ 652907.290300418273546, 6340708.431853730231524 ], [ 652907.193571476032957, 6340708.227337565273046 ], [ 652899.794018091517501, 6340708.227337565273046 ], [ 652898.813846688251942, 6340708.179184831678867 ], [ 652897.843114871298894, 6340708.035190369002521 ], [ 652896.891171318944544, 6340707.796740922145545 ], [ 652895.967183767817914, 6340707.466132890433073 ], [ 652895.080050723277964, 6340707.046550208702683 ], [ 652894.238315761322156, 6340706.542033688165247 ], [ 652893.45008524984587, 6340705.957442099228501 ], [ 652892.722950279596262, 6340705.298405377194285 ], [ 652892.063913557911292, 6340704.571270407177508 ], [ 652891.479321968508884, 6340703.783039895817637 ], [ 652890.974805448087864, 6340702.941304933279753 ], [ 652890.555222766357474, 6340702.054171889089048 ], [ 652890.526781379128806, 6340701.974683537147939 ], [ 652889.641552399960347, 6340701.55600141081959 ], [ 652888.799817438004538, 6340701.051484890282154 ], [ 652888.011586926528253, 6340700.466893301345408 ], [ 652887.284451956278645, 6340699.807856579311192 ], [ 652886.625415234593675, 6340699.080721609294415 ], [ 652886.040823645191267, 6340698.292491097934544 ], [ 652885.536307124770246, 6340697.450756135396659 ], [ 652885.116724443039857, 6340696.563623091205955 ], [ 652884.786116410861723, 6340695.639635539613664 ], [ 652884.547666964121163, 6340694.687691987492144 ], [ 652884.403672501444817, 6340693.716960170306265 ], [ 652884.355519768199883, 6340692.736788767389953 ], [ 652884.355519768199883, 6340690.647014717571437 ], [ 652884.203054076642729, 6340690.574903815984726 ], [ 652883.361319114686921, 6340690.07038729544729 ], [ 652882.573088603210635, 6340689.485795706510544 ], [ 652881.845953632961027, 6340688.826758984476328 ], [ 652881.186916911276057, 6340688.09962401445955 ], [ 652880.60232532187365, 6340687.31139350309968 ], [ 652880.097808801452629, 6340686.469658540561795 ], [ 652879.67822611972224, 6340685.58252549637109 ], [ 652879.649784732842818, 6340685.503037145361304 ], [ 652878.764555753208697, 6340685.084355019032955 ], [ 652877.922820791252889, 6340684.579838498495519 ], [ 652877.134590279776603, 6340683.995246909558773 ], [ 652876.407455309526995, 6340683.336210187524557 ], [ 652875.748418587842025, 6340682.60907521750778 ], [ 652875.163826998439617, 6340681.820844706147909 ], [ 652874.659310478018597, 6340680.979109743610024 ], [ 652874.239727796288207, 6340680.09197669941932 ], [ 652873.909119764110073, 6340679.167989147827029 ], [ 652873.670670317369513, 6340678.216045595705509 ], [ 652873.526675854693167, 6340677.24531377851963 ], [ 652873.478523121448234, 6340676.265142375603318 ], [ 652873.478523121448234, 6340657.703721933998168 ], [ 652873.32605742989108, 6340657.631611032411456 ], [ 652872.484322467935272, 6340657.12709451187402 ], [ 652871.696091956458986, 6340656.542502922937274 ], [ 652870.968956986209378, 6340655.883466200903058 ], [ 652870.309920264524408, 6340655.156331230886281 ], [ 652869.725328675122, 6340654.36810071952641 ], [ 652869.22081215470098, 6340653.526365756988525 ], [ 652868.80122947297059, 6340652.639232712797821 ], [ 652868.470621440792456, 6340651.71524516120553 ], [ 652868.232171994051896, 6340650.76330160908401 ], [ 652868.08817753137555, 6340649.792569791898131 ], [ 652868.040024798130617, 6340648.812398388981819 ], [ 652868.040024798130617, 6340641.23207554128021 ], [ 652867.887559106457047, 6340641.159964639693499 ], [ 652867.045824144501239, 6340640.655448119156063 ], [ 652866.257593633024953, 6340640.070856530219316 ], [ 652865.530458662775345, 6340639.411819808185101 ], [ 652864.871421941090375, 6340638.684684838168323 ], [ 652864.286830351687968, 6340637.896454326808453 ], [ 652863.782313831266947, 6340637.054719364270568 ], [ 652863.362731149536557, 6340636.167586320079863 ], [ 652863.334289762657136, 6340636.088097969070077 ], [ 652862.44906078313943, 6340635.669415842741728 ], [ 652861.607325821183622, 6340635.164899322204292 ], [ 652860.819095309707336, 6340634.580307733267546 ], [ 652860.091960339457728, 6340633.92127101123333 ], [ 652859.432923617772758, 6340633.194136041216552 ], [ 652858.848332028370351, 6340632.405905529856682 ], [ 652858.34381550794933, 6340631.564170567318797 ], [ 652857.92423282621894, 6340630.677037523128092 ], [ 652857.895791438990273, 6340630.597549171186984 ], [ 652857.010562459821813, 6340630.178867044858634 ], [ 652856.168827497866005, 6340629.674350524321198 ], [ 652855.380596986389719, 6340629.089758935384452 ], [ 652854.653462016140111, 6340628.430722213350236 ], [ 652853.994425294455141, 6340627.703587243333459 ], [ 652853.409833705052733, 6340626.915356731973588 ], [ 652852.905317184631713, 6340626.073621769435704 ], [ 652852.485734502901323, 6340625.186488725244999 ], [ 652852.155126470723189, 6340624.262501173652709 ], [ 652851.916677023982629, 6340623.310557621531188 ], [ 652851.772682561306283, 6340622.33982580434531 ], [ 652851.72452982806135, 6340621.359654401428998 ], [ 652851.72452982806135, 6340613.779331554658711 ], [ 652851.57206413638778, 6340613.707220653072 ], [ 652850.730329174431972, 6340613.202704132534564 ], [ 652849.942098662955686, 6340612.618112543597817 ], [ 652849.214963692706078, 6340611.959075821563601 ], [ 652848.555926971021108, 6340611.231940851546824 ], [ 652847.971335381618701, 6340610.443710340186954 ], [ 652847.46681886119768, 6340609.601975377649069 ], [ 652847.047236179467291, 6340608.714842333458364 ], [ 652847.018794792587869, 6340608.635353982448578 ], [ 652846.133565813070163, 6340608.216671856120229 ], [ 652845.291830851114355, 6340607.712155335582793 ], [ 652844.503600339638069, 6340607.127563746646047 ], [ 652843.776465369388461, 6340606.468527024611831 ], [ 652843.117428647703491, 6340605.741392054595053 ], [ 652842.532837058301084, 6340604.953161543235183 ], [ 652842.028320537880063, 6340604.111426580697298 ], [ 652841.608737856149673, 6340603.224293536506593 ], [ 652841.580296468921006, 6340603.144805184565485 ], [ 652840.695067489636131, 6340602.726123058237135 ], [ 652839.853332527680323, 6340602.221606537699699 ], [ 652839.065102016204037, 6340601.637014948762953 ], [ 652838.337967045954429, 6340600.977978226728737 ], [ 652837.678930324269459, 6340600.25084325671196 ], [ 652837.094338734867051, 6340599.462612745352089 ], [ 652836.589822214446031, 6340598.620877782814205 ], [ 652836.170239532715641, 6340597.7337447386235 ], [ 652835.839631500537507, 6340596.809757187031209 ], [ 652835.601182053796947, 6340595.857813634909689 ], [ 652835.457187591120601, 6340594.887081817723811 ], [ 652835.409034857875668, 6340593.906910414807498 ], [ 652835.409034857875668, 6340560.963617630302906 ], [ 652835.457187591120601, 6340559.983446227386594 ], [ 652835.601182053796947, 6340559.012714410200715 ], [ 652835.839631500537507, 6340558.060770858079195 ], [ 652836.170239532715641, 6340557.136783306486905 ], [ 652836.589822214446031, 6340556.2496502622962 ], [ 652837.094338734867051, 6340555.407915299758315 ], [ 652837.678930324269459, 6340554.619684788398445 ], [ 652838.337967045954429, 6340553.892549818381667 ], [ 652839.065102016204037, 6340553.233513096347451 ], [ 652839.853332527680323, 6340552.648921507410705 ], [ 652840.695067489636131, 6340552.144404986873269 ], [ 652840.8475331813097, 6340552.072294085286558 ], [ 652840.8475331813097, 6340549.982520035468042 ], [ 652840.895685914554633, 6340549.00234863255173 ], [ 652841.03968037723098, 6340548.031616815365851 ], [ 652841.27812982397154, 6340547.079673263244331 ], [ 652841.608737856149673, 6340546.15568571165204 ], [ 652842.028320537880063, 6340545.268552667461336 ], [ 652842.532837058301084, 6340544.426817704923451 ], [ 652843.117428647703491, 6340543.638587193563581 ], [ 652843.776465369388461, 6340542.911452223546803 ], [ 652844.503600339638069, 6340542.252415501512587 ], [ 652845.291830851114355, 6340541.667823912575841 ], [ 652846.133565813070163, 6340541.163307392038405 ], [ 652847.018794792587869, 6340540.744625265710056 ], [ 652847.047236179467291, 6340540.66513691470027 ], [ 652847.46681886119768, 6340539.778003870509565 ], [ 652847.971335381618701, 6340538.93626890797168 ], [ 652848.555926971021108, 6340538.14803839661181 ], [ 652849.214963692706078, 6340537.420903426595032 ], [ 652849.942098662955686, 6340536.761866704560816 ], [ 652850.730329174431972, 6340536.17727511562407 ], [ 652851.57206413638778, 6340535.672758595086634 ], [ 652852.459197180927731, 6340535.253175913356245 ], [ 652853.38318473205436, 6340534.922567881643772 ], [ 652854.335128284408711, 6340534.684118434786797 ], [ 652855.305860101361759, 6340534.54012397211045 ], [ 652856.286031504627317, 6340534.491971238516271 ], [ 652858.247086565708742, 6340534.491971238516271 ], [ 652858.34381550794933, 6340534.287455073557794 ], [ 652858.848332028370351, 6340533.445720111019909 ], [ 652859.432923617772758, 6340532.657489599660039 ], [ 652860.091960339457728, 6340531.930354629643261 ], [ 652860.819095309707336, 6340531.271317907609046 ], [ 652861.607325821183622, 6340530.686726318672299 ], [ 652862.44906078313943, 6340530.182209798134863 ], [ 652863.336193827679381, 6340529.762627116404474 ], [ 652864.26018137880601, 6340529.432019084692001 ], [ 652865.212124931160361, 6340529.193569637835026 ], [ 652866.182856748113409, 6340529.049575175158679 ], [ 652867.163028151378967, 6340529.0014224415645 ], [ 652869.124083212111145, 6340529.0014224415645 ], [ 652869.22081215470098, 6340528.796906275674701 ], [ 652869.725328675122, 6340527.955171313136816 ], [ 652870.309920264524408, 6340527.166940801776946 ], [ 652870.968956986209378, 6340526.439805831760168 ], [ 652871.696091956458986, 6340525.780769109725952 ], [ 652872.484322467935272, 6340525.196177520789206 ], [ 652873.32605742989108, 6340524.69166100025177 ], [ 652873.478523121448234, 6340524.619550098665059 ], [ 652873.478523121448234, 6340517.039227251894772 ], [ 652873.526675854693167, 6340516.05905584897846 ], [ 652873.670670317369513, 6340515.088324031792581 ], [ 652873.909119764110073, 6340514.136380479671061 ], [ 652874.239727796288207, 6340513.212392928078771 ], [ 652874.659310478018597, 6340512.325259883888066 ], [ 652875.163826998439617, 6340511.483524921350181 ], [ 652875.748418587842025, 6340510.695294409990311 ], [ 652876.407455309526995, 6340509.968159439973533 ], [ 652877.134590279776603, 6340509.309122717939317 ], [ 652877.922820791252889, 6340508.724531129002571 ], [ 652878.764555753208697, 6340508.220014608465135 ], [ 652879.651688797748648, 6340507.800431926734746 ], [ 652880.575676348875277, 6340507.469823895022273 ], [ 652881.527619901229627, 6340507.231374448165298 ], [ 652882.498351718182676, 6340507.087379985488951 ], [ 652883.478523121448234, 6340507.039227251894772 ], [ 652896.316574828932062, 6340507.039227251894772 ], [ 652896.413303771521896, 6340506.834711086004972 ], [ 652896.917820291942917, 6340505.992976123467088 ], [ 652897.502411881345324, 6340505.204745612107217 ], [ 652898.161448603030294, 6340504.47761064209044 ], [ 652898.888583573279902, 6340503.818573920056224 ], [ 652899.676814084756188, 6340503.233982331119478 ], [ 652900.518549046711996, 6340502.729465810582042 ], [ 652901.405682091251947, 6340502.309883128851652 ], [ 652902.329669642378576, 6340501.97927509713918 ], [ 652903.281613194732927, 6340501.740825650282204 ], [ 652904.252345011685975, 6340501.596831187605858 ], [ 652905.232516414951533, 6340501.548678454011679 ], [ 652923.509066446102224, 6340501.548678454011679 ], [ 652923.605795388342813, 6340501.344162289053202 ], [ 652924.110311908763833, 6340500.502427326515317 ], [ 652924.694903498166241, 6340499.714196815155447 ], [ 652925.353940219851211, 6340498.987061845138669 ], [ 652926.081075190100819, 6340498.328025123104453 ], [ 652926.869305701577105, 6340497.743433534167707 ], [ 652927.711040663532913, 6340497.238917013630271 ], [ 652927.863506355090067, 6340497.16680611204356 ], [ 652927.863506355090067, 6340484.09593446739018 ], [ 652927.911659088335, 6340483.115763064473867 ], [ 652928.055653551011346, 6340482.145031247287989 ], [ 652928.294102997751907, 6340481.193087695166469 ], [ 652928.62471102993004, 6340480.269100143574178 ], [ 652929.04429371166043, 6340479.381967099383473 ], [ 652929.548810232081451, 6340478.540232136845589 ], [ 652930.133401821483858, 6340477.752001625485718 ], [ 652930.792438543168828, 6340477.024866655468941 ], [ 652931.519573513418436, 6340476.365829933434725 ], [ 652932.307804024894722, 6340475.781238344497979 ], [ 652933.14953898685053, 6340475.276721823960543 ], [ 652933.302004678524099, 6340475.204610922373831 ], [ 652933.302004678524099, 6340451.152641682885587 ], [ 652933.350157411769032, 6340450.172470279969275 ], [ 652933.494151874445379, 6340449.201738462783396 ], [ 652933.732601321185939, 6340448.249794910661876 ], [ 652934.063209353364073, 6340447.325807359069586 ], [ 652934.482792035094462, 6340446.438674314878881 ], [ 652934.987308555515483, 6340445.596939352340996 ], [ 652935.57190014491789, 6340444.808708840981126 ], [ 652936.23093686660286, 6340444.081573870964348 ], [ 652936.958071836852469, 6340443.422537148930132 ], [ 652937.746302348328754, 6340442.837945559993386 ], [ 652938.588037310284562, 6340442.33342903945595 ], [ 652938.740503001841716, 6340442.261318137869239 ], [ 652938.740503001841716, 6340429.190446493215859 ], [ 652938.78865573508665, 6340428.210275090299547 ], [ 652938.932650197762996, 6340427.239543273113668 ], [ 652939.171099644503556, 6340426.287599720992148 ], [ 652939.50170767668169, 6340425.363612169399858 ], [ 652939.92129035841208, 6340424.476479125209153 ], [ 652940.4258068788331, 6340423.634744162671268 ], [ 652941.010398468235508, 6340422.846513651311398 ], [ 652941.669435189920478, 6340422.11937868129462 ], [ 652942.396570160170086, 6340421.460341959260404 ], [ 652943.184800671646371, 6340420.875750370323658 ], [ 652944.02653563360218, 6340420.371233849786222 ], [ 652944.179001325275749, 6340420.299122948199511 ], [ 652944.179001325275749, 6340418.209348899312317 ], [ 652944.227154058520682, 6340417.229177496396005 ], [ 652944.371148521197028, 6340416.258445679210126 ], [ 652944.609597967937589, 6340415.306502127088606 ], [ 652944.940206000115722, 6340414.382514575496316 ], [ 652945.359788681846112, 6340413.495381531305611 ], [ 652945.864305202267133, 6340412.653646568767726 ], [ 652946.44889679166954, 6340411.865416057407856 ], [ 652947.10793351335451, 6340411.138281087391078 ], [ 652947.835068483604118, 6340410.479244365356863 ], [ 652948.623298995080404, 6340409.894652776420116 ], [ 652949.465033957036212, 6340409.39013625588268 ], [ 652949.617499648593366, 6340409.318025354295969 ], [ 652949.617499648593366, 6340407.228251304477453 ], [ 652949.665652381838299, 6340406.248079901561141 ], [ 652949.809646844514646, 6340405.277348084375262 ], [ 652950.048096291255206, 6340404.325404532253742 ], [ 652950.37870432343334, 6340403.401416980661452 ], [ 652950.798287005163729, 6340402.514283936470747 ], [ 652951.30280352558475, 6340401.672548973932862 ], [ 652951.887395114987157, 6340400.884318462572992 ], [ 652952.546431836672127, 6340400.157183492556214 ], [ 652953.273566806921735, 6340399.498146770521998 ], [ 652953.955449487897567, 6340398.992428108118474 ], [ 652953.273566806921735, 6340398.486709445714951 ], [ 652952.546431836672127, 6340397.827672723680735 ], [ 652951.887395114987157, 6340397.100537753663957 ], [ 652951.30280352558475, 6340396.312307242304087 ], [ 652950.798287005163729, 6340395.470572279766202 ], [ 652950.701558062923141, 6340395.266056114807725 ], [ 652943.302004678524099, 6340395.266056114807725 ], [ 652942.321833275258541, 6340395.217903381213546 ], [ 652941.351101458305493, 6340395.073908918537199 ], [ 652940.399157905951142, 6340394.835459471680224 ], [ 652939.475170354824513, 6340394.504851439967752 ], [ 652938.588037310284562, 6340394.085268758237362 ], [ 652937.746302348328754, 6340393.580752237699926 ], [ 652936.958071836852469, 6340392.99616064876318 ], [ 652936.23093686660286, 6340392.337123926728964 ], [ 652935.57190014491789, 6340391.609988956712186 ], [ 652934.987308555515483, 6340390.821758445352316 ], [ 652934.482792035094462, 6340389.980023482814431 ], [ 652934.063209353364073, 6340389.092890438623726 ], [ 652934.034767966135405, 6340389.013402086682618 ], [ 652933.14953898685053, 6340388.594719960354269 ], [ 652932.307804024894722, 6340388.090203439816833 ], [ 652931.519573513418436, 6340387.505611850880086 ], [ 652930.792438543168828, 6340386.84657512884587 ], [ 652930.133401821483858, 6340386.119440158829093 ], [ 652929.548810232081451, 6340385.331209647469223 ], [ 652929.04429371166043, 6340384.489474684931338 ], [ 652928.62471102993004, 6340383.602341640740633 ], [ 652928.596269643050618, 6340383.522853289730847 ], [ 652927.711040663532913, 6340383.104171163402498 ], [ 652926.869305701577105, 6340382.599654642865062 ], [ 652926.081075190100819, 6340382.015063053928316 ], [ 652925.353940219851211, 6340381.3560263318941 ], [ 652924.694903498166241, 6340380.628891361877322 ], [ 652924.110311908763833, 6340379.840660850517452 ], [ 652923.605795388342813, 6340378.998925887979567 ], [ 652923.186212706612423, 6340378.111792843788862 ], [ 652923.157771319383755, 6340378.032304491847754 ], [ 652922.272542340215296, 6340377.613622365519404 ], [ 652921.430807378259487, 6340377.109105844981968 ], [ 652920.642576866783202, 6340376.524514256045222 ], [ 652919.915441896533594, 6340375.865477534011006 ], [ 652919.256405174848624, 6340375.138342563994229 ], [ 652918.671813585446216, 6340374.350112052634358 ], [ 652918.167297065025195, 6340373.508377090096474 ], [ 652918.070568122784607, 6340373.303860925137997 ], [ 652894.355519768199883, 6340373.303860925137997 ], [ 652893.375348364934325, 6340373.255708191543818 ], [ 652892.404616547981277, 6340373.111713728867471 ], [ 652891.452672995626926, 6340372.873264282010496 ], [ 652890.528685444500297, 6340372.542656250298023 ], [ 652889.641552399960347, 6340372.123073568567634 ], [ 652888.799817438004538, 6340371.618557048030198 ], [ 652888.011586926528253, 6340371.033965459093451 ], [ 652887.284451956278645, 6340370.374928737059236 ], [ 652886.625415234593675, 6340369.647793767042458 ], [ 652886.040823645191267, 6340368.859563255682588 ], [ 652885.536307124770246, 6340368.017828293144703 ], [ 652885.439578182529658, 6340367.813312128186226 ], [ 652883.478523121448234, 6340367.813312128186226 ], [ 652882.498351718182676, 6340367.765159394592047 ], [ 652881.527619901229627, 6340367.6211649319157 ], [ 652880.575676348875277, 6340367.382715485058725 ], [ 652879.651688797748648, 6340367.052107453346252 ], [ 652878.764555753208697, 6340366.632524771615863 ], [ 652877.922820791252889, 6340366.128008251078427 ], [ 652877.134590279776603, 6340365.543416662141681 ], [ 652876.407455309526995, 6340364.884379940107465 ], [ 652875.748418587842025, 6340364.157244970090687 ], [ 652875.163826998439617, 6340363.369014458730817 ], [ 652874.659310478018597, 6340362.527279496192932 ], [ 652874.239727796288207, 6340361.640146452002227 ], [ 652873.909119764110073, 6340360.716158900409937 ], [ 652873.670670317369513, 6340359.764215348288417 ], [ 652873.526675854693167, 6340358.793483531102538 ], [ 652873.478523121448234, 6340357.813312128186226 ], [ 652873.478523121448234, 6340355.72353807836771 ], [ 652873.32605742989108, 6340355.651427176780999 ], [ 652872.484322467935272, 6340355.146910656243563 ], [ 652871.696091956458986, 6340354.562319067306817 ], [ 652870.968956986209378, 6340353.903282345272601 ], [ 652870.309920264524408, 6340353.176147375255823 ], [ 652869.725328675122, 6340352.387916863895953 ], [ 652869.22081215470098, 6340351.546181901358068 ], [ 652868.80122947297059, 6340350.659048857167363 ], [ 652868.470621440792456, 6340349.735061305575073 ], [ 652868.232171994051896, 6340348.783117753453553 ], [ 652868.08817753137555, 6340347.812385936267674 ], [ 652868.040024798130617, 6340346.832214533351362 ], [ 652868.040024798130617, 6340328.270794090814888 ], [ 652867.887559106457047, 6340328.198683189228177 ], [ 652867.045824144501239, 6340327.694166668690741 ], [ 652866.257593633024953, 6340327.109575079753995 ], [ 652865.530458662775345, 6340326.450538357719779 ], [ 652864.871421941090375, 6340325.723403387703001 ], [ 652864.286830351687968, 6340324.935172876343131 ], [ 652863.782313831266947, 6340324.093437913805246 ], [ 652863.362731149536557, 6340323.206304869614542 ], [ 652863.334289762657136, 6340323.126816518604755 ], [ 652862.44906078313943, 6340322.708134392276406 ], [ 652861.607325821183622, 6340322.20361787173897 ], [ 652860.819095309707336, 6340321.619026282802224 ], [ 652860.091960339457728, 6340320.959989560768008 ], [ 652859.432923617772758, 6340320.232854590751231 ], [ 652858.848332028370351, 6340319.44462407939136 ], [ 652858.34381550794933, 6340318.602889116853476 ], [ 652857.92423282621894, 6340317.715756072662771 ], [ 652857.593624794040807, 6340316.79176852107048 ], [ 652857.355175347300246, 6340315.83982496894896 ], [ 652857.2111808846239, 6340314.869093151763082 ], [ 652857.163028151378967, 6340313.888921748846769 ], [ 652857.163028151378967, 6340301.926726559177041 ], [ 652850.8475331813097, 6340301.926726559177041 ], [ 652849.867361778044142, 6340301.878573825582862 ], [ 652848.896629961091094, 6340301.734579362906516 ], [ 652847.944686408736743, 6340301.49612991604954 ], [ 652847.020698857610114, 6340301.165521884337068 ], [ 652846.133565813070163, 6340300.745939202606678 ], [ 652845.291830851114355, 6340300.241422682069242 ], [ 652844.503600339638069, 6340299.656831093132496 ], [ 652843.776465369388461, 6340298.99779437109828 ], [ 652843.117428647703491, 6340298.270659401081502 ], [ 652842.532837058301084, 6340297.482428889721632 ], [ 652842.028320537880063, 6340296.640693927183747 ], [ 652841.608737856149673, 6340295.753560882993042 ], [ 652841.27812982397154, 6340294.829573331400752 ], [ 652841.03968037723098, 6340293.877629779279232 ], [ 652840.895685914554633, 6340292.906897962093353 ], [ 652840.8475331813097, 6340291.926726559177041 ], [ 652840.8475331813097, 6340289.836952509358525 ], [ 652840.695067489636131, 6340289.764841607771814 ], [ 652839.853332527680323, 6340289.260325087234378 ], [ 652839.065102016204037, 6340288.675733498297632 ], [ 652838.337967045954429, 6340288.016696776263416 ], [ 652837.678930324269459, 6340287.289561806246638 ], [ 652837.094338734867051, 6340286.501331294886768 ], [ 652836.589822214446031, 6340285.659596332348883 ], [ 652836.170239532715641, 6340284.772463288158178 ], [ 652836.141798145836219, 6340284.692974937148392 ], [ 652835.256569166318513, 6340284.274292810820043 ], [ 652834.414834204362705, 6340283.769776290282607 ], [ 652833.62660369288642, 6340283.185184701345861 ], [ 652832.899468722636811, 6340282.526147979311645 ], [ 652832.240432000951841, 6340281.799013009294868 ], [ 652831.655840411549434, 6340281.010782497934997 ], [ 652831.151323891128413, 6340280.169047535397112 ], [ 652830.731741209398024, 6340279.281914491206408 ], [ 652830.703299822169356, 6340279.202426139265299 ], [ 652829.818070843000896, 6340278.78374401293695 ], [ 652828.976335881045088, 6340278.279227492399514 ], [ 652828.188105369568802, 6340277.694635903462768 ], [ 652827.460970399319194, 6340277.035599181428552 ], [ 652826.801933677634224, 6340276.308464211411774 ], [ 652826.217342088231817, 6340275.520233700051904 ], [ 652825.712825567810796, 6340274.678498737514019 ], [ 652825.616096625570208, 6340274.473982572555542 ], [ 652823.655041564488783, 6340274.473982572555542 ], [ 652822.674870161223225, 6340274.425829838961363 ], [ 652821.704138344270177, 6340274.281835376285017 ], [ 652820.752194791915826, 6340274.043385929428041 ], [ 652819.828207240789197, 6340273.712777897715569 ], [ 652818.941074196249247, 6340273.293195215985179 ], [ 652818.099339234293438, 6340272.788678695447743 ], [ 652817.311108722817153, 6340272.204087106510997 ], [ 652816.583973752567545, 6340271.545050384476781 ], [ 652815.924937030882575, 6340270.817915414460003 ], [ 652815.340345441480167, 6340270.029684903100133 ], [ 652814.835828921059147, 6340269.187949940562248 ], [ 652814.416246239328757, 6340268.300816896371543 ], [ 652814.387804852100089, 6340268.221328544430435 ], [ 652813.502575872815214, 6340267.802646418102086 ], [ 652812.660840910859406, 6340267.29812989756465 ], [ 652811.87261039938312, 6340266.713538308627903 ], [ 652811.145475429133512, 6340266.054501586593688 ], [ 652810.486438707448542, 6340265.32736661657691 ], [ 652809.901847118046135, 6340264.53913610521704 ], [ 652809.397330597625114, 6340263.697401142679155 ], [ 652808.977747915894724, 6340262.81026809848845 ], [ 652808.647139883716591, 6340261.88628054689616 ], [ 652808.40869043697603, 6340260.93433699477464 ], [ 652808.264695974299684, 6340259.963605177588761 ], [ 652808.216543241054751, 6340258.983433774672449 ], [ 652808.216543241054751, 6340251.403110927902162 ], [ 652808.064077549497597, 6340251.331000026315451 ], [ 652807.222342587541789, 6340250.826483505778015 ], [ 652806.434112076065503, 6340250.241891916841269 ], [ 652805.706977105815895, 6340249.582855194807053 ], [ 652805.047940384130925, 6340248.855720224790275 ], [ 652804.463348794728518, 6340248.067489713430405 ], [ 652803.958832274307497, 6340247.22575475089252 ], [ 652803.539249592577107, 6340246.338621706701815 ], [ 652803.208641560398974, 6340245.414634155109525 ], [ 652802.970192113658413, 6340244.462690602988005 ], [ 652802.826197650982067, 6340243.491958785802126 ], [ 652802.778044917737134, 6340242.511787382885814 ], [ 652802.778044917737134, 6340223.950366941280663 ], [ 652802.62557922617998, 6340223.878256039693952 ], [ 652801.783844264224172, 6340223.373739519156516 ], [ 652800.995613752747886, 6340222.789147930219769 ], [ 652800.268478782498278, 6340222.130111208185554 ], [ 652799.609442060813308, 6340221.402976238168776 ], [ 652799.0248504714109, 6340220.614745726808906 ], [ 652798.52033395098988, 6340219.773010764271021 ], [ 652798.10075126925949, 6340218.885877720080316 ], [ 652797.770143237081356, 6340217.961890168488026 ], [ 652797.531693790340796, 6340217.009946616366506 ], [ 652797.38769932766445, 6340216.039214799180627 ], [ 652797.339546594419517, 6340215.059043396264315 ], [ 652797.339546594419517, 6340196.497622954659164 ], [ 652797.187080902745947, 6340196.425512053072453 ], [ 652796.345345940790139, 6340195.920995532535017 ], [ 652795.557115429313853, 6340195.33640394359827 ], [ 652794.829980459064245, 6340194.677367221564054 ], [ 652794.170943737379275, 6340193.950232251547277 ], [ 652793.586352147976868, 6340193.162001740187407 ], [ 652793.081835627555847, 6340192.320266777649522 ], [ 652792.662252945825458, 6340191.433133733458817 ], [ 652792.331644913647324, 6340190.509146181866527 ], [ 652792.093195466906764, 6340189.557202629745007 ], [ 652791.949201004230417, 6340188.586470812559128 ], [ 652791.901048270985484, 6340187.606299409642816 ], [ 652791.901048270985484, 6340121.719713840633631 ], [ 652791.949201004230417, 6340120.739542437717319 ], [ 652792.093195466906764, 6340119.76881062053144 ], [ 652792.331644913647324, 6340118.81686706840992 ], [ 652792.662252945825458, 6340117.892879516817629 ], [ 652793.081835627555847, 6340117.005746472626925 ], [ 652793.586352147976868, 6340116.16401151008904 ], [ 652794.170943737379275, 6340115.375780998729169 ], [ 652794.829980459064245, 6340114.648646028712392 ], [ 652795.557115429313853, 6340113.989609306678176 ], [ 652796.345345940790139, 6340113.40501771774143 ], [ 652797.187080902745947, 6340112.900501197203994 ], [ 652798.074213947285898, 6340112.480918515473604 ], [ 652798.998201498412527, 6340112.150310483761132 ], [ 652799.950145050766878, 6340111.911861036904156 ], [ 652800.920876867719926, 6340111.76786657422781 ], [ 652801.901048270985484, 6340111.719713840633631 ], [ 652803.862103332066908, 6340111.719713840633631 ], [ 652803.958832274307497, 6340111.515197675675154 ], [ 652804.463348794728518, 6340110.673462713137269 ], [ 652805.047940384130925, 6340109.885232201777399 ], [ 652805.706977105815895, 6340109.158097231760621 ], [ 652806.434112076065503, 6340108.499060509726405 ], [ 652807.222342587541789, 6340107.914468920789659 ], [ 652808.064077549497597, 6340107.409952400252223 ], [ 652808.951210594037548, 6340106.990369718521833 ], [ 652809.875198145164177, 6340106.659761686809361 ], [ 652810.827141697518528, 6340106.421312239952385 ], [ 652811.797873514471576, 6340106.277317777276039 ], [ 652812.778044917737134, 6340106.22916504368186 ], [ 652850.8475331813097, 6340106.22916504368186 ], [ 652851.827704584575258, 6340106.277317777276039 ], [ 652852.798436401528306, 6340106.421312239952385 ], [ 652853.750379953882657, 6340106.659761686809361 ], [ 652854.674367505009286, 6340106.990369718521833 ], [ 652855.561500549549237, 6340107.409952400252223 ], [ 652856.403235511505045, 6340107.914468920789659 ], [ 652857.191466022981331, 6340108.499060509726405 ], [ 652857.918600993230939, 6340109.158097231760621 ], [ 652858.577637714915909, 6340109.885232201777399 ], [ 652859.162229304318316, 6340110.673462713137269 ], [ 652859.666745824739337, 6340111.515197675675154 ], [ 652859.763474766979925, 6340111.719713840633631 ], [ 652977.894049679744057, 6340111.719713840633631 ], [ 652977.990778621984646, 6340111.515197675675154 ], [ 652978.495295142405666, 6340110.673462713137269 ], [ 652979.079886731808074, 6340109.885232201777399 ], [ 652979.738923453493044, 6340109.158097231760621 ], [ 652980.466058423742652, 6340108.499060509726405 ], [ 652981.254288935218938, 6340107.914468920789659 ], [ 652982.096023897174746, 6340107.409952400252223 ], [ 652982.983156941714697, 6340106.990369718521833 ], [ 652983.907144492841326, 6340106.659761686809361 ], [ 652984.859088045195676, 6340106.421312239952385 ], [ 652985.829819862148724, 6340106.277317777276039 ], [ 652986.809991265414283, 6340106.22916504368186 ], [ 653014.002482882235199, 6340106.22916504368186 ], [ 653014.982654285500757, 6340106.277317777276039 ], [ 653015.953386102453806, 6340106.421312239952385 ], [ 653016.905329654808156, 6340106.659761686809361 ], [ 653017.829317205934785, 6340106.990369718521833 ], [ 653018.716450250474736, 6340107.409952400252223 ], [ 653019.558185212430544, 6340107.914468920789659 ], [ 653020.34641572390683, 6340108.499060509726405 ], [ 653021.073550694156438, 6340109.158097231760621 ], [ 653021.732587415841408, 6340109.885232201777399 ], [ 653022.317179005243815, 6340110.673462713137269 ], [ 653022.821695525664836, 6340111.515197675675154 ], [ 653023.004010999342427, 6340111.900671357288957 ], [ 653023.899308125721291, 6340111.76786657422781 ], [ 653024.879479528986849, 6340111.719713840633631 ], [ 653079.264462762628682, 6340111.719713840633631 ], [ 653080.24463416589424, 6340111.76786657422781 ], [ 653081.215365982847288, 6340111.911861036904156 ], [ 653082.167309535201639, 6340112.150310483761132 ], [ 653083.091297086328268, 6340112.480918515473604 ], [ 653083.978430130868219, 6340112.900501197203994 ], [ 653084.820165092824027, 6340113.40501771774143 ], [ 653085.608395604300313, 6340113.989609306678176 ], [ 653086.335530574549921, 6340114.648646028712392 ], [ 653086.994567296234891, 6340115.375780998729169 ], [ 653087.579158885637298, 6340116.16401151008904 ], [ 653088.083675406058319, 6340117.005746472626925 ], [ 653088.503258087788709, 6340117.892879516817629 ], [ 653088.531699475017376, 6340117.972367868758738 ], [ 653089.416928454185836, 6340118.391049995087087 ], [ 653090.258663416141644, 6340118.895566515624523 ], [ 653091.04689392761793, 6340119.480158104561269 ], [ 653091.774028897867538, 6340120.139194826595485 ], [ 653092.433065619552508, 6340120.866329796612263 ], [ 653093.017657208954915, 6340121.654560307972133 ], [ 653093.522173729375936, 6340122.496295270510018 ], [ 653093.618902671616524, 6340122.700811435468495 ], [ 653117.333951026201248, 6340122.700811435468495 ], [ 653118.314122429466806, 6340122.748964169062674 ], [ 653119.284854246419854, 6340122.89295863173902 ], [ 653120.236797798774205, 6340123.131408078595996 ], [ 653121.160785349900834, 6340123.462016110308468 ], [ 653122.047918394440785, 6340123.881598792038858 ], [ 653122.889653356396593, 6340124.386115312576294 ], [ 653123.677883867872879, 6340124.97070690151304 ], [ 653124.405018838122487, 6340125.629743623547256 ], [ 653125.064055559807457, 6340126.356878593564034 ], [ 653125.648647149209864, 6340127.145109104923904 ], [ 653126.153163669630885, 6340127.986844067461789 ], [ 653126.249892611871473, 6340128.191360232420266 ], [ 653189.995484290993772, 6340128.191360232420266 ], [ 653190.092213233234361, 6340127.986844067461789 ], [ 653190.596729753655382, 6340127.145109104923904 ], [ 653191.181321343057789, 6340126.356878593564034 ], [ 653191.840358064742759, 6340125.629743623547256 ], [ 653192.567493034992367, 6340124.97070690151304 ], [ 653193.355723546468653, 6340124.386115312576294 ], [ 653194.197458508424461, 6340123.881598792038858 ], [ 653194.349924199981615, 6340123.809487890452147 ], [ 653194.349924199981615, 6340116.22916504368186 ], [ 653194.398076933226548, 6340115.248993640765548 ], [ 653194.542071395902894, 6340114.278261823579669 ], [ 653194.780520842643455, 6340113.326318271458149 ], [ 653195.111128874821588, 6340112.402330719865859 ], [ 653195.530711556551978, 6340111.515197675675154 ], [ 653196.035228076972999, 6340110.673462713137269 ], [ 653196.619819666375406, 6340109.885232201777399 ], [ 653197.278856388060376, 6340109.158097231760621 ], [ 653198.005991358309984, 6340108.499060509726405 ], [ 653198.79422186978627, 6340107.914468920789659 ], [ 653199.635956831742078, 6340107.409952400252223 ], [ 653200.523089876282029, 6340106.990369718521833 ], [ 653201.447077427408658, 6340106.659761686809361 ], [ 653202.399020979763009, 6340106.421312239952385 ], [ 653203.369752796716057, 6340106.277317777276039 ], [ 653204.349924199981615, 6340106.22916504368186 ], [ 653207.61256912839599, 6340106.22916504368186 ], [ 653207.496816313127056, 6340106.101451492868364 ], [ 653206.912224723724648, 6340105.313220981508493 ], [ 653206.407708203303628, 6340104.471486018970609 ], [ 653206.310979261063039, 6340104.266969854012132 ], [ 653204.349924199981615, 6340104.266969854012132 ], [ 653203.369752796716057, 6340104.218817120417953 ], [ 653202.399020979763009, 6340104.074822657741606 ], [ 653201.447077427408658, 6340103.836373210884631 ], [ 653200.523089876282029, 6340103.505765179172158 ], [ 653199.635956831742078, 6340103.086182497441769 ], [ 653198.79422186978627, 6340102.581665976904333 ], [ 653198.005991358309984, 6340101.997074387967587 ], [ 653197.278856388060376, 6340101.338037665933371 ], [ 653196.619819666375406, 6340100.610902695916593 ], [ 653196.035228076972999, 6340099.822672184556723 ], [ 653195.530711556551978, 6340098.980937222018838 ], [ 653195.111128874821588, 6340098.093804177828133 ], [ 653194.780520842643455, 6340097.169816626235843 ], [ 653194.542071395902894, 6340096.217873074114323 ], [ 653194.398076933226548, 6340095.247141256928444 ], [ 653194.349924199981615, 6340094.266969854012132 ], [ 653194.349924199981615, 6340066.814225867390633 ], [ 653194.398076933226548, 6340065.83405446447432 ], [ 653194.542071395902894, 6340064.863322647288442 ], [ 653194.780520842643455, 6340063.911379095166922 ], [ 653195.111128874821588, 6340062.987391543574631 ], [ 653195.530711556551978, 6340062.100258499383926 ], [ 653196.035228076972999, 6340061.258523536846042 ], [ 653196.619819666375406, 6340060.470293025486171 ], [ 653197.278856388060376, 6340059.743158055469394 ], [ 653198.005991358309984, 6340059.084121333435178 ], [ 653198.79422186978627, 6340058.499529744498432 ], [ 653199.635956831742078, 6340057.995013223960996 ], [ 653200.521185810910538, 6340057.576331097632647 ], [ 653200.549627198139206, 6340057.496842745691538 ], [ 653200.969209879869595, 6340056.609709701500833 ], [ 653201.473726400290616, 6340055.767974738962948 ], [ 653202.058317989693023, 6340054.979744227603078 ], [ 653202.717354711377993, 6340054.2526092575863 ], [ 653203.444489681627601, 6340053.593572535552084 ], [ 653204.232720193103887, 6340053.008980946615338 ], [ 653205.074455155059695, 6340052.504464426077902 ], [ 653205.226920846733265, 6340052.432353524491191 ], [ 653205.226920846733265, 6340044.852030677720904 ], [ 653205.275073579978198, 6340043.871859274804592 ], [ 653205.419068042654544, 6340042.901127457618713 ], [ 653205.657517489395104, 6340041.949183905497193 ], [ 653205.988125521573238, 6340041.025196353904903 ], [ 653206.407708203303628, 6340040.138063309714198 ], [ 653206.912224723724648, 6340039.296328347176313 ], [ 653207.496816313127056, 6340038.508097835816443 ], [ 653208.155853034812026, 6340037.780962865799665 ], [ 653208.882988005061634, 6340037.12192614376545 ], [ 653209.67121851653792, 6340036.537334554828703 ], [ 653210.512953478493728, 6340036.032818034291267 ], [ 653211.400086523033679, 6340035.613235352560878 ], [ 653212.324074074160308, 6340035.282627320848405 ], [ 653213.276017626514658, 6340035.04417787399143 ], [ 653214.246749443467706, 6340034.900183411315084 ], [ 653215.226920846733265, 6340034.852030677720904 ], [ 653242.419412463554181, 6340034.852030677720904 ], [ 653243.399583866819739, 6340034.900183411315084 ], [ 653244.370315683772787, 6340035.04417787399143 ], [ 653245.322259236127138, 6340035.282627320848405 ], [ 653246.246246787253767, 6340035.613235352560878 ], [ 653247.133379831793718, 6340036.032818034291267 ], [ 653247.975114793749526, 6340036.537334554828703 ], [ 653248.763345305225812, 6340037.12192614376545 ], [ 653249.49048027547542, 6340037.780962865799665 ], [ 653250.14951699716039, 6340038.508097835816443 ], [ 653250.734108586562797, 6340039.296328347176313 ], [ 653251.238625106983818, 6340040.138063309714198 ], [ 653251.335354049224406, 6340040.342579474672675 ], [ 653269.611904080375098, 6340040.342579474672675 ], [ 653270.592075483640656, 6340040.390732208266854 ], [ 653271.562807300593704, 6340040.534726670943201 ], [ 653272.514750852948055, 6340040.773176117800176 ], [ 653273.438738404074684, 6340041.103784149512649 ], [ 653274.325871448614635, 6340041.523366831243038 ], [ 653275.167606410570443, 6340042.027883351780474 ], [ 653275.955836922046728, 6340042.61247494071722 ], [ 653276.682971892296337, 6340043.271511662751436 ], [ 653277.342008613981307, 6340043.998646632768214 ], [ 653277.926600203383714, 6340044.786877144128084 ], [ 653278.431116723804735, 6340045.628612106665969 ], [ 653278.527845666394569, 6340045.833128272555768 ], [ 653302.242894020513631, 6340045.833128272555768 ], [ 653303.22306542377919, 6340045.881281006149948 ], [ 653304.193797240732238, 6340046.025275468826294 ], [ 653305.145740793086588, 6340046.26372491568327 ], [ 653306.069728344213217, 6340046.594332947395742 ], [ 653306.956861388753168, 6340047.013915629126132 ], [ 653307.798596350708976, 6340047.518432149663568 ], [ 653308.586826862185262, 6340048.103023738600314 ], [ 653309.31396183243487, 6340048.76206046063453 ], [ 653309.97299855411984, 6340049.489195430651307 ], [ 653310.557590143522248, 6340050.277425942011178 ], [ 653311.062106663943268, 6340051.119160904549062 ], [ 653311.158835606183857, 6340051.323677069507539 ], [ 653323.996887314016931, 6340051.323677069507539 ], [ 653323.996887314016931, 6340050.342579474672675 ], [ 653340.312382284086198, 6340050.342579474672675 ], [ 653340.312382284086198, 6340051.323677069507539 ], [ 653341.292553687351756, 6340051.371829803101718 ], [ 653342.263285504304804, 6340051.515824265778065 ], [ 653343.215229056659155, 6340051.75427371263504 ], [ 653344.139216607785784, 6340052.084881744347513 ], [ 653345.026349652325734, 6340052.504464426077902 ], [ 653345.868084614281543, 6340053.008980946615338 ], [ 653346.656315125757828, 6340053.593572535552084 ], [ 653347.383450096007437, 6340054.2526092575863 ], [ 653348.042486817692406, 6340054.979744227603078 ], [ 653348.627078407094814, 6340055.767974738962948 ], [ 653349.131594927515835, 6340056.609709701500833 ], [ 653349.551177609246224, 6340057.496842745691538 ], [ 653349.881785641424358, 6340058.420830297283828 ], [ 653350.120235088164918, 6340059.372773849405348 ], [ 653350.264229550841264, 6340060.343505666591227 ], [ 653350.312382284086198, 6340061.323677069507539 ], [ 653350.312382284086198, 6340062.304774664342403 ], [ 653356.627877254155464, 6340062.304774664342403 ], [ 653357.608048657421023, 6340062.352927397936583 ], [ 653358.578780474374071, 6340062.496921860612929 ], [ 653359.530724026728421, 6340062.735371307469904 ], [ 653360.454711577855051, 6340063.065979339182377 ], [ 653361.341844622395001, 6340063.485562020912766 ], [ 653362.183579584350809, 6340063.990078541450202 ], [ 653362.971810095827095, 6340064.574670130386949 ], [ 653363.698945066076703, 6340065.233706852421165 ], [ 653364.357981787761673, 6340065.960841822437942 ], [ 653364.942573377164081, 6340066.749072333797812 ], [ 653365.447089897585101, 6340067.590807296335697 ], [ 653365.866672579315491, 6340068.477940340526402 ], [ 653365.895113966194913, 6340068.557428691536188 ], [ 653366.780342945829034, 6340068.976110817864537 ], [ 653367.622077907784842, 6340069.480627338401973 ], [ 653368.410308419261128, 6340070.065218927338719 ], [ 653369.137443389510736, 6340070.724255649372935 ], [ 653369.796480111195706, 6340071.451390619389713 ], [ 653370.381071700598113, 6340072.239621130749583 ], [ 653370.885588221019134, 6340073.081356093287468 ], [ 653370.982317163608968, 6340073.285872259177268 ], [ 653372.943372224224731, 6340073.285872259177268 ], [ 653373.92354362749029, 6340073.334024992771447 ], [ 653374.894275444443338, 6340073.478019455447793 ], [ 653375.846218996797688, 6340073.716468902304769 ], [ 653376.770206547924317, 6340074.047076934017241 ], [ 653377.657339592464268, 6340074.466659615747631 ], [ 653378.499074554420076, 6340074.971176136285067 ], [ 653379.287305065896362, 6340075.555767725221813 ], [ 653380.01444003614597, 6340076.214804447256029 ], [ 653380.67347675783094, 6340076.941939417272806 ], [ 653381.258068347233348, 6340077.730169928632677 ], [ 653381.762584867654368, 6340078.571904891170561 ], [ 653382.182167549384758, 6340079.459037935361266 ], [ 653382.21060893626418, 6340079.538526286371052 ], [ 653383.095837915898301, 6340079.957208412699401 ], [ 653383.937572877854109, 6340080.461724933236837 ], [ 653384.725803389330395, 6340081.046316522173584 ], [ 653385.452938359580003, 6340081.705353244207799 ], [ 653386.111975081264973, 6340082.432488214224577 ], [ 653386.69656667066738, 6340083.220718725584447 ], [ 653387.201083191088401, 6340084.062453688122332 ], [ 653387.62066587281879, 6340084.949586732313037 ], [ 653387.951273904996924, 6340085.873574283905327 ], [ 653388.189723351737484, 6340086.825517836026847 ], [ 653388.333717814413831, 6340087.796249653212726 ], [ 653388.381870547658764, 6340088.776421056129038 ], [ 653388.381870547658764, 6340096.356743903830647 ], [ 653388.534336239215918, 6340096.428854805417359 ], [ 653389.376071201171726, 6340096.933371325954795 ], [ 653390.164301712648012, 6340097.517962914891541 ], [ 653390.89143668289762, 6340098.176999636925757 ], [ 653391.55047340458259, 6340098.904134606942534 ], [ 653392.135064993984997, 6340099.692365118302405 ], [ 653392.639581514406018, 6340100.53410008084029 ], [ 653393.059164196136408, 6340101.421233125030994 ], [ 653393.389772228314541, 6340102.345220676623285 ], [ 653393.628221675055102, 6340103.297164228744805 ], [ 653393.772216137731448, 6340104.267896045930684 ], [ 653393.820368870976381, 6340105.248067448846996 ], [ 653393.820368870976381, 6340106.22916504368186 ], [ 653394.697365517728031, 6340106.22916504368186 ], [ 653395.677536920993589, 6340106.277317777276039 ], [ 653396.648268737946637, 6340106.421312239952385 ], [ 653397.600212290300988, 6340106.659761686809361 ], [ 653398.524199841427617, 6340106.990369718521833 ], [ 653399.411332885967568, 6340107.409952400252223 ], [ 653400.253067847923376, 6340107.914468920789659 ], [ 653401.041298359399661, 6340108.499060509726405 ], [ 653401.76843332964927, 6340109.158097231760621 ], [ 653402.42747005133424, 6340109.885232201777399 ], [ 653403.012061640736647, 6340110.673462713137269 ], [ 653403.516578161157668, 6340111.515197675675154 ], [ 653403.936160842888057, 6340112.402330719865859 ], [ 653404.266768875066191, 6340113.326318271458149 ], [ 653404.505218321806751, 6340114.278261823579669 ], [ 653404.649212784483097, 6340115.248993640765548 ], [ 653404.697365517728031, 6340116.22916504368186 ], [ 653404.697365517728031, 6340118.318939093500376 ], [ 653404.849831209285185, 6340118.391049995087087 ], [ 653405.691566171240993, 6340118.895566515624523 ], [ 653406.479796682717279, 6340119.480158104561269 ], [ 653407.206931652966887, 6340120.139194826595485 ], [ 653407.865968374651857, 6340120.866329796612263 ], [ 653408.450559964054264, 6340121.654560307972133 ], [ 653408.955076484475285, 6340122.496295270510018 ], [ 653409.374659166205674, 6340123.383428314700723 ], [ 653409.403100553085096, 6340123.462916665710509 ], [ 653410.288329532719217, 6340123.881598792038858 ], [ 653411.130064494675025, 6340124.386115312576294 ], [ 653411.918295006151311, 6340124.97070690151304 ], [ 653412.645429976400919, 6340125.629743623547256 ], [ 653413.304466698085889, 6340126.356878593564034 ], [ 653413.889058287488297, 6340127.145109104923904 ], [ 653414.393574807909317, 6340127.986844067461789 ], [ 653414.490303750149906, 6340128.191360232420266 ], [ 653416.45135881123133, 6340128.191360232420266 ], [ 653417.431530214496888, 6340128.239512966014445 ], [ 653418.402262031449936, 6340128.383507428690791 ], [ 653419.354205583804287, 6340128.621956875547767 ], [ 653420.278193134930916, 6340128.952564907260239 ], [ 653421.165326179470867, 6340129.372147588990629 ], [ 653422.007061141426675, 6340129.876664109528065 ], [ 653422.795291652902961, 6340130.461255698464811 ], [ 653423.522426623152569, 6340131.120292420499027 ], [ 653424.181463344837539, 6340131.847427390515804 ], [ 653424.766054934239946, 6340132.635657901875675 ], [ 653425.270571454660967, 6340133.477392864413559 ], [ 653425.690154136391357, 6340134.364525908604264 ], [ 653425.718595523620024, 6340134.444014260545373 ], [ 653426.603824502788484, 6340134.862696386873722 ], [ 653427.445559464744292, 6340135.367212907411158 ], [ 653428.233789976220578, 6340135.951804496347904 ], [ 653428.960924946470186, 6340136.61084121838212 ], [ 653429.619961668155156, 6340137.337976188398898 ], [ 653430.204553257557563, 6340138.126206699758768 ], [ 653430.709069777978584, 6340138.967941662296653 ], [ 653431.128652459708974, 6340139.855074706487358 ], [ 653431.157093846588396, 6340139.934563057497144 ], [ 653432.042322826106101, 6340140.353245183825493 ], [ 653432.884057788061909, 6340140.857761704362929 ], [ 653433.672288299538195, 6340141.442353293299675 ], [ 653434.399423269787803, 6340142.101390015333891 ], [ 653435.058459991472773, 6340142.828524985350668 ], [ 653435.643051580875181, 6340143.616755496710539 ], [ 653436.147568101296201, 6340144.458490459248424 ], [ 653436.244297043886036, 6340144.663006625138223 ], [ 653438.205352104618214, 6340144.663006625138223 ], [ 653439.185523507883772, 6340144.711159358732402 ], [ 653440.15625532483682, 6340144.855153821408749 ], [ 653441.108198877191171, 6340145.093603268265724 ], [ 653442.0321864283178, 6340145.424211299978197 ], [ 653442.919319472857751, 6340145.843793981708586 ], [ 653443.761054434813559, 6340146.348310502246022 ], [ 653444.549284946289845, 6340146.932902091182768 ], [ 653445.276419916539453, 6340147.591938813216984 ], [ 653445.935456638224423, 6340148.319073783233762 ], [ 653446.52004822762683, 6340149.107304294593632 ], [ 653447.024564748047851, 6340149.949039257131517 ], [ 653447.444147429778241, 6340150.836172301322222 ], [ 653447.472588816657662, 6340150.915660652332008 ], [ 653448.357817796291783, 6340151.334342778660357 ], [ 653449.199552758247592, 6340151.838859299197793 ], [ 653449.987783269723877, 6340152.423450888134539 ], [ 653450.714918239973485, 6340153.082487610168755 ], [ 653451.373954961658455, 6340153.809622580185533 ], [ 653451.958546551060863, 6340154.597853091545403 ], [ 653452.463063071481884, 6340155.439588054083288 ], [ 653452.882645753212273, 6340156.326721098273993 ], [ 653452.911087140440941, 6340156.406209450215101 ], [ 653453.796316119609401, 6340156.82489157654345 ], [ 653454.638051081565209, 6340157.329408097080886 ], [ 653455.426281593041494, 6340157.913999686017632 ], [ 653456.153416563291103, 6340158.573036408051848 ], [ 653456.812453284976073, 6340159.300171378068626 ], [ 653457.39704487437848, 6340160.088401889428496 ], [ 653457.901561394799501, 6340160.930136851966381 ], [ 653458.32114407652989, 6340161.817269896157086 ], [ 653458.651752108708024, 6340162.741257447749376 ], [ 653458.890201555448584, 6340163.693200999870896 ], [ 653459.034196018124931, 6340164.663932817056775 ], [ 653459.082348751369864, 6340165.644104219973087 ], [ 653459.082348751369864, 6340167.733878269791603 ], [ 653459.234814442927018, 6340167.805989171378314 ], [ 653460.076549404882826, 6340168.310505691915751 ], [ 653460.864779916359112, 6340168.895097280852497 ], [ 653461.59191488660872, 6340169.554134002886713 ], [ 653462.25095160829369, 6340170.28126897290349 ], [ 653462.835543197696097, 6340171.069499484263361 ], [ 653463.340059718117118, 6340171.911234446801245 ], [ 653463.436788660357706, 6340172.115750611759722 ], [ 653470.836342044873163, 6340172.115750611759722 ], [ 653471.816513448138721, 6340172.163903345353901 ], [ 653472.787245265091769, 6340172.307897808030248 ], [ 653473.73918881744612, 6340172.546347254887223 ], [ 653474.663176368572749, 6340172.876955286599696 ], [ 653475.5503094131127, 6340173.296537968330085 ], [ 653476.392044375068508, 6340173.801054488867521 ], [ 653477.180274886544794, 6340174.385646077804267 ], [ 653477.907409856794402, 6340175.044682799838483 ], [ 653478.566446578479372, 6340175.771817769855261 ], [ 653479.151038167881779, 6340176.560048281215131 ], [ 653479.6555546883028, 6340177.401783243753016 ], [ 653479.752283630892634, 6340177.606299409642816 ], [ 653481.713338691508397, 6340177.606299409642816 ], [ 653482.693510094773956, 6340177.654452143236995 ], [ 653483.664241911727004, 6340177.798446605913341 ], [ 653484.616185464081354, 6340178.036896052770317 ], [ 653485.540173015207984, 6340178.367504084482789 ], [ 653486.427306059747934, 6340178.787086766213179 ], [ 653487.269041021703742, 6340179.291603286750615 ], [ 653488.057271533180028, 6340179.876194875687361 ], [ 653488.784406503429636, 6340180.535231597721577 ], [ 653489.443443225114606, 6340181.262366567738354 ], [ 653490.028034814517014, 6340182.050597079098225 ], [ 653490.532551334938034, 6340182.892332041636109 ], [ 653490.629280277178623, 6340183.096848206594586 ], [ 653498.02883366169408, 6340183.096848206594586 ], [ 653499.009005064959638, 6340183.145000940188766 ], [ 653499.979736881912686, 6340183.288995402865112 ], [ 653500.931680434267037, 6340183.527444849722087 ], [ 653501.855667985393666, 6340183.85805288143456 ], [ 653502.742801029933617, 6340184.277635563164949 ], [ 653503.584535991889425, 6340184.782152083702385 ], [ 653504.37276650336571, 6340185.366743672639132 ], [ 653505.099901473615319, 6340186.025780394673347 ], [ 653505.758938195300288, 6340186.752915364690125 ], [ 653506.343529784702696, 6340187.541145876049995 ], [ 653506.848046305123717, 6340188.38288083858788 ], [ 653507.267628986854106, 6340189.270013882778585 ], [ 653507.296070373733528, 6340189.349502233788371 ], [ 653508.181299353251234, 6340189.76818436011672 ], [ 653509.023034315207042, 6340190.272700880654156 ], [ 653509.811264826683328, 6340190.857292469590902 ], [ 653510.538399796932936, 6340191.516329191625118 ], [ 653511.197436518617906, 6340192.243464161641896 ], [ 653511.782028108020313, 6340193.031694673001766 ], [ 653512.286544628441334, 6340193.873429635539651 ], [ 653512.383273571031168, 6340194.077945801429451 ], [ 653514.344328631763346, 6340194.077945801429451 ], [ 653515.324500035028905, 6340194.12609853502363 ], [ 653516.295231851981953, 6340194.270092997699976 ], [ 653517.247175404336303, 6340194.508542444556952 ], [ 653518.171162955462933, 6340194.839150476269424 ], [ 653519.058296, 6340195.258733157999814 ], [ 653519.782826955080964, 6340195.693000299856067 ], [ 653519.782826955080964, 6340193.096848206594586 ], [ 653530.659823601832613, 6340193.096848206594586 ], [ 653530.659823601832613, 6340198.587397003546357 ], [ 653541.536820248584263, 6340198.587397003546357 ], [ 653541.536820248584263, 6340215.059043396264315 ], [ 653539.013571250019595, 6340215.059043396264315 ], [ 653539.47903624526225, 6340215.835624825209379 ], [ 653539.89861892699264, 6340216.722757869400084 ], [ 653539.927060314221308, 6340216.802246221341193 ], [ 653540.812289293506183, 6340217.220928347669542 ], [ 653541.654024255461991, 6340217.725444868206978 ], [ 653542.442254766938277, 6340218.310036457143724 ], [ 653543.169389737187885, 6340218.96907317917794 ], [ 653543.828426458872855, 6340219.696208149194717 ], [ 653544.413018048275262, 6340220.484438660554588 ], [ 653544.917534568696283, 6340221.326173623092473 ], [ 653545.337117250426672, 6340222.213306667283177 ], [ 653545.667725282604806, 6340223.137294218875468 ], [ 653545.906174729345366, 6340224.089237770996988 ], [ 653546.050169192021713, 6340225.059969588182867 ], [ 653546.098321925266646, 6340226.040140991099179 ], [ 653546.098321925266646, 6340228.129915040917695 ], [ 653546.2507876168238, 6340228.202025942504406 ], [ 653547.092522578779608, 6340228.706542463041842 ], [ 653547.880753090255894, 6340229.291134051978588 ], [ 653548.607888060505502, 6340229.950170774012804 ], [ 653549.266924782190472, 6340230.677305744029582 ], [ 653549.851516371592879, 6340231.465536255389452 ], [ 653550.3560328920139, 6340232.307271217927337 ], [ 653550.77561557374429, 6340233.194404262118042 ], [ 653550.804056960623711, 6340233.273892613127828 ], [ 653551.689285940141417, 6340233.692574739456177 ], [ 653552.531020902097225, 6340234.197091259993613 ], [ 653553.319251413573511, 6340234.781682848930359 ], [ 653554.046386383823119, 6340235.440719570964575 ], [ 653554.705423105508089, 6340236.167854540981352 ], [ 653555.290014694910496, 6340236.956085052341223 ], [ 653555.794531215331517, 6340237.797820014879107 ], [ 653556.214113897061907, 6340238.684953059069812 ], [ 653556.54472192924004, 6340239.608940610662103 ], [ 653556.783171375980601, 6340240.560884162783623 ], [ 653556.927165838656947, 6340241.531615979969501 ], [ 653556.97531857190188, 6340242.511787382885814 ], [ 653556.97531857190188, 6340244.601561432704329 ], [ 653557.12778426357545, 6340244.673672334291041 ], [ 653557.969519225531258, 6340245.178188854828477 ], [ 653558.757749737007543, 6340245.762780443765223 ], [ 653559.484884707257152, 6340246.421817165799439 ], [ 653560.143921428942122, 6340247.148952135816216 ], [ 653560.728513018344529, 6340247.937182647176087 ], [ 653561.23302953876555, 6340248.778917609713972 ], [ 653561.652612220495939, 6340249.666050653904676 ], [ 653561.983220252674073, 6340250.590038205496967 ], [ 653562.221669699414633, 6340251.541981757618487 ], [ 653562.36566416209098, 6340252.512713574804366 ], [ 653562.413816895335913, 6340253.492884977720678 ], [ 653562.413816895335913, 6340255.582659027539194 ], [ 653562.566282586893067, 6340255.654769929125905 ], [ 653563.408017548848875, 6340256.159286449663341 ], [ 653564.196248060325161, 6340256.743878038600087 ], [ 653564.923383030574769, 6340257.402914760634303 ], [ 653565.582419752259739, 6340258.130049730651081 ], [ 653566.167011341662146, 6340258.918280242010951 ], [ 653566.671527862083167, 6340259.760015204548836 ], [ 653567.091110543813556, 6340260.647148248739541 ], [ 653567.42171857599169, 6340261.571135800331831 ], [ 653567.66016802273225, 6340262.523079352453351 ], [ 653567.804162485408597, 6340263.49381116963923 ], [ 653567.85231521865353, 6340264.473982572555542 ], [ 653567.85231521865353, 6340302.907824154011905 ], [ 653567.804162485408597, 6340303.887995556928217 ], [ 653567.66016802273225, 6340304.858727374114096 ], [ 653567.42171857599169, 6340305.810670926235616 ], [ 653567.091110543813556, 6340306.734658477827907 ], [ 653566.671527862083167, 6340307.621791522018611 ], [ 653566.167011341662146, 6340308.463526484556496 ], [ 653565.582419752259739, 6340309.251756995916367 ], [ 653564.923383030574769, 6340309.978891965933144 ], [ 653564.196248060325161, 6340310.63792868796736 ], [ 653563.408017548848875, 6340311.222520276904106 ], [ 653562.566282586893067, 6340311.727036797441542 ], [ 653561.679149542353116, 6340312.146619479171932 ], [ 653560.755161991226487, 6340312.477227510884404 ], [ 653559.803218438872136, 6340312.71567695774138 ], [ 653558.832486621919088, 6340312.859671420417726 ], [ 653557.85231521865353, 6340312.907824154011905 ], [ 653545.014263511286117, 6340312.907824154011905 ], [ 653544.917534568696283, 6340313.112340319901705 ], [ 653544.413018048275262, 6340313.95407528243959 ], [ 653543.828426458872855, 6340314.74230579379946 ], [ 653543.169389737187885, 6340315.469440763816237 ], [ 653542.442254766938277, 6340316.128477485850453 ], [ 653541.654024255461991, 6340316.713069074787199 ], [ 653540.812289293506183, 6340317.217585595324636 ], [ 653539.925156248966232, 6340317.637168277055025 ], [ 653539.001168697839603, 6340317.967776308767498 ], [ 653538.049225145485252, 6340318.206225755624473 ], [ 653537.078493328532204, 6340318.350220218300819 ], [ 653536.098321925266646, 6340318.398372951894999 ], [ 653524.344328631763346, 6340318.398372951894999 ], [ 653524.344328631763346, 6340319.37947054579854 ], [ 653524.296175898518413, 6340320.359641948714852 ], [ 653524.152181435842067, 6340321.330373765900731 ], [ 653523.913731989101507, 6340322.282317318022251 ], [ 653523.583123956923373, 6340323.206304869614542 ], [ 653523.163541275192983, 6340324.093437913805246 ], [ 653522.659024754771963, 6340324.935172876343131 ], [ 653522.074433165369555, 6340325.723403387703001 ], [ 653521.415396443684585, 6340326.450538357719779 ], [ 653520.688261473434977, 6340327.109575079753995 ], [ 653519.900030961958691, 6340327.694166668690741 ], [ 653519.058296, 6340328.198683189228177 ], [ 653518.173067020834424, 6340328.617365315556526 ], [ 653518.144625633605756, 6340328.696853667497635 ], [ 653517.725042951875366, 6340329.58398671168834 ], [ 653517.220526431454346, 6340330.425721674226224 ], [ 653516.635934842051938, 6340331.213952185586095 ], [ 653515.976898120366968, 6340331.941087155602872 ], [ 653515.24976315011736, 6340332.600123877637088 ], [ 653514.461532638641074, 6340333.184715466573834 ], [ 653513.619797676685266, 6340333.68923198711127 ], [ 653513.467331985011697, 6340333.761342888697982 ], [ 653513.467331985011697, 6340343.431439785286784 ], [ 653513.619797676685266, 6340343.503550686873496 ], [ 653514.461532638641074, 6340344.008067207410932 ], [ 653515.24976315011736, 6340344.592658796347678 ], [ 653515.976898120366968, 6340345.251695518381894 ], [ 653516.635934842051938, 6340345.978830488398671 ], [ 653517.220526431454346, 6340346.767060999758542 ], [ 653517.725042951875366, 6340347.608795962296426 ], [ 653518.144625633605756, 6340348.495929006487131 ], [ 653518.47523366578389, 6340349.419916558079422 ], [ 653518.71368311252445, 6340350.371860110200942 ], [ 653518.857677575200796, 6340351.34259192738682 ], [ 653518.905830308445729, 6340352.322763330303133 ], [ 653518.905830308445729, 6340354.412537380121648 ], [ 653519.058296, 6340354.48464828170836 ], [ 653519.900030961958691, 6340354.989164802245796 ], [ 653520.688261473434977, 6340355.573756391182542 ], [ 653521.415396443684585, 6340356.232793113216758 ], [ 653522.074433165369555, 6340356.959928083233535 ], [ 653522.659024754771963, 6340357.748158594593406 ], [ 653523.163541275192983, 6340358.58989355713129 ], [ 653523.583123956923373, 6340359.477026601321995 ], [ 653523.611565343802795, 6340359.556514952331781 ], [ 653524.496794323320501, 6340359.975197078660131 ], [ 653525.338529285276309, 6340360.479713599197567 ], [ 653526.126759796752594, 6340361.064305188134313 ], [ 653526.853894767002203, 6340361.723341910168529 ], [ 653527.512931488687173, 6340362.450476880185306 ], [ 653528.09752307808958, 6340363.238707391545177 ], [ 653528.602039598510601, 6340364.080442354083061 ], [ 653528.698768541100435, 6340364.284958519972861 ], [ 653530.659823601832613, 6340364.284958519972861 ], [ 653531.639995005098172, 6340364.33311125356704 ], [ 653532.61072682205122, 6340364.477105716243386 ], [ 653533.56267037440557, 6340364.715555163100362 ], [ 653534.486657925532199, 6340365.046163194812834 ], [ 653535.37379097007215, 6340365.465745876543224 ], [ 653536.215525932027958, 6340365.97026239708066 ], [ 653537.003756443504244, 6340366.554853986017406 ], [ 653537.730891413753852, 6340367.213890708051622 ], [ 653538.389928135438822, 6340367.941025678068399 ], [ 653538.97451972484123, 6340368.72925618942827 ], [ 653539.47903624526225, 6340369.570991151966155 ], [ 653539.575765187502839, 6340369.775507316924632 ], [ 653552.413816895335913, 6340369.775507316924632 ], [ 653553.393988298601471, 6340369.823660050518811 ], [ 653554.364720115554519, 6340369.967654513195157 ], [ 653555.31666366790887, 6340370.206103960052133 ], [ 653556.240651219035499, 6340370.536711991764605 ], [ 653557.12778426357545, 6340370.956294673494995 ], [ 653557.969519225531258, 6340371.460811194032431 ], [ 653558.757749737007543, 6340372.045402782969177 ], [ 653559.484884707257152, 6340372.704439505003393 ], [ 653560.143921428942122, 6340373.43157447502017 ], [ 653560.728513018344529, 6340374.219804986380041 ], [ 653561.23302953876555, 6340375.061539948917925 ], [ 653561.329758481355384, 6340375.266056114807725 ], [ 653606.798800128977746, 6340375.266056114807725 ], [ 653607.778971532243304, 6340375.314208848401904 ], [ 653608.749703349196352, 6340375.45820331107825 ], [ 653609.701646901550703, 6340375.696652757935226 ], [ 653610.625634452677332, 6340376.027260789647698 ], [ 653611.512767497217283, 6340376.446843471378088 ], [ 653612.354502459173091, 6340376.951359991915524 ], [ 653613.142732970649377, 6340377.53595158085227 ], [ 653613.869867940898985, 6340378.194988302886486 ], [ 653614.528904662583955, 6340378.922123272903264 ], [ 653615.113496251986362, 6340379.710353784263134 ], [ 653615.618012772407383, 6340380.552088746801019 ], [ 653615.714741714647971, 6340380.756604911759496 ], [ 653625.075350160128437, 6340380.756604911759496 ], [ 653625.172079102369025, 6340380.552088746801019 ], [ 653625.676595622790046, 6340379.710353784263134 ], [ 653626.261187212192453, 6340378.922123272903264 ], [ 653626.920223933877423, 6340378.194988302886486 ], [ 653627.647358904127032, 6340377.53595158085227 ], [ 653628.435589415603317, 6340376.951359991915524 ], [ 653629.277324377559125, 6340376.446843471378088 ], [ 653630.164457422099076, 6340376.027260789647698 ], [ 653631.088444973225705, 6340375.696652757935226 ], [ 653632.040388525580056, 6340375.45820331107825 ], [ 653633.011120342533104, 6340375.314208848401904 ], [ 653633.991291745798662, 6340375.266056114807725 ], [ 653661.183783362619579, 6340375.266056114807725 ], [ 653662.163954765885137, 6340375.314208848401904 ], [ 653663.134686582838185, 6340375.45820331107825 ], [ 653664.086630135192536, 6340375.696652757935226 ], [ 653665.010617686319165, 6340376.027260789647698 ], [ 653665.897750730859116, 6340376.446843471378088 ], [ 653666.739485692814924, 6340376.951359991915524 ], [ 653667.52771620429121, 6340377.53595158085227 ], [ 653668.254851174540818, 6340378.194988302886486 ], [ 653668.913887896225788, 6340378.922123272903264 ], [ 653669.498479485628195, 6340379.710353784263134 ], [ 653670.002996006049216, 6340380.552088746801019 ], [ 653670.422578687779605, 6340381.439221790991724 ], [ 653670.451020074659027, 6340381.51871014200151 ], [ 653671.336249054176733, 6340381.937392268329859 ], [ 653672.177984016132541, 6340382.441908788867295 ], [ 653672.966214527608827, 6340383.026500377804041 ], [ 653673.693349497858435, 6340383.685537099838257 ], [ 653674.352386219543405, 6340384.412672069855034 ], [ 653674.936977808945812, 6340385.200902581214905 ], [ 653675.441494329366833, 6340386.042637543752789 ], [ 653675.538223271956667, 6340386.247153709642589 ], [ 653677.499278332688846, 6340386.247153709642589 ], [ 653678.479449735954404, 6340386.295306443236768 ], [ 653679.450181552907452, 6340386.439300905913115 ], [ 653680.402125105261803, 6340386.67775035277009 ], [ 653681.326112656388432, 6340387.008358384482563 ], [ 653682.213245700928383, 6340387.427941066212952 ], [ 653683.054980662884191, 6340387.932457586750388 ], [ 653683.843211174360476, 6340388.517049175687134 ], [ 653684.570346144610085, 6340389.17608589772135 ], [ 653685.229382866295055, 6340389.903220867738128 ], [ 653685.813974455697462, 6340390.691451379097998 ], [ 653686.318490976118483, 6340391.533186341635883 ], [ 653686.415219918359071, 6340391.73770250659436 ], [ 653699.253271626192145, 6340391.73770250659436 ], [ 653700.233443029457703, 6340391.785855240188539 ], [ 653701.204174846410751, 6340391.929849702864885 ], [ 653702.156118398765102, 6340392.168299149721861 ], [ 653703.080105949891731, 6340392.498907181434333 ], [ 653703.967238994431682, 6340392.918489863164723 ], [ 653704.80897395638749, 6340393.423006383702159 ], [ 653705.597204467863776, 6340394.007597972638905 ], [ 653706.324339438113384, 6340394.666634694673121 ], [ 653706.983376159798354, 6340395.393769664689898 ], [ 653707.567967749200761, 6340396.182000176049769 ], [ 653708.072484269621782, 6340397.023735138587654 ], [ 653708.492066951352172, 6340397.910868182778358 ], [ 653708.822674983530305, 6340398.834855734370649 ], [ 653709.061124430270866, 6340399.786799286492169 ], [ 653709.205118892947212, 6340400.757531103678048 ], [ 653709.253271626192145, 6340401.73770250659436 ], [ 653709.253271626192145, 6340403.827476556412876 ], [ 653709.405737317749299, 6340403.899587457999587 ], [ 653710.247472279705107, 6340404.404103978537023 ], [ 653711.035702791181393, 6340404.988695567473769 ], [ 653711.762837761431001, 6340405.647732289507985 ], [ 653712.421874483115971, 6340406.374867259524763 ], [ 653713.006466072518378, 6340407.163097770884633 ], [ 653713.510982592939399, 6340408.004832733422518 ], [ 653713.930565274669789, 6340408.891965777613223 ], [ 653714.261173306847923, 6340409.815953329205513 ], [ 653714.499622753588483, 6340410.767896881327033 ], [ 653714.643617216264829, 6340411.738628698512912 ], [ 653714.691769949509762, 6340412.718800101429224 ], [ 653714.691769949509762, 6340462.133739277720451 ], [ 653714.643617216264829, 6340463.113910680636764 ], [ 653714.499622753588483, 6340464.084642497822642 ], [ 653714.261173306847923, 6340465.036586049944162 ], [ 653713.930565274669789, 6340465.960573601536453 ], [ 653713.510982592939399, 6340466.847706645727158 ], [ 653713.006466072518378, 6340467.689441608265042 ], [ 653712.421874483115971, 6340468.477672119624913 ], [ 653711.762837761431001, 6340469.20480708964169 ], [ 653711.035702791181393, 6340469.863843811675906 ], [ 653710.247472279705107, 6340470.448435400612652 ], [ 653709.405737317749299, 6340470.952951921150088 ], [ 653709.253271626192145, 6340471.0250628227368 ], [ 653709.253271626192145, 6340473.114836872555315 ], [ 653709.205118892947212, 6340474.095008275471628 ], [ 653709.061124430270866, 6340475.065740092657506 ], [ 653708.822674983530305, 6340476.017683644779027 ], [ 653708.492066951352172, 6340476.941671196371317 ], [ 653708.072484269621782, 6340477.828804240562022 ], [ 653707.567967749200761, 6340478.670539203099906 ], [ 653706.983376159798354, 6340479.458769714459777 ], [ 653706.324339438113384, 6340480.185904684476554 ], [ 653705.597204467863776, 6340480.84494140651077 ], [ 653704.80897395638749, 6340481.429532995447516 ], [ 653704.691769949509762, 6340481.499782374128699 ], [ 653704.691769949509762, 6340500.567580859176815 ], [ 653693.814773302758113, 6340500.567580859176815 ], [ 653693.814773302758113, 6340488.605385670438409 ], [ 653682.060780009371229, 6340488.605385670438409 ], [ 653682.060780009371229, 6340489.58648326434195 ], [ 653682.012627276126295, 6340490.566654667258263 ], [ 653681.868632813449949, 6340491.537386484444141 ], [ 653681.630183366709389, 6340492.489330036565661 ], [ 653681.299575334531255, 6340493.413317588157952 ], [ 653680.879992652800865, 6340494.300450632348657 ], [ 653680.375476132379845, 6340495.142185594886541 ], [ 653679.790884542977437, 6340495.930416106246412 ], [ 653679.131847821292467, 6340496.657551076263189 ], [ 653678.404712851042859, 6340497.316587798297405 ], [ 653677.616482339566574, 6340497.901179387234151 ], [ 653676.774747377610765, 6340498.405695907771587 ], [ 653675.88951839832589, 6340498.824378034099936 ], [ 653675.861077011097223, 6340498.903866386041045 ], [ 653675.441494329366833, 6340499.79099943023175 ], [ 653674.936977808945812, 6340500.632734392769635 ], [ 653674.352386219543405, 6340501.420964904129505 ], [ 653673.693349497858435, 6340502.148099874146283 ], [ 653672.966214527608827, 6340502.807136596180499 ], [ 653672.177984016132541, 6340503.391728185117245 ], [ 653671.336249054176733, 6340503.896244705654681 ], [ 653670.449116009636782, 6340504.31582738738507 ], [ 653669.525128458510153, 6340504.646435419097543 ], [ 653668.573184906155802, 6340504.884884865954518 ], [ 653667.602453089202754, 6340505.028879328630865 ], [ 653666.622281685937196, 6340505.077032062225044 ], [ 653665.745285039185546, 6340505.077032062225044 ], [ 653665.745285039185546, 6340533.510873643681407 ], [ 653665.697132305940613, 6340534.491045046597719 ], [ 653665.553137843264267, 6340535.461776863783598 ], [ 653665.314688396523707, 6340536.413720415905118 ], [ 653664.984080364345573, 6340537.337707967497408 ], [ 653664.564497682615183, 6340538.224841011688113 ], [ 653664.059981162194163, 6340539.066575974225998 ], [ 653663.475389572791755, 6340539.854806485585868 ], [ 653662.816352851106785, 6340540.581941455602646 ], [ 653662.089217880857177, 6340541.240978177636862 ], [ 653661.300987369380891, 6340541.825569766573608 ], [ 653660.459252407425083, 6340542.330086287111044 ], [ 653660.306786715867929, 6340542.402197188697755 ], [ 653660.306786715867929, 6340549.982520035468042 ], [ 653660.258633982622996, 6340550.962691438384354 ], [ 653660.11463951994665, 6340551.933423255570233 ], [ 653659.876190073206089, 6340552.885366807691753 ], [ 653659.545582041027956, 6340553.809354359284043 ], [ 653659.125999359297566, 6340554.696487403474748 ], [ 653658.621482838876545, 6340555.538222366012633 ], [ 653658.036891249474138, 6340556.326452877372503 ], [ 653657.377854527789168, 6340557.053587847389281 ], [ 653656.65071955753956, 6340557.712624569423497 ], [ 653655.862489046063274, 6340558.297216158360243 ], [ 653655.020754084107466, 6340558.801732678897679 ], [ 653654.135525104939006, 6340559.220414805226028 ], [ 653654.107083717710339, 6340559.299903157167137 ], [ 653653.687501035979949, 6340560.187036201357841 ], [ 653653.182984515558928, 6340561.028771163895726 ], [ 653652.598392926156521, 6340561.817001675255597 ], [ 653651.939356204471551, 6340562.544136645272374 ], [ 653651.212221234221943, 6340563.20317336730659 ], [ 653650.423990722745657, 6340563.787764956243336 ], [ 653649.582255760789849, 6340564.292281476780772 ], [ 653649.429790069116279, 6340564.364392378367484 ], [ 653649.429790069116279, 6340566.454166428185999 ], [ 653672.060780009371229, 6340566.454166428185999 ], [ 653672.060780009371229, 6340555.473068833351135 ], [ 653693.814773302758113, 6340555.473068833351135 ], [ 653693.814773302758113, 6340533.510873643681407 ], [ 653704.691769949509762, 6340533.510873643681407 ], [ 653704.691769949509762, 6340539.0014224415645 ], [ 653710.130268272827379, 6340539.0014224415645 ], [ 653710.130268272827379, 6340560.963617630302906 ], [ 653737.322759889648296, 6340560.963617630302906 ], [ 653737.322759889648296, 6340555.473068833351135 ], [ 653753.638254859833978, 6340555.473068833351135 ], [ 653753.638254859833978, 6340566.454166428185999 ], [ 653764.515251506469212, 6340566.454166428185999 ], [ 653764.515251506469212, 6340582.925812819972634 ], [ 653759.076753183151595, 6340582.925812819972634 ], [ 653759.076753183151595, 6340588.416361617855728 ], [ 653753.638254859833978, 6340588.416361617855728 ], [ 653753.638254859833978, 6340577.435264023020864 ], [ 653726.445763243013062, 6340577.435264023020864 ], [ 653726.445763243013062, 6340604.888008009642363 ], [ 653721.007264919579029, 6340604.888008009642363 ], [ 653721.007264919579029, 6340610.378556806594133 ], [ 653715.568766596261412, 6340610.378556806594133 ], [ 653715.568766596261412, 6340615.869105604477227 ], [ 653699.253271626192145, 6340615.869105604477227 ], [ 653699.253271626192145, 6340632.340751996263862 ], [ 653688.376274979440495, 6340632.340751996263862 ], [ 653688.376274979440495, 6340588.416361617855728 ], [ 653650.306786715867929, 6340588.416361617855728 ], [ 653650.306786715867929, 6340610.378556806594133 ], [ 653644.868288392550312, 6340610.378556806594133 ], [ 653644.868288392550312, 6340621.359654401428998 ], [ 653639.429790069116279, 6340621.359654401428998 ], [ 653639.429790069116279, 6340591.310758321546018 ] ], [ [ 653737.322759889648296, 6340500.567580859176815 ], [ 653737.322759889648296, 6340506.058129657059908 ], [ 653704.691769949509762, 6340506.058129657059908 ], [ 653704.691769949509762, 6340500.567580859176815 ], [ 653737.322759889648296, 6340500.567580859176815 ] ], [ [ 653721.007264919579029, 6340440.171544088050723 ], [ 653726.445763243013062, 6340440.171544088050723 ], [ 653726.445763243013062, 6340445.662092885933816 ], [ 653731.884261566330679, 6340445.662092885933816 ], [ 653731.884261566330679, 6340451.152641682885587 ], [ 653721.007264919579029, 6340451.152641682885587 ], [ 653721.007264919579029, 6340440.171544088050723 ] ], [ [ 653715.568766596261412, 6340407.228251304477453 ], [ 653721.007264919579029, 6340407.228251304477453 ], [ 653721.007264919579029, 6340390.756604911759496 ], [ 653726.445763243013062, 6340390.756604911759496 ], [ 653726.445763243013062, 6340412.718800101429224 ], [ 653715.568766596261412, 6340412.718800101429224 ], [ 653715.568766596261412, 6340407.228251304477453 ] ], [ [ 653715.568766596261412, 6340363.303860925137997 ], [ 653699.253271626192145, 6340363.303860925137997 ], [ 653699.253271626192145, 6340357.813312128186226 ], [ 653715.568766596261412, 6340357.813312128186226 ], [ 653715.568766596261412, 6340363.303860925137997 ] ], [ [ 652763.831560007412918, 6340319.37947054579854 ], [ 652758.393061684095301, 6340319.37947054579854 ], [ 652758.393061684095301, 6340313.888921748846769 ], [ 652763.831560007412918, 6340313.888921748846769 ], [ 652763.831560007412918, 6340319.37947054579854 ] ], [ [ 653568.72931186540518, 6340193.096848206594586 ], [ 653574.167810188722797, 6340193.096848206594586 ], [ 653574.167810188722797, 6340198.587397003546357 ], [ 653579.606308512156829, 6340198.587397003546357 ], [ 653579.606308512156829, 6340209.568494598381221 ], [ 653574.167810188722797, 6340209.568494598381221 ], [ 653574.167810188722797, 6340204.077945801429451 ], [ 653568.72931186540518, 6340204.077945801429451 ], [ 653568.72931186540518, 6340198.587397003546357 ], [ 653557.85231521865353, 6340198.587397003546357 ], [ 653557.85231521865353, 6340187.606299409642816 ], [ 653568.72931186540518, 6340187.606299409642816 ], [ 653568.72931186540518, 6340193.096848206594586 ] ], [ [ 653514.344328631763346, 6340154.663006625138223 ], [ 653503.467331985011697, 6340154.663006625138223 ], [ 653503.467331985011697, 6340149.17245782725513 ], [ 653519.782826955080964, 6340149.17245782725513 ], [ 653519.782826955080964, 6340160.153555422089994 ], [ 653514.344328631763346, 6340160.153555422089994 ], [ 653514.344328631763346, 6340154.663006625138223 ] ], [ [ 653470.836342044873163, 6340127.210262638516724 ], [ 653487.15183701494243, 6340127.210262638516724 ], [ 653487.15183701494243, 6340138.191360232420266 ], [ 653465.397843721439131, 6340138.191360232420266 ], [ 653465.397843721439131, 6340143.681909030303359 ], [ 653459.959345398121513, 6340143.681909030303359 ], [ 653459.959345398121513, 6340116.22916504368186 ], [ 653454.520847074687481, 6340116.22916504368186 ], [ 653454.520847074687481, 6340110.738616245798767 ], [ 653465.397843721439131, 6340110.738616245798767 ], [ 653465.397843721439131, 6340121.719713840633631 ], [ 653470.836342044873163, 6340121.719713840633631 ], [ 653470.836342044873163, 6340127.210262638516724 ] ], [ [ 653242.419412463554181, 6340006.418189096264541 ], [ 653236.980914140120149, 6340006.418189096264541 ], [ 653236.980914140120149, 6340000.927640298381448 ], [ 653242.419412463554181, 6340000.927640298381448 ], [ 653242.419412463554181, 6340006.418189096264541 ] ] ], [ [ [ 652546.291627072845586, 6340934.320935851894319 ], [ 652513.660637132707052, 6340934.320935851894319 ], [ 652513.660637132707052, 6340939.811484649777412 ], [ 652497.345142162637785, 6340939.811484649777412 ], [ 652497.345142162637785, 6340945.302033446729183 ], [ 652470.152650545816869, 6340945.302033446729183 ], [ 652470.152650545816869, 6340946.283131041564047 ], [ 652513.660637132707052, 6340946.283131041564047 ], [ 652514.64080853597261, 6340946.331283775158226 ], [ 652515.611540352925658, 6340946.475278237834573 ], [ 652516.563483905280009, 6340946.713727684691548 ], [ 652517.487471456406638, 6340947.044335716404021 ], [ 652518.374604500946589, 6340947.46391839813441 ], [ 652519.216339462902397, 6340947.968434918671846 ], [ 652520.004569974378683, 6340948.553026507608593 ], [ 652520.731704944628291, 6340949.212063229642808 ], [ 652521.390741666313261, 6340949.939198199659586 ], [ 652521.818384617683478, 6340950.515807970426977 ], [ 652522.24602756917011, 6340949.939198199659586 ], [ 652522.90506429085508, 6340949.212063229642808 ], [ 652523.632199261104688, 6340948.553026507608593 ], [ 652524.420429772580974, 6340947.968434918671846 ], [ 652525.262164734536782, 6340947.46391839813441 ], [ 652526.149297779076733, 6340947.044335716404021 ], [ 652527.073285330203362, 6340946.713727684691548 ], [ 652528.025228882557712, 6340946.475278237834573 ], [ 652528.995960699510761, 6340946.331283775158226 ], [ 652529.976132102776319, 6340946.283131041564047 ], [ 652542.814183810260147, 6340946.283131041564047 ], [ 652542.910912752849981, 6340946.078614875674248 ], [ 652543.415429273271002, 6340945.236879913136363 ], [ 652544.000020862673409, 6340944.448649401776493 ], [ 652544.659057584358379, 6340943.721514431759715 ], [ 652545.386192554607987, 6340943.062477709725499 ], [ 652546.174423066084273, 6340942.477886120788753 ], [ 652546.291627072845586, 6340942.407636743038893 ], [ 652546.291627072845586, 6340934.320935851894319 ] ] ], [ [ [ 652459.275653899065219, 6340950.792582243680954 ], [ 652459.275653899065219, 6340956.283131041564047 ], [ 652437.52166060556192, 6340956.283131041564047 ], [ 652437.52166060556192, 6340973.735875028185546 ], [ 652439.482715666643344, 6340973.735875028185546 ], [ 652439.579444608883932, 6340973.531358863227069 ], [ 652440.083961129304953, 6340972.689623900689185 ], [ 652440.66855271870736, 6340971.901393389329314 ], [ 652441.32758944039233, 6340971.174258419312537 ], [ 652442.054724410641938, 6340970.515221697278321 ], [ 652442.842954922118224, 6340969.930630108341575 ], [ 652443.684689884074032, 6340969.426113587804139 ], [ 652444.569918863358907, 6340969.00743146147579 ], [ 652444.598360250587575, 6340968.927943109534681 ], [ 652445.017942932317965, 6340968.040810065343976 ], [ 652445.522459452738985, 6340967.199075102806091 ], [ 652446.107051042141393, 6340966.410844591446221 ], [ 652446.766087763826363, 6340965.683709621429443 ], [ 652447.493222734075971, 6340965.024672899395227 ], [ 652448.281453245552257, 6340964.440081310458481 ], [ 652449.123188207508065, 6340963.935564789921045 ], [ 652450.008417187025771, 6340963.516882663592696 ], [ 652450.036858573905192, 6340963.43739431258291 ], [ 652450.456441255635582, 6340962.550261268392205 ], [ 652450.960957776056603, 6340961.708526305854321 ], [ 652451.54554936545901, 6340960.92029579449445 ], [ 652452.20458608714398, 6340960.193160824477673 ], [ 652452.931721057393588, 6340959.534124102443457 ], [ 652453.719951568869874, 6340958.949532513506711 ], [ 652454.561686530825682, 6340958.445015992969275 ], [ 652455.448819575365633, 6340958.025433311238885 ], [ 652456.372807126492262, 6340957.694825279526412 ], [ 652457.324750678846613, 6340957.456375832669437 ], [ 652458.295482495799661, 6340957.312381369993091 ], [ 652459.275653899065219, 6340957.264228636398911 ], [ 652460.152650545816869, 6340957.264228636398911 ], [ 652460.152650545816869, 6340956.283131041564047 ], [ 652460.200803279061802, 6340955.302959638647735 ], [ 652460.344797741738148, 6340954.332227821461856 ], [ 652460.583247188478708, 6340953.380284269340336 ], [ 652460.913855220656842, 6340952.456296717748046 ], [ 652461.333437902387232, 6340951.569163673557341 ], [ 652461.798902898211963, 6340950.792582243680954 ], [ 652459.275653899065219, 6340950.792582243680954 ] ] ], [ [ [ 652410.329168988741003, 6340978.245326231233776 ], [ 652366.82118240185082, 6340978.245326231233776 ], [ 652366.82118240185082, 6340979.22642382606864 ], [ 652410.329168988741003, 6340979.22642382606864 ], [ 652410.329168988741003, 6340978.245326231233776 ] ] ], [ [ [ 652339.628690785029903, 6340983.735875028185546 ], [ 652339.628690785029903, 6340989.22642382606864 ], [ 652323.313195814960636, 6340989.22642382606864 ], [ 652323.313195814960636, 6340994.716972623020411 ], [ 652306.997700844891369, 6340994.716972623020411 ], [ 652306.997700844891369, 6341000.207521420903504 ], [ 652285.24370755138807, 6341000.207521420903504 ], [ 652285.24370755138807, 6341005.698070217855275 ], [ 652279.805209228070453, 6341005.698070217855275 ], [ 652279.805209228070453, 6341008.294222311116755 ], [ 652280.529740183148533, 6341007.859955169260502 ], [ 652281.416873227688484, 6341007.440372487530112 ], [ 652282.340860778815113, 6341007.10976445581764 ], [ 652283.292804331169464, 6341006.871315008960664 ], [ 652284.263536148122512, 6341006.727320546284318 ], [ 652285.24370755138807, 6341006.679167812690139 ], [ 652298.081759258871898, 6341006.679167812690139 ], [ 652298.178488201461732, 6341006.474651646800339 ], [ 652298.683004721882753, 6341005.632916684262455 ], [ 652299.26759631128516, 6341004.844686172902584 ], [ 652299.92663303297013, 6341004.117551202885807 ], [ 652300.653768003219739, 6341003.458514480851591 ], [ 652301.441998514696024, 6341002.873922891914845 ], [ 652302.283733476651832, 6341002.369406371377409 ], [ 652303.170866521191783, 6341001.949823689647019 ], [ 652304.094854072318412, 6341001.619215657934546 ], [ 652305.046797624672763, 6341001.380766211077571 ], [ 652306.017529441625811, 6341001.236771748401225 ], [ 652306.997700844891369, 6341001.188619014807045 ], [ 652314.397254229290411, 6341001.188619014807045 ], [ 652314.493983171530999, 6341000.984102849848568 ], [ 652314.99849969195202, 6341000.142367887310684 ], [ 652315.583091281354427, 6340999.354137375950813 ], [ 652316.242128003039397, 6340998.627002405934036 ], [ 652316.969262973289005, 6340997.96796568389982 ], [ 652317.757493484765291, 6340997.383374094963074 ], [ 652318.599228446721099, 6340996.878857574425638 ], [ 652319.48636149126105, 6340996.459274892695248 ], [ 652320.410349042387679, 6340996.128666860982776 ], [ 652321.36229259474203, 6340995.8902174141258 ], [ 652322.333024411695078, 6340995.746222951449454 ], [ 652323.313195814960636, 6340995.698070217855275 ], [ 652325.274250876042061, 6340995.698070217855275 ], [ 652325.370979818282649, 6340995.493554052896798 ], [ 652325.87549633870367, 6340994.651819090358913 ], [ 652326.460087928106077, 6340993.863588578999043 ], [ 652327.119124649791047, 6340993.136453608982265 ], [ 652327.846259620040655, 6340992.477416886948049 ], [ 652328.634490131516941, 6340991.892825298011303 ], [ 652329.476225093472749, 6340991.388308777473867 ], [ 652330.3633581380127, 6340990.968726095743477 ], [ 652331.287345689139329, 6340990.638118064031005 ], [ 652332.23928924149368, 6340990.399668617174029 ], [ 652333.210021058446728, 6340990.255674154497683 ], [ 652334.190192461712286, 6340990.207521420903504 ], [ 652341.589745845762081, 6340990.207521420903504 ], [ 652341.686474788351916, 6340990.003005255013704 ], [ 652342.190991308772936, 6340989.16127029247582 ], [ 652342.775582898175344, 6340988.373039781115949 ], [ 652343.434619619860314, 6340987.645904811099172 ], [ 652344.161754590109922, 6340986.986868089064956 ], [ 652344.949985101586208, 6340986.40227650012821 ], [ 652345.791720063542016, 6340985.897759979590774 ], [ 652346.678853108081967, 6340985.478177297860384 ], [ 652347.602840659208596, 6340985.147569266147912 ], [ 652348.554784211562946, 6340984.909119819290936 ], [ 652349.525516028515995, 6340984.76512535661459 ], [ 652350.505687431781553, 6340984.716972623020411 ], [ 652352.466742492862977, 6340984.716972623020411 ], [ 652352.563471435103565, 6340984.512456458061934 ], [ 652353.028936430928297, 6340983.735875028185546 ], [ 652339.628690785029903, 6340983.735875028185546 ] ] ], [ [ [ 652274.36671090463642, 6341011.188619014807045 ], [ 652274.36671090463642, 6341012.16971660964191 ], [ 652276.327765965717845, 6341012.16971660964191 ], [ 652276.424494907958433, 6341011.965200444683433 ], [ 652276.889959903783165, 6341011.188619014807045 ], [ 652274.36671090463642, 6341011.188619014807045 ] ] ], [ [ [ 652258.051215934567153, 6341016.679167812690139 ], [ 652258.051215934567153, 6341017.660265407525003 ], [ 652260.012270995299332, 6341017.660265407525003 ], [ 652260.108999937889166, 6341017.455749241635203 ], [ 652260.574464933131821, 6341016.679167812690139 ], [ 652258.051215934567153, 6341016.679167812690139 ] ] ], [ [ [ 652241.735720964497887, 6341022.16971660964191 ], [ 652241.735720964497887, 6341024.76586870290339 ], [ 652242.460251919575967, 6341024.331601561047137 ], [ 652243.347384964115918, 6341023.912018879316747 ], [ 652244.271372515242547, 6341023.581410847604275 ], [ 652245.223316067596897, 6341023.342961400747299 ], [ 652246.194047884549946, 6341023.198966938070953 ], [ 652247.174219287815504, 6341023.150814204476774 ], [ 652249.135274348896928, 6341023.150814204476774 ], [ 652249.232003291137516, 6341022.946298039518297 ], [ 652249.697468286962248, 6341022.16971660964191 ], [ 652241.735720964497887, 6341022.16971660964191 ] ] ], [ [ [ 652236.297222641063854, 6341027.660265407525003 ], [ 652236.297222641063854, 6341030.256417501717806 ], [ 652237.02175359625835, 6341029.82215035893023 ], [ 652237.906982575426809, 6341029.403468232601881 ], [ 652237.935423962655477, 6341029.323979880660772 ], [ 652238.355006644385867, 6341028.436846836470068 ], [ 652238.820471639628522, 6341027.660265407525003 ], [ 652236.297222641063854, 6341027.660265407525003 ] ] ], [ [ [ 652084.019269586890005, 6341110.018497368320823 ], [ 652084.019269586890005, 6341110.999594963155687 ], [ 652085.980324647622183, 6341110.999594963155687 ], [ 652086.077053590212017, 6341110.795078797265887 ], [ 652086.542518585454673, 6341110.018497368320823 ], [ 652084.019269586890005, 6341110.018497368320823 ] ] ], [ [ [ 652073.142272940138355, 6341115.509046165272593 ], [ 652073.142272940138355, 6341118.105198259465396 ], [ 652073.866803895332851, 6341117.670931116677821 ], [ 652074.752032874850556, 6341117.252248990349472 ], [ 652074.780474261729978, 6341117.172760639339685 ], [ 652075.200056943460368, 6341116.285627595148981 ], [ 652075.6655219392851, 6341115.509046165272593 ], [ 652073.142272940138355, 6341115.509046165272593 ] ] ], [ [ [ 652056.826777970069088, 6341120.999594963155687 ], [ 652056.826777970069088, 6341127.471241354942322 ], [ 652058.787833030801266, 6341127.471241354942322 ], [ 652058.884561973391101, 6341127.266725189052522 ], [ 652059.389078493812121, 6341126.424990226514637 ], [ 652059.973670083214529, 6341125.636759715154767 ], [ 652060.632706804899499, 6341124.90962474513799 ], [ 652061.359841775149107, 6341124.250588023103774 ], [ 652062.148072286625393, 6341123.665996434167027 ], [ 652062.989807248581201, 6341123.161479913629591 ], [ 652063.876940293121152, 6341122.741897231899202 ], [ 652064.800927844247781, 6341122.411289200186729 ], [ 652065.752871396602131, 6341122.172839753329754 ], [ 652066.72360321355518, 6341122.028845290653408 ], [ 652067.703774616820738, 6341121.980692557059228 ], [ 652069.664829677902162, 6341121.980692557059228 ], [ 652069.76155862014275, 6341121.776176392100751 ], [ 652070.227023615385406, 6341120.999594963155687 ], [ 652056.826777970069088, 6341120.999594963155687 ] ] ], [ [ [ 652040.511283, 6341878.695329000242054 ], [ 652752.954563360777684, 6341878.695329000242054 ], [ 652752.954563360777684, 6341873.204780203290284 ], [ 652758.393061684095301, 6341873.204780203290284 ], [ 652758.393061684095301, 6341867.71423140540719 ], [ 652763.831560007412918, 6341867.71423140540719 ], [ 652763.831560007412918, 6341862.22368260845542 ], [ 652780.1470549775986, 6341862.22368260845542 ], [ 652780.1470549775986, 6341856.733133810572326 ], [ 652785.585553300916217, 6341856.733133810572326 ], [ 652785.585553300916217, 6341840.261487418785691 ], [ 652796.462549947667867, 6341840.261487418785691 ], [ 652796.462549947667867, 6341834.770938620902598 ], [ 652867.163028151378967, 6341834.770938620902598 ], [ 652867.163028151378967, 6341840.261487418785691 ], [ 652861.72452982806135, 6341840.261487418785691 ], [ 652861.72452982806135, 6341845.752036215737462 ], [ 652845.409034857875668, 6341845.752036215737462 ], [ 652845.409034857875668, 6341873.204780203290284 ], [ 652894.355519768199883, 6341873.204780203290284 ], [ 652894.355519768199883, 6341878.695329000242054 ], [ 653574.167810188722797, 6341878.695329000242054 ], [ 653574.167810188722797, 6341867.71423140540719 ], [ 653579.606308512156829, 6341867.71423140540719 ], [ 653579.606308512156829, 6341845.752036215737462 ], [ 653585.044806835474446, 6341845.752036215737462 ], [ 653585.044806835474446, 6341818.299292229115963 ], [ 653579.606308512156829, 6341818.299292229115963 ], [ 653579.606308512156829, 6341807.318194634281099 ], [ 653574.167810188722797, 6341807.318194634281099 ], [ 653574.167810188722797, 6341801.827645837329328 ], [ 653563.290813542087562, 6341801.827645837329328 ], [ 653563.290813542087562, 6341774.374901849776506 ], [ 653557.85231521865353, 6341774.374901849776506 ], [ 653557.85231521865353, 6341763.393804254941642 ], [ 653552.413816895335913, 6341763.393804254941642 ], [ 653552.413816895335913, 6341752.412706661038101 ], [ 653525.221325278514996, 6341752.412706661038101 ], [ 653525.221325278514996, 6341741.431609066203237 ], [ 653519.782826955080964, 6341741.431609066203237 ], [ 653519.782826955080964, 6341735.941060268320143 ], [ 653514.344328631763346, 6341735.941060268320143 ], [ 653514.344328631763346, 6341730.450511471368372 ], [ 653508.905830308445729, 6341730.450511471368372 ], [ 653508.905830308445729, 6341724.959962673485279 ], [ 653503.467331985011697, 6341724.959962673485279 ], [ 653503.467331985011697, 6341708.488316281698644 ], [ 653498.02883366169408, 6341708.488316281698644 ], [ 653498.02883366169408, 6341659.073377105407417 ], [ 653519.782826955080964, 6341659.073377105407417 ], [ 653519.782826955080964, 6341626.130084320902824 ], [ 653530.659823601832613, 6341626.130084320902824 ], [ 653530.659823601832613, 6341549.262401157990098 ], [ 653525.221325278514996, 6341549.262401157990098 ], [ 653525.221325278514996, 6341543.771852360107005 ], [ 653519.782826955080964, 6341543.771852360107005 ], [ 653519.782826955080964, 6341532.790754765272141 ], [ 653514.344328631763346, 6341532.790754765272141 ], [ 653514.344328631763346, 6341521.809657171368599 ], [ 653508.905830308445729, 6341521.809657171368599 ], [ 653508.905830308445729, 6341516.319108373485506 ], [ 653503.467331985011697, 6341516.319108373485506 ], [ 653503.467331985011697, 6341494.356913183815777 ], [ 653498.02883366169408, 6341494.356913183815777 ], [ 653498.02883366169408, 6341483.375815588980913 ], [ 653487.15183701494243, 6341483.375815588980913 ], [ 653487.15183701494243, 6341472.394717994146049 ], [ 653481.713338691508397, 6341472.394717994146049 ], [ 653481.713338691508397, 6341461.413620400242507 ], [ 653476.27484036819078, 6341461.413620400242507 ], [ 653476.27484036819078, 6341422.979778817854822 ], [ 653519.782826955080964, 6341422.979778817854822 ], [ 653519.782826955080964, 6341417.489230020903051 ], [ 653525.221325278514996, 6341417.489230020903051 ], [ 653525.221325278514996, 6341411.99868122395128 ], [ 653536.098321925266646, 6341411.99868122395128 ], [ 653536.098321925266646, 6341406.508132426068187 ], [ 653541.536820248584263, 6341406.508132426068187 ], [ 653541.536820248584263, 6341401.017583629116416 ], [ 653552.413816895335913, 6341401.017583629116416 ], [ 653552.413816895335913, 6341395.527034831233323 ], [ 653557.85231521865353, 6341395.527034831233323 ], [ 653557.85231521865353, 6341390.036486034281552 ], [ 653563.290813542087562, 6341390.036486034281552 ], [ 653563.290813542087562, 6341362.58374204672873 ], [ 653557.85231521865353, 6341362.58374204672873 ], [ 653557.85231521865353, 6341346.112095654942095 ], [ 653563.290813542087562, 6341346.112095654942095 ], [ 653563.290813542087562, 6341280.225510086864233 ], [ 653557.85231521865353, 6341280.225510086864233 ], [ 653557.85231521865353, 6341274.73496128898114 ], [ 653546.97531857190188, 6341274.73496128898114 ], [ 653546.97531857190188, 6341263.753863694146276 ], [ 653574.167810188722797, 6341263.753863694146276 ], [ 653574.167810188722797, 6341230.810570910573006 ], [ 653568.72931186540518, 6341230.810570910573006 ], [ 653568.72931186540518, 6341225.320022112689912 ], [ 653519.782826955080964, 6341225.320022112689912 ], [ 653519.782826955080964, 6341219.829473315738142 ], [ 653536.098321925266646, 6341219.829473315738142 ], [ 653536.098321925266646, 6341197.867278126068413 ], [ 653568.72931186540518, 6341197.867278126068413 ], [ 653568.72931186540518, 6341159.43343654461205 ], [ 653557.85231521865353, 6341159.43343654461205 ], [ 653557.85231521865353, 6341148.452338949777186 ], [ 653563.290813542087562, 6341148.452338949777186 ], [ 653563.290813542087562, 6341142.961790151894093 ], [ 653568.72931186540518, 6341142.961790151894093 ], [ 653568.72931186540518, 6341115.509046165272593 ], [ 653590.483305158908479, 6341115.509046165272593 ], [ 653590.483305158908479, 6341126.490143760107458 ], [ 653579.606308512156829, 6341126.490143760107458 ], [ 653579.606308512156829, 6341153.942887746728957 ], [ 653585.044806835474446, 6341153.942887746728957 ], [ 653585.044806835474446, 6341159.43343654461205 ], [ 653612.237298452295363, 6341159.43343654461205 ], [ 653612.237298452295363, 6341153.942887746728957 ], [ 653623.114295099047013, 6341153.942887746728957 ], [ 653623.114295099047013, 6341131.980692557059228 ], [ 653628.55279342236463, 6341131.980692557059228 ], [ 653628.55279342236463, 6341104.527948570437729 ], [ 653655.745285039185546, 6341104.527948570437729 ], [ 653655.745285039185546, 6341093.546850975602865 ], [ 653661.183783362619579, 6341093.546850975602865 ], [ 653661.183783362619579, 6341082.565753380768001 ], [ 653677.499278332688846, 6341082.565753380768001 ], [ 653677.499278332688846, 6341071.584655785933137 ], [ 653682.937776656006463, 6341071.584655785933137 ], [ 653682.937776656006463, 6341060.603558192029595 ], [ 653688.376274979440495, 6341060.603558192029595 ], [ 653688.376274979440495, 6341055.113009394146502 ], [ 653693.814773302758113, 6341055.113009394146502 ], [ 653693.814773302758113, 6341049.622460597194731 ], [ 653699.253271626192145, 6341049.622460597194731 ], [ 653699.253271626192145, 6341016.679167812690139 ], [ 653693.814773302758113, 6341016.679167812690139 ], [ 653693.814773302758113, 6341005.698070217855275 ], [ 653710.130268272827379, 6341005.698070217855275 ], [ 653710.130268272827379, 6340978.245326231233776 ], [ 653704.691769949509762, 6340978.245326231233776 ], [ 653704.691769949509762, 6340972.754777433350682 ], [ 653699.253271626192145, 6340972.754777433350682 ], [ 653699.253271626192145, 6340967.264228636398911 ], [ 653693.814773302758113, 6340967.264228636398911 ], [ 653693.814773302758113, 6340950.792582243680954 ], [ 653688.376274979440495, 6340950.792582243680954 ], [ 653688.376274979440495, 6340945.302033446729183 ], [ 653655.745285039185546, 6340945.302033446729183 ], [ 653655.745285039185546, 6340934.320935851894319 ], [ 653661.183783362619579, 6340934.320935851894319 ], [ 653661.183783362619579, 6340928.830387054942548 ], [ 653672.060780009371229, 6340928.830387054942548 ], [ 653672.060780009371229, 6340923.339838257059455 ], [ 653677.499278332688846, 6340923.339838257059455 ], [ 653677.499278332688846, 6340895.887094270437956 ], [ 653674.976029333542101, 6340895.887094270437956 ], [ 653674.936977808945812, 6340895.952247803099453 ], [ 653674.352386219543405, 6340896.740478314459324 ], [ 653673.693349497858435, 6340897.467613284476101 ], [ 653672.966214527608827, 6340898.126650006510317 ], [ 653672.177984016132541, 6340898.711241595447063 ], [ 653671.336249054176733, 6340899.215758115984499 ], [ 653670.451020075008273, 6340899.634440242312849 ], [ 653670.422578687779605, 6340899.713928594253957 ], [ 653670.002996006049216, 6340900.601061638444662 ], [ 653669.498479485628195, 6340901.442796600982547 ], [ 653668.913887896225788, 6340902.231027112342417 ], [ 653668.254851174540818, 6340902.958162082359195 ], [ 653667.52771620429121, 6340903.617198804393411 ], [ 653666.739485692814924, 6340904.201790393330157 ], [ 653665.897750730859116, 6340904.706306913867593 ], [ 653665.010617686319165, 6340905.125889595597982 ], [ 653664.086630135192536, 6340905.456497627310455 ], [ 653663.134686582838185, 6340905.69494707416743 ], [ 653662.163954765885137, 6340905.838941536843777 ], [ 653661.183783362619579, 6340905.887094270437956 ], [ 653659.222728301538154, 6340905.887094270437956 ], [ 653659.125999359297566, 6340906.091610435396433 ], [ 653658.621482838876545, 6340906.933345397934318 ], [ 653658.036891249474138, 6340907.721575909294188 ], [ 653657.377854527789168, 6340908.448710879310966 ], [ 653656.65071955753956, 6340909.107747601345181 ], [ 653655.862489046063274, 6340909.692339190281928 ], [ 653655.020754084107466, 6340910.196855710819364 ], [ 653654.133621039567515, 6340910.616438392549753 ], [ 653653.209633488440886, 6340910.947046424262226 ], [ 653652.257689936086535, 6340911.185495871119201 ], [ 653651.286958119133487, 6340911.329490333795547 ], [ 653650.306786715867929, 6340911.377643067389727 ], [ 653637.468735008384101, 6340911.377643067389727 ], [ 653637.372006065794267, 6340911.582159233279526 ], [ 653636.867489545373246, 6340912.423894195817411 ], [ 653636.282897955970839, 6340913.212124707177281 ], [ 653635.623861234285869, 6340913.939259677194059 ], [ 653634.896726264036261, 6340914.598296399228275 ], [ 653634.108495752559975, 6340915.182887988165021 ], [ 653633.266760790604167, 6340915.687404508702457 ], [ 653632.379627746064216, 6340916.106987190432847 ], [ 653631.455640194937587, 6340916.437595222145319 ], [ 653630.503696642583236, 6340916.676044669002295 ], [ 653629.532964825630188, 6340916.820039131678641 ], [ 653628.55279342236463, 6340916.86819186527282 ], [ 653626.591738361399621, 6340916.86819186527282 ], [ 653626.495009419159032, 6340917.072708030231297 ], [ 653625.990492898738012, 6340917.914442992769182 ], [ 653625.405901309335604, 6340918.702673504129052 ], [ 653624.746864587650634, 6340919.42980847414583 ], [ 653624.019729617401026, 6340920.088845196180046 ], [ 653623.23149910592474, 6340920.673436785116792 ], [ 653622.389764143968932, 6340921.177953305654228 ], [ 653621.504535164684057, 6340921.596635431982577 ], [ 653621.476093777455389, 6340921.676123783923686 ], [ 653621.056511095725, 6340922.56325682811439 ], [ 653620.551994575303979, 6340923.404991790652275 ], [ 653619.967402985901572, 6340924.193222302012146 ], [ 653619.308366264216602, 6340924.920357272028923 ], [ 653618.581231293966994, 6340925.579393994063139 ], [ 653617.793000782490708, 6340926.163985582999885 ], [ 653616.9512658205349, 6340926.668502103537321 ], [ 653616.064132775994949, 6340927.088084785267711 ], [ 653615.14014522486832, 6340927.418692816980183 ], [ 653614.188201672513969, 6340927.657142263837159 ], [ 653613.217469855560921, 6340927.801136726513505 ], [ 653612.237298452295363, 6340927.849289460107684 ], [ 653612.237298452295363, 6340928.830387054942548 ], [ 653606.798800128977746, 6340928.830387054942548 ], [ 653606.798800128977746, 6340927.849289460107684 ], [ 653604.837745067896321, 6340927.849289460107684 ], [ 653604.741016125655733, 6340928.053805625066161 ], [ 653604.236499605234712, 6340928.895540587604046 ], [ 653603.651908015832305, 6340929.683771098963916 ], [ 653602.992871294147335, 6340930.410906068980694 ], [ 653602.265736323897727, 6340931.06994279101491 ], [ 653601.477505812421441, 6340931.654534379951656 ], [ 653600.635770850465633, 6340932.159050900489092 ], [ 653599.748637805925682, 6340932.578633582219481 ], [ 653598.824650254799053, 6340932.909241613931954 ], [ 653597.872706702444702, 6340933.147691060788929 ], [ 653596.901974885491654, 6340933.291685523465276 ], [ 653595.921803482226096, 6340933.339838257059455 ], [ 653588.522250098176301, 6340933.339838257059455 ], [ 653588.425521155586466, 6340933.544354422949255 ], [ 653587.921004635165446, 6340934.386089385487139 ], [ 653587.336413045763038, 6340935.17431989684701 ], [ 653586.677376324078068, 6340935.901454866863787 ], [ 653585.95024135382846, 6340936.560491588898003 ], [ 653585.162010842352174, 6340937.145083177834749 ], [ 653584.320275880396366, 6340937.649599698372185 ], [ 653583.433142835856415, 6340938.069182380102575 ], [ 653582.509155284729786, 6340938.399790411815047 ], [ 653581.557211732375436, 6340938.638239858672023 ], [ 653580.586479915422387, 6340938.782234321348369 ], [ 653579.606308512156829, 6340938.830387054942548 ], [ 653573.290813542087562, 6340938.830387054942548 ], [ 653573.290813542087562, 6340939.811484649777412 ], [ 653573.242660808842629, 6340940.791656052693725 ], [ 653573.098666346166283, 6340941.762387869879603 ], [ 653572.860216899425723, 6340942.714331422001123 ], [ 653572.529608867247589, 6340943.638318973593414 ], [ 653572.110026185517199, 6340944.525452017784119 ], [ 653571.605509665096179, 6340945.367186980322003 ], [ 653571.020918075693771, 6340946.155417491681874 ], [ 653570.361881354008801, 6340946.882552461698651 ], [ 653569.634746383759193, 6340947.541589183732867 ], [ 653568.846515872282907, 6340948.126180772669613 ], [ 653568.004780910327099, 6340948.630697293207049 ], [ 653567.117647865787148, 6340949.050279974937439 ], [ 653566.193660314660519, 6340949.380888006649911 ], [ 653565.241716762306169, 6340949.619337453506887 ], [ 653564.270984945353121, 6340949.763331916183233 ], [ 653563.290813542087562, 6340949.811484649777412 ], [ 653545.014263510936871, 6340949.811484649777412 ], [ 653544.917534568696283, 6340950.016000814735889 ], [ 653544.413018048275262, 6340950.857735777273774 ], [ 653543.828426458872855, 6340951.645966288633645 ], [ 653543.169389737187885, 6340952.373101258650422 ], [ 653542.442254766938277, 6340953.032137980684638 ], [ 653541.654024255461991, 6340953.616729569621384 ], [ 653540.812289293506183, 6340954.12124609015882 ], [ 653539.925156248966232, 6340954.54082877188921 ], [ 653539.001168697839603, 6340954.871436803601682 ], [ 653538.049225145485252, 6340955.109886250458658 ], [ 653537.078493328532204, 6340955.253880713135004 ], [ 653536.098321925266646, 6340955.302033446729183 ], [ 653496.067778600612655, 6340955.302033446729183 ], [ 653495.971049658372067, 6340955.50654961168766 ], [ 653495.466533137951046, 6340956.348284574225545 ], [ 653494.881941548548639, 6340957.136515085585415 ], [ 653494.222904826863669, 6340957.863650055602193 ], [ 653493.495769856614061, 6340958.522686777636409 ], [ 653492.707539345137775, 6340959.107278366573155 ], [ 653491.865804383181967, 6340959.611794887110591 ], [ 653490.980575403897092, 6340960.03047701343894 ], [ 653490.952134016668424, 6340960.109965365380049 ], [ 653490.532551334938034, 6340960.997098409570754 ], [ 653490.028034814517014, 6340961.838833372108638 ], [ 653489.443443225114606, 6340962.627063883468509 ], [ 653488.784406503429636, 6340963.354198853485286 ], [ 653488.057271533180028, 6340964.013235575519502 ], [ 653487.269041021703742, 6340964.597827164456248 ], [ 653486.427306059747934, 6340965.102343684993684 ], [ 653485.542077080230229, 6340965.521025811322033 ], [ 653485.513635693350807, 6340965.60051416233182 ], [ 653485.094053011620417, 6340966.487647206522524 ], [ 653484.589536491199397, 6340967.329382169060409 ], [ 653484.004944901796989, 6340968.11761268042028 ], [ 653483.345908180112019, 6340968.844747650437057 ], [ 653482.618773209862411, 6340969.503784372471273 ], [ 653481.830542698386125, 6340970.088375961408019 ], [ 653480.988807736430317, 6340970.592892481945455 ], [ 653480.101674691890366, 6340971.012475163675845 ], [ 653479.177687140763737, 6340971.343083195388317 ], [ 653478.225743588409387, 6340971.581532642245293 ], [ 653477.255011771456338, 6340971.725527104921639 ], [ 653476.27484036819078, 6340971.773679838515818 ], [ 653474.313785307458602, 6340971.773679838515818 ], [ 653474.217056364868768, 6340971.978196004405618 ], [ 653473.712539844447747, 6340972.819930966943502 ], [ 653473.127948255045339, 6340973.608161478303373 ], [ 653472.46891153336037, 6340974.33529644832015 ], [ 653471.741776563110761, 6340974.994333170354366 ], [ 653470.953546051634476, 6340975.578924759291112 ], [ 653470.111811089678667, 6340976.083441279828548 ], [ 653469.226582110160962, 6340976.502123406156898 ], [ 653469.19814072328154, 6340976.581611757166684 ], [ 653468.77855804155115, 6340977.468744801357388 ], [ 653468.27404152113013, 6340978.310479763895273 ], [ 653467.689449931727722, 6340979.098710275255144 ], [ 653467.030413210042752, 6340979.825845245271921 ], [ 653466.303278239793144, 6340980.484881967306137 ], [ 653465.515047728316858, 6340981.069473556242883 ], [ 653464.67331276636105, 6340981.573990076780319 ], [ 653463.7861797218211, 6340981.993572758510709 ], [ 653462.86219217069447, 6340982.324180790223181 ], [ 653461.91024861834012, 6340982.562630237080157 ], [ 653460.939516801387072, 6340982.706624699756503 ], [ 653459.959345398121513, 6340982.754777433350682 ], [ 653442.766853781300597, 6340982.754777433350682 ], [ 653442.766853781300597, 6340983.735875028185546 ], [ 653442.718701048055664, 6340984.716046431101859 ], [ 653442.574706585379317, 6340985.686778248287737 ], [ 653442.336257138638757, 6340986.638721800409257 ], [ 653442.005649106460623, 6340987.562709352001548 ], [ 653441.586066424730234, 6340988.449842396192253 ], [ 653441.081549904309213, 6340989.291577358730137 ], [ 653440.496958314906806, 6340990.079807870090008 ], [ 653439.837921593221836, 6340990.806942840106785 ], [ 653439.110786622972228, 6340991.465979562141001 ], [ 653438.322556111495942, 6340992.050571151077747 ], [ 653437.480821149540134, 6340992.555087671615183 ], [ 653436.593688105000183, 6340992.974670353345573 ], [ 653435.669700553873554, 6340993.305278385058045 ], [ 653434.717757001519203, 6340993.543727831915021 ], [ 653433.747025184566155, 6340993.687722294591367 ], [ 653432.766853781300597, 6340993.735875028185546 ], [ 653405.57436216447968, 6340993.735875028185546 ], [ 653404.594190761214122, 6340993.687722294591367 ], [ 653403.623458944261074, 6340993.543727831915021 ], [ 653402.671515391906723, 6340993.305278385058045 ], [ 653401.747527840780094, 6340992.974670353345573 ], [ 653400.860394796240143, 6340992.555087671615183 ], [ 653400.018659834284335, 6340992.050571151077747 ], [ 653399.23042932280805, 6340991.465979562141001 ], [ 653398.503294352558441, 6340990.806942840106785 ], [ 653397.844257630873471, 6340990.079807870090008 ], [ 653397.259666041471064, 6340989.291577358730137 ], [ 653396.755149521050043, 6340988.449842396192253 ], [ 653396.658420578809455, 6340988.245326231233776 ], [ 653343.789825546438806, 6340988.245326231233776 ], [ 653343.693096604198217, 6340988.449842396192253 ], [ 653343.188580083777197, 6340989.291577358730137 ], [ 653342.603988494374789, 6340990.079807870090008 ], [ 653341.944951772689819, 6340990.806942840106785 ], [ 653341.217816802440211, 6340991.465979562141001 ], [ 653340.429586290963925, 6340992.050571151077747 ], [ 653339.587851329008117, 6340992.555087671615183 ], [ 653338.700718284468167, 6340992.974670353345573 ], [ 653337.776730733341537, 6340993.305278385058045 ], [ 653336.824787180987187, 6340993.543727831915021 ], [ 653335.854055364034139, 6340993.687722294591367 ], [ 653334.87388396076858, 6340993.735875028185546 ], [ 653316.597333929967135, 6340993.735875028185546 ], [ 653316.500604987377301, 6340993.940391194075346 ], [ 653315.99608846695628, 6340994.782126156613231 ], [ 653315.411496877553873, 6340995.570356667973101 ], [ 653314.752460155868903, 6340996.297491637989879 ], [ 653314.025325185619295, 6340996.956528360024095 ], [ 653313.237094674143009, 6340997.541119948960841 ], [ 653312.395359712187201, 6340998.045636469498277 ], [ 653311.50822666764725, 6340998.465219151228666 ], [ 653310.584239116520621, 6340998.795827182941139 ], [ 653309.63229556416627, 6340999.034276629798114 ], [ 653308.661563747213222, 6340999.178271092474461 ], [ 653307.681392343947664, 6340999.22642382606864 ], [ 653278.527845666045323, 6340999.22642382606864 ], [ 653278.431116723804735, 6340999.430939991027117 ], [ 653277.926600203383714, 6341000.272674953565001 ], [ 653277.342008613981307, 6341001.060905464924872 ], [ 653276.682971892296337, 6341001.788040434941649 ], [ 653275.955836922046728, 6341002.447077156975865 ], [ 653275.167606410570443, 6341003.031668745912611 ], [ 653274.325871448614635, 6341003.536185266450047 ], [ 653273.438738404074684, 6341003.955767948180437 ], [ 653272.514750852948055, 6341004.28637597989291 ], [ 653271.562807300593704, 6341004.524825426749885 ], [ 653270.592075483640656, 6341004.668819889426231 ], [ 653269.611904080375098, 6341004.716972623020411 ], [ 653267.650849019642919, 6341004.716972623020411 ], [ 653267.554120077053085, 6341004.92148878891021 ], [ 653267.049603556632064, 6341005.763223751448095 ], [ 653266.465011967229657, 6341006.551454262807965 ], [ 653265.805975245544687, 6341007.278589232824743 ], [ 653265.078840275295079, 6341007.937625954858959 ], [ 653264.290609763818793, 6341008.522217543795705 ], [ 653263.448874801862985, 6341009.026734064333141 ], [ 653262.561741757323034, 6341009.44631674606353 ], [ 653261.637754206196405, 6341009.776924777776003 ], [ 653260.685810653842054, 6341010.015374224632978 ], [ 653259.715078836889006, 6341010.159368687309325 ], [ 653258.734907433623448, 6341010.207521420903504 ], [ 653186.073374168830924, 6341010.207521420903504 ], [ 653185.976645226590335, 6341010.412037585861981 ], [ 653185.472128706169315, 6341011.253772548399866 ], [ 653184.887537116766907, 6341012.042003059759736 ], [ 653184.228500395081937, 6341012.769138029776514 ], [ 653183.501365424832329, 6341013.42817475181073 ], [ 653182.713134913356043, 6341014.012766340747476 ], [ 653181.871399951400235, 6341014.517282861284912 ], [ 653180.984266906860285, 6341014.936865543015301 ], [ 653180.060279355733655, 6341015.267473574727774 ], [ 653179.108335803379305, 6341015.505923021584749 ], [ 653178.137603986426257, 6341015.649917484261096 ], [ 653177.157432583160698, 6341015.698070217855275 ], [ 653153.44238422869239, 6341015.698070217855275 ], [ 653153.345655286451802, 6341015.902586382813752 ], [ 653152.841138766030781, 6341016.744321345351636 ], [ 653152.256547176628374, 6341017.532551856711507 ], [ 653151.597510454943404, 6341018.259686826728284 ], [ 653150.870375484693795, 6341018.9187235487625 ], [ 653150.08214497321751, 6341019.503315137699246 ], [ 653149.240410011261702, 6341020.007831658236682 ], [ 653148.353276966721751, 6341020.427414339967072 ], [ 653147.429289415595122, 6341020.758022371679544 ], [ 653146.477345863240771, 6341020.99647181853652 ], [ 653145.506614046287723, 6341021.140466281212866 ], [ 653144.526442643022165, 6341021.188619014807045 ], [ 653115.37289596546907, 6341021.188619014807045 ], [ 653115.276167022879235, 6341021.393135180696845 ], [ 653114.771650502458215, 6341022.23487014323473 ], [ 653114.187058913055807, 6341023.0231006545946 ], [ 653113.528022191370837, 6341023.750235624611378 ], [ 653112.800887221121229, 6341024.409272346645594 ], [ 653112.012656709644943, 6341024.99386393558234 ], [ 653111.170921747689135, 6341025.498380456119776 ], [ 653110.283788703149185, 6341025.917963137850165 ], [ 653109.359801152022555, 6341026.248571169562638 ], [ 653108.407857599668205, 6341026.487020616419613 ], [ 653107.437125782715157, 6341026.63101507909596 ], [ 653106.456954379449598, 6341026.679167812690139 ], [ 653044.672417761408724, 6341026.679167812690139 ], [ 653044.575688819168136, 6341026.883683977648616 ], [ 653044.071172298747115, 6341027.725418940186501 ], [ 653043.486580709344707, 6341028.513649451546371 ], [ 653042.827543987659737, 6341029.240784421563148 ], [ 653042.100409017410129, 6341029.899821143597364 ], [ 653041.312178505933844, 6341030.484412732534111 ], [ 653040.470443543978035, 6341030.988929253071547 ], [ 653039.583310499438085, 6341031.408511934801936 ], [ 653038.659322948311456, 6341031.739119966514409 ], [ 653037.707379395957105, 6341031.977569413371384 ], [ 653036.736647579004057, 6341032.12156387604773 ], [ 653035.756476175738499, 6341032.16971660964191 ], [ 653001.164431174751371, 6341032.16971660964191 ], [ 653001.067702232161537, 6341032.374232775531709 ], [ 653000.563185711740516, 6341033.215967738069594 ], [ 652999.978594122338109, 6341034.004198249429464 ], [ 652999.319557400653139, 6341034.731333219446242 ], [ 652998.592422430403531, 6341035.390369941480458 ], [ 652997.804191918927245, 6341035.974961530417204 ], [ 652996.962456956971437, 6341036.47947805095464 ], [ 652996.075323912431486, 6341036.89906073268503 ], [ 652995.151336361304857, 6341037.229668764397502 ], [ 652994.199392808950506, 6341037.468118211254478 ], [ 652993.228660991997458, 6341037.612112673930824 ], [ 652992.2484895887319, 6341037.660265407525003 ], [ 652957.656444587511942, 6341037.660265407525003 ], [ 652957.559715645271353, 6341037.86478157248348 ], [ 652957.055199124850333, 6341038.706516535021365 ], [ 652956.470607535447925, 6341039.494747046381235 ], [ 652955.811570813762955, 6341040.221882016398013 ], [ 652955.084435843513347, 6341040.880918738432229 ], [ 652954.296205332037061, 6341041.465510327368975 ], [ 652953.454470370081253, 6341041.970026847906411 ], [ 652952.567337325541303, 6341042.3896095296368 ], [ 652951.643349774414673, 6341042.720217561349273 ], [ 652950.691406222060323, 6341042.958667008206248 ], [ 652949.720674405107275, 6341043.102661470882595 ], [ 652948.740503001841716, 6341043.150814204476774 ], [ 652946.779447941109538, 6341043.150814204476774 ], [ 652946.682718998519704, 6341043.355330370366573 ], [ 652946.178202478098683, 6341044.197065332904458 ], [ 652945.593610888696276, 6341044.985295844264328 ], [ 652944.934574167011306, 6341045.712430814281106 ], [ 652944.207439196761698, 6341046.371467536315322 ], [ 652943.419208685285412, 6341046.956059125252068 ], [ 652942.577473723329604, 6341047.460575645789504 ], [ 652941.690340678789653, 6341047.880158327519894 ], [ 652940.766353127663024, 6341048.210766359232366 ], [ 652939.814409575308673, 6341048.449215806089342 ], [ 652938.843677758355625, 6341048.593210268765688 ], [ 652937.863506355090067, 6341048.641363002359867 ], [ 652881.517468060366809, 6341048.641363002359867 ], [ 652881.420739118126221, 6341048.845879167318344 ], [ 652880.9162225977052, 6341049.687614129856229 ], [ 652880.331631008302793, 6341050.475844641216099 ], [ 652879.672594286617823, 6341051.202979611232877 ], [ 652878.945459316368215, 6341051.862016333267093 ], [ 652878.157228804891929, 6341052.446607922203839 ], [ 652877.315493842936121, 6341052.951124442741275 ], [ 652876.42836079839617, 6341053.370707124471664 ], [ 652875.504373247269541, 6341053.701315156184137 ], [ 652874.55242969491519, 6341053.939764603041112 ], [ 652873.581697877962142, 6341054.083759065717459 ], [ 652872.601526474696584, 6341054.131911799311638 ], [ 652865.201973090646788, 6341054.131911799311638 ], [ 652865.105244148056954, 6341054.336427965201437 ], [ 652864.600727627635933, 6341055.178162927739322 ], [ 652864.016136038233526, 6341055.966393439099193 ], [ 652863.357099316548556, 6341056.69352840911597 ], [ 652862.629964346298948, 6341057.352565131150186 ], [ 652861.841733834822662, 6341057.937156720086932 ], [ 652860.999998872866854, 6341058.441673240624368 ], [ 652860.112865828326903, 6341058.861255922354758 ], [ 652859.188878277200274, 6341059.19186395406723 ], [ 652858.236934724845923, 6341059.430313400924206 ], [ 652857.266202907892875, 6341059.574307863600552 ], [ 652856.286031504627317, 6341059.622460597194731 ], [ 652838.009481473476626, 6341059.622460597194731 ], [ 652837.912752531236038, 6341059.826976762153208 ], [ 652837.408236010815017, 6341060.668711724691093 ], [ 652836.82364442141261, 6341061.456942236050963 ], [ 652836.16460769972764, 6341062.184077206067741 ], [ 652835.437472729478031, 6341062.843113928101957 ], [ 652834.649242218001746, 6341063.427705517038703 ], [ 652833.807507256045938, 6341063.932222037576139 ], [ 652832.920374211505987, 6341064.351804719306529 ], [ 652831.996386660379358, 6341064.682412751019001 ], [ 652831.044443108025007, 6341064.920862197875977 ], [ 652830.073711291071959, 6341065.064856660552323 ], [ 652829.093539887806401, 6341065.113009394146502 ], [ 652810.816989857004955, 6341065.113009394146502 ], [ 652810.720260914415121, 6341065.317525560036302 ], [ 652810.2157443939941, 6341066.159260522574186 ], [ 652809.631152804591693, 6341066.947491033934057 ], [ 652808.972116082906723, 6341067.674626003950834 ], [ 652808.244981112657115, 6341068.33366272598505 ], [ 652807.456750601180829, 6341068.918254314921796 ], [ 652806.615015639225021, 6341069.422770835459232 ], [ 652805.72788259468507, 6341069.842353517189622 ], [ 652804.803895043558441, 6341070.172961548902094 ], [ 652803.85195149120409, 6341070.41141099575907 ], [ 652802.881219674251042, 6341070.555405458435416 ], [ 652801.901048270985484, 6341070.603558192029595 ], [ 652756.432006623013876, 6341070.603558192029595 ], [ 652756.335277680773288, 6341070.808074356988072 ], [ 652755.830761160352267, 6341071.649809319525957 ], [ 652755.24616957094986, 6341072.438039830885828 ], [ 652754.58713284926489, 6341073.165174800902605 ], [ 652753.859997879015282, 6341073.824211522936821 ], [ 652753.071767367538996, 6341074.408803111873567 ], [ 652752.230032405583188, 6341074.913319632411003 ], [ 652751.342899361043237, 6341075.332902314141393 ], [ 652750.418911809916608, 6341075.663510345853865 ], [ 652749.466968257562257, 6341075.901959792710841 ], [ 652748.496236440609209, 6341076.045954255387187 ], [ 652747.516065037343651, 6341076.094106988981366 ], [ 652712.924020036123693, 6341076.094106988981366 ], [ 652712.827291093883105, 6341076.298623153939843 ], [ 652712.322774573462084, 6341077.140358116477728 ], [ 652711.738182984059677, 6341077.928588627837598 ], [ 652711.079146262374707, 6341078.655723597854376 ], [ 652710.352011292125098, 6341079.314760319888592 ], [ 652709.563780780648813, 6341079.899351908825338 ], [ 652708.722045818693005, 6341080.403868429362774 ], [ 652707.834912774153054, 6341080.823451111093163 ], [ 652706.910925223026425, 6341081.154059142805636 ], [ 652705.958981670672074, 6341081.392508589662611 ], [ 652704.988249853719026, 6341081.536503052338958 ], [ 652704.008078450453468, 6341081.584655785933137 ], [ 652702.047023389721289, 6341081.584655785933137 ], [ 652701.950294447131455, 6341081.789171951822937 ], [ 652701.445777926710434, 6341082.630906914360821 ], [ 652700.861186337308027, 6341083.419137425720692 ], [ 652700.202149615623057, 6341084.146272395737469 ], [ 652699.475014645373449, 6341084.805309117771685 ], [ 652698.686784133897163, 6341085.389900706708431 ], [ 652697.845049171941355, 6341085.894417227245867 ], [ 652696.957916127401404, 6341086.313999908976257 ], [ 652696.033928576274775, 6341086.644607940688729 ], [ 652695.081985023920424, 6341086.883057387545705 ], [ 652694.111253206967376, 6341087.027051850222051 ], [ 652693.131081803701818, 6341087.07520458381623 ], [ 652669.41603344923351, 6341087.07520458381623 ], [ 652669.319304506992921, 6341087.279720748774707 ], [ 652668.814787986571901, 6341088.121455711312592 ], [ 652668.230196397169493, 6341088.909686222672462 ], [ 652667.571159675484523, 6341089.63682119268924 ], [ 652666.844024705234915, 6341090.295857914723456 ], [ 652666.055794193758629, 6341090.880449503660202 ], [ 652665.214059231802821, 6341091.384966024197638 ], [ 652664.32692618726287, 6341091.804548705928028 ], [ 652663.402938636136241, 6341092.1351567376405 ], [ 652662.450995083781891, 6341092.373606184497476 ], [ 652661.480263266828842, 6341092.517600647173822 ], [ 652660.500091863563284, 6341092.565753380768001 ], [ 652653.100538479513489, 6341092.565753380768001 ], [ 652653.003809536923654, 6341092.770269546657801 ], [ 652652.499293016502634, 6341093.612004509195685 ], [ 652651.914701427100226, 6341094.400235020555556 ], [ 652651.255664705415256, 6341095.127369990572333 ], [ 652650.528529735165648, 6341095.786406712606549 ], [ 652649.740299223689362, 6341096.370998301543295 ], [ 652648.898564261733554, 6341096.875514822080731 ], [ 652648.011431217193604, 6341097.295097503811121 ], [ 652647.087443666066974, 6341097.625705535523593 ], [ 652646.135500113712624, 6341097.864154982380569 ], [ 652645.164768296759576, 6341098.008149445056915 ], [ 652644.184596893494017, 6341098.056302178651094 ], [ 652642.223541832412593, 6341098.056302178651094 ], [ 652642.126812890172005, 6341098.260818343609571 ], [ 652641.622296369750984, 6341099.102553306147456 ], [ 652641.037704780348577, 6341099.890783817507327 ], [ 652640.378668058663607, 6341100.617918787524104 ], [ 652639.651533088413998, 6341101.27695550955832 ], [ 652638.863302576937713, 6341101.861547098495066 ], [ 652638.021567614981905, 6341102.366063619032502 ], [ 652637.134434570441954, 6341102.785646300762892 ], [ 652636.210447019315325, 6341103.116254332475364 ], [ 652635.258503466960974, 6341103.35470377933234 ], [ 652634.287771650007926, 6341103.498698242008686 ], [ 652633.307600246742368, 6341103.546850975602865 ], [ 652631.346545186010189, 6341103.546850975602865 ], [ 652631.249816243420355, 6341103.751367141492665 ], [ 652630.745299722999334, 6341104.59310210403055 ], [ 652630.160708133596927, 6341105.38133261539042 ], [ 652629.501671411911957, 6341106.108467585407197 ], [ 652628.774536441662349, 6341106.767504307441413 ], [ 652627.986305930186063, 6341107.35209589637816 ], [ 652627.144570968230255, 6341107.856612416915596 ], [ 652626.257437923690304, 6341108.276195098645985 ], [ 652625.333450372563675, 6341108.606803130358458 ], [ 652624.381506820209324, 6341108.845252577215433 ], [ 652623.410775003256276, 6341108.989247039891779 ], [ 652622.430603599990718, 6341109.037399773485959 ], [ 652598.71555524552241, 6341109.037399773485959 ], [ 652598.618826303281821, 6341109.241915938444436 ], [ 652598.114309782860801, 6341110.08365090098232 ], [ 652597.529718193458393, 6341110.871881412342191 ], [ 652596.870681471773423, 6341111.599016382358968 ], [ 652596.143546501523815, 6341112.258053104393184 ], [ 652595.355315990047529, 6341112.84264469332993 ], [ 652594.513581028091721, 6341113.347161213867366 ], [ 652593.62644798355177, 6341113.766743895597756 ], [ 652592.702460432425141, 6341114.097351927310228 ], [ 652591.750516880070791, 6341114.335801374167204 ], [ 652590.779785063117743, 6341114.47979583684355 ], [ 652589.799613659852184, 6341114.527948570437729 ], [ 652555.207568658865057, 6341114.527948570437729 ], [ 652555.110839716275223, 6341114.732464736327529 ], [ 652554.606323195854202, 6341115.574199698865414 ], [ 652554.021731606451795, 6341116.362430210225284 ], [ 652553.362694884766825, 6341117.089565180242062 ], [ 652552.635559914517216, 6341117.748601902276278 ], [ 652551.847329403040931, 6341118.333193491213024 ], [ 652551.005594441085123, 6341118.83771001175046 ], [ 652550.118461396545172, 6341119.257292693480849 ], [ 652549.194473845418543, 6341119.587900725193322 ], [ 652548.242530293064192, 6341119.826350172050297 ], [ 652547.271798476111144, 6341119.970344634726644 ], [ 652546.291627072845586, 6341120.018497368320823 ], [ 652544.330572011880577, 6341120.018497368320823 ], [ 652544.233843069639988, 6341120.2230135332793 ], [ 652543.729326549218968, 6341121.064748495817184 ], [ 652543.14473495981656, 6341121.852979007177055 ], [ 652542.48569823813159, 6341122.580113977193832 ], [ 652541.758563267881982, 6341123.239150699228048 ], [ 652540.970332756405696, 6341123.823742288164794 ], [ 652540.128597794449888, 6341124.32825880870223 ], [ 652539.241464749909937, 6341124.74784149043262 ], [ 652538.317477198783308, 6341125.078449522145092 ], [ 652537.365533646428958, 6341125.316898969002068 ], [ 652536.394801829475909, 6341125.460893431678414 ], [ 652535.414630426210351, 6341125.509046165272593 ], [ 652522.576578718726523, 6341125.509046165272593 ], [ 652522.479849776136689, 6341125.713562331162393 ], [ 652521.975333255715668, 6341126.555297293700278 ], [ 652521.390741666313261, 6341127.343527805060148 ], [ 652520.731704944628291, 6341128.070662775076926 ], [ 652520.004569974378683, 6341128.729699497111142 ], [ 652519.216339462902397, 6341129.314291086047888 ], [ 652518.374604500946589, 6341129.818807606585324 ], [ 652517.487471456406638, 6341130.238390288315713 ], [ 652516.563483905280009, 6341130.568998320028186 ], [ 652515.611540352925658, 6341130.807447766885161 ], [ 652514.64080853597261, 6341130.951442229561508 ], [ 652513.660637132707052, 6341130.999594963155687 ], [ 652500.822585424873978, 6341130.999594963155687 ], [ 652500.72585648263339, 6341131.204111128114164 ], [ 652500.221339962212369, 6341132.045846090652049 ], [ 652499.636748372809961, 6341132.834076602011919 ], [ 652498.977711651124991, 6341133.561211572028697 ], [ 652498.250576680875383, 6341134.220248294062912 ], [ 652497.462346169399098, 6341134.804839882999659 ], [ 652496.620611207443289, 6341135.309356403537095 ], [ 652495.733478162903339, 6341135.728939085267484 ], [ 652494.80949061177671, 6341136.059547116979957 ], [ 652493.857547059422359, 6341136.297996563836932 ], [ 652492.886815242469311, 6341136.441991026513278 ], [ 652491.906643839203753, 6341136.490143760107458 ], [ 652485.591148869134486, 6341136.490143760107458 ], [ 652485.591148869134486, 6341137.471241354942322 ], [ 652485.542996135889553, 6341138.451412757858634 ], [ 652485.399001673213206, 6341139.422144575044513 ], [ 652485.160552226472646, 6341140.374088127166033 ], [ 652484.829944194294512, 6341141.298075678758323 ], [ 652484.410361512564123, 6341142.185208722949028 ], [ 652483.905844992143102, 6341143.026943685486913 ], [ 652483.321253402740695, 6341143.815174196846783 ], [ 652482.662216681055725, 6341144.542309166863561 ], [ 652481.935081710806116, 6341145.201345888897777 ], [ 652481.146851199329831, 6341145.785937477834523 ], [ 652480.305116237374023, 6341146.290453998371959 ], [ 652479.417983192834072, 6341146.710036680102348 ], [ 652478.493995641707443, 6341147.040644711814821 ], [ 652477.542052089353092, 6341147.279094158671796 ], [ 652476.571320272400044, 6341147.423088621348143 ], [ 652475.591148869134486, 6341147.471241354942322 ], [ 652451.876100514666177, 6341147.471241354942322 ], [ 652451.779371572425589, 6341147.675757519900799 ], [ 652451.274855052004568, 6341148.517492482438684 ], [ 652450.690263462602161, 6341149.305722993798554 ], [ 652450.031226740917191, 6341150.032857963815331 ], [ 652449.304091770667583, 6341150.691894685849547 ], [ 652448.515861259191297, 6341151.276486274786294 ], [ 652447.674126297235489, 6341151.78100279532373 ], [ 652446.786993252695538, 6341152.200585477054119 ], [ 652445.863005701568909, 6341152.531193508766592 ], [ 652444.911062149214558, 6341152.769642955623567 ], [ 652443.94033033226151, 6341152.913637418299913 ], [ 652442.960158928995952, 6341152.961790151894093 ], [ 652435.560605544946156, 6341152.961790151894093 ], [ 652435.463876602356322, 6341153.166306317783892 ], [ 652434.959360081935301, 6341154.008041280321777 ], [ 652434.374768492532894, 6341154.796271791681647 ], [ 652433.715731770847924, 6341155.523406761698425 ], [ 652432.988596800598316, 6341156.182443483732641 ], [ 652432.20036628912203, 6341156.767035072669387 ], [ 652431.358631327166222, 6341157.271551593206823 ], [ 652430.471498282626271, 6341157.691134274937212 ], [ 652429.547510731499642, 6341158.021742306649685 ], [ 652428.595567179145291, 6341158.26019175350666 ], [ 652427.624835362192243, 6341158.404186216183007 ], [ 652426.644663958926685, 6341158.452338949777186 ], [ 652424.683608897845261, 6341158.452338949777186 ], [ 652424.586879955604672, 6341158.656855114735663 ], [ 652424.082363435183652, 6341159.498590077273548 ], [ 652423.497771845781244, 6341160.286820588633418 ], [ 652422.838735124096274, 6341161.013955558650196 ], [ 652422.111600153846666, 6341161.672992280684412 ], [ 652421.32336964237038, 6341162.257583869621158 ], [ 652420.481634680414572, 6341162.762100390158594 ], [ 652419.594501635874622, 6341163.181683071888983 ], [ 652418.670514084747992, 6341163.512291103601456 ], [ 652417.718570532393642, 6341163.750740550458431 ], [ 652416.747838715440594, 6341163.894735013134778 ], [ 652415.767667312175035, 6341163.942887746728957 ], [ 652413.806612251442857, 6341163.942887746728957 ], [ 652413.709883308853023, 6341164.147403912618756 ], [ 652413.205366788432002, 6341164.989138875156641 ], [ 652412.620775199029595, 6341165.777369386516511 ], [ 652411.961738477344625, 6341166.504504356533289 ], [ 652411.234603507095017, 6341167.163541078567505 ], [ 652410.446372995618731, 6341167.748132667504251 ], [ 652409.604638033662923, 6341168.252649188041687 ], [ 652408.717504989122972, 6341168.672231869772077 ], [ 652407.793517437996343, 6341169.002839901484549 ], [ 652406.841573885641992, 6341169.241289348341525 ], [ 652405.870842068688944, 6341169.385283811017871 ], [ 652404.890670665423386, 6341169.43343654461205 ], [ 652397.491117281024344, 6341169.43343654461205 ], [ 652397.394388338783756, 6341169.637952709570527 ], [ 652396.889871818362735, 6341170.479687672108412 ], [ 652396.305280228960328, 6341171.267918183468282 ], [ 652395.646243507275358, 6341171.99505315348506 ], [ 652394.91910853702575, 6341172.654089875519276 ], [ 652394.130878025549464, 6341173.238681464456022 ], [ 652393.289143063593656, 6341173.743197984993458 ], [ 652392.402010019053705, 6341174.162780666723847 ], [ 652391.478022467927076, 6341174.49338869843632 ], [ 652390.526078915572725, 6341174.731838145293295 ], [ 652389.555347098619677, 6341174.875832607969642 ], [ 652388.575175695354119, 6341174.923985341563821 ], [ 652381.175622311304323, 6341174.923985341563821 ], [ 652381.078893368714489, 6341175.12850150745362 ], [ 652380.574376848293468, 6341175.970236469991505 ], [ 652379.989785258891061, 6341176.758466981351376 ], [ 652379.330748537206091, 6341177.485601951368153 ], [ 652378.603613566956483, 6341178.144638673402369 ], [ 652377.815383055480197, 6341178.729230262339115 ], [ 652376.973648093524389, 6341179.233746782876551 ], [ 652376.086515048984438, 6341179.653329464606941 ], [ 652375.162527497857809, 6341179.983937496319413 ], [ 652374.210583945503458, 6341180.222386943176389 ], [ 652373.23985212855041, 6341180.366381405852735 ], [ 652372.259680725284852, 6341180.414534139446914 ], [ 652370.298625664203428, 6341180.414534139446914 ], [ 652370.201896721962839, 6341180.619050304405391 ], [ 652369.697380201541819, 6341181.460785266943276 ], [ 652369.112788612139411, 6341182.249015778303146 ], [ 652368.453751890454441, 6341182.976150748319924 ], [ 652367.726616920204833, 6341183.63518747035414 ], [ 652366.938386408728547, 6341184.219779059290886 ], [ 652366.096651446772739, 6341184.724295579828322 ], [ 652365.209518402232789, 6341185.143878261558712 ], [ 652364.285530851106159, 6341185.474486293271184 ], [ 652363.333587298751809, 6341185.71293574012816 ], [ 652362.362855481798761, 6341185.856930202804506 ], [ 652361.382684078533202, 6341185.905082936398685 ], [ 652359.421629017451778, 6341185.905082936398685 ], [ 652359.32490007521119, 6341186.109599101357162 ], [ 652358.820383554790169, 6341186.951334063895047 ], [ 652358.235791965387762, 6341187.739564575254917 ], [ 652357.576755243702792, 6341188.466699545271695 ], [ 652356.849620273453183, 6341189.125736267305911 ], [ 652356.061389761976898, 6341189.710327856242657 ], [ 652355.21965480002109, 6341190.214844376780093 ], [ 652354.332521755481139, 6341190.634427058510482 ], [ 652353.40853420435451, 6341190.965035090222955 ], [ 652352.456590652000159, 6341191.20348453707993 ], [ 652351.485858835047111, 6341191.347478999756277 ], [ 652350.505687431781553, 6341191.395631733350456 ], [ 652343.106134047731757, 6341191.395631733350456 ], [ 652343.009405105141923, 6341191.600147899240255 ], [ 652342.504888584720902, 6341192.44188286177814 ], [ 652341.920296995318495, 6341193.230113373138011 ], [ 652341.261260273633525, 6341193.957248343154788 ], [ 652340.534125303383917, 6341194.616285065189004 ], [ 652339.745894791907631, 6341195.20087665412575 ], [ 652338.904159829951823, 6341195.705393174663186 ], [ 652338.017026785411872, 6341196.124975856393576 ], [ 652337.093039234285243, 6341196.455583888106048 ], [ 652336.141095681930892, 6341196.694033334963024 ], [ 652335.170363864977844, 6341196.83802779763937 ], [ 652334.190192461712286, 6341196.886180531233549 ], [ 652326.790639077196829, 6341196.886180531233549 ], [ 652326.693910134956241, 6341197.090696696192026 ], [ 652326.18939361453522, 6341197.932431658729911 ], [ 652325.604802025132813, 6341198.720662170089781 ], [ 652324.945765303447843, 6341199.447797140106559 ], [ 652324.218630333198234, 6341200.106833862140775 ], [ 652323.430399821721949, 6341200.691425451077521 ], [ 652322.588664859766141, 6341201.195941971614957 ], [ 652321.703435880597681, 6341201.614624097943306 ], [ 652321.674994493369013, 6341201.694112449884415 ], [ 652321.255411811638623, 6341202.581245494075119 ], [ 652320.750895291217603, 6341203.422980456613004 ], [ 652320.166303701815195, 6341204.211210967972875 ], [ 652319.507266980130225, 6341204.938345937989652 ], [ 652318.780132009880617, 6341205.597382660023868 ], [ 652317.991901498404332, 6341206.181974248960614 ], [ 652317.150166536448523, 6341206.68649076949805 ], [ 652316.263033491908573, 6341207.10607345122844 ], [ 652315.339045940781944, 6341207.436681482940912 ], [ 652314.387102388427593, 6341207.675130929797888 ], [ 652313.416370571474545, 6341207.819125392474234 ], [ 652312.436199168208987, 6341207.867278126068413 ], [ 652294.159649137058295, 6341207.867278126068413 ], [ 652294.062920194817707, 6341208.07179429102689 ], [ 652293.558403674396686, 6341208.913529253564775 ], [ 652292.973812084994279, 6341209.701759764924645 ], [ 652292.314775363309309, 6341210.428894734941423 ], [ 652291.587640393059701, 6341211.087931456975639 ], [ 652290.799409881583415, 6341211.672523045912385 ], [ 652289.957674919627607, 6341212.177039566449821 ], [ 652289.070541875087656, 6341212.596622248180211 ], [ 652288.146554323961027, 6341212.927230279892683 ], [ 652287.194610771606676, 6341213.165679726749659 ], [ 652286.223878954653628, 6341213.309674189426005 ], [ 652285.24370755138807, 6341213.357826923020184 ], [ 652283.282652490655892, 6341213.357826923020184 ], [ 652283.185923548066057, 6341213.562343088909984 ], [ 652282.681407027645037, 6341214.404078051447868 ], [ 652282.096815438242629, 6341215.192308562807739 ], [ 652281.437778716557659, 6341215.919443532824516 ], [ 652280.710643746308051, 6341216.578480254858732 ], [ 652279.922413234831765, 6341217.163071843795478 ], [ 652279.080678272875957, 6341217.667588364332914 ], [ 652278.195449293358251, 6341218.086270490661263 ], [ 652278.16700790647883, 6341218.16575884167105 ], [ 652277.74742522474844, 6341219.052891885861754 ], [ 652277.242908704327419, 6341219.894626848399639 ], [ 652276.658317114925012, 6341220.68285735975951 ], [ 652275.999280393240042, 6341221.409992329776287 ], [ 652275.272145422990434, 6341222.069029051810503 ], [ 652274.483914911514148, 6341222.653620640747249 ], [ 652273.64217994955834, 6341223.158137161284685 ], [ 652272.755046905018389, 6341223.577719843015075 ], [ 652271.83105935389176, 6341223.908327874727547 ], [ 652270.879115801537409, 6341224.146777321584523 ], [ 652269.908383984584361, 6341224.290771784260869 ], [ 652268.928212581318803, 6341224.338924517855048 ], [ 652266.967157520586625, 6341224.338924517855048 ], [ 652266.87042857799679, 6341224.543440683744848 ], [ 652266.36591205757577, 6341225.385175646282732 ], [ 652265.781320468173362, 6341226.173406157642603 ], [ 652265.122283746488392, 6341226.90054112765938 ], [ 652264.395148776238784, 6341227.559577849693596 ], [ 652263.606918264762498, 6341228.144169438630342 ], [ 652262.76518330280669, 6341228.648685959167778 ], [ 652261.87805025826674, 6341229.068268640898168 ], [ 652260.95406270714011, 6341229.398876672610641 ], [ 652260.00211915478576, 6341229.637326119467616 ], [ 652259.031387337832712, 6341229.781320582143962 ], [ 652258.051215934567153, 6341229.829473315738142 ], [ 652245.213164226734079, 6341229.829473315738142 ], [ 652245.116435284493491, 6341230.033989480696619 ], [ 652244.61191876407247, 6341230.875724443234503 ], [ 652244.027327174670063, 6341231.663954954594374 ], [ 652243.368290452985093, 6341232.391089924611151 ], [ 652242.641155482735485, 6341233.050126646645367 ], [ 652241.852924971259199, 6341233.634718235582113 ], [ 652241.011190009303391, 6341234.139234756119549 ], [ 652240.12405696476344, 6341234.558817437849939 ], [ 652239.200069413636811, 6341234.889425469562411 ], [ 652238.24812586128246, 6341235.127874916419387 ], [ 652237.277394044329412, 6341235.271869379095733 ], [ 652236.297222641063854, 6341235.320022112689912 ], [ 652234.336167580448091, 6341235.320022112689912 ], [ 652234.239438637858257, 6341235.524538278579712 ], [ 652233.734922117437236, 6341236.366273241117597 ], [ 652233.150330528034829, 6341237.154503752477467 ], [ 652232.491293806349859, 6341237.881638722494245 ], [ 652231.76415883610025, 6341238.540675444528461 ], [ 652230.975928324623965, 6341239.125267033465207 ], [ 652230.134193362668157, 6341239.629783554002643 ], [ 652229.248964383034036, 6341240.048465680330992 ], [ 652229.220522996154614, 6341240.127954031340778 ], [ 652228.800940314424224, 6341241.015087075531483 ], [ 652228.296423794003204, 6341241.856822038069367 ], [ 652227.711832204600796, 6341242.645052549429238 ], [ 652227.052795482915826, 6341243.372187519446015 ], [ 652226.325660512666218, 6341244.031224241480231 ], [ 652225.537430001189932, 6341244.615815830416977 ], [ 652224.695695039234124, 6341245.120332350954413 ], [ 652223.808561994694173, 6341245.539915032684803 ], [ 652222.884574443567544, 6341245.870523064397275 ], [ 652221.932630891213194, 6341246.108972511254251 ], [ 652220.961899074260145, 6341246.252966973930597 ], [ 652219.981727670994587, 6341246.301119707524776 ], [ 652212.582174286595546, 6341246.301119707524776 ], [ 652212.485445344354957, 6341246.505635872483253 ], [ 652211.980928823933937, 6341247.347370835021138 ], [ 652211.396337234531529, 6341248.135601346381009 ], [ 652210.737300512846559, 6341248.862736316397786 ], [ 652210.010165542596951, 6341249.521773038432002 ], [ 652209.221935031120665, 6341250.106364627368748 ], [ 652208.380200069164857, 6341250.610881147906184 ], [ 652207.493067024624906, 6341251.030463829636574 ], [ 652206.569079473498277, 6341251.361071861349046 ], [ 652205.617135921143927, 6341251.599521308206022 ], [ 652204.646404104190879, 6341251.743515770882368 ], [ 652203.66623270092532, 6341251.791668504476547 ], [ 652196.266679316875525, 6341251.791668504476547 ], [ 652196.16995037428569, 6341251.996184670366347 ], [ 652195.66543385386467, 6341252.837919632904232 ], [ 652195.080842264462262, 6341253.626150144264102 ], [ 652194.421805542777292, 6341254.353285114280879 ], [ 652193.694670572527684, 6341255.012321836315095 ], [ 652192.906440061051399, 6341255.596913425251842 ], [ 652192.06470509909559, 6341256.101429945789278 ], [ 652191.17757205455564, 6341256.521012627519667 ], [ 652190.253584503429011, 6341256.85162065923214 ], [ 652189.30164095107466, 6341257.090070106089115 ], [ 652188.330909134121612, 6341257.234064568765461 ], [ 652187.350737730856054, 6341257.282217302359641 ], [ 652186.473741084104404, 6341257.282217302359641 ], [ 652186.473741084104404, 6341258.263314897194505 ], [ 652186.425588350859471, 6341259.243486300110817 ], [ 652186.281593888183124, 6341260.214218117296696 ], [ 652186.043144441442564, 6341261.166161669418216 ], [ 652185.71253640926443, 6341262.090149221010506 ], [ 652185.292953727534041, 6341262.977282265201211 ], [ 652184.78843720711302, 6341263.819017227739096 ], [ 652184.203845617710613, 6341264.607247739098966 ], [ 652183.544808896025643, 6341265.334382709115744 ], [ 652182.817673925776035, 6341265.99341943114996 ], [ 652182.029443414299749, 6341266.578011020086706 ], [ 652181.187708452343941, 6341267.082527540624142 ], [ 652180.30057540780399, 6341267.502110222354531 ], [ 652179.376587856677361, 6341267.832718254067004 ], [ 652178.42464430432301, 6341268.071167700923979 ], [ 652177.453912487369962, 6341268.215162163600326 ], [ 652176.473741084104404, 6341268.263314897194505 ], [ 652163.63568937627133, 6341268.263314897194505 ], [ 652163.538960434030741, 6341268.467831062152982 ], [ 652163.034443913609721, 6341269.309566024690866 ], [ 652162.449852324207313, 6341270.097796536050737 ], [ 652161.790815602522343, 6341270.824931506067514 ], [ 652161.063680632272735, 6341271.48396822810173 ], [ 652160.275450120796449, 6341272.068559817038476 ], [ 652159.433715158840641, 6341272.573076337575912 ], [ 652158.546582114300691, 6341272.992659019306302 ], [ 652157.622594563174061, 6341273.323267051018775 ], [ 652156.670651010819711, 6341273.56171649787575 ], [ 652155.699919193866663, 6341273.705710960552096 ], [ 652154.719747790601104, 6341273.753863694146276 ], [ 652152.758692729985341, 6341273.753863694146276 ], [ 652152.661963787395507, 6341273.958379860036075 ], [ 652152.157447266974486, 6341274.80011482257396 ], [ 652151.572855677572079, 6341275.58834533393383 ], [ 652150.913818955887109, 6341276.315480303950608 ], [ 652150.186683985637501, 6341276.974517025984824 ], [ 652149.398453474161215, 6341277.55910861492157 ], [ 652148.556718512205407, 6341278.063625135459006 ], [ 652147.671489532571286, 6341278.482307261787355 ], [ 652147.643048145691864, 6341278.561795612797141 ], [ 652147.223465463961475, 6341279.448928656987846 ], [ 652146.718948943540454, 6341280.290663619525731 ], [ 652146.134357354138047, 6341281.078894130885601 ], [ 652145.475320632453077, 6341281.806029100902379 ], [ 652144.748185662203468, 6341282.465065822936594 ], [ 652143.959955150727183, 6341283.049657411873341 ], [ 652143.118220188771375, 6341283.554173932410777 ], [ 652142.231087144231424, 6341283.973756614141166 ], [ 652141.307099593104795, 6341284.304364645853639 ], [ 652140.355156040750444, 6341284.542814092710614 ], [ 652139.384424223797396, 6341284.686808555386961 ], [ 652138.404252820531838, 6341284.73496128898114 ], [ 652136.443197759799659, 6341284.73496128898114 ], [ 652136.346468817209825, 6341284.939477454870939 ], [ 652135.841952296788804, 6341285.781212417408824 ], [ 652135.257360707386397, 6341286.569442928768694 ], [ 652134.598323985701427, 6341287.296577898785472 ], [ 652133.871189015451819, 6341287.955614620819688 ], [ 652133.082958503975533, 6341288.540206209756434 ], [ 652132.241223542019725, 6341289.04472273029387 ], [ 652131.354090497479774, 6341289.46430541202426 ], [ 652130.430102946353145, 6341289.794913443736732 ], [ 652129.478159393998794, 6341290.033362890593708 ], [ 652128.507427577045746, 6341290.177357353270054 ], [ 652127.527256173780188, 6341290.225510086864233 ], [ 652114.689204466063529, 6341290.225510086864233 ], [ 652114.592475523822941, 6341290.43002625182271 ], [ 652114.08795900340192, 6341291.271761214360595 ], [ 652113.503367413999513, 6341292.059991725720465 ], [ 652112.844330692314543, 6341292.787126695737243 ], [ 652112.117195722064935, 6341293.446163417771459 ], [ 652111.328965210588649, 6341294.030755006708205 ], [ 652110.487230248632841, 6341294.535271527245641 ], [ 652109.602001269347966, 6341294.95395365357399 ], [ 652109.573559882119298, 6341295.033442005515099 ], [ 652109.153977200388908, 6341295.920575049705803 ], [ 652108.649460679967888, 6341296.762310012243688 ], [ 652108.06486909056548, 6341297.550540523603559 ], [ 652107.40583236888051, 6341298.277675493620336 ], [ 652106.678697398630902, 6341298.936712215654552 ], [ 652105.890466887154616, 6341299.521303804591298 ], [ 652105.048731925198808, 6341300.025820325128734 ], [ 652104.163502945681103, 6341300.444502451457083 ], [ 652104.135061558801681, 6341300.523990802466869 ], [ 652103.715478877071291, 6341301.411123846657574 ], [ 652103.210962356650271, 6341302.252858809195459 ], [ 652102.626370767247863, 6341303.041089320555329 ], [ 652101.967334045562893, 6341303.768224290572107 ], [ 652101.240199075313285, 6341304.427261012606323 ], [ 652100.451968563836999, 6341305.011852601543069 ], [ 652099.610233601881191, 6341305.516369122080505 ], [ 652098.72310055734124, 6341305.935951803810894 ], [ 652097.799113006214611, 6341306.266559835523367 ], [ 652096.847169453860261, 6341306.505009282380342 ], [ 652095.876437636907212, 6341306.649003745056689 ], [ 652094.896266233641654, 6341306.697156478650868 ], [ 652087.496712849242613, 6341306.697156478650868 ], [ 652087.399983907002024, 6341306.901672643609345 ], [ 652086.895467386581004, 6341307.74340760614723 ], [ 652086.310875797178596, 6341308.5316381175071 ], [ 652085.651839075493626, 6341309.258773087523878 ], [ 652084.924704105244018, 6341309.917809809558094 ], [ 652084.136473593767732, 6341310.50240139849484 ], [ 652083.294738631811924, 6341311.006917919032276 ], [ 652082.407605587271973, 6341311.426500600762665 ], [ 652081.483618036145344, 6341311.757108632475138 ], [ 652080.531674483790994, 6341311.995558079332113 ], [ 652079.560942666837946, 6341312.13955254200846 ], [ 652078.580771263572387, 6341312.187705275602639 ], [ 652076.619716202840209, 6341312.187705275602639 ], [ 652076.522987260250375, 6341312.392221441492438 ], [ 652076.018470739829354, 6341313.233956404030323 ], [ 652075.433879150426947, 6341314.022186915390193 ], [ 652074.774842428741977, 6341314.749321885406971 ], [ 652074.047707458492368, 6341315.408358607441187 ], [ 652073.259476947016083, 6341315.992950196377933 ], [ 652072.417741985060275, 6341316.497466716915369 ], [ 652071.532513005542569, 6341316.916148843243718 ], [ 652071.504071618663147, 6341316.995637194253504 ], [ 652071.084488936932757, 6341317.882770238444209 ], [ 652070.579972416511737, 6341318.724505200982094 ], [ 652069.995380827109329, 6341319.512735712341964 ], [ 652069.336344105424359, 6341320.239870682358742 ], [ 652068.609209135174751, 6341320.898907404392958 ], [ 652067.820978623698466, 6341321.483498993329704 ], [ 652066.979243661742657, 6341321.98801551386714 ], [ 652066.092110617202707, 6341322.407598195597529 ], [ 652065.168123066076078, 6341322.738206227310002 ], [ 652064.216179513721727, 6341322.976655674166977 ], [ 652063.245447696768679, 6341323.120650136843324 ], [ 652062.265276293503121, 6341323.168802870437503 ], [ 652040.511283, 6341323.168802870437503 ], [ 652040.511283, 6341878.695329000242054 ] ], [ [ 652459.275653899065219, 6341774.374901849776506 ], [ 652453.837155575747602, 6341774.374901849776506 ], [ 652453.837155575747602, 6341763.393804254941642 ], [ 652442.960158928995952, 6341763.393804254941642 ], [ 652442.960158928995952, 6341757.903255457989872 ], [ 652432.083162282244302, 6341757.903255457989872 ], [ 652432.083162282244302, 6341752.412706661038101 ], [ 652437.52166060556192, 6341752.412706661038101 ], [ 652437.52166060556192, 6341724.959962673485279 ], [ 652426.644663958926685, 6341724.959962673485279 ], [ 652426.644663958926685, 6341713.978865078650415 ], [ 652432.083162282244302, 6341713.978865078650415 ], [ 652432.083162282244302, 6341708.488316281698644 ], [ 652437.52166060556192, 6341708.488316281698644 ], [ 652437.52166060556192, 6341702.997767484746873 ], [ 652448.398657252313569, 6341702.997767484746873 ], [ 652448.398657252313569, 6341713.978865078650415 ], [ 652475.591148869134486, 6341713.978865078650415 ], [ 652475.591148869134486, 6341708.488316281698644 ], [ 652508.222138809389435, 6341708.488316281698644 ], [ 652508.222138809389435, 6341697.50721868686378 ], [ 652513.660637132707052, 6341697.50721868686378 ], [ 652513.660637132707052, 6341708.488316281698644 ], [ 652519.099135456024669, 6341708.488316281698644 ], [ 652519.099135456024669, 6341724.959962673485279 ], [ 652513.660637132707052, 6341724.959962673485279 ], [ 652513.660637132707052, 6341757.903255457989872 ], [ 652519.099135456024669, 6341757.903255457989872 ], [ 652519.099135456024669, 6341763.393804254941642 ], [ 652529.976132102776319, 6341763.393804254941642 ], [ 652529.976132102776319, 6341768.884353052824736 ], [ 652524.537633779458702, 6341768.884353052824736 ], [ 652524.537633779458702, 6341796.337097039446235 ], [ 652540.853128749527968, 6341796.337097039446235 ], [ 652540.853128749527968, 6341801.827645837329328 ], [ 652546.291627072845586, 6341801.827645837329328 ], [ 652546.291627072845586, 6341807.318194634281099 ], [ 652540.853128749527968, 6341807.318194634281099 ], [ 652540.853128749527968, 6341812.808743432164192 ], [ 652535.414630426210351, 6341812.808743432164192 ], [ 652535.414630426210351, 6341818.299292229115963 ], [ 652529.976132102776319, 6341818.299292229115963 ], [ 652529.976132102776319, 6341823.789841026067734 ], [ 652524.537633779458702, 6341823.789841026067734 ], [ 652524.537633779458702, 6341834.770938620902598 ], [ 652513.660637132707052, 6341834.770938620902598 ], [ 652513.660637132707052, 6341840.261487418785691 ], [ 652491.906643839203753, 6341840.261487418785691 ], [ 652491.906643839203753, 6341834.770938620902598 ], [ 652475.591148869134486, 6341834.770938620902598 ], [ 652475.591148869134486, 6341829.280389823950827 ], [ 652464.714152222382836, 6341829.280389823950827 ], [ 652464.714152222382836, 6341807.318194634281099 ], [ 652459.275653899065219, 6341807.318194634281099 ], [ 652459.275653899065219, 6341774.374901849776506 ] ], [ [ 652883.478523121448234, 6341834.770938620902598 ], [ 652872.601526474696584, 6341834.770938620902598 ], [ 652872.601526474696584, 6341829.280389823950827 ], [ 652883.478523121448234, 6341829.280389823950827 ], [ 652883.478523121448234, 6341834.770938620902598 ] ], [ [ 652551.730125396279618, 6341763.393804254941642 ], [ 652546.291627072845586, 6341763.393804254941642 ], [ 652546.291627072845586, 6341757.903255457989872 ], [ 652551.730125396279618, 6341757.903255457989872 ], [ 652551.730125396279618, 6341763.393804254941642 ] ], [ [ 652910.67101473826915, 6341763.393804254941642 ], [ 652905.232516414951533, 6341763.393804254941642 ], [ 652905.232516414951533, 6341757.903255457989872 ], [ 652910.67101473826915, 6341757.903255457989872 ], [ 652910.67101473826915, 6341763.393804254941642 ] ], [ [ 652562.607122043031268, 6341752.412706661038101 ], [ 652557.168623719597235, 6341752.412706661038101 ], [ 652557.168623719597235, 6341746.922157863155007 ], [ 652562.607122043031268, 6341746.922157863155007 ], [ 652562.607122043031268, 6341752.412706661038101 ] ], [ [ 652970.494496295345016, 6341741.431609066203237 ], [ 652954.179001325275749, 6341741.431609066203237 ], [ 652954.179001325275749, 6341735.941060268320143 ], [ 652970.494496295345016, 6341735.941060268320143 ], [ 652970.494496295345016, 6341741.431609066203237 ] ], [ [ 652578.922617013100535, 6341708.488316281698644 ], [ 652584.361115336418152, 6341708.488316281698644 ], [ 652584.361115336418152, 6341719.469413876533508 ], [ 652573.484118689666502, 6341719.469413876533508 ], [ 652573.484118689666502, 6341713.978865078650415 ], [ 652546.291627072845586, 6341713.978865078650415 ], [ 652546.291627072845586, 6341692.016669889912009 ], [ 652568.045620366348885, 6341692.016669889912009 ], [ 652568.045620366348885, 6341686.526121092028916 ], [ 652578.922617013100535, 6341686.526121092028916 ], [ 652578.922617013100535, 6341708.488316281698644 ] ], [ [ 653449.082348751369864, 6341664.563925902359188 ], [ 653454.520847074687481, 6341664.563925902359188 ], [ 653454.520847074687481, 6341670.054474700242281 ], [ 653459.959345398121513, 6341670.054474700242281 ], [ 653459.959345398121513, 6341675.545023497194052 ], [ 653449.082348751369864, 6341675.545023497194052 ], [ 653449.082348751369864, 6341664.563925902359188 ] ], [ [ 652752.954563360777684, 6341527.30020596832037 ], [ 652747.516065037343651, 6341527.30020596832037 ], [ 652747.516065037343651, 6341521.809657171368599 ], [ 652763.831560007412918, 6341521.809657171368599 ], [ 652763.831560007412918, 6341516.319108373485506 ], [ 652780.1470549775986, 6341516.319108373485506 ], [ 652780.1470549775986, 6341505.338010778650641 ], [ 652785.585553300916217, 6341505.338010778650641 ], [ 652785.585553300916217, 6341477.885266792029142 ], [ 652796.462549947667867, 6341477.885266792029142 ], [ 652796.462549947667867, 6341472.394717994146049 ], [ 652801.901048270985484, 6341472.394717994146049 ], [ 652801.901048270985484, 6341450.432522805407643 ], [ 652807.339546594419517, 6341450.432522805407643 ], [ 652807.339546594419517, 6341466.904169197194278 ], [ 652834.532038211240433, 6341466.904169197194278 ], [ 652834.532038211240433, 6341488.866364386864007 ], [ 652829.093539887806401, 6341488.866364386864007 ], [ 652829.093539887806401, 6341494.356913183815777 ], [ 652823.655041564488783, 6341494.356913183815777 ], [ 652823.655041564488783, 6341499.847461981698871 ], [ 652818.216543241054751, 6341499.847461981698871 ], [ 652818.216543241054751, 6341505.338010778650641 ], [ 652812.778044917737134, 6341505.338010778650641 ], [ 652812.778044917737134, 6341510.828559576533735 ], [ 652807.339546594419517, 6341510.828559576533735 ], [ 652807.339546594419517, 6341521.809657171368599 ], [ 652801.901048270985484, 6341521.809657171368599 ], [ 652801.901048270985484, 6341543.771852360107005 ], [ 652796.462549947667867, 6341543.771852360107005 ], [ 652796.462549947667867, 6341554.752949954941869 ], [ 652791.024051624233834, 6341554.752949954941869 ], [ 652791.024051624233834, 6341560.243498752824962 ], [ 652769.27005833084695, 6341560.243498752824962 ], [ 652769.27005833084695, 6341571.224596347659826 ], [ 652758.393061684095301, 6341571.224596347659826 ], [ 652758.393061684095301, 6341565.734047549776733 ], [ 652752.954563360777684, 6341565.734047549776733 ], [ 652752.954563360777684, 6341560.243498752824962 ], [ 652747.516065037343651, 6341560.243498752824962 ], [ 652747.516065037343651, 6341554.752949954941869 ], [ 652752.954563360777684, 6341554.752949954941869 ], [ 652752.954563360777684, 6341527.30020596832037 ] ], [ [ 653155.403439289657399, 6341538.281303563155234 ], [ 653128.210947672836483, 6341538.281303563155234 ], [ 653128.210947672836483, 6341532.790754765272141 ], [ 653149.964940966339782, 6341532.790754765272141 ], [ 653149.964940966339782, 6341527.30020596832037 ], [ 653155.403439289657399, 6341527.30020596832037 ], [ 653155.403439289657399, 6341538.281303563155234 ] ], [ [ 653155.403439289657399, 6341521.809657171368599 ], [ 653160.841937613091432, 6341521.809657171368599 ], [ 653160.841937613091432, 6341527.30020596832037 ], [ 653155.403439289657399, 6341527.30020596832037 ], [ 653155.403439289657399, 6341521.809657171368599 ] ], [ [ 653160.841937613091432, 6341494.356913183815777 ], [ 653166.280435936409049, 6341494.356913183815777 ], [ 653166.280435936409049, 6341510.828559576533735 ], [ 653171.718934259843081, 6341510.828559576533735 ], [ 653171.718934259843081, 6341516.319108373485506 ], [ 653166.280435936409049, 6341516.319108373485506 ], [ 653166.280435936409049, 6341521.809657171368599 ], [ 653160.841937613091432, 6341521.809657171368599 ], [ 653160.841937613091432, 6341494.356913183815777 ] ], [ [ 653204.349924199981615, 6341510.828559576533735 ], [ 653193.472927553229965, 6341510.828559576533735 ], [ 653193.472927553229965, 6341483.375815588980913 ], [ 653204.349924199981615, 6341483.375815588980913 ], [ 653204.349924199981615, 6341510.828559576533735 ] ], [ [ 652682.254085156950168, 6341455.923071602359414 ], [ 652687.692583480384201, 6341455.923071602359414 ], [ 652687.692583480384201, 6341450.432522805407643 ], [ 652693.131081803701818, 6341450.432522805407643 ], [ 652693.131081803701818, 6341444.94197400752455 ], [ 652704.008078450453468, 6341444.94197400752455 ], [ 652704.008078450453468, 6341433.960876412689686 ], [ 652720.323573420522735, 6341433.960876412689686 ], [ 652720.323573420522735, 6341439.451425210572779 ], [ 652725.762071743956767, 6341439.451425210572779 ], [ 652725.762071743956767, 6341472.394717994146049 ], [ 652742.077566714026034, 6341472.394717994146049 ], [ 652742.077566714026034, 6341477.885266792029142 ], [ 652725.762071743956767, 6341477.885266792029142 ], [ 652725.762071743956767, 6341494.356913183815777 ], [ 652714.885075097205117, 6341494.356913183815777 ], [ 652714.885075097205117, 6341488.866364386864007 ], [ 652709.446576773771085, 6341488.866364386864007 ], [ 652709.446576773771085, 6341466.904169197194278 ], [ 652687.692583480384201, 6341466.904169197194278 ], [ 652687.692583480384201, 6341461.413620400242507 ], [ 652682.254085156950168, 6341461.413620400242507 ], [ 652682.254085156950168, 6341455.923071602359414 ] ], [ [ 653149.964940966339782, 6341494.356913183815777 ], [ 653133.649445996270515, 6341494.356913183815777 ], [ 653133.649445996270515, 6341488.866364386864007 ], [ 653139.087944319588132, 6341488.866364386864007 ], [ 653139.087944319588132, 6341483.375815588980913 ], [ 653144.526442643022165, 6341483.375815588980913 ], [ 653144.526442643022165, 6341477.885266792029142 ], [ 653149.964940966339782, 6341477.885266792029142 ], [ 653149.964940966339782, 6341494.356913183815777 ] ], [ [ 653155.403439289657399, 6341461.413620400242507 ], [ 653166.280435936409049, 6341461.413620400242507 ], [ 653166.280435936409049, 6341466.904169197194278 ], [ 653155.403439289657399, 6341466.904169197194278 ], [ 653155.403439289657399, 6341461.413620400242507 ] ], [ [ 653166.280435936409049, 6341455.923071602359414 ], [ 653171.718934259843081, 6341455.923071602359414 ], [ 653171.718934259843081, 6341461.413620400242507 ], [ 653166.280435936409049, 6341461.413620400242507 ], [ 653166.280435936409049, 6341455.923071602359414 ] ], [ [ 652714.885075097205117, 6341406.508132426068187 ], [ 652709.446576773771085, 6341406.508132426068187 ], [ 652709.446576773771085, 6341401.017583629116416 ], [ 652714.885075097205117, 6341401.017583629116416 ], [ 652714.885075097205117, 6341406.508132426068187 ] ], [ [ 653394.697365517728031, 6341230.810570910573006 ], [ 653372.943372224224731, 6341230.810570910573006 ], [ 653372.943372224224731, 6341225.320022112689912 ], [ 653340.312382284086198, 6341225.320022112689912 ], [ 653340.312382284086198, 6341219.829473315738142 ], [ 653345.750880607403815, 6341219.829473315738142 ], [ 653345.750880607403815, 6341192.37672932818532 ], [ 653351.189378930837847, 6341192.37672932818532 ], [ 653351.189378930837847, 6341186.886180531233549 ], [ 653356.627877254155464, 6341186.886180531233549 ], [ 653356.627877254155464, 6341181.395631733350456 ], [ 653372.943372224224731, 6341181.395631733350456 ], [ 653372.943372224224731, 6341175.905082936398685 ], [ 653378.381870547658764, 6341175.905082936398685 ], [ 653378.381870547658764, 6341170.414534139446914 ], [ 653383.820368870976381, 6341170.414534139446914 ], [ 653383.820368870976381, 6341164.923985341563821 ], [ 653389.258867194410414, 6341164.923985341563821 ], [ 653389.258867194410414, 6341192.37672932818532 ], [ 653421.889857134548947, 6341192.37672932818532 ], [ 653421.889857134548947, 6341208.848375720903277 ], [ 653400.135863841045648, 6341208.848375720903277 ], [ 653400.135863841045648, 6341214.338924517855048 ], [ 653394.697365517728031, 6341214.338924517855048 ], [ 653394.697365517728031, 6341230.810570910573006 ] ], [ [ 653389.258867194410414, 6341159.43343654461205 ], [ 653394.697365517728031, 6341159.43343654461205 ], [ 653394.697365517728031, 6341164.923985341563821 ], [ 653389.258867194410414, 6341164.923985341563821 ], [ 653389.258867194410414, 6341159.43343654461205 ] ], [ [ 653454.520847074687481, 6341219.829473315738142 ], [ 653427.328355457866564, 6341219.829473315738142 ], [ 653427.328355457866564, 6341214.338924517855048 ], [ 653454.520847074687481, 6341214.338924517855048 ], [ 653454.520847074687481, 6341219.829473315738142 ] ], [ [ 653459.959345398121513, 6341159.43343654461205 ], [ 653481.713338691508397, 6341159.43343654461205 ], [ 653481.713338691508397, 6341170.414534139446914 ], [ 653465.397843721439131, 6341170.414534139446914 ], [ 653465.397843721439131, 6341181.395631733350456 ], [ 653443.643850428052247, 6341181.395631733350456 ], [ 653443.643850428052247, 6341186.886180531233549 ], [ 653427.328355457866564, 6341186.886180531233549 ], [ 653427.328355457866564, 6341181.395631733350456 ], [ 653438.205352104618214, 6341181.395631733350456 ], [ 653438.205352104618214, 6341170.414534139446914 ], [ 653449.082348751369864, 6341170.414534139446914 ], [ 653449.082348751369864, 6341164.923985341563821 ], [ 653459.959345398121513, 6341164.923985341563821 ], [ 653459.959345398121513, 6341159.43343654461205 ] ], [ [ 653508.905830308445729, 6341099.037399773485959 ], [ 653514.344328631763346, 6341099.037399773485959 ], [ 653514.344328631763346, 6341104.527948570437729 ], [ 653476.27484036819078, 6341104.527948570437729 ], [ 653476.27484036819078, 6341099.037399773485959 ], [ 653498.02883366169408, 6341099.037399773485959 ], [ 653498.02883366169408, 6341077.07520458381623 ], [ 653503.467331985011697, 6341077.07520458381623 ], [ 653503.467331985011697, 6341082.565753380768001 ], [ 653508.905830308445729, 6341082.565753380768001 ], [ 653508.905830308445729, 6341099.037399773485959 ] ], [ [ 653574.167810188722797, 6341082.565753380768001 ], [ 653557.85231521865353, 6341082.565753380768001 ], [ 653557.85231521865353, 6341077.07520458381623 ], [ 653574.167810188722797, 6341077.07520458381623 ], [ 653574.167810188722797, 6341082.565753380768001 ] ], [ [ 653492.590335338260047, 6341066.094106988981366 ], [ 653476.27484036819078, 6341066.094106988981366 ], [ 653476.27484036819078, 6341055.113009394146502 ], [ 653492.590335338260047, 6341055.113009394146502 ], [ 653492.590335338260047, 6341066.094106988981366 ] ], [ [ 653541.536820248584263, 6341027.660265407525003 ], [ 653536.098321925266646, 6341027.660265407525003 ], [ 653536.098321925266646, 6341016.679167812690139 ], [ 653541.536820248584263, 6341016.679167812690139 ], [ 653541.536820248584263, 6341027.660265407525003 ] ], [ [ 653470.836342044873163, 6340994.716972623020411 ], [ 653503.467331985011697, 6340994.716972623020411 ], [ 653503.467331985011697, 6340989.22642382606864 ], [ 653508.905830308445729, 6340989.22642382606864 ], [ 653508.905830308445729, 6341000.207521420903504 ], [ 653470.836342044873163, 6341000.207521420903504 ], [ 653470.836342044873163, 6340994.716972623020411 ] ], [ [ 653672.060780009371229, 6340989.22642382606864 ], [ 653666.622281685937196, 6340989.22642382606864 ], [ 653666.622281685937196, 6340983.735875028185546 ], [ 653672.060780009371229, 6340983.735875028185546 ], [ 653672.060780009371229, 6340989.22642382606864 ] ], [ [ 653639.429790069116279, 6340961.773679838515818 ], [ 653628.55279342236463, 6340961.773679838515818 ], [ 653628.55279342236463, 6340956.283131041564047 ], [ 653639.429790069116279, 6340956.283131041564047 ], [ 653639.429790069116279, 6340961.773679838515818 ] ], [ [ 653123.649445996270515, 6341203.357826923020184 ], [ 653123.697598729515448, 6341202.377655520103872 ], [ 653123.841593192191795, 6341201.406923702917993 ], [ 653124.080042638932355, 6341200.454980150796473 ], [ 653124.410650671110488, 6341199.530992599204183 ], [ 653124.830233352840878, 6341198.643859555013478 ], [ 653125.334749873261899, 6341197.802124592475593 ], [ 653125.919341462664306, 6341197.013894081115723 ], [ 653126.578378184349276, 6341196.286759111098945 ], [ 653127.305513154598884, 6341195.627722389064729 ], [ 653128.09374366607517, 6341195.043130800127983 ], [ 653128.935478628030978, 6341194.538614279590547 ], [ 653129.822611672570929, 6341194.119031597860157 ], [ 653130.746599223697558, 6341193.788423566147685 ], [ 653131.698542776051909, 6341193.549974119290709 ], [ 653132.669274593004957, 6341193.405979656614363 ], [ 653133.649445996270515, 6341193.357826923020184 ], [ 653177.157432583160698, 6341193.357826923020184 ], [ 653178.137603986426257, 6341193.405979656614363 ], [ 653179.108335803379305, 6341193.549974119290709 ], [ 653180.060279355733655, 6341193.788423566147685 ], [ 653180.984266906860285, 6341194.119031597860157 ], [ 653181.871399951400235, 6341194.538614279590547 ], [ 653182.713134913356043, 6341195.043130800127983 ], [ 653183.501365424832329, 6341195.627722389064729 ], [ 653184.228500395081937, 6341196.286759111098945 ], [ 653184.887537116766907, 6341197.013894081115723 ], [ 653185.472128706169315, 6341197.802124592475593 ], [ 653185.976645226590335, 6341198.643859555013478 ], [ 653186.396227908320725, 6341199.530992599204183 ], [ 653186.726835940498859, 6341200.454980150796473 ], [ 653186.965285387239419, 6341201.406923702917993 ], [ 653187.109279849915765, 6341202.377655520103872 ], [ 653187.157432583160698, 6341203.357826923020184 ], [ 653187.157432583160698, 6341204.338924517855048 ], [ 653188.034429229912348, 6341204.338924517855048 ], [ 653189.014600633177906, 6341204.387077251449227 ], [ 653189.985332450130954, 6341204.531071714125574 ], [ 653190.937276002485305, 6341204.769521160982549 ], [ 653191.861263553611934, 6341205.100129192695022 ], [ 653192.748396598151885, 6341205.519711874425411 ], [ 653193.590131560107693, 6341206.024228394962847 ], [ 653194.378362071583979, 6341206.608819983899593 ], [ 653195.105497041833587, 6341207.267856705933809 ], [ 653195.764533763518557, 6341207.994991675950587 ], [ 653196.349125352920964, 6341208.783222187310457 ], [ 653196.853641873341985, 6341209.624957149848342 ], [ 653197.273224555072375, 6341210.512090194039047 ], [ 653197.603832587250508, 6341211.436077745631337 ], [ 653197.842282033991069, 6341212.388021297752857 ], [ 653197.986276496667415, 6341213.358753114938736 ], [ 653198.034429229912348, 6341214.338924517855048 ], [ 653198.034429229912348, 6341241.791668504476547 ], [ 653197.986276496667415, 6341242.771839907392859 ], [ 653197.842282033991069, 6341243.742571724578738 ], [ 653197.603832587250508, 6341244.694515276700258 ], [ 653197.273224555072375, 6341245.618502828292549 ], [ 653196.853641873341985, 6341246.505635872483253 ], [ 653196.349125352920964, 6341247.347370835021138 ], [ 653195.764533763518557, 6341248.135601346381009 ], [ 653195.105497041833587, 6341248.862736316397786 ], [ 653194.378362071583979, 6341249.521773038432002 ], [ 653193.590131560107693, 6341250.106364627368748 ], [ 653192.748396598151885, 6341250.610881147906184 ], [ 653191.861263553611934, 6341251.030463829636574 ], [ 653190.937276002485305, 6341251.361071861349046 ], [ 653189.985332450130954, 6341251.599521308206022 ], [ 653189.014600633177906, 6341251.743515770882368 ], [ 653188.034429229912348, 6341251.791668504476547 ], [ 653186.07337416918017, 6341251.791668504476547 ], [ 653185.976645226590335, 6341251.996184670366347 ], [ 653185.472128706169315, 6341252.837919632904232 ], [ 653184.887537116766907, 6341253.626150144264102 ], [ 653184.228500395081937, 6341254.353285114280879 ], [ 653183.501365424832329, 6341255.012321836315095 ], [ 653182.713134913356043, 6341255.596913425251842 ], [ 653181.871399951400235, 6341256.101429945789278 ], [ 653180.984266906860285, 6341256.521012627519667 ], [ 653180.060279355733655, 6341256.85162065923214 ], [ 653179.108335803379305, 6341257.090070106089115 ], [ 653178.137603986426257, 6341257.234064568765461 ], [ 653177.157432583160698, 6341257.282217302359641 ], [ 653128.210947672836483, 6341257.282217302359641 ], [ 653127.230776269570924, 6341257.234064568765461 ], [ 653126.260044452617876, 6341257.090070106089115 ], [ 653125.308100900263526, 6341256.85162065923214 ], [ 653124.384113349136896, 6341256.521012627519667 ], [ 653123.496980304596946, 6341256.101429945789278 ], [ 653122.655245342641138, 6341255.596913425251842 ], [ 653121.867014831164852, 6341255.012321836315095 ], [ 653121.139879860915244, 6341254.353285114280879 ], [ 653120.480843139230274, 6341253.626150144264102 ], [ 653119.896251549827866, 6341252.837919632904232 ], [ 653119.391735029406846, 6341251.996184670366347 ], [ 653118.972152347676456, 6341251.109051626175642 ], [ 653118.641544315498322, 6341250.185064074583352 ], [ 653118.403094868757762, 6341249.233120522461832 ], [ 653118.259100406081416, 6341248.262388705275953 ], [ 653118.210947672836483, 6341247.282217302359641 ], [ 653118.210947672836483, 6341214.338924517855048 ], [ 653118.259100406081416, 6341213.358753114938736 ], [ 653118.403094868757762, 6341212.388021297752857 ], [ 653118.641544315498322, 6341211.436077745631337 ], [ 653118.972152347676456, 6341210.512090194039047 ], [ 653119.391735029406846, 6341209.624957149848342 ], [ 653119.896251549827866, 6341208.783222187310457 ], [ 653120.480843139230274, 6341207.994991675950587 ], [ 653121.139879860915244, 6341207.267856705933809 ], [ 653121.867014831164852, 6341206.608819983899593 ], [ 653122.655245342641138, 6341206.024228394962847 ], [ 653123.496980304596946, 6341205.519711874425411 ], [ 653123.649445996270515, 6341205.4476009728387 ], [ 653123.649445996270515, 6341203.357826923020184 ] ] ], [ [ [ 653813.461736416793428, 6340797.057215917855501 ], [ 653840.654228033614345, 6340797.057215917855501 ], [ 653840.654228033614345, 6340767.008319837972522 ], [ 653839.929697078536265, 6340767.442586979828775 ], [ 653839.044468098902144, 6340767.861269106157124 ], [ 653839.016026712022722, 6340767.94075745716691 ], [ 653838.596444030292332, 6340768.827890501357615 ], [ 653838.091927509871311, 6340769.6696254638955 ], [ 653837.507335920468904, 6340770.45785597525537 ], [ 653836.848299198783934, 6340771.184990945272148 ], [ 653836.121164228534326, 6340771.844027667306364 ], [ 653835.33293371705804, 6340772.42861925624311 ], [ 653834.491198755102232, 6340772.933135776780546 ], [ 653833.605969775933772, 6340773.351817903108895 ], [ 653833.577528388705105, 6340773.431306255050004 ], [ 653833.157945706974715, 6340774.318439299240708 ], [ 653832.653429186553694, 6340775.160174261778593 ], [ 653832.068837597151287, 6340775.948404773138463 ], [ 653831.409800875466317, 6340776.675539743155241 ], [ 653830.682665905216709, 6340777.334576465189457 ], [ 653829.894435393740423, 6340777.919168054126203 ], [ 653829.052700431784615, 6340778.423684574663639 ], [ 653828.900234740111046, 6340778.49579547625035 ], [ 653828.900234740111046, 6340780.585569525137544 ], [ 653828.852082006866112, 6340781.565740928053856 ], [ 653828.708087544189766, 6340782.536472745239735 ], [ 653828.469638097449206, 6340783.488416297361255 ], [ 653828.139030065271072, 6340784.412403848953545 ], [ 653827.719447383540682, 6340785.29953689314425 ], [ 653827.214930863119662, 6340786.141271855682135 ], [ 653826.630339273717254, 6340786.929502367042005 ], [ 653825.971302552032284, 6340787.656637337058783 ], [ 653825.244167581782676, 6340788.315674059092999 ], [ 653824.455937070306391, 6340788.900265648029745 ], [ 653823.614202108350582, 6340789.404782168567181 ], [ 653822.728973129182123, 6340789.82346429489553 ], [ 653822.700531741953455, 6340789.902952646836638 ], [ 653822.280949060223065, 6340790.790085691027343 ], [ 653821.776432539802045, 6340791.631820653565228 ], [ 653821.191840950399637, 6340792.420051164925098 ], [ 653820.532804228714667, 6340793.147186134941876 ], [ 653819.805669258465059, 6340793.806222856976092 ], [ 653819.017438746988773, 6340794.390814445912838 ], [ 653818.175703785032965, 6340794.895330966450274 ], [ 653817.288570740493014, 6340795.314913648180664 ], [ 653816.364583189366385, 6340795.645521679893136 ], [ 653815.412639637012035, 6340795.883971126750112 ], [ 653814.441907820058987, 6340796.027965589426458 ], [ 653813.461736416793428, 6340796.076118323020637 ], [ 653813.461736416793428, 6340797.057215917855501 ] ] ], [ [ [ 653895.039211267256178, 6340324.870019343681633 ], [ 653895.039211267256178, 6340330.360568140633404 ], [ 653900.477709590573795, 6340330.360568140633404 ], [ 653900.477709590573795, 6340335.851116938516498 ], [ 653905.916207914007828, 6340335.851116938516498 ], [ 653905.916207914007828, 6340341.341665735468268 ], [ 653895.039211267256178, 6340341.341665735468268 ], [ 653895.039211267256178, 6340343.937817828729749 ], [ 653895.156415274133906, 6340344.008067207410932 ], [ 653895.944645785610192, 6340344.592658796347678 ], [ 653896.6717807558598, 6340345.251695518381894 ], [ 653897.33081747754477, 6340345.978830488398671 ], [ 653897.915409066947177, 6340346.767060999758542 ], [ 653898.419925587368198, 6340347.608795962296426 ], [ 653898.839508269098587, 6340348.495929006487131 ], [ 653898.867949656327255, 6340348.57541735842824 ], [ 653899.753178635495715, 6340348.994099484756589 ], [ 653900.594913597451523, 6340349.498616005294025 ], [ 653901.383144108927809, 6340350.083207594230771 ], [ 653902.110279079177417, 6340350.742244316264987 ], [ 653902.769315800862387, 6340351.469379286281765 ], [ 653903.353907390264794, 6340352.257609797641635 ], [ 653903.858423910685815, 6340353.09934476017952 ], [ 653904.278006592416205, 6340353.986477804370224 ], [ 653904.608614624594338, 6340354.910465355962515 ], [ 653904.847064071334898, 6340355.862408908084035 ], [ 653904.991058534011245, 6340356.833140725269914 ], [ 653905.039211267256178, 6340357.813312128186226 ], [ 653905.039211267256178, 6340365.393634974956512 ], [ 653905.191676958813332, 6340365.465745876543224 ], [ 653906.03341192076914, 6340365.97026239708066 ], [ 653906.821642432245426, 6340366.554853986017406 ], [ 653907.548777402495034, 6340367.213890708051622 ], [ 653908.207814124180004, 6340367.941025678068399 ], [ 653908.792405713582411, 6340368.72925618942827 ], [ 653909.296922234003432, 6340369.570991151966155 ], [ 653909.716504915733822, 6340370.458124196156859 ], [ 653910.047112947911955, 6340371.38211174774915 ], [ 653910.285562394652516, 6340372.33405529987067 ], [ 653910.429556857328862, 6340373.304787117056549 ], [ 653910.477709590573795, 6340374.284958519972861 ], [ 653910.477709590573795, 6340379.775507316924632 ], [ 653911.354706237325445, 6340379.775507316924632 ], [ 653911.354706237325445, 6340401.73770250659436 ], [ 653916.793204560759477, 6340401.73770250659436 ], [ 653916.793204560759477, 6340407.228251304477453 ], [ 653943.985696177580394, 6340407.228251304477453 ], [ 653943.985696177580394, 6340341.341665735468268 ], [ 653938.547197854146361, 6340341.341665735468268 ], [ 653938.547197854146361, 6340319.37947054579854 ], [ 653933.108699530828744, 6340319.37947054579854 ], [ 653933.108699530828744, 6340308.398372951894999 ], [ 653927.670201207394712, 6340308.398372951894999 ], [ 653927.670201207394712, 6340291.926726559177041 ], [ 653911.354706237325445, 6340291.926726559177041 ], [ 653911.354706237325445, 6340286.43617776222527 ], [ 653900.477709590573795, 6340286.43617776222527 ], [ 653900.477709590573795, 6340280.945628964342177 ], [ 653905.916207914007828, 6340280.945628964342177 ], [ 653905.916207914007828, 6340248.002336180768907 ], [ 653900.477709590573795, 6340248.002336180768907 ], [ 653900.477709590573795, 6340242.511787382885814 ], [ 653895.039211267256178, 6340242.511787382885814 ], [ 653895.039211267256178, 6340220.549592193216085 ], [ 653889.600712943938561, 6340220.549592193216085 ], [ 653889.600712943938561, 6340215.059043396264315 ], [ 653884.162214620504528, 6340215.059043396264315 ], [ 653884.162214620504528, 6340209.568494598381221 ], [ 653856.969723003683612, 6340209.568494598381221 ], [ 653856.969723003683612, 6340171.134653016924858 ], [ 653851.531224680365995, 6340171.134653016924858 ], [ 653851.531224680365995, 6340154.663006625138223 ], [ 653846.092726356931962, 6340154.663006625138223 ], [ 653846.092726356931962, 6340127.210262638516724 ], [ 653840.654228033614345, 6340127.210262638516724 ], [ 653840.654228033614345, 6340116.22916504368186 ], [ 653846.092726356931962, 6340116.22916504368186 ], [ 653846.092726356931962, 6340110.738616245798767 ], [ 653851.531224680365995, 6340110.738616245798767 ], [ 653851.531224680365995, 6340105.248067448846996 ], [ 653856.969723003683612, 6340105.248067448846996 ], [ 653856.969723003683612, 6340072.304774664342403 ], [ 653835.215729710296728, 6340072.304774664342403 ], [ 653835.215729710296728, 6340066.814225867390633 ], [ 653802.584739770041779, 6340066.814225867390633 ], [ 653802.584739770041779, 6340072.304774664342403 ], [ 653775.392248153220862, 6340072.304774664342403 ], [ 653775.392248153220862, 6340077.795323461294174 ], [ 653769.953749829903245, 6340077.795323461294174 ], [ 653769.953749829903245, 6340072.304774664342403 ], [ 653759.076753183151595, 6340072.304774664342403 ], [ 653759.076753183151595, 6340066.814225867390633 ], [ 653753.638254859833978, 6340066.814225867390633 ], [ 653753.638254859833978, 6340061.323677069507539 ], [ 653742.761258213082328, 6340061.323677069507539 ], [ 653742.761258213082328, 6340055.833128272555768 ], [ 653737.322759889648296, 6340055.833128272555768 ], [ 653737.322759889648296, 6340050.342579474672675 ], [ 653731.884261566330679, 6340050.342579474672675 ], [ 653731.884261566330679, 6340039.361481879837811 ], [ 653710.130268272827379, 6340039.361481879837811 ], [ 653710.130268272827379, 6340028.380384285002947 ], [ 653704.691769949509762, 6340028.380384285002947 ], [ 653704.691769949509762, 6340022.889835488051176 ], [ 653699.253271626192145, 6340022.889835488051176 ], [ 653699.253271626192145, 6340017.399286691099405 ], [ 653693.814773302758113, 6340017.399286691099405 ], [ 653693.814773302758113, 6340011.908737893216312 ], [ 653688.376274979440495, 6340011.908737893216312 ], [ 653688.376274979440495, 6340006.418189096264541 ], [ 653677.499278332688846, 6340006.418189096264541 ], [ 653677.499278332688846, 6339995.437091501429677 ], [ 653666.622281685937196, 6339995.437091501429677 ], [ 653666.622281685937196, 6339989.946542703546584 ], [ 653655.745285039185546, 6339989.946542703546584 ], [ 653655.745285039185546, 6339984.455993906594813 ], [ 653650.306786715867929, 6339984.455993906594813 ], [ 653650.306786715867929, 6339978.96544510871172 ], [ 653639.429790069116279, 6339978.96544510871172 ], [ 653639.429790069116279, 6339967.984347513876855 ], [ 653633.991291745798662, 6339967.984347513876855 ], [ 653633.991291745798662, 6339962.493798716925085 ], [ 653617.675796775729395, 6339962.493798716925085 ], [ 653617.675796775729395, 6339951.51270112209022 ], [ 653612.237298452295363, 6339951.51270112209022 ], [ 653612.237298452295363, 6339946.02215232513845 ], [ 653590.483305158908479, 6339946.02215232513845 ], [ 653590.483305158908479, 6339929.550505932420492 ], [ 653574.167810188722797, 6339929.550505932420492 ], [ 653574.167810188722797, 6339918.569408337585628 ], [ 653568.72931186540518, 6339918.569408337585628 ], [ 653568.72931186540518, 6339913.078859540633857 ], [ 653557.85231521865353, 6339913.078859540633857 ], [ 653557.85231521865353, 6339907.588310742750764 ], [ 653530.659823601832613, 6339907.588310742750764 ], [ 653530.659823601832613, 6339935.041054730303586 ], [ 653536.098321925266646, 6339935.041054730303586 ], [ 653536.098321925266646, 6339937.637206824496388 ], [ 653536.215525932027958, 6339937.707456202246249 ], [ 653537.003756443504244, 6339938.292047791182995 ], [ 653537.730891413753852, 6339938.951084513217211 ], [ 653538.389928135438822, 6339939.678219483233988 ], [ 653538.97451972484123, 6339940.466449994593859 ], [ 653539.013571249437518, 6339940.531603527255356 ], [ 653546.97531857190188, 6339940.531603527255356 ], [ 653546.97531857190188, 6339946.02215232513845 ], [ 653563.290813542087562, 6339946.02215232513845 ], [ 653563.290813542087562, 6339952.493798716925085 ], [ 653564.270984945353121, 6339952.541951450519264 ], [ 653565.241716762306169, 6339952.68594591319561 ], [ 653566.193660314660519, 6339952.924395360052586 ], [ 653567.117647865787148, 6339953.255003391765058 ], [ 653568.004780910327099, 6339953.674586073495448 ], [ 653568.846515872282907, 6339954.179102594032884 ], [ 653569.634746383759193, 6339954.76369418296963 ], [ 653570.361881354008801, 6339955.422730905003846 ], [ 653571.020918075693771, 6339956.149865875020623 ], [ 653571.605509665096179, 6339956.938096386380494 ], [ 653571.644561190274544, 6339957.003249919973314 ], [ 653579.606308512156829, 6339957.003249919973314 ], [ 653579.606308512156829, 6339965.089950811117887 ], [ 653579.723512518918142, 6339965.160200188867748 ], [ 653580.511743030394427, 6339965.744791777804494 ], [ 653581.238878000644036, 6339966.40382849983871 ], [ 653581.897914722329006, 6339967.130963469855487 ], [ 653582.482506311731413, 6339967.919193981215358 ], [ 653582.987022832152434, 6339968.760928943753242 ], [ 653583.083751774393022, 6339968.96544510871172 ], [ 653585.044806835474446, 6339968.96544510871172 ], [ 653586.024978238740005, 6339969.013597842305899 ], [ 653586.995710055693053, 6339969.157592304982245 ], [ 653587.947653608047403, 6339969.396041751839221 ], [ 653588.871641159174033, 6339969.726649783551693 ], [ 653589.758774203713983, 6339970.146232465282083 ], [ 653590.600509165669791, 6339970.650748985819519 ], [ 653591.388739677146077, 6339971.235340574756265 ], [ 653592.115874647395685, 6339971.894377296790481 ], [ 653592.774911369080655, 6339972.621512266807258 ], [ 653593.359502958483063, 6339973.409742778167129 ], [ 653593.864019478904083, 6339974.251477740705013 ], [ 653594.283602160634473, 6339975.138610784895718 ], [ 653594.312043547863141, 6339975.218099136836827 ], [ 653595.197272527148016, 6339975.636781263165176 ], [ 653596.039007489103824, 6339976.141297783702612 ], [ 653596.82723800058011, 6339976.725889372639358 ], [ 653597.554372970829718, 6339977.384926094673574 ], [ 653598.213409692514688, 6339978.112061064690351 ], [ 653598.798001281917095, 6339978.900291576050222 ], [ 653598.837052806513384, 6339978.96544510871172 ], [ 653606.798800128977746, 6339978.96544510871172 ], [ 653606.798800128977746, 6339987.052146000787616 ], [ 653606.916004135739058, 6339987.122395378537476 ], [ 653607.704234647215344, 6339987.706986967474222 ], [ 653608.431369617464952, 6339988.366023689508438 ], [ 653609.090406339149922, 6339989.093158659525216 ], [ 653609.67499792855233, 6339989.881389170885086 ], [ 653609.714049453148618, 6339989.946542703546584 ], [ 653612.237298452295363, 6339989.946542703546584 ], [ 653612.237298452295363, 6339990.927640298381448 ], [ 653613.217469855560921, 6339990.975793031975627 ], [ 653614.188201672513969, 6339991.119787494651973 ], [ 653615.14014522486832, 6339991.358236941508949 ], [ 653616.064132775994949, 6339991.688844973221421 ], [ 653616.9512658205349, 6339992.108427654951811 ], [ 653617.793000782490708, 6339992.612944175489247 ], [ 653618.581231293966994, 6339993.197535764425993 ], [ 653619.308366264216602, 6339993.856572486460209 ], [ 653619.967402985901572, 6339994.583707456476986 ], [ 653620.551994575303979, 6339995.371937967836857 ], [ 653620.591046100482345, 6339995.437091501429677 ], [ 653623.114295099047013, 6339995.437091501429677 ], [ 653623.114295099047013, 6339998.033243594691157 ], [ 653623.23149910592474, 6339998.10349297337234 ], [ 653624.019729617401026, 6339998.688084562309086 ], [ 653624.746864587650634, 6339999.347121284343302 ], [ 653625.405901309335604, 6340000.07425625436008 ], [ 653625.990492898738012, 6340000.86248676571995 ], [ 653626.495009419159032, 6340001.704221728257835 ], [ 653626.914592100889422, 6340002.59135477244854 ], [ 653626.943033487768844, 6340002.670843123458326 ], [ 653627.82826246728655, 6340003.089525249786675 ], [ 653628.669997429242358, 6340003.594041770324111 ], [ 653629.458227940718643, 6340004.178633359260857 ], [ 653630.185362910968252, 6340004.837670081295073 ], [ 653630.844399632653221, 6340005.564805051311851 ], [ 653631.428991222055629, 6340006.353035562671721 ], [ 653631.93350774247665, 6340007.194770525209606 ], [ 653632.030236685066484, 6340007.399286691099405 ], [ 653633.991291745798662, 6340007.399286691099405 ], [ 653634.97146314906422, 6340007.447439424693584 ], [ 653635.942194966017269, 6340007.591433887369931 ], [ 653636.894138518371619, 6340007.829883334226906 ], [ 653637.818126069498248, 6340008.160491365939379 ], [ 653638.705259114038199, 6340008.580074047669768 ], [ 653639.546994075994007, 6340009.084590568207204 ], [ 653640.335224587470293, 6340009.66918215714395 ], [ 653641.062359557719901, 6340010.328218879178166 ], [ 653641.721396279404871, 6340011.055353849194944 ], [ 653642.305987868807279, 6340011.843584360554814 ], [ 653642.810504389228299, 6340012.685319323092699 ], [ 653643.230087070958689, 6340013.572452367283404 ], [ 653643.258528457838111, 6340013.65194071829319 ], [ 653644.143757437355816, 6340014.070622844621539 ], [ 653644.985492399311624, 6340014.575139365158975 ], [ 653645.77372291078791, 6340015.159730954095721 ], [ 653646.500857881037518, 6340015.818767676129937 ], [ 653647.159894602722488, 6340016.545902646146715 ], [ 653647.744486192124896, 6340017.334133157506585 ], [ 653647.783537717303261, 6340017.399286691099405 ], [ 653650.306786715867929, 6340017.399286691099405 ], [ 653650.306786715867929, 6340019.995438783429563 ], [ 653650.423990722745657, 6340020.065688162110746 ], [ 653651.212221234221943, 6340020.650279751047492 ], [ 653651.939356204471551, 6340021.309316473081708 ], [ 653652.598392926156521, 6340022.036451443098485 ], [ 653653.182984515558928, 6340022.824681954458356 ], [ 653653.222036040737294, 6340022.889835488051176 ], [ 653661.183783362619579, 6340022.889835488051176 ], [ 653661.183783362619579, 6340029.361481879837811 ], [ 653662.163954765885137, 6340029.40963461343199 ], [ 653663.134686582838185, 6340029.553629076108336 ], [ 653664.086630135192536, 6340029.792078522965312 ], [ 653665.010617686319165, 6340030.122686554677784 ], [ 653665.897750730859116, 6340030.542269236408174 ], [ 653666.739485692814924, 6340031.04678575694561 ], [ 653667.52771620429121, 6340031.631377345882356 ], [ 653668.254851174540818, 6340032.290414067916572 ], [ 653668.913887896225788, 6340033.01754903793335 ], [ 653669.498479485628195, 6340033.80577954929322 ], [ 653670.002996006049216, 6340034.647514511831105 ], [ 653670.422578687779605, 6340035.53464755602181 ], [ 653670.451020075008273, 6340035.614135907962918 ], [ 653671.336249054176733, 6340036.032818034291267 ], [ 653672.177984016132541, 6340036.537334554828703 ], [ 653672.966214527608827, 6340037.12192614376545 ], [ 653673.693349497858435, 6340037.780962865799665 ], [ 653674.352386219543405, 6340038.508097835816443 ], [ 653674.936977808945812, 6340039.296328347176313 ], [ 653675.441494329366833, 6340040.138063309714198 ], [ 653675.861077011097223, 6340041.025196353904903 ], [ 653675.889518397976644, 6340041.104684704914689 ], [ 653676.774747377610765, 6340041.523366831243038 ], [ 653677.616482339566574, 6340042.027883351780474 ], [ 653678.404712851042859, 6340042.61247494071722 ], [ 653679.131847821292467, 6340043.271511662751436 ], [ 653679.790884542977437, 6340043.998646632768214 ], [ 653680.375476132379845, 6340044.786877144128084 ], [ 653680.879992652800865, 6340045.628612106665969 ], [ 653681.299575334531255, 6340046.515745150856674 ], [ 653681.328016721759923, 6340046.595233502797782 ], [ 653682.213245700928383, 6340047.013915629126132 ], [ 653683.054980662884191, 6340047.518432149663568 ], [ 653683.843211174360476, 6340048.103023738600314 ], [ 653684.570346144610085, 6340048.76206046063453 ], [ 653685.229382866295055, 6340049.489195430651307 ], [ 653685.813974455697462, 6340050.277425942011178 ], [ 653686.318490976118483, 6340051.119160904549062 ], [ 653686.738073657848872, 6340052.006293948739767 ], [ 653686.766515044728294, 6340052.085782299749553 ], [ 653687.651744024246, 6340052.504464426077902 ], [ 653688.493478986201808, 6340053.008980946615338 ], [ 653689.281709497678094, 6340053.593572535552084 ], [ 653690.008844467927702, 6340054.2526092575863 ], [ 653690.667881189612672, 6340054.979744227603078 ], [ 653691.252472779015079, 6340055.767974738962948 ], [ 653691.291524304193445, 6340055.833128272555768 ], [ 653693.814773302758113, 6340055.833128272555768 ], [ 653693.814773302758113, 6340056.814225867390633 ], [ 653694.794944706023671, 6340056.862378600984812 ], [ 653695.765676522976719, 6340057.006373063661158 ], [ 653696.71762007533107, 6340057.244822510518134 ], [ 653697.641607626457699, 6340057.575430542230606 ], [ 653698.528740670997649, 6340057.995013223960996 ], [ 653699.370475632953458, 6340058.499529744498432 ], [ 653700.158706144429743, 6340059.084121333435178 ], [ 653700.885841114679351, 6340059.743158055469394 ], [ 653701.544877836364321, 6340060.470293025486171 ], [ 653702.129469425766729, 6340061.258523536846042 ], [ 653702.63398594618775, 6340062.100258499383926 ], [ 653703.053568627918139, 6340062.987391543574631 ], [ 653703.384176660096273, 6340063.911379095166922 ], [ 653703.622626106836833, 6340064.863322647288442 ], [ 653703.766620569513179, 6340065.83405446447432 ], [ 653703.814773302758113, 6340066.814225867390633 ], [ 653703.814773302758113, 6340068.903999916277826 ], [ 653703.967238994431682, 6340068.976110817864537 ], [ 653704.80897395638749, 6340069.480627338401973 ], [ 653705.597204467863776, 6340070.065218927338719 ], [ 653706.324339438113384, 6340070.724255649372935 ], [ 653706.983376159798354, 6340071.451390619389713 ], [ 653707.567967749200761, 6340072.239621130749583 ], [ 653708.072484269621782, 6340073.081356093287468 ], [ 653708.169213212211616, 6340073.285872259177268 ], [ 653710.130268272827379, 6340073.285872259177268 ], [ 653711.110439676092938, 6340073.334024992771447 ], [ 653712.081171493045986, 6340073.478019455447793 ], [ 653713.033115045400336, 6340073.716468902304769 ], [ 653713.957102596526965, 6340074.047076934017241 ], [ 653714.844235641066916, 6340074.466659615747631 ], [ 653715.685970603022724, 6340074.971176136285067 ], [ 653716.47420111449901, 6340075.555767725221813 ], [ 653717.201336084748618, 6340076.214804447256029 ], [ 653717.860372806433588, 6340076.941939417272806 ], [ 653718.444964395835996, 6340077.730169928632677 ], [ 653718.949480916257016, 6340078.571904891170561 ], [ 653719.369063597987406, 6340079.459037935361266 ], [ 653719.397504984866828, 6340079.538526286371052 ], [ 653720.282733964500949, 6340079.957208412699401 ], [ 653721.124468926456757, 6340080.461724933236837 ], [ 653721.912699437933043, 6340081.046316522173584 ], [ 653722.639834408182651, 6340081.705353244207799 ], [ 653723.298871129867621, 6340082.432488214224577 ], [ 653723.883462719270028, 6340083.220718725584447 ], [ 653724.387979239691049, 6340084.062453688122332 ], [ 653724.807561921421438, 6340084.949586732313037 ], [ 653724.836003308650106, 6340085.029075084254146 ], [ 653725.721232287818566, 6340085.447757210582495 ], [ 653726.562967249774374, 6340085.952273731119931 ], [ 653727.35119776125066, 6340086.536865320056677 ], [ 653728.078332731500268, 6340087.195902042090893 ], [ 653728.737369453185238, 6340087.92303701210767 ], [ 653729.321961042587645, 6340088.711267523467541 ], [ 653729.826477563008666, 6340089.553002486005425 ], [ 653729.923206505249254, 6340089.757518650963902 ], [ 653737.322759889648296, 6340089.757518650963902 ], [ 653738.302931292913854, 6340089.805671384558082 ], [ 653739.273663109866902, 6340089.949665847234428 ], [ 653740.225606662221253, 6340090.188115294091403 ], [ 653741.149594213347882, 6340090.518723325803876 ], [ 653742.036727257887833, 6340090.938306007534266 ], [ 653742.878462219843641, 6340091.442822528071702 ], [ 653743.666692731319927, 6340092.027414117008448 ], [ 653744.393827701569535, 6340092.686450839042664 ], [ 653745.052864423254505, 6340093.413585809059441 ], [ 653745.637456012656912, 6340094.201816320419312 ], [ 653746.141972533077933, 6340095.043551282957196 ], [ 653746.561555214808322, 6340095.930684327147901 ], [ 653746.892163246986456, 6340096.854671878740191 ], [ 653747.130612693727016, 6340097.806615430861712 ], [ 653747.274607156403363, 6340098.77734724804759 ], [ 653747.322759889648296, 6340099.757518650963902 ], [ 653747.322759889648296, 6340107.337841498665512 ], [ 653747.475225581321865, 6340107.409952400252223 ], [ 653748.316960543277673, 6340107.914468920789659 ], [ 653749.105191054753959, 6340108.499060509726405 ], [ 653749.832326025003567, 6340109.158097231760621 ], [ 653750.491362746688537, 6340109.885232201777399 ], [ 653751.075954336090945, 6340110.673462713137269 ], [ 653751.580470856511965, 6340111.515197675675154 ], [ 653752.000053538242355, 6340112.402330719865859 ], [ 653752.028494925121777, 6340112.481819070875645 ], [ 653752.913723904639482, 6340112.900501197203994 ], [ 653753.755458866595291, 6340113.40501771774143 ], [ 653754.543689378071576, 6340113.989609306678176 ], [ 653755.270824348321185, 6340114.648646028712392 ], [ 653755.929861070006154, 6340115.375780998729169 ], [ 653756.514452659408562, 6340116.16401151008904 ], [ 653757.018969179829583, 6340117.005746472626925 ], [ 653757.115698122419417, 6340117.210262638516724 ], [ 653759.076753183151595, 6340117.210262638516724 ], [ 653760.056924586417153, 6340117.258415372110903 ], [ 653761.027656403370202, 6340117.40240983478725 ], [ 653761.979599955724552, 6340117.640859281644225 ], [ 653762.903587506851181, 6340117.971467313356698 ], [ 653763.790720551391132, 6340118.391049995087087 ], [ 653764.63245551334694, 6340118.895566515624523 ], [ 653765.420686024823226, 6340119.480158104561269 ], [ 653766.147820995072834, 6340120.139194826595485 ], [ 653766.806857716757804, 6340120.866329796612263 ], [ 653767.391449306160212, 6340121.654560307972133 ], [ 653767.895965826581232, 6340122.496295270510018 ], [ 653768.315548508311622, 6340123.383428314700723 ], [ 653768.646156540489756, 6340124.307415866293013 ], [ 653768.884605987230316, 6340125.259359418414533 ], [ 653769.028600449906662, 6340126.230091235600412 ], [ 653769.076753183151595, 6340127.210262638516724 ], [ 653769.076753183151595, 6340145.771683080121875 ], [ 653769.229218874708749, 6340145.843793981708586 ], [ 653770.070953836664557, 6340146.348310502246022 ], [ 653770.859184348140843, 6340146.932902091182768 ], [ 653771.586319318390451, 6340147.591938813216984 ], [ 653772.245356040075421, 6340148.319073783233762 ], [ 653772.829947629477829, 6340149.107304294593632 ], [ 653773.334464149898849, 6340149.949039257131517 ], [ 653773.754046831629239, 6340150.836172301322222 ], [ 653773.782488218508661, 6340150.915660652332008 ], [ 653774.667717198142782, 6340151.334342778660357 ], [ 653775.50945216009859, 6340151.838859299197793 ], [ 653776.297682671574876, 6340152.423450888134539 ], [ 653777.024817641824484, 6340153.082487610168755 ], [ 653777.683854363509454, 6340153.809622580185533 ], [ 653778.268445952911861, 6340154.597853091545403 ], [ 653778.772962473332882, 6340155.439588054083288 ], [ 653779.192545155063272, 6340156.326721098273993 ], [ 653779.220986542291939, 6340156.406209450215101 ], [ 653780.106215521460399, 6340156.82489157654345 ], [ 653780.947950483416207, 6340157.329408097080886 ], [ 653781.736180994892493, 6340157.913999686017632 ], [ 653782.463315965142101, 6340158.573036408051848 ], [ 653783.122352686827071, 6340159.300171378068626 ], [ 653783.706944276229478, 6340160.088401889428496 ], [ 653784.211460796650499, 6340160.930136851966381 ], [ 653784.631043478380889, 6340161.817269896157086 ], [ 653784.65948486526031, 6340161.896758247166872 ], [ 653785.544713844894432, 6340162.315440373495221 ], [ 653786.38644880685024, 6340162.819956894032657 ], [ 653787.174679318326525, 6340163.404548482969403 ], [ 653787.901814288576134, 6340164.063585205003619 ], [ 653788.560851010261104, 6340164.790720175020397 ], [ 653789.145442599663511, 6340165.578950686380267 ], [ 653789.649959120084532, 6340166.420685648918152 ], [ 653790.069541801814921, 6340167.307818693108857 ], [ 653790.097983189043589, 6340167.387307045049965 ], [ 653790.983212168212049, 6340167.805989171378314 ], [ 653791.824947130167857, 6340168.310505691915751 ], [ 653792.613177641644143, 6340168.895097280852497 ], [ 653793.340312611893751, 6340169.554134002886713 ], [ 653793.999349333578721, 6340170.28126897290349 ], [ 653794.583940922981128, 6340171.069499484263361 ], [ 653795.088457443402149, 6340171.911234446801245 ], [ 653795.508040125132538, 6340172.79836749099195 ], [ 653795.53648151201196, 6340172.877855842001736 ], [ 653796.421710491529666, 6340173.296537968330085 ], [ 653797.263445453485474, 6340173.801054488867521 ], [ 653798.05167596496176, 6340174.385646077804267 ], [ 653798.778810935211368, 6340175.044682799838483 ], [ 653799.437847656896338, 6340175.771817769855261 ], [ 653800.022439246298745, 6340176.560048281215131 ], [ 653800.526955766719766, 6340177.401783243753016 ], [ 653800.946538448450156, 6340178.288916287943721 ], [ 653800.974979835678823, 6340178.36840463988483 ], [ 653801.860208814963698, 6340178.787086766213179 ], [ 653802.584739770041779, 6340179.221353908069432 ], [ 653802.584739770041779, 6340165.644104219973087 ], [ 653808.023238093475811, 6340165.644104219973087 ], [ 653808.023238093475811, 6340171.134653016924858 ], [ 653813.461736416793428, 6340171.134653016924858 ], [ 653813.461736416793428, 6340176.625201814807951 ], [ 653818.900234740111046, 6340176.625201814807951 ], [ 653818.900234740111046, 6340201.183549096807837 ], [ 653819.017438746988773, 6340201.25379847548902 ], [ 653819.805669258465059, 6340201.838390064425766 ], [ 653820.532804228714667, 6340202.497426786459982 ], [ 653821.191840950399637, 6340203.22456175647676 ], [ 653821.776432539802045, 6340204.01279226783663 ], [ 653822.280949060223065, 6340204.854527230374515 ], [ 653822.700531741953455, 6340205.74166027456522 ], [ 653823.031139774131589, 6340206.66564782615751 ], [ 653823.269589220872149, 6340207.61759137827903 ], [ 653823.413583683548495, 6340208.588323195464909 ], [ 653823.461736416793428, 6340209.568494598381221 ], [ 653823.461736416793428, 6340211.658268648199737 ], [ 653823.614202108350582, 6340211.730379549786448 ], [ 653824.455937070306391, 6340212.234896070323884 ], [ 653825.244167581782676, 6340212.819487659260631 ], [ 653825.971302552032284, 6340213.478524381294847 ], [ 653826.630339273717254, 6340214.205659351311624 ], [ 653827.214930863119662, 6340214.993889862671494 ], [ 653827.719447383540682, 6340215.835624825209379 ], [ 653828.139030065271072, 6340216.722757869400084 ], [ 653828.469638097449206, 6340217.646745420992374 ], [ 653828.708087544189766, 6340218.598688973113894 ], [ 653828.852082006866112, 6340219.569420790299773 ], [ 653828.900234740111046, 6340220.549592193216085 ], [ 653828.900234740111046, 6340222.639366243034601 ], [ 653829.052700431784615, 6340222.711477144621313 ], [ 653829.894435393740423, 6340223.215993665158749 ], [ 653830.682665905216709, 6340223.800585254095495 ], [ 653831.409800875466317, 6340224.459621976129711 ], [ 653832.068837597151287, 6340225.186756946146488 ], [ 653832.653429186553694, 6340225.974987457506359 ], [ 653833.157945706974715, 6340226.816722420044243 ], [ 653833.577528388705105, 6340227.703855464234948 ], [ 653833.908136420883238, 6340228.627843015827239 ], [ 653834.146585867623799, 6340229.579786567948759 ], [ 653834.290580330300145, 6340230.550518385134637 ], [ 653834.338733063545078, 6340231.53068978805095 ], [ 653834.338733063545078, 6340232.511787382885814 ], [ 653835.215729710296728, 6340232.511787382885814 ], [ 653836.195901113562286, 6340232.559940116479993 ], [ 653837.166632930515334, 6340232.703934579156339 ], [ 653838.118576482869685, 6340232.942384026013315 ], [ 653839.042564033996314, 6340233.272992057725787 ], [ 653839.929697078536265, 6340233.692574739456177 ], [ 653840.771432040492073, 6340234.197091259993613 ], [ 653841.559662551968358, 6340234.781682848930359 ], [ 653842.286797522217967, 6340235.440719570964575 ], [ 653842.945834243902937, 6340236.167854540981352 ], [ 653843.530425833305344, 6340236.956085052341223 ], [ 653844.034942353726365, 6340237.797820014879107 ], [ 653844.454525035456754, 6340238.684953059069812 ], [ 653844.785133067634888, 6340239.608940610662103 ], [ 653845.023582514375448, 6340240.560884162783623 ], [ 653845.167576977051795, 6340241.531615979969501 ], [ 653845.215729710296728, 6340242.511787382885814 ], [ 653845.215729710296728, 6340244.601561432704329 ], [ 653845.368195401853882, 6340244.673672334291041 ], [ 653846.20993036380969, 6340245.178188854828477 ], [ 653846.998160875285976, 6340245.762780443765223 ], [ 653847.725295845535584, 6340246.421817165799439 ], [ 653848.384332567220554, 6340247.148952135816216 ], [ 653848.968924156622961, 6340247.937182647176087 ], [ 653849.473440677043982, 6340248.778917609713972 ], [ 653849.893023358774371, 6340249.666050653904676 ], [ 653850.223631390952505, 6340250.590038205496967 ], [ 653850.462080837693065, 6340251.541981757618487 ], [ 653850.606075300369412, 6340252.512713574804366 ], [ 653850.654228033614345, 6340253.492884977720678 ], [ 653850.654228033614345, 6340255.582659027539194 ], [ 653850.806693725171499, 6340255.654769929125905 ], [ 653851.648428687127307, 6340256.159286449663341 ], [ 653852.436659198603593, 6340256.743878038600087 ], [ 653853.163794168853201, 6340257.402914760634303 ], [ 653853.822830890538171, 6340258.130049730651081 ], [ 653854.407422479940578, 6340258.918280242010951 ], [ 653854.911939000361599, 6340259.760015204548836 ], [ 653855.331521682091989, 6340260.647148248739541 ], [ 653855.662129714270122, 6340261.571135800331831 ], [ 653855.900579161010683, 6340262.523079352453351 ], [ 653856.044573623687029, 6340263.49381116963923 ], [ 653856.092726356931962, 6340264.473982572555542 ], [ 653856.092726356931962, 6340266.563756622374058 ], [ 653856.245192048605531, 6340266.635867523960769 ], [ 653857.08692701056134, 6340267.140384044498205 ], [ 653857.875157522037625, 6340267.724975633434951 ], [ 653858.602292492287233, 6340268.384012355469167 ], [ 653859.261329213972203, 6340269.111147325485945 ], [ 653859.845920803374611, 6340269.899377836845815 ], [ 653860.350437323795632, 6340270.7411127993837 ], [ 653860.770020005526021, 6340271.628245843574405 ], [ 653860.798461392405443, 6340271.707734194584191 ], [ 653861.683690371923149, 6340272.12641632091254 ], [ 653862.525425333878957, 6340272.630932841449976 ], [ 653863.313655845355242, 6340273.215524430386722 ], [ 653864.040790815604851, 6340273.874561152420938 ], [ 653864.699827537289821, 6340274.601696122437716 ], [ 653865.284419126692228, 6340275.389926633797586 ], [ 653865.788935647113249, 6340276.231661596335471 ], [ 653866.208518328843638, 6340277.118794640526175 ], [ 653866.539126361021772, 6340278.042782192118466 ], [ 653866.777575807762332, 6340278.994725744239986 ], [ 653866.921570270438679, 6340279.965457561425865 ], [ 653866.969723003683612, 6340280.945628964342177 ], [ 653866.969723003683612, 6340283.035403014160693 ], [ 653867.122188695357181, 6340283.107513915747404 ], [ 653867.963923657312989, 6340283.61203043628484 ], [ 653868.752154168789275, 6340284.196622025221586 ], [ 653869.479289139038883, 6340284.855658747255802 ], [ 653870.138325860723853, 6340285.58279371727258 ], [ 653870.722917450126261, 6340286.37102422863245 ], [ 653871.227433970547281, 6340287.212759191170335 ], [ 653871.647016652277671, 6340288.09989223536104 ], [ 653871.675458039506339, 6340288.179380587302148 ], [ 653872.560687018674798, 6340288.598062713630497 ], [ 653873.402421980630606, 6340289.102579234167933 ], [ 653874.190652492106892, 6340289.68717082310468 ], [ 653874.9177874623565, 6340290.346207545138896 ], [ 653875.57682418404147, 6340291.073342515155673 ], [ 653876.161415773443878, 6340291.861573026515543 ], [ 653876.665932293864898, 6340292.703307989053428 ], [ 653877.085514975595288, 6340293.590441033244133 ], [ 653877.11395636247471, 6340293.669929384253919 ], [ 653877.999185341992415, 6340294.088611510582268 ], [ 653878.840920303948224, 6340294.593128031119704 ], [ 653879.629150815424509, 6340295.17771962005645 ], [ 653880.356285785674118, 6340295.836756342090666 ], [ 653881.015322507359087, 6340296.563891312107444 ], [ 653881.599914096761495, 6340297.352121823467314 ], [ 653882.104430617182516, 6340298.193856786005199 ], [ 653882.524013298912905, 6340299.080989830195904 ], [ 653882.552454686141573, 6340299.160478182137012 ], [ 653883.437683665426448, 6340299.579160308465362 ], [ 653884.279418627382256, 6340300.083676829002798 ], [ 653885.067649138858542, 6340300.668268417939544 ], [ 653885.79478410910815, 6340301.32730513997376 ], [ 653886.45382083079312, 6340302.054440109990537 ], [ 653887.038412420195527, 6340302.842670621350408 ], [ 653887.542928940616548, 6340303.684405583888292 ], [ 653887.962511622346938, 6340304.571538628078997 ], [ 653888.293119654525071, 6340305.495526179671288 ], [ 653888.531569101265632, 6340306.447469731792808 ], [ 653888.675563563941978, 6340307.418201548978686 ], [ 653888.723716297186911, 6340308.398372951894999 ], [ 653888.723716297186911, 6340315.978695798665285 ], [ 653888.876181988744065, 6340316.050806700251997 ], [ 653889.717916950699873, 6340316.555323220789433 ], [ 653890.506147462176159, 6340317.139914809726179 ], [ 653891.233282432425767, 6340317.798951531760395 ], [ 653891.892319154110737, 6340318.526086501777172 ], [ 653892.476910743513145, 6340319.314317013137043 ], [ 653892.981427263934165, 6340320.156051975674927 ], [ 653893.401009945664555, 6340321.043185019865632 ], [ 653893.731617977842689, 6340321.967172571457922 ], [ 653893.970067424583249, 6340322.919116123579443 ], [ 653894.114061887259595, 6340323.889847940765321 ], [ 653894.162214620504528, 6340324.870019343681633 ], [ 653895.039211267256178, 6340324.870019343681633 ] ], [ [ 653780.830746476654895, 6340143.681909030303359 ], [ 653775.392248153220862, 6340143.681909030303359 ], [ 653775.392248153220862, 6340138.191360232420266 ], [ 653780.830746476654895, 6340138.191360232420266 ], [ 653780.830746476654895, 6340143.681909030303359 ] ] ], [ [ [ 653519.782826955080964, 6339924.059957135468721 ], [ 653511.821079633198678, 6339924.059957135468721 ], [ 653512.286544628441334, 6339924.836538564413786 ], [ 653512.706127310171723, 6339925.723671608604491 ], [ 653512.734568697400391, 6339925.803159960545599 ], [ 653513.619797676685266, 6339926.221842086873949 ], [ 653514.461532638641074, 6339926.726358607411385 ], [ 653515.24976315011736, 6339927.310950196348131 ], [ 653515.976898120366968, 6339927.969986918382347 ], [ 653516.635934842051938, 6339928.697121888399124 ], [ 653517.220526431454346, 6339929.485352399758995 ], [ 653517.725042951875366, 6339930.327087362296879 ], [ 653517.821771894115955, 6339930.531603527255356 ], [ 653519.782826955080964, 6339930.531603527255356 ], [ 653519.782826955080964, 6339924.059957135468721 ] ] ], [ [ [ 653383.820368870976381, 6339869.154469161294401 ], [ 653375.858621548512019, 6339869.154469161294401 ], [ 653376.324086544336751, 6339869.931050591170788 ], [ 653376.420815486577339, 6339870.135566756129265 ], [ 653383.820368870976381, 6339870.135566756129265 ], [ 653383.820368870976381, 6339869.154469161294401 ] ] ], [ [ [ 653367.504873900907114, 6339863.66392036434263 ], [ 653359.543126579024829, 6339863.66392036434263 ], [ 653360.008591574267484, 6339864.440501793287694 ], [ 653360.105320516857319, 6339864.645017959177494 ], [ 653367.504873900907114, 6339864.645017959177494 ], [ 653367.504873900907114, 6339863.66392036434263 ] ] ], [ [ [ 653356.627877254155464, 6339858.173371566459537 ], [ 653354.10462825500872, 6339858.173371566459537 ], [ 653354.570093250833452, 6339858.949952996335924 ], [ 653354.989675932563841, 6339859.837086040526628 ], [ 653355.018117319443263, 6339859.916574391536415 ], [ 653355.903346299077384, 6339860.335256517864764 ], [ 653356.627877254155464, 6339860.769523659721017 ], [ 653356.627877254155464, 6339858.173371566459537 ] ] ], [ [ [ 653334.87388396076858, 6339852.682822769507766 ], [ 653332.350634962203912, 6339852.682822769507766 ], [ 653332.816099957446568, 6339853.45940419845283 ], [ 653332.912828900036402, 6339853.66392036434263 ], [ 653334.87388396076858, 6339853.66392036434263 ], [ 653334.87388396076858, 6339852.682822769507766 ] ] ], [ [ [ 653329.435385637334548, 6339847.192273971624672 ], [ 653316.035139991552569, 6339847.192273971624672 ], [ 653316.500604987377301, 6339847.96885540150106 ], [ 653316.597333929617889, 6339848.173371566459537 ], [ 653323.996887314016931, 6339848.173371566459537 ], [ 653324.977058717282489, 6339848.221524300053716 ], [ 653325.947790534235537, 6339848.365518762730062 ], [ 653326.899734086589888, 6339848.603968209587038 ], [ 653327.823721637716517, 6339848.93457624129951 ], [ 653328.710854682256468, 6339849.3541589230299 ], [ 653329.435385637334548, 6339849.788426064886153 ], [ 653329.435385637334548, 6339847.192273971624672 ] ] ], [ [ [ 653313.119890667265281, 6339841.701725174672902 ], [ 653305.158143345382996, 6339841.701725174672902 ], [ 653305.623608340625651, 6339842.478306603617966 ], [ 653305.720337283215486, 6339842.682822769507766 ], [ 653307.681392343947664, 6339842.682822769507766 ], [ 653308.661563747213222, 6339842.730975503101945 ], [ 653309.63229556416627, 6339842.874969965778291 ], [ 653310.584239116520621, 6339843.113419412635267 ], [ 653311.50822666764725, 6339843.444027444347739 ], [ 653312.395359712187201, 6339843.863610126078129 ], [ 653313.119890667265281, 6339844.297877267934382 ], [ 653313.119890667265281, 6339841.701725174672902 ] ] ], [ [ [ 652040.511283, 6339892.097761945798993 ], [ 652058.787833031150512, 6339892.097761945798993 ], [ 652058.884561973391101, 6339891.893245780840516 ], [ 652059.350026968983002, 6339891.116664351895452 ], [ 652058.884561973391101, 6339890.340082922019064 ], [ 652058.464979291660711, 6339889.45294987782836 ], [ 652058.436537904432043, 6339889.373461525887251 ], [ 652057.551308925263584, 6339888.954779399558902 ], [ 652056.709573963307776, 6339888.450262879021466 ], [ 652055.92134345183149, 6339887.86567129008472 ], [ 652055.194208481581882, 6339887.206634568050504 ], [ 652054.535171759896912, 6339886.479499598033726 ], [ 652053.950580170494504, 6339885.691269086673856 ], [ 652053.446063650073484, 6339884.849534124135971 ], [ 652053.026480968343094, 6339883.962401079945266 ], [ 652052.69587293616496, 6339883.038413528352976 ], [ 652052.4574234894244, 6339882.086469976231456 ], [ 652052.313429026748054, 6339881.115738159045577 ], [ 652052.265276293503121, 6339880.135566756129265 ], [ 652052.265276293503121, 6339879.154469161294401 ], [ 652040.511283, 6339879.154469161294401 ], [ 652040.511283, 6339892.097761945798993 ] ] ], [ [ [ 652105.773262880393304, 6339978.96544510871172 ], [ 652094.896266233641654, 6339978.96544510871172 ], [ 652094.896266233641654, 6339984.455993906594813 ], [ 652084.019269586890005, 6339984.455993906594813 ], [ 652084.019269586890005, 6339995.437091501429677 ], [ 652078.580771263572387, 6339995.437091501429677 ], [ 652078.580771263572387, 6340033.87093308288604 ], [ 652105.773262880393304, 6340033.87093308288604 ], [ 652105.773262880393304, 6340039.361481879837811 ], [ 652138.404252820531838, 6340039.361481879837811 ], [ 652138.404252820531838, 6340028.380384285002947 ], [ 652143.84275114396587, 6340028.380384285002947 ], [ 652143.84275114396587, 6340017.399286691099405 ], [ 652149.281249467283487, 6340017.399286691099405 ], [ 652149.281249467283487, 6340011.908737893216312 ], [ 652154.719747790601104, 6340011.908737893216312 ], [ 652154.719747790601104, 6339987.350390609353781 ], [ 652154.602543783839792, 6339987.28014123160392 ], [ 652153.814313272363506, 6339986.695549642667174 ], [ 652153.087178302113898, 6339986.036512920632958 ], [ 652152.428141580428928, 6339985.309377950616181 ], [ 652151.843549991026521, 6339984.52114743925631 ], [ 652151.3390334706055, 6339983.679412476718426 ], [ 652150.91945078887511, 6339982.792279432527721 ], [ 652150.891009401995689, 6339982.712791081517935 ], [ 652150.005780422361568, 6339982.294108955189586 ], [ 652149.16404546040576, 6339981.78959243465215 ], [ 652148.375814948929474, 6339981.205000845715404 ], [ 652147.648679978679866, 6339980.545964123681188 ], [ 652146.989643256994896, 6339979.81882915366441 ], [ 652146.405051667592488, 6339979.03059864230454 ], [ 652145.900535147171468, 6339978.188863679766655 ], [ 652145.803806204581633, 6339977.984347513876855 ], [ 652105.773262880393304, 6339977.984347513876855 ], [ 652105.773262880393304, 6339978.96544510871172 ] ] ], [ [ [ 652214.54322934767697, 6339995.437091501429677 ], [ 652230.858724317746237, 6339995.437091501429677 ], [ 652230.858724317746237, 6340000.927640298381448 ], [ 652231.735720964497887, 6340000.927640298381448 ], [ 652231.735720964497887, 6339988.96544510871172 ], [ 652218.020672610262409, 6339988.96544510871172 ], [ 652217.923943667672575, 6339989.169961274601519 ], [ 652217.419427147251554, 6339990.011696237139404 ], [ 652216.834835557849146, 6339990.799926748499274 ], [ 652216.175798836164176, 6339991.527061718516052 ], [ 652215.448663865914568, 6339992.186098440550268 ], [ 652214.660433354438283, 6339992.770690029487014 ], [ 652214.54322934767697, 6339992.840939407236874 ], [ 652214.54322934767697, 6339995.437091501429677 ] ] ], [ [ [ 652383.136677371920086, 6340072.304774664342403 ], [ 652410.329168988741003, 6340072.304774664342403 ], [ 652410.329168988741003, 6340055.833128272555768 ], [ 652411.206165635492653, 6340055.833128272555768 ], [ 652411.206165635492653, 6340038.380384285002947 ], [ 652409.452172342105769, 6340038.380384285002947 ], [ 652409.452172342105769, 6340055.833128272555768 ], [ 652409.404019608860835, 6340056.813299675472081 ], [ 652409.260025146184489, 6340057.784031492657959 ], [ 652409.021575699443929, 6340058.73597504477948 ], [ 652408.690967667265795, 6340059.65996259637177 ], [ 652408.271384985535406, 6340060.547095640562475 ], [ 652407.766868465114385, 6340061.388830603100359 ], [ 652407.182276875711977, 6340062.17706111446023 ], [ 652406.523240154027008, 6340062.904196084477007 ], [ 652405.796105183777399, 6340063.563232806511223 ], [ 652405.007874672301114, 6340064.147824395447969 ], [ 652404.166139710345306, 6340064.652340915985405 ], [ 652403.279006665805355, 6340065.071923597715795 ], [ 652402.355019114678726, 6340065.402531629428267 ], [ 652401.403075562324375, 6340065.640981076285243 ], [ 652400.432343745371327, 6340065.784975538961589 ], [ 652399.452172342105769, 6340065.833128272555768 ], [ 652397.491117281024344, 6340065.833128272555768 ], [ 652397.394388338783756, 6340066.037644437514246 ], [ 652396.889871818362735, 6340066.87937940005213 ], [ 652396.305280228960328, 6340067.667609911412001 ], [ 652395.646243507275358, 6340068.394744881428778 ], [ 652394.91910853702575, 6340069.053781603462994 ], [ 652394.130878025549464, 6340069.63837319239974 ], [ 652393.289143063593656, 6340070.142889712937176 ], [ 652392.402010019053705, 6340070.562472394667566 ], [ 652391.478022467927076, 6340070.893080426380038 ], [ 652390.526078915572725, 6340071.131529873237014 ], [ 652389.555347098619677, 6340071.27552433591336 ], [ 652388.575175695354119, 6340071.323677069507539 ], [ 652383.136677371920086, 6340071.323677069507539 ], [ 652383.136677371920086, 6340072.304774664342403 ] ] ], [ [ [ 652502.783640485955402, 6340061.323677069507539 ], [ 652497.345142162637785, 6340061.323677069507539 ], [ 652497.345142162637785, 6340066.814225867390633 ], [ 652481.029647192568518, 6340066.814225867390633 ], [ 652481.029647192568518, 6340094.266969854012132 ], [ 652546.291627072845586, 6340094.266969854012132 ], [ 652546.291627072845586, 6340061.323677069507539 ], [ 652540.853128749527968, 6340061.323677069507539 ], [ 652540.853128749527968, 6340055.833128272555768 ], [ 652557.168623719597235, 6340055.833128272555768 ], [ 652557.168623719597235, 6340038.380384285002947 ], [ 652556.291627072845586, 6340038.380384285002947 ], [ 652556.291627072845586, 6340044.852030677720904 ], [ 652556.243474339600652, 6340045.832202080637217 ], [ 652556.099479876924306, 6340046.802933897823095 ], [ 652555.861030430183746, 6340047.754877449944615 ], [ 652555.530422398005612, 6340048.678865001536906 ], [ 652555.110839716275223, 6340049.565998045727611 ], [ 652554.606323195854202, 6340050.407733008265495 ], [ 652554.021731606451795, 6340051.195963519625366 ], [ 652553.362694884766825, 6340051.923098489642143 ], [ 652552.635559914517216, 6340052.582135211676359 ], [ 652551.847329403040931, 6340053.166726800613105 ], [ 652551.005594441085123, 6340053.671243321150541 ], [ 652550.118461396545172, 6340054.090826002880931 ], [ 652549.194473845418543, 6340054.421434034593403 ], [ 652548.242530293064192, 6340054.659883481450379 ], [ 652547.271798476111144, 6340054.803877944126725 ], [ 652546.291627072845586, 6340054.852030677720904 ], [ 652522.576578718377277, 6340054.852030677720904 ], [ 652522.479849776136689, 6340055.056546842679381 ], [ 652521.975333255715668, 6340055.898281805217266 ], [ 652521.390741666313261, 6340056.686512316577137 ], [ 652520.731704944628291, 6340057.413647286593914 ], [ 652520.004569974378683, 6340058.07268400862813 ], [ 652519.216339462902397, 6340058.657275597564876 ], [ 652518.374604500946589, 6340059.161792118102312 ], [ 652517.487471456406638, 6340059.581374799832702 ], [ 652516.563483905280009, 6340059.911982831545174 ], [ 652515.611540352925658, 6340060.15043227840215 ], [ 652514.64080853597261, 6340060.294426741078496 ], [ 652513.660637132707052, 6340060.342579474672675 ], [ 652502.783640485955402, 6340060.342579474672675 ], [ 652502.783640485955402, 6340061.323677069507539 ] ] ], [ [ [ 652725.762071743956767, 6340017.399286691099405 ], [ 652752.954563360777684, 6340017.399286691099405 ], [ 652752.954563360777684, 6340009.312585799023509 ], [ 652752.230032405583188, 6340009.746852941811085 ], [ 652751.342899361043237, 6340010.166435623541474 ], [ 652750.418911809916608, 6340010.497043655253947 ], [ 652749.466968257562257, 6340010.735493102110922 ], [ 652748.496236440609209, 6340010.879487564787269 ], [ 652747.516065037343651, 6340010.927640298381448 ], [ 652725.762071743956767, 6340010.927640298381448 ], [ 652725.762071743956767, 6340017.399286691099405 ] ] ], [ [ [ 652763.831560007412918, 6340011.908737893216312 ], [ 652769.27005833084695, 6340011.908737893216312 ], [ 652769.27005833084695, 6340039.361481879837811 ], [ 652796.462549947667867, 6340039.361481879837811 ], [ 652796.462549947667867, 6340022.889835488051176 ], [ 652801.901048270985484, 6340022.889835488051176 ], [ 652801.901048270985484, 6339999.946542703546584 ], [ 652778.185999916866422, 6339999.946542703546584 ], [ 652778.089270974276587, 6340000.151058869436383 ], [ 652777.584754453855567, 6340000.992793831974268 ], [ 652777.000162864453159, 6340001.781024343334138 ], [ 652776.341126142768189, 6340002.508159313350916 ], [ 652775.613991172518581, 6340003.167196035385132 ], [ 652774.825760661042295, 6340003.751787624321878 ], [ 652773.984025699086487, 6340004.256304144859314 ], [ 652773.096892654546537, 6340004.675886826589704 ], [ 652772.172905103419907, 6340005.006494858302176 ], [ 652771.220961551065557, 6340005.244944305159152 ], [ 652770.250229734112509, 6340005.388938767835498 ], [ 652769.27005833084695, 6340005.437091501429677 ], [ 652763.831560007412918, 6340005.437091501429677 ], [ 652763.831560007412918, 6340011.908737893216312 ] ] ], [ [ [ 652916.109513061703183, 6339984.455993906594813 ], [ 652916.109513061703183, 6339978.96544510871172 ], [ 652943.302004678524099, 6339978.96544510871172 ], [ 652943.302004678524099, 6339977.984347513876855 ], [ 652886.955966384150088, 6339977.984347513876855 ], [ 652886.859237441560254, 6339978.188863679766655 ], [ 652886.354720921139233, 6339979.03059864230454 ], [ 652885.770129331736825, 6339979.81882915366441 ], [ 652885.111092610051855, 6339980.545964123681188 ], [ 652884.383957639802247, 6339981.205000845715404 ], [ 652883.595727128325962, 6339981.78959243465215 ], [ 652882.753992166370153, 6339982.294108955189586 ], [ 652881.868763186736032, 6339982.712791081517935 ], [ 652881.840321799856611, 6339982.792279432527721 ], [ 652881.420739118126221, 6339983.679412476718426 ], [ 652880.955274122301489, 6339984.455993906594813 ], [ 652916.109513061703183, 6339984.455993906594813 ] ] ], [ [ [ 652975.932994618662633, 6339984.455993906594813 ], [ 653014.002482882235199, 6339984.455993906594813 ], [ 653014.002482882235199, 6339978.96544510871172 ], [ 653019.440981205552816, 6339978.96544510871172 ], [ 653019.440981205552816, 6339972.493798716925085 ], [ 652979.410437881015241, 6339972.493798716925085 ], [ 652979.313708938774653, 6339972.698314881883562 ], [ 652978.809192418353632, 6339973.540049844421446 ], [ 652978.224600828951225, 6339974.328280355781317 ], [ 652977.565564107266255, 6339975.055415325798094 ], [ 652976.838429137016647, 6339975.71445204783231 ], [ 652976.050198625540361, 6339976.299043636769056 ], [ 652975.932994618662633, 6339976.369293015450239 ], [ 652975.932994618662633, 6339984.455993906594813 ] ] ], [ [ [ 653030.317977852304466, 6339978.96544510871172 ], [ 653073.825964439194649, 6339978.96544510871172 ], [ 653073.825964439194649, 6339973.474896311759949 ], [ 653090.141459409380332, 6339973.474896311759949 ], [ 653090.141459409380332, 6339972.493798716925085 ], [ 653030.317977852304466, 6339972.493798716925085 ], [ 653030.317977852304466, 6339978.96544510871172 ] ] ], [ [ [ 653155.403439289657399, 6339978.96544510871172 ], [ 653160.841937613091432, 6339978.96544510871172 ], [ 653160.841937613091432, 6339995.437091501429677 ], [ 653198.911425876663998, 6339995.437091501429677 ], [ 653198.911425876663998, 6339992.840939408168197 ], [ 653198.79422186978627, 6339992.770690029487014 ], [ 653198.005991358309984, 6339992.186098440550268 ], [ 653197.278856388060376, 6339991.527061718516052 ], [ 653196.619819666375406, 6339990.799926748499274 ], [ 653196.035228076972999, 6339990.011696237139404 ], [ 653195.530711556551978, 6339989.169961274601519 ], [ 653195.433982613962144, 6339988.96544510871172 ], [ 653193.472927553229965, 6339988.96544510871172 ], [ 653192.492756149964407, 6339988.91729237511754 ], [ 653191.522024333011359, 6339988.773297912441194 ], [ 653190.570080780657008, 6339988.534848465584219 ], [ 653189.646093229530379, 6339988.204240433871746 ], [ 653188.758960184990428, 6339987.784657752141356 ], [ 653187.91722522303462, 6339987.28014123160392 ], [ 653187.128994711558335, 6339986.695549642667174 ], [ 653186.401859741308726, 6339986.036512920632958 ], [ 653185.742823019623756, 6339985.309377950616181 ], [ 653185.158231430221349, 6339984.52114743925631 ], [ 653184.653714909800328, 6339983.679412476718426 ], [ 653184.234132228069939, 6339982.792279432527721 ], [ 653184.205690841190517, 6339982.712791081517935 ], [ 653183.320461861672811, 6339982.294108955189586 ], [ 653182.478726899717003, 6339981.78959243465215 ], [ 653181.690496388240717, 6339981.205000845715404 ], [ 653180.963361417991109, 6339980.545964123681188 ], [ 653180.304324696306139, 6339979.81882915366441 ], [ 653179.719733106903732, 6339979.03059864230454 ], [ 653179.215216586482711, 6339978.188863679766655 ], [ 653179.118487643892877, 6339977.984347513876855 ], [ 653155.403439289657399, 6339977.984347513876855 ], [ 653155.403439289657399, 6339978.96544510871172 ] ] ], [ [ [ 653574.167810188722797, 6339962.493798716925085 ], [ 653573.290813542087562, 6339962.493798716925085 ], [ 653573.290813542087562, 6339963.474896311759949 ], [ 653574.167810188722797, 6339963.474896311759949 ], [ 653574.167810188722797, 6339962.493798716925085 ] ] ], [ [ [ 653498.02883366169408, 6340780.585569525137544 ], [ 653498.02883366169408, 6340781.566667119972408 ], [ 653505.428387046093121, 6340781.566667119972408 ], [ 653505.52511598833371, 6340781.362150955013931 ], [ 653505.990580984158441, 6340780.585569525137544 ], [ 653498.02883366169408, 6340780.585569525137544 ] ] ], [ [ [ 653487.15183701494243, 6340786.076118323020637 ], [ 653487.15183701494243, 6340787.057215917855501 ], [ 653489.112892075674608, 6340787.057215917855501 ], [ 653489.209621018264443, 6340786.852699751965702 ], [ 653489.675086013507098, 6340786.076118323020637 ], [ 653487.15183701494243, 6340786.076118323020637 ] ] ], [ [ [ 653644.868288392550312, 6340577.435264023020864 ], [ 653644.868288392550312, 6340574.839111928828061 ], [ 653644.143757437355816, 6340575.273379071615636 ], [ 653643.991291745798662, 6340575.345489973202348 ], [ 653643.991291745798662, 6340577.435264023020864 ], [ 653644.868288392550312, 6340577.435264023020864 ] ] ], [ [ [ 653765.392248153220862, 6340423.699897696264088 ], [ 653765.392248153220862, 6340421.610123646445572 ], [ 653765.239782461663708, 6340421.538012744858861 ], [ 653764.515251506469212, 6340421.103745602071285 ], [ 653764.515251506469212, 6340423.699897696264088 ], [ 653765.392248153220862, 6340423.699897696264088 ] ] ], [ [ [ 653644.868288392550312, 6340280.945628964342177 ], [ 653667.499278332688846, 6340280.945628964342177 ], [ 653667.499278332688846, 6340278.855854914523661 ], [ 653667.346812641131692, 6340278.78374401293695 ], [ 653666.505077679175884, 6340278.279227492399514 ], [ 653665.716847167699598, 6340277.694635903462768 ], [ 653664.98971219744999, 6340277.035599181428552 ], [ 653664.33067547576502, 6340276.308464211411774 ], [ 653663.746083886362612, 6340275.520233700051904 ], [ 653663.241567365941592, 6340274.678498737514019 ], [ 653662.821984684211202, 6340273.791365693323314 ], [ 653662.79354329733178, 6340273.711877342313528 ], [ 653661.908314317697659, 6340273.293195215985179 ], [ 653661.066579355741851, 6340272.788678695447743 ], [ 653660.278348844265565, 6340272.204087106510997 ], [ 653659.551213874015957, 6340271.545050384476781 ], [ 653658.892177152330987, 6340270.817915414460003 ], [ 653658.30758556292858, 6340270.029684903100133 ], [ 653657.803069042507559, 6340269.187949940562248 ], [ 653657.383486360777169, 6340268.300816896371543 ], [ 653657.355044973548502, 6340268.221328544430435 ], [ 653656.469815994380042, 6340267.802646418102086 ], [ 653655.628081032424234, 6340267.29812989756465 ], [ 653654.839850520947948, 6340266.713538308627903 ], [ 653654.11271555069834, 6340266.054501586593688 ], [ 653653.45367882901337, 6340265.32736661657691 ], [ 653652.869087239610963, 6340264.53913610521704 ], [ 653652.364570719189942, 6340263.697401142679155 ], [ 653651.944988037459552, 6340262.81026809848845 ], [ 653651.916546650580131, 6340262.730779747478664 ], [ 653651.031317670946009, 6340262.312097621150315 ], [ 653650.189582708990201, 6340261.807581100612879 ], [ 653649.401352197513916, 6340261.222989511676133 ], [ 653648.674217227264307, 6340260.563952789641917 ], [ 653648.015180505579337, 6340259.836817819625139 ], [ 653647.43058891617693, 6340259.048587308265269 ], [ 653646.926072395755909, 6340258.206852345727384 ], [ 653646.50648971402552, 6340257.319719301536679 ], [ 653646.478048327146098, 6340257.240230950526893 ], [ 653645.592819347628392, 6340256.821548824198544 ], [ 653644.868288392550312, 6340256.387281682342291 ], [ 653644.868288392550312, 6340280.945628964342177 ] ] ], [ [ [ 653536.098321925266646, 6340209.568494598381221 ], [ 653533.575072926119901, 6340209.568494598381221 ], [ 653534.040537921944633, 6340210.345076028257608 ], [ 653534.460120603675023, 6340211.232209072448313 ], [ 653534.488561990554444, 6340211.311697423458099 ], [ 653535.37379097007215, 6340211.730379549786448 ], [ 653536.098321925266646, 6340212.164646692574024 ], [ 653536.098321925266646, 6340209.568494598381221 ] ] ], [ [ [ 653530.659823601832613, 6340204.077945801429451 ], [ 653528.136574603267945, 6340204.077945801429451 ], [ 653528.602039598510601, 6340204.854527230374515 ], [ 653529.02162228024099, 6340205.74166027456522 ], [ 653529.050063667469658, 6340205.821148626506329 ], [ 653529.935292646754533, 6340206.239830752834678 ], [ 653530.659823601832613, 6340206.674097894690931 ], [ 653530.659823601832613, 6340204.077945801429451 ] ] ], [ [ [ 653525.221325278514996, 6340198.587397003546357 ], [ 653522.698076279368252, 6340198.587397003546357 ], [ 653523.163541275192983, 6340199.363978433422744 ], [ 653523.583123956923373, 6340200.251111477613449 ], [ 653523.611565343802795, 6340200.330599828623235 ], [ 653524.496794323320501, 6340200.749281954951584 ], [ 653525.221325278514996, 6340201.18354909773916 ], [ 653525.221325278514996, 6340198.587397003546357 ] ] ], [ [ [ 653813.461736416793428, 6340193.096848206594586 ], [ 653810.93848741822876, 6340193.096848206594586 ], [ 653811.403952413471416, 6340193.873429635539651 ], [ 653811.823535095201805, 6340194.760562679730356 ], [ 653811.851976482430473, 6340194.840051031671464 ], [ 653812.737205461715348, 6340195.258733157999814 ], [ 653813.461736416793428, 6340195.693000299856067 ], [ 653813.461736416793428, 6340193.096848206594586 ] ] ], [ [ [ 653808.023238093475811, 6340187.606299409642816 ], [ 653807.146241446724162, 6340187.606299409642816 ], [ 653807.146241446724162, 6340189.696073458530009 ], [ 653807.298707138281316, 6340189.76818436011672 ], [ 653808.023238093475811, 6340190.202451502904296 ], [ 653808.023238093475811, 6340187.606299409642816 ] ] ], [ [ [ 653530.659823601832613, 6340116.22916504368186 ], [ 653531.536820248584263, 6340116.22916504368186 ], [ 653531.536820248584263, 6340115.248067448846996 ], [ 653530.659823601832613, 6340115.248067448846996 ], [ 653530.659823601832613, 6340116.22916504368186 ] ] ], [ [ [ 653508.905830308445729, 6340105.248067448846996 ], [ 653511.429079307476059, 6340105.248067448846996 ], [ 653510.963614311651327, 6340104.471486018970609 ], [ 653510.866885369410738, 6340104.266969854012132 ], [ 653508.905830308445729, 6340104.266969854012132 ], [ 653508.905830308445729, 6340105.248067448846996 ] ] ], [ [ [ 654123.45614084857516, 6340846.472155094146729 ], [ 654123.45614084857516, 6340813.528862309642136 ], [ 654079.948154261684977, 6340813.528862309642136 ], [ 654079.948154261684977, 6340840.981606296263635 ], [ 654085.386652585002594, 6340840.981606296263635 ], [ 654085.386652585002594, 6340846.472155094146729 ], [ 654123.45614084857516, 6340846.472155094146729 ] ] ], [ [ [ 654879.407407796243206, 6338315.32915950473398 ], [ 654879.407407796243206, 6338342.781903491355479 ], [ 654906.599899413064122, 6338342.781903491355479 ], [ 654906.599899413064122, 6338315.32915950473398 ], [ 654879.407407796243206, 6338315.32915950473398 ] ] ], [ [ [ 654629.236484921420924, 6338414.159037857316434 ], [ 654629.236484921420924, 6338408.668489060364664 ], [ 654618.359488274669275, 6338408.668489060364664 ], [ 654618.359488274669275, 6338403.17794026248157 ], [ 654580.290000011213124, 6338403.17794026248157 ], [ 654580.290000011213124, 6338426.121233046986163 ], [ 654581.270171414478682, 6338426.169385780580342 ], [ 654582.24090323143173, 6338426.313380243256688 ], [ 654583.192846783786081, 6338426.551829690113664 ], [ 654584.11683433491271, 6338426.882437721826136 ], [ 654585.003967379452661, 6338427.302020403556526 ], [ 654585.845702341408469, 6338427.806536924093962 ], [ 654586.633932852884755, 6338428.391128513030708 ], [ 654587.361067823134363, 6338429.050165235064924 ], [ 654588.020104544819333, 6338429.777300205081701 ], [ 654588.60469613422174, 6338430.565530716441572 ], [ 654588.643747659400105, 6338430.630684250034392 ], [ 654596.605494981282391, 6338430.630684250034392 ], [ 654596.605494981282391, 6338431.611781844869256 ], [ 654618.359488274669275, 6338431.611781844869256 ], [ 654619.339659677934833, 6338431.659934578463435 ], [ 654620.310391494887881, 6338431.803929041139781 ], [ 654621.262335047242232, 6338432.042378487996757 ], [ 654622.186322598368861, 6338432.372986519709229 ], [ 654623.073455642908812, 6338432.792569201439619 ], [ 654623.91519060486462, 6338433.297085721977055 ], [ 654624.703421116340905, 6338433.881677310913801 ], [ 654625.430556086590514, 6338434.540714032948017 ], [ 654626.089592808275484, 6338435.267849002964795 ], [ 654626.674184397677891, 6338436.056079514324665 ], [ 654627.178700918098912, 6338436.89781447686255 ], [ 654627.598283599829301, 6338437.784947521053255 ], [ 654627.928891632007435, 6338438.708935072645545 ], [ 654628.167341078747995, 6338439.660878624767065 ], [ 654628.311335541424341, 6338440.631610441952944 ], [ 654628.359488274669275, 6338441.611781844869256 ], [ 654628.359488274669275, 6338442.592879438772798 ], [ 654634.674983244854957, 6338442.592879438772798 ], [ 654635.655154648120515, 6338442.641032172366977 ], [ 654636.625886465073563, 6338442.785026635043323 ], [ 654637.577830017427914, 6338443.023476081900299 ], [ 654638.501817568554543, 6338443.354084113612771 ], [ 654639.388950613094494, 6338443.773666795343161 ], [ 654640.113481568172574, 6338444.207933937199414 ], [ 654640.113481568172574, 6338414.159037857316434 ], [ 654629.236484921420924, 6338414.159037857316434 ] ] ], [ [ [ 654917.476896059815772, 6338430.630684250034392 ], [ 654917.476896059815772, 6338425.140135452151299 ], [ 654912.038397736381739, 6338425.140135452151299 ], [ 654912.038397736381739, 6338419.649586655199528 ], [ 654906.599899413064122, 6338419.649586655199528 ], [ 654906.599899413064122, 6338414.159037857316434 ], [ 654901.16140108963009, 6338414.159037857316434 ], [ 654901.16140108963009, 6338408.668489060364664 ], [ 654873.968909472809173, 6338408.668489060364664 ], [ 654873.968909472809173, 6338474.555074628442526 ], [ 654879.407407796243206, 6338474.555074628442526 ], [ 654879.407407796243206, 6338491.026721021160483 ], [ 654873.968909472809173, 6338491.026721021160483 ], [ 654873.968909472809173, 6338502.007818615995347 ], [ 654846.776417855988257, 6338502.007818615995347 ], [ 654846.776417855988257, 6338524.951111399568617 ], [ 654847.756589259253815, 6338524.999264133162796 ], [ 654848.727321076206863, 6338525.143258595839143 ], [ 654849.679264628561214, 6338525.381708042696118 ], [ 654850.603252179687843, 6338525.712316074408591 ], [ 654851.490385224227794, 6338526.13189875613898 ], [ 654852.332120186183602, 6338526.636415276676416 ], [ 654853.120350697659887, 6338527.221006865613163 ], [ 654853.847485667909496, 6338527.880043587647378 ], [ 654854.506522389594465, 6338528.607178557664156 ], [ 654855.091113978996873, 6338529.395409069024026 ], [ 654855.595630499417894, 6338530.237144031561911 ], [ 654855.692359442007728, 6338530.441660197451711 ], [ 654884.845906119560823, 6338530.441660197451711 ], [ 654885.826077522826381, 6338530.48981293104589 ], [ 654886.796809339779429, 6338530.633807393722236 ], [ 654887.74875289213378, 6338530.872256840579212 ], [ 654888.672740443260409, 6338531.202864872291684 ], [ 654889.55987348780036, 6338531.622447554022074 ], [ 654890.401608449756168, 6338532.12696407455951 ], [ 654891.189838961232454, 6338532.711555663496256 ], [ 654891.916973931482062, 6338533.370592385530472 ], [ 654892.576010653167032, 6338534.097727355547249 ], [ 654893.160602242569439, 6338534.88595786690712 ], [ 654893.66511876299046, 6338535.727692829445004 ], [ 654893.761847705231048, 6338535.932208994403481 ], [ 654917.476896059815772, 6338535.932208994403481 ], [ 654918.45706746308133, 6338535.980361727997661 ], [ 654919.427799280034378, 6338536.124356190674007 ], [ 654920.379742832388729, 6338536.362805637530982 ], [ 654921.303730383515358, 6338536.693413669243455 ], [ 654922.190863428055309, 6338537.112996350973845 ], [ 654923.032598390011117, 6338537.617512871511281 ], [ 654923.820828901487403, 6338538.202104460448027 ], [ 654924.547963871737011, 6338538.861141182482243 ], [ 654925.207000593421981, 6338539.58827615249902 ], [ 654925.791592182824388, 6338540.376506663858891 ], [ 654926.296108703245409, 6338541.218241626396775 ], [ 654926.392837645835243, 6338541.422757792286575 ], [ 654950.107885999954306, 6338541.422757792286575 ], [ 654950.107885999954306, 6338474.555074628442526 ], [ 654922.915394383133389, 6338474.555074628442526 ], [ 654922.915394383133389, 6338469.064525831490755 ], [ 654950.107885999954306, 6338469.064525831490755 ], [ 654950.107885999954306, 6338441.611781844869256 ], [ 654939.230889353202656, 6338441.611781844869256 ], [ 654939.230889353202656, 6338436.121233046986163 ], [ 654922.915394383133389, 6338436.121233046986163 ], [ 654922.915394383133389, 6338430.630684250034392 ], [ 654917.476896059815772, 6338430.630684250034392 ] ], [ [ 654917.476896059815772, 6338469.064525831490755 ], [ 654917.476896059815772, 6338463.573977033607662 ], [ 654922.915394383133389, 6338463.573977033607662 ], [ 654922.915394383133389, 6338469.064525831490755 ], [ 654917.476896059815772, 6338469.064525831490755 ] ] ], [ [ [ 654765.198943005525507, 6338480.045623426325619 ], [ 654765.198943005525507, 6338485.53617222327739 ], [ 654759.76044468220789, 6338485.53617222327739 ], [ 654759.76044468220789, 6338492.007818615995347 ], [ 654760.740616085473448, 6338492.055971349589527 ], [ 654761.711347902426496, 6338492.199965812265873 ], [ 654762.663291454780847, 6338492.438415259122849 ], [ 654763.587279005907476, 6338492.769023290835321 ], [ 654764.474412050447427, 6338493.188605972565711 ], [ 654765.316147012403235, 6338493.693122493103147 ], [ 654766.104377523879521, 6338494.277714082039893 ], [ 654766.831512494129129, 6338494.936750804074109 ], [ 654767.490549215814099, 6338495.663885774090886 ], [ 654768.075140805216506, 6338496.452116285450757 ], [ 654768.579657325637527, 6338497.293851247988641 ], [ 654768.999240007367916, 6338498.180984292179346 ], [ 654769.32984803954605, 6338499.104971843771636 ], [ 654769.56829748628661, 6338500.056915395893157 ], [ 654769.712291948962957, 6338501.027647213079035 ], [ 654769.76044468220789, 6338502.007818615995347 ], [ 654769.76044468220789, 6338504.097592664882541 ], [ 654769.912910373765044, 6338504.169703566469252 ], [ 654770.754645335720852, 6338504.674220087006688 ], [ 654771.542875847197138, 6338505.258811675943434 ], [ 654772.270010817446746, 6338505.91784839797765 ], [ 654772.929047539131716, 6338506.644983367994428 ], [ 654773.513639128534123, 6338507.433213879354298 ], [ 654774.018155648955144, 6338508.274948841892183 ], [ 654774.114884591544978, 6338508.479465007781982 ], [ 654781.514437975711189, 6338508.479465007781982 ], [ 654782.494609378976747, 6338508.527617741376162 ], [ 654783.465341195929796, 6338508.671612204052508 ], [ 654784.417284748284146, 6338508.910061650909483 ], [ 654785.341272299410775, 6338509.240669682621956 ], [ 654786.228405343950726, 6338509.660252364352345 ], [ 654787.070140305906534, 6338510.164768884889781 ], [ 654787.85837081738282, 6338510.749360473826528 ], [ 654788.585505787632428, 6338511.408397195860744 ], [ 654789.244542509317398, 6338512.135532165877521 ], [ 654789.829134098719805, 6338512.923762677237391 ], [ 654790.333650619140826, 6338513.765497639775276 ], [ 654790.430379561381415, 6338513.970013804733753 ], [ 654814.145427915849723, 6338513.970013804733753 ], [ 654815.125599319115281, 6338514.018166538327932 ], [ 654816.096331136068329, 6338514.162161001004279 ], [ 654817.04827468842268, 6338514.400610447861254 ], [ 654817.972262239549309, 6338514.731218479573727 ], [ 654818.85939528408926, 6338515.150801161304116 ], [ 654819.701130246045068, 6338515.655317681841552 ], [ 654820.489360757521354, 6338516.239909270778298 ], [ 654821.216495727770962, 6338516.898945992812514 ], [ 654821.875532449455932, 6338517.626080962829292 ], [ 654822.460124038858339, 6338518.414311474189162 ], [ 654822.96464055927936, 6338519.256046436727047 ], [ 654823.061369501869194, 6338519.460562602616847 ], [ 654830.46092288591899, 6338519.460562602616847 ], [ 654830.46092288591899, 6338491.026721021160483 ], [ 654808.706929592532106, 6338491.026721021160483 ], [ 654808.706929592532106, 6338485.53617222327739 ], [ 654803.268431269098073, 6338485.53617222327739 ], [ 654803.268431269098073, 6338480.045623426325619 ], [ 654765.198943005525507, 6338480.045623426325619 ] ] ], [ [ [ 654536.782013424206525, 6338897.327332026325166 ], [ 654509.589521807385609, 6338897.327332026325166 ], [ 654509.589521807385609, 6338930.270624810829759 ], [ 654515.028020130819641, 6338930.270624810829759 ], [ 654515.028020130819641, 6338935.761173607781529 ], [ 654520.466518454137258, 6338935.761173607781529 ], [ 654520.466518454137258, 6338941.251722405664623 ], [ 654547.659010070958175, 6338941.251722405664623 ], [ 654547.659010070958175, 6338913.798978418111801 ], [ 654542.220511747640558, 6338913.798978418111801 ], [ 654542.220511747640558, 6338908.30842962116003 ], [ 654536.782013424206525, 6338908.30842962116003 ], [ 654536.782013424206525, 6338897.327332026325166 ] ] ], [ [ [ 654884.845906119560823, 6339331.080687019042671 ], [ 654884.845906119560823, 6339325.590138221159577 ], [ 654863.091912826173939, 6339325.590138221159577 ], [ 654863.091912826173939, 6339320.099589424207807 ], [ 654868.530411149491556, 6339320.099589424207807 ], [ 654868.530411149491556, 6339314.609040627256036 ], [ 654890.284404442994855, 6339314.609040627256036 ], [ 654890.284404442994855, 6339303.627943032421172 ], [ 654895.722902766312473, 6339303.627943032421172 ], [ 654895.722902766312473, 6339270.684650247916579 ], [ 654890.284404442994855, 6339270.684650247916579 ], [ 654890.284404442994855, 6339259.703552653081715 ], [ 654884.845906119560823, 6339259.703552653081715 ], [ 654884.845906119560823, 6339254.213003856129944 ], [ 654873.968909472809173, 6339254.213003856129944 ], [ 654873.968909472809173, 6339248.722455058246851 ], [ 654857.653414502739906, 6339248.722455058246851 ], [ 654857.653414502739906, 6339243.23190626129508 ], [ 654852.214916179422289, 6339243.23190626129508 ], [ 654852.214916179422289, 6339237.741357463411987 ], [ 654846.776417855988257, 6339237.741357463411987 ], [ 654846.776417855988257, 6339232.250808666460216 ], [ 654819.58392623916734, 6339232.250808666460216 ], [ 654819.58392623916734, 6339237.741357463411987 ], [ 654808.706929592532106, 6339237.741357463411987 ], [ 654808.706929592532106, 6339243.23190626129508 ], [ 654803.268431269098073, 6339243.23190626129508 ], [ 654803.268431269098073, 6339254.213003856129944 ], [ 654797.829932945780456, 6339254.213003856129944 ], [ 654797.829932945780456, 6339287.156296639703214 ], [ 654803.268431269098073, 6339287.156296639703214 ], [ 654803.268431269098073, 6339292.646845437586308 ], [ 654808.706929592532106, 6339292.646845437586308 ], [ 654808.706929592532106, 6339298.137394234538078 ], [ 654819.58392623916734, 6339298.137394234538078 ], [ 654819.58392623916734, 6339303.627943032421172 ], [ 654825.022424562601373, 6339303.627943032421172 ], [ 654825.022424562601373, 6339320.099589424207807 ], [ 654819.58392623916734, 6339320.099589424207807 ], [ 654819.58392623916734, 6339325.590138221159577 ], [ 654797.829932945780456, 6339325.590138221159577 ], [ 654797.829932945780456, 6339331.080687019042671 ], [ 654786.952936299028806, 6339331.080687019042671 ], [ 654786.952936299028806, 6339358.53343100566417 ], [ 654803.268431269098073, 6339358.53343100566417 ], [ 654803.268431269098073, 6339369.514528600499034 ], [ 654814.145427915849723, 6339369.514528600499034 ], [ 654814.145427915849723, 6339375.005077398382127 ], [ 654852.214916179422289, 6339375.005077398382127 ], [ 654852.214916179422289, 6339369.514528600499034 ], [ 654884.845906119560823, 6339369.514528600499034 ], [ 654884.845906119560823, 6339364.023979803547263 ], [ 654890.284404442994855, 6339364.023979803547263 ], [ 654890.284404442994855, 6339331.080687019042671 ], [ 654884.845906119560823, 6339331.080687019042671 ] ] ], [ [ [ 654335.557575459824875, 6339462.853858156129718 ], [ 654335.557575459824875, 6339457.363309358246624 ], [ 654340.996073783142492, 6339457.363309358246624 ], [ 654340.996073783142492, 6339429.910565371625125 ], [ 654346.434572106460109, 6339429.910565371625125 ], [ 654346.434572106460109, 6339418.929467776790261 ], [ 654351.873070429894142, 6339418.929467776790261 ], [ 654351.873070429894142, 6339380.495626195333898 ], [ 654302.926585519569926, 6339380.495626195333898 ], [ 654302.926585519569926, 6339385.986174992285669 ], [ 654297.488087196252309, 6339385.986174992285669 ], [ 654297.488087196252309, 6339391.476723790168762 ], [ 654286.611090549500659, 6339391.476723790168762 ], [ 654286.611090549500659, 6339396.967272587120533 ], [ 654275.734093902749009, 6339396.967272587120533 ], [ 654275.734093902749009, 6339402.457821385003626 ], [ 654259.418598932679743, 6339402.457821385003626 ], [ 654259.418598932679743, 6339407.948370181955397 ], [ 654253.980100609362125, 6339407.948370181955397 ], [ 654253.980100609362125, 6339413.43891897983849 ], [ 654248.541602285928093, 6339413.43891897983849 ], [ 654248.541602285928093, 6339429.910565371625125 ], [ 654210.472114022355527, 6339429.910565371625125 ], [ 654210.472114022355527, 6339435.401114169508219 ], [ 654199.595117375720292, 6339435.401114169508219 ], [ 654199.595117375720292, 6339479.325504547916353 ], [ 654237.664605639176443, 6339479.325504547916353 ], [ 654237.664605639176443, 6339468.344406953081489 ], [ 654248.541602285928093, 6339468.344406953081489 ], [ 654248.541602285928093, 6339479.325504547916353 ], [ 654330.119077136390842, 6339479.325504547916353 ], [ 654330.119077136390842, 6339462.853858156129718 ], [ 654335.557575459824875, 6339462.853858156129718 ] ] ], [ [ [ 654346.434572106460109, 6339556.193187710829079 ], [ 654308.365083843003958, 6339556.193187710829079 ], [ 654308.365083843003958, 6339567.174285305663943 ], [ 654302.926585519569926, 6339567.174285305663943 ], [ 654302.926585519569926, 6339600.117578090168536 ], [ 654313.803582166321576, 6339600.117578090168536 ], [ 654313.803582166321576, 6339611.0986756850034 ], [ 654319.242080489639193, 6339611.0986756850034 ], [ 654319.242080489639193, 6339616.589224481955171 ], [ 654357.311568753211759, 6339616.589224481955171 ], [ 654357.311568753211759, 6339578.155382900498807 ], [ 654351.873070429894142, 6339578.155382900498807 ], [ 654351.873070429894142, 6339572.664834103547037 ], [ 654346.434572106460109, 6339572.664834103547037 ], [ 654346.434572106460109, 6339556.193187710829079 ] ] ], [ [ [ 654797.829932945780456, 6339666.004163659177721 ], [ 654797.829932945780456, 6339660.513614861294627 ], [ 654786.952936299028806, 6339660.513614861294627 ], [ 654786.952936299028806, 6339655.023066064342856 ], [ 654770.63744132895954, 6339655.023066064342856 ], [ 654770.63744132895954, 6339649.532517266459763 ], [ 654759.76044468220789, 6339649.532517266459763 ], [ 654759.76044468220789, 6339644.041968469507992 ], [ 654754.321946358890273, 6339644.041968469507992 ], [ 654754.321946358890273, 6339638.551419671624899 ], [ 654721.690956418635324, 6339638.551419671624899 ], [ 654721.690956418635324, 6339649.532517266459763 ], [ 654716.252458095317706, 6339649.532517266459763 ], [ 654716.252458095317706, 6339660.513614861294627 ], [ 654710.813959771883674, 6339660.513614861294627 ], [ 654710.813959771883674, 6339666.004163659177721 ], [ 654705.375461448566057, 6339666.004163659177721 ], [ 654705.375461448566057, 6339698.94745644275099 ], [ 654710.813959771883674, 6339698.94745644275099 ], [ 654710.813959771883674, 6339704.438005240634084 ], [ 654738.00645138870459, 6339704.438005240634084 ], [ 654738.00645138870459, 6339698.94745644275099 ], [ 654808.706929592532106, 6339698.94745644275099 ], [ 654808.706929592532106, 6339671.494712456129491 ], [ 654803.268431269098073, 6339671.494712456129491 ], [ 654803.268431269098073, 6339666.004163659177721 ], [ 654797.829932945780456, 6339666.004163659177721 ] ] ], [ [ [ 654928.353892706451006, 6339693.45690764579922 ], [ 654928.353892706451006, 6339731.890749227255583 ], [ 654950.107885999954306, 6339731.890749227255583 ], [ 654950.107885999954306, 6339693.45690764579922 ], [ 654928.353892706451006, 6339693.45690764579922 ] ] ], [ [ [ 654678.18296983174514, 6339764.834042011760175 ], [ 654672.744471508427523, 6339764.834042011760175 ], [ 654672.744471508427523, 6339753.852944416925311 ], [ 654667.305973184993491, 6339753.852944416925311 ], [ 654667.305973184993491, 6339720.909651632420719 ], [ 654661.867474861675873, 6339720.909651632420719 ], [ 654661.867474861675873, 6339715.419102835468948 ], [ 654656.428976538241841, 6339715.419102835468948 ], [ 654656.428976538241841, 6339709.928554037585855 ], [ 654650.990478214924224, 6339709.928554037585855 ], [ 654650.990478214924224, 6339693.45690764579922 ], [ 654618.359488274669275, 6339693.45690764579922 ], [ 654618.359488274669275, 6339742.871846822090447 ], [ 654623.797986598103307, 6339742.871846822090447 ], [ 654623.797986598103307, 6339748.362395619042218 ], [ 654629.236484921420924, 6339748.362395619042218 ], [ 654629.236484921420924, 6339753.852944416925311 ], [ 654623.797986598103307, 6339753.852944416925311 ], [ 654623.797986598103307, 6339759.343493213877082 ], [ 654612.920989951351658, 6339759.343493213877082 ], [ 654612.920989951351658, 6339786.796237200498581 ], [ 654618.359488274669275, 6339786.796237200498581 ], [ 654618.359488274669275, 6339792.286785998381674 ], [ 654629.236484921420924, 6339792.286785998381674 ], [ 654629.236484921420924, 6339797.777334795333445 ], [ 654634.674983244854957, 6339797.777334795333445 ], [ 654634.674983244854957, 6339803.267883593216538 ], [ 654640.113481568172574, 6339803.267883593216538 ], [ 654640.113481568172574, 6339814.248981188051403 ], [ 654645.551979891490191, 6339814.248981188051403 ], [ 654645.551979891490191, 6339819.739529985003173 ], [ 654672.744471508427523, 6339819.739529985003173 ], [ 654672.744471508427523, 6339814.248981188051403 ], [ 654683.621468155062757, 6339814.248981188051403 ], [ 654683.621468155062757, 6339781.30568840354681 ], [ 654678.18296983174514, 6339781.30568840354681 ], [ 654678.18296983174514, 6339764.834042011760175 ] ] ], [ [ [ 654738.00645138870459, 6339825.230078782886267 ], [ 654738.00645138870459, 6339830.720627579838037 ], [ 654732.567953065386973, 6339830.720627579838037 ], [ 654732.567953065386973, 6339836.211176377721131 ], [ 654727.129454742069356, 6339836.211176377721131 ], [ 654727.129454742069356, 6339869.154469161294401 ], [ 654759.76044468220789, 6339869.154469161294401 ], [ 654759.76044468220789, 6339863.66392036434263 ], [ 654781.514437975711189, 6339863.66392036434263 ], [ 654781.514437975711189, 6339836.211176377721131 ], [ 654776.075939652277157, 6339836.211176377721131 ], [ 654776.075939652277157, 6339825.230078782886267 ], [ 654738.00645138870459, 6339825.230078782886267 ] ] ], [ [ [ 654884.845906119560823, 6340127.210262638516724 ], [ 654884.845906119560823, 6340116.22916504368186 ], [ 654895.722902766312473, 6340116.22916504368186 ], [ 654895.722902766312473, 6340088.776421056129038 ], [ 654890.284404442994855, 6340088.776421056129038 ], [ 654890.284404442994855, 6340083.285872259177268 ], [ 654841.337919532670639, 6340083.285872259177268 ], [ 654841.337919532670639, 6340088.776421056129038 ], [ 654830.46092288591899, 6340088.776421056129038 ], [ 654830.46092288591899, 6340094.266969854012132 ], [ 654814.145427915849723, 6340094.266969854012132 ], [ 654814.145427915849723, 6340127.210262638516724 ], [ 654819.58392623916734, 6340127.210262638516724 ], [ 654819.58392623916734, 6340138.191360232420266 ], [ 654830.46092288591899, 6340138.191360232420266 ], [ 654830.46092288591899, 6340154.663006625138223 ], [ 654857.653414502739906, 6340154.663006625138223 ], [ 654857.653414502739906, 6340138.191360232420266 ], [ 654863.091912826173939, 6340138.191360232420266 ], [ 654863.091912826173939, 6340132.700811435468495 ], [ 654879.407407796243206, 6340132.700811435468495 ], [ 654879.407407796243206, 6340127.210262638516724 ], [ 654884.845906119560823, 6340127.210262638516724 ] ] ], [ [ [ 654912.038397736381739, 6340165.644104219973087 ], [ 654912.038397736381739, 6340176.625201814807951 ], [ 654917.476896059815772, 6340176.625201814807951 ], [ 654917.476896059815772, 6340182.115750611759722 ], [ 654922.915394383133389, 6340182.115750611759722 ], [ 654922.915394383133389, 6340187.606299409642816 ], [ 654928.353892706451006, 6340187.606299409642816 ], [ 654928.353892706451006, 6340193.096848206594586 ], [ 654950.107885999954306, 6340193.096848206594586 ], [ 654950.107885999954306, 6340132.700811435468495 ], [ 654933.792391029885039, 6340132.700811435468495 ], [ 654933.792391029885039, 6340127.210262638516724 ], [ 654906.599899413064122, 6340127.210262638516724 ], [ 654906.599899413064122, 6340165.644104219973087 ], [ 654912.038397736381739, 6340165.644104219973087 ] ] ], [ [ [ 654607.48249162803404, 6340456.643190480768681 ], [ 654607.48249162803404, 6340451.152641682885587 ], [ 654574.851501687779091, 6340451.152641682885587 ], [ 654574.851501687779091, 6340445.662092885933816 ], [ 654542.220511747640558, 6340445.662092885933816 ], [ 654542.220511747640558, 6340451.152641682885587 ], [ 654536.782013424206525, 6340451.152641682885587 ], [ 654536.782013424206525, 6340445.662092885933816 ], [ 654509.589521807385609, 6340445.662092885933816 ], [ 654509.589521807385609, 6340451.152641682885587 ], [ 654504.151023484067991, 6340451.152641682885587 ], [ 654504.151023484067991, 6340456.643190480768681 ], [ 654482.397030190564692, 6340456.643190480768681 ], [ 654482.397030190564692, 6340495.077032062225044 ], [ 654515.028020130819641, 6340495.077032062225044 ], [ 654515.028020130819641, 6340500.567580859176815 ], [ 654520.466518454137258, 6340500.567580859176815 ], [ 654520.466518454137258, 6340522.529776048846543 ], [ 654547.659010070958175, 6340522.529776048846543 ], [ 654547.659010070958175, 6340500.567580859176815 ], [ 654607.48249162803404, 6340500.567580859176815 ], [ 654607.48249162803404, 6340495.077032062225044 ], [ 654612.920989951351658, 6340495.077032062225044 ], [ 654612.920989951351658, 6340456.643190480768681 ], [ 654607.48249162803404, 6340456.643190480768681 ] ] ], [ [ [ 654411.696551986853592, 6340544.491971238516271 ], [ 654411.696551986853592, 6340539.0014224415645 ], [ 654406.258053663535975, 6340539.0014224415645 ], [ 654406.258053663535975, 6340533.510873643681407 ], [ 654389.942558693466708, 6340533.510873643681407 ], [ 654389.942558693466708, 6340528.020324846729636 ], [ 654384.504060370032676, 6340528.020324846729636 ], [ 654384.504060370032676, 6340500.567580859176815 ], [ 654379.065562046715058, 6340500.567580859176815 ], [ 654379.065562046715058, 6340495.077032062225044 ], [ 654373.627063723281026, 6340495.077032062225044 ], [ 654373.627063723281026, 6340489.58648326434195 ], [ 654368.188565399963409, 6340489.58648326434195 ], [ 654368.188565399963409, 6340478.605385670438409 ], [ 654335.557575459824875, 6340478.605385670438409 ], [ 654335.557575459824875, 6340511.548678454011679 ], [ 654340.996073783142492, 6340511.548678454011679 ], [ 654340.996073783142492, 6340517.039227251894772 ], [ 654346.434572106460109, 6340517.039227251894772 ], [ 654346.434572106460109, 6340522.529776048846543 ], [ 654351.873070429894142, 6340522.529776048846543 ], [ 654351.873070429894142, 6340539.0014224415645 ], [ 654362.750067076645792, 6340539.0014224415645 ], [ 654362.750067076645792, 6340555.473068833351135 ], [ 654373.627063723281026, 6340555.473068833351135 ], [ 654373.627063723281026, 6340566.454166428185999 ], [ 654384.504060370032676, 6340566.454166428185999 ], [ 654384.504060370032676, 6340577.435264023020864 ], [ 654389.942558693466708, 6340577.435264023020864 ], [ 654389.942558693466708, 6340588.416361617855728 ], [ 654400.819555340101942, 6340588.416361617855728 ], [ 654400.819555340101942, 6340599.397459212690592 ], [ 654406.258053663535975, 6340599.397459212690592 ], [ 654406.258053663535975, 6340626.850203199312091 ], [ 654422.573548633605242, 6340626.850203199312091 ], [ 654422.573548633605242, 6340632.340751996263862 ], [ 654449.766040250426158, 6340632.340751996263862 ], [ 654449.766040250426158, 6340626.850203199312091 ], [ 654455.204538573743775, 6340626.850203199312091 ], [ 654455.204538573743775, 6340588.416361617855728 ], [ 654449.766040250426158, 6340588.416361617855728 ], [ 654449.766040250426158, 6340582.925812819972634 ], [ 654444.327541927108541, 6340582.925812819972634 ], [ 654444.327541927108541, 6340571.94471522513777 ], [ 654438.889043603674509, 6340571.94471522513777 ], [ 654438.889043603674509, 6340560.963617630302906 ], [ 654433.450545280356891, 6340560.963617630302906 ], [ 654433.450545280356891, 6340555.473068833351135 ], [ 654422.573548633605242, 6340555.473068833351135 ], [ 654422.573548633605242, 6340549.982520035468042 ], [ 654417.135050310287625, 6340549.982520035468042 ], [ 654417.135050310287625, 6340544.491971238516271 ], [ 654411.696551986853592, 6340544.491971238516271 ] ] ], [ [ [ 654466.081535220495425, 6340604.888008009642363 ], [ 654466.081535220495425, 6340610.378556806594133 ], [ 654471.520033543929458, 6340610.378556806594133 ], [ 654471.520033543929458, 6340615.869105604477227 ], [ 654476.958531867247075, 6340615.869105604477227 ], [ 654476.958531867247075, 6340621.359654401428998 ], [ 654482.397030190564692, 6340621.359654401428998 ], [ 654482.397030190564692, 6340632.340751996263862 ], [ 654487.835528513998725, 6340632.340751996263862 ], [ 654487.835528513998725, 6340637.831300794146955 ], [ 654553.097508394392207, 6340637.831300794146955 ], [ 654553.097508394392207, 6340643.321849591098726 ], [ 654515.028020130819641, 6340643.321849591098726 ], [ 654515.028020130819641, 6340670.774593577720225 ], [ 654553.097508394392207, 6340670.774593577720225 ], [ 654553.097508394392207, 6340676.265142375603318 ], [ 654607.48249162803404, 6340676.265142375603318 ], [ 654607.48249162803404, 6340670.774593577720225 ], [ 654618.359488274669275, 6340670.774593577720225 ], [ 654618.359488274669275, 6340665.284044780768454 ], [ 654629.236484921420924, 6340665.284044780768454 ], [ 654629.236484921420924, 6340659.793495982885361 ], [ 654634.674983244854957, 6340659.793495982885361 ], [ 654634.674983244854957, 6340654.30294718593359 ], [ 654645.551979891490191, 6340654.30294718593359 ], [ 654645.551979891490191, 6340648.812398388981819 ], [ 654656.428976538241841, 6340648.812398388981819 ], [ 654656.428976538241841, 6340643.321849591098726 ], [ 654699.93696312524844, 6340643.321849591098726 ], [ 654699.93696312524844, 6340637.831300794146955 ], [ 654710.813959771883674, 6340637.831300794146955 ], [ 654710.813959771883674, 6340632.340751996263862 ], [ 654732.567953065386973, 6340632.340751996263862 ], [ 654732.567953065386973, 6340626.850203199312091 ], [ 654738.00645138870459, 6340626.850203199312091 ], [ 654738.00645138870459, 6340610.378556806594133 ], [ 654743.444949712138623, 6340610.378556806594133 ], [ 654743.444949712138623, 6340615.869105604477227 ], [ 654776.075939652277157, 6340615.869105604477227 ], [ 654776.075939652277157, 6340610.378556806594133 ], [ 654797.829932945780456, 6340610.378556806594133 ], [ 654797.829932945780456, 6340604.888008009642363 ], [ 654808.706929592532106, 6340604.888008009642363 ], [ 654808.706929592532106, 6340599.397459212690592 ], [ 654814.145427915849723, 6340599.397459212690592 ], [ 654814.145427915849723, 6340588.416361617855728 ], [ 654819.58392623916734, 6340588.416361617855728 ], [ 654819.58392623916734, 6340582.925812819972634 ], [ 654830.46092288591899, 6340582.925812819972634 ], [ 654830.46092288591899, 6340577.435264023020864 ], [ 654857.653414502739906, 6340577.435264023020864 ], [ 654857.653414502739906, 6340571.94471522513777 ], [ 654863.091912826173939, 6340571.94471522513777 ], [ 654863.091912826173939, 6340566.454166428185999 ], [ 654868.530411149491556, 6340566.454166428185999 ], [ 654868.530411149491556, 6340560.963617630302906 ], [ 654873.968909472809173, 6340560.963617630302906 ], [ 654873.968909472809173, 6340555.473068833351135 ], [ 654879.407407796243206, 6340555.473068833351135 ], [ 654879.407407796243206, 6340549.982520035468042 ], [ 654890.284404442994855, 6340549.982520035468042 ], [ 654890.284404442994855, 6340544.491971238516271 ], [ 654906.599899413064122, 6340544.491971238516271 ], [ 654906.599899413064122, 6340528.020324846729636 ], [ 654912.038397736381739, 6340528.020324846729636 ], [ 654912.038397736381739, 6340522.529776048846543 ], [ 654917.476896059815772, 6340522.529776048846543 ], [ 654917.476896059815772, 6340489.58648326434195 ], [ 654912.038397736381739, 6340489.58648326434195 ], [ 654912.038397736381739, 6340478.605385670438409 ], [ 654906.599899413064122, 6340478.605385670438409 ], [ 654906.599899413064122, 6340473.114836872555315 ], [ 654873.968909472809173, 6340473.114836872555315 ], [ 654873.968909472809173, 6340478.605385670438409 ], [ 654868.530411149491556, 6340478.605385670438409 ], [ 654868.530411149491556, 6340484.09593446739018 ], [ 654863.091912826173939, 6340484.09593446739018 ], [ 654863.091912826173939, 6340489.58648326434195 ], [ 654846.776417855988257, 6340489.58648326434195 ], [ 654846.776417855988257, 6340495.077032062225044 ], [ 654841.337919532670639, 6340495.077032062225044 ], [ 654841.337919532670639, 6340511.548678454011679 ], [ 654835.899421209353022, 6340511.548678454011679 ], [ 654835.899421209353022, 6340517.039227251894772 ], [ 654830.46092288591899, 6340517.039227251894772 ], [ 654830.46092288591899, 6340522.529776048846543 ], [ 654814.145427915849723, 6340522.529776048846543 ], [ 654814.145427915849723, 6340528.020324846729636 ], [ 654803.268431269098073, 6340528.020324846729636 ], [ 654803.268431269098073, 6340533.510873643681407 ], [ 654792.391434622346424, 6340533.510873643681407 ], [ 654792.391434622346424, 6340539.0014224415645 ], [ 654781.514437975711189, 6340539.0014224415645 ], [ 654781.514437975711189, 6340544.491971238516271 ], [ 654765.198943005525507, 6340544.491971238516271 ], [ 654765.198943005525507, 6340549.982520035468042 ], [ 654754.321946358890273, 6340549.982520035468042 ], [ 654754.321946358890273, 6340555.473068833351135 ], [ 654738.00645138870459, 6340555.473068833351135 ], [ 654738.00645138870459, 6340560.963617630302906 ], [ 654732.567953065386973, 6340560.963617630302906 ], [ 654732.567953065386973, 6340577.435264023020864 ], [ 654721.690956418635324, 6340577.435264023020864 ], [ 654721.690956418635324, 6340582.925812819972634 ], [ 654710.813959771883674, 6340582.925812819972634 ], [ 654710.813959771883674, 6340577.435264023020864 ], [ 654705.375461448566057, 6340577.435264023020864 ], [ 654705.375461448566057, 6340566.454166428185999 ], [ 654656.428976538241841, 6340566.454166428185999 ], [ 654656.428976538241841, 6340571.94471522513777 ], [ 654650.990478214924224, 6340571.94471522513777 ], [ 654650.990478214924224, 6340577.435264023020864 ], [ 654645.551979891490191, 6340577.435264023020864 ], [ 654645.551979891490191, 6340582.925812819972634 ], [ 654634.674983244854957, 6340582.925812819972634 ], [ 654634.674983244854957, 6340588.416361617855728 ], [ 654629.236484921420924, 6340588.416361617855728 ], [ 654629.236484921420924, 6340593.906910414807498 ], [ 654525.905016777571291, 6340593.906910414807498 ], [ 654525.905016777571291, 6340599.397459212690592 ], [ 654515.028020130819641, 6340599.397459212690592 ], [ 654515.028020130819641, 6340593.906910414807498 ], [ 654509.589521807385609, 6340593.906910414807498 ], [ 654509.589521807385609, 6340588.416361617855728 ], [ 654504.151023484067991, 6340588.416361617855728 ], [ 654504.151023484067991, 6340582.925812819972634 ], [ 654498.712525160750374, 6340582.925812819972634 ], [ 654498.712525160750374, 6340577.435264023020864 ], [ 654493.274026837316342, 6340577.435264023020864 ], [ 654493.274026837316342, 6340566.454166428185999 ], [ 654487.835528513998725, 6340566.454166428185999 ], [ 654487.835528513998725, 6340549.982520035468042 ], [ 654482.397030190564692, 6340549.982520035468042 ], [ 654482.397030190564692, 6340539.0014224415645 ], [ 654476.958531867247075, 6340539.0014224415645 ], [ 654476.958531867247075, 6340533.510873643681407 ], [ 654471.520033543929458, 6340533.510873643681407 ], [ 654471.520033543929458, 6340528.020324846729636 ], [ 654444.327541927108541, 6340528.020324846729636 ], [ 654444.327541927108541, 6340533.510873643681407 ], [ 654438.889043603674509, 6340533.510873643681407 ], [ 654438.889043603674509, 6340560.963617630302906 ], [ 654444.327541927108541, 6340560.963617630302906 ], [ 654444.327541927108541, 6340571.94471522513777 ], [ 654449.766040250426158, 6340571.94471522513777 ], [ 654449.766040250426158, 6340577.435264023020864 ], [ 654455.204538573743775, 6340577.435264023020864 ], [ 654455.204538573743775, 6340582.925812819972634 ], [ 654460.643036897177808, 6340582.925812819972634 ], [ 654460.643036897177808, 6340604.888008009642363 ], [ 654466.081535220495425, 6340604.888008009642363 ] ], [ [ 654602.043993304600008, 6340632.340751996263862 ], [ 654596.605494981282391, 6340632.340751996263862 ], [ 654596.605494981282391, 6340626.850203199312091 ], [ 654602.043993304600008, 6340626.850203199312091 ], [ 654602.043993304600008, 6340632.340751996263862 ] ] ], [ [ [ 653035.756476175738499, 6340380.756604911759496 ], [ 653036.736647579004057, 6340380.804757645353675 ], [ 653037.707379395957105, 6340380.948752108030021 ], [ 653038.659322948311456, 6340381.187201554886997 ], [ 653039.583310499438085, 6340381.517809586599469 ], [ 653040.470443543978035, 6340381.937392268329859 ], [ 653041.312178505933844, 6340382.441908788867295 ], [ 653042.100409017410129, 6340383.026500377804041 ], [ 653042.827543987659737, 6340383.685537099838257 ], [ 653043.486580709344707, 6340384.412672069855034 ], [ 653044.071172298747115, 6340385.200902581214905 ], [ 653044.575688819168136, 6340386.042637543752789 ], [ 653044.67241776175797, 6340386.247153709642589 ], [ 653054.033026206539944, 6340386.247153709642589 ], [ 653054.129755149129778, 6340386.042637543752789 ], [ 653054.634271669550799, 6340385.200902581214905 ], [ 653055.218863258953206, 6340384.412672069855034 ], [ 653055.877899980638176, 6340383.685537099838257 ], [ 653056.605034950887784, 6340383.026500377804041 ], [ 653057.39326546236407, 6340382.441908788867295 ], [ 653058.235000424319878, 6340381.937392268329859 ], [ 653059.120229403837584, 6340381.51871014200151 ], [ 653059.148670790717006, 6340381.439221790991724 ], [ 653059.568253472447395, 6340380.552088746801019 ], [ 653060.072769992868416, 6340379.710353784263134 ], [ 653060.657361582270823, 6340378.922123272903264 ], [ 653061.316398303955793, 6340378.194988302886486 ], [ 653062.043533274205402, 6340377.53595158085227 ], [ 653062.831763785681687, 6340376.951359991915524 ], [ 653063.673498747637495, 6340376.446843471378088 ], [ 653064.558727726805955, 6340376.028161345049739 ], [ 653064.587169114034623, 6340375.94867299310863 ], [ 653065.006751795765013, 6340375.061539948917925 ], [ 653065.511268316186033, 6340374.219804986380041 ], [ 653066.095859905588441, 6340373.43157447502017 ], [ 653066.754896627273411, 6340372.704439505003393 ], [ 653067.482031597523019, 6340372.045402782969177 ], [ 653068.270262108999304, 6340371.460811194032431 ], [ 653069.111997070955113, 6340370.956294673494995 ], [ 653069.997226050589234, 6340370.537612547166646 ], [ 653070.025667437468655, 6340370.458124196156859 ], [ 653070.445250119199045, 6340369.570991151966155 ], [ 653070.949766639620066, 6340368.72925618942827 ], [ 653071.534358229022473, 6340367.941025678068399 ], [ 653072.193394950707443, 6340367.213890708051622 ], [ 653072.920529920957051, 6340366.554853986017406 ], [ 653073.708760432433337, 6340365.97026239708066 ], [ 653074.550495394389145, 6340365.465745876543224 ], [ 653074.702961085946299, 6340365.393634974956512 ], [ 653074.702961085946299, 6340361.214086875319481 ], [ 653074.550495394389145, 6340361.141975973732769 ], [ 653073.708760432433337, 6340360.637459453195333 ], [ 653072.920529920957051, 6340360.052867864258587 ], [ 653072.193394950707443, 6340359.393831142224371 ], [ 653071.534358229022473, 6340358.666696172207594 ], [ 653070.949766639620066, 6340357.878465660847723 ], [ 653070.445250119199045, 6340357.036730698309839 ], [ 653070.025667437468655, 6340356.149597654119134 ], [ 653069.695059405290522, 6340355.225610102526844 ], [ 653069.456609958549961, 6340354.273666550405324 ], [ 653069.312615495873615, 6340353.302934733219445 ], [ 653069.264462762628682, 6340352.322763330303133 ], [ 653069.264462762628682, 6340344.742440483532846 ], [ 653069.111997070955113, 6340344.670329581946135 ], [ 653068.270262108999304, 6340344.165813061408699 ], [ 653067.482031597523019, 6340343.581221472471952 ], [ 653066.754896627273411, 6340342.922184750437737 ], [ 653066.095859905588441, 6340342.195049780420959 ], [ 653065.511268316186033, 6340341.406819269061089 ], [ 653065.006751795765013, 6340340.565084306523204 ], [ 653064.587169114034623, 6340339.677951262332499 ], [ 653064.558727726805955, 6340339.59846291039139 ], [ 653063.673498747637495, 6340339.179780784063041 ], [ 653062.831763785681687, 6340338.675264263525605 ], [ 653062.043533274205402, 6340338.090672674588859 ], [ 653061.316398303955793, 6340337.431635952554643 ], [ 653060.657361582270823, 6340336.704500982537866 ], [ 653060.072769992868416, 6340335.916270471177995 ], [ 653059.568253472447395, 6340335.07453550864011 ], [ 653059.471524530206807, 6340334.870019343681633 ], [ 653029.440981205552816, 6340334.870019343681633 ], [ 653029.440981205552816, 6340379.775507316924632 ], [ 653029.392828472307883, 6340380.755678719840944 ], [ 653029.392691084765829, 6340380.756604911759496 ], [ 653035.756476175738499, 6340380.756604911759496 ] ] ] ] } }
]
}
