{
"type": "FeatureCollection",
"name": "river_extent_20260618",
"crs": { "type": "name", "properties": { "name": "urn:ogc:def:crs:EPSG::32641" } },
"features": [
{ "type": "Feature", "properties": { }, "geometry": { "type": "MultiPolygon", "coordinates": [ [ [ [ 652584.361115336418152, 6338474.555074628442526 ], [ 652584.361115336418152, 6338469.064525831490755 ], [ 652595.238111983169802, 6338469.064525831490755 ], [ 652595.238111983169802, 6338463.573977033607662 ], [ 652600.676610306487419, 6338463.573977033607662 ], [ 652600.676610306487419, 6338458.083428236655891 ], [ 652616.992105276673101, 6338458.083428236655891 ], [ 652616.992105276673101, 6338447.102330641821027 ], [ 652622.430603599990718, 6338447.102330641821027 ], [ 652622.430603599990718, 6338441.611781844869256 ], [ 652633.307600246742368, 6338441.611781844869256 ], [ 652633.307600246742368, 6338436.121233046986163 ], [ 652638.746098570059985, 6338436.121233046986163 ], [ 652638.746098570059985, 6338430.630684250034392 ], [ 652644.184596893494017, 6338430.630684250034392 ], [ 652644.184596893494017, 6338425.140135452151299 ], [ 652655.061593540129252, 6338425.140135452151299 ], [ 652655.061593540129252, 6338419.649586655199528 ], [ 652671.377088510314934, 6338419.649586655199528 ], [ 652671.377088510314934, 6338414.159037857316434 ], [ 652676.815586833632551, 6338414.159037857316434 ], [ 652676.815586833632551, 6338408.668489060364664 ], [ 652682.254085156950168, 6338408.668489060364664 ], [ 652682.254085156950168, 6338403.17794026248157 ], [ 652693.131081803701818, 6338403.17794026248157 ], [ 652693.131081803701818, 6338397.687391465529799 ], [ 652704.008078450453468, 6338397.687391465529799 ], [ 652704.008078450453468, 6338392.196842667646706 ], [ 652709.446576773771085, 6338392.196842667646706 ], [ 652709.446576773771085, 6338386.706293870694935 ], [ 652720.323573420522735, 6338386.706293870694935 ], [ 652720.323573420522735, 6338381.215745073743165 ], [ 652736.639068390592001, 6338381.215745073743165 ], [ 652736.639068390592001, 6338375.725196275860071 ], [ 652747.516065037343651, 6338375.725196275860071 ], [ 652747.516065037343651, 6338370.2346474789083 ], [ 652758.393061684095301, 6338370.2346474789083 ], [ 652758.393061684095301, 6338364.744098681025207 ], [ 652763.831560007412918, 6338364.744098681025207 ], [ 652763.831560007412918, 6338359.253549884073436 ], [ 652780.1470549775986, 6338359.253549884073436 ], [ 652780.1470549775986, 6338353.763001086190343 ], [ 652812.778044917737134, 6338353.763001086190343 ], [ 652812.778044917737134, 6338348.272452289238572 ], [ 652823.655041564488783, 6338348.272452289238572 ], [ 652823.655041564488783, 6338342.781903491355479 ], [ 652834.532038211240433, 6338342.781903491355479 ], [ 652834.532038211240433, 6338337.291354694403708 ], [ 652839.97053653455805, 6338337.291354694403708 ], [ 652839.97053653455805, 6338331.800805897451937 ], [ 652845.409034857875668, 6338331.800805897451937 ], [ 652845.409034857875668, 6338326.310257099568844 ], [ 652850.8475331813097, 6338326.310257099568844 ], [ 652850.8475331813097, 6338320.819708302617073 ], [ 652883.478523121448234, 6338320.819708302617073 ], [ 652883.478523121448234, 6338315.32915950473398 ], [ 652905.232516414951533, 6338315.32915950473398 ], [ 652905.232516414951533, 6338309.838610707782209 ], [ 652916.109513061703183, 6338309.838610707782209 ], [ 652916.109513061703183, 6338304.348061909899116 ], [ 652937.863506355090067, 6338304.348061909899116 ], [ 652937.863506355090067, 6338298.857513112947345 ], [ 652981.371492942096666, 6338298.857513112947345 ], [ 652981.371492942096666, 6338293.366964315064251 ], [ 653003.12548623548355, 6338293.366964315064251 ], [ 653003.12548623548355, 6338287.876415518112481 ], [ 653057.510469469125383, 6338287.876415518112481 ], [ 653057.510469469125383, 6338282.385866720229387 ], [ 653101.018456056015566, 6338282.385866720229387 ], [ 653101.018456056015566, 6338276.895317923277617 ], [ 653209.788422523299232, 6338276.895317923277617 ], [ 653209.788422523299232, 6338271.404769126325846 ], [ 653247.857910786871798, 6338271.404769126325846 ], [ 653247.857910786871798, 6338276.895317923277617 ], [ 653459.959345398121513, 6338276.895317923277617 ], [ 653459.959345398121513, 6338282.385866720229387 ], [ 653498.02883366169408, 6338282.385866720229387 ], [ 653498.02883366169408, 6338287.876415518112481 ], [ 653508.905830308445729, 6338287.876415518112481 ], [ 653508.905830308445729, 6338293.366964315064251 ], [ 653519.782826955080964, 6338293.366964315064251 ], [ 653519.782826955080964, 6338298.857513112947345 ], [ 653541.536820248584263, 6338298.857513112947345 ], [ 653541.536820248584263, 6338304.348061909899116 ], [ 653546.97531857190188, 6338304.348061909899116 ], [ 653546.97531857190188, 6338320.819708302617073 ], [ 653563.290813542087562, 6338320.819708302617073 ], [ 653563.290813542087562, 6338337.291354694403708 ], [ 653579.606308512156829, 6338337.291354694403708 ], [ 653579.606308512156829, 6338342.781903491355479 ], [ 653617.675796775729395, 6338342.781903491355479 ], [ 653617.675796775729395, 6338337.291354694403708 ], [ 653628.55279342236463, 6338337.291354694403708 ], [ 653628.55279342236463, 6338326.310257099568844 ], [ 653650.306786715867929, 6338326.310257099568844 ], [ 653650.306786715867929, 6338315.32915950473398 ], [ 653655.745285039185546, 6338315.32915950473398 ], [ 653655.745285039185546, 6338309.838610707782209 ], [ 653661.183783362619579, 6338309.838610707782209 ], [ 653661.183783362619579, 6338293.366964315064251 ], [ 653666.622281685937196, 6338293.366964315064251 ], [ 653666.622281685937196, 6338232.97092754393816 ], [ 653661.183783362619579, 6338232.97092754393816 ], [ 653661.183783362619579, 6338227.480378746986389 ], [ 653628.55279342236463, 6338227.480378746986389 ], [ 653628.55279342236463, 6338238.461476341821253 ], [ 653623.114295099047013, 6338238.461476341821253 ], [ 653623.114295099047013, 6338227.480378746986389 ], [ 653617.675796775729395, 6338227.480378746986389 ], [ 653617.675796775729395, 6338221.989829949103296 ], [ 653546.97531857190188, 6338221.989829949103296 ], [ 653546.97531857190188, 6338216.499281152151525 ], [ 653519.782826955080964, 6338216.499281152151525 ], [ 653519.782826955080964, 6338211.008732355199754 ], [ 653503.467331985011697, 6338211.008732355199754 ], [ 653503.467331985011697, 6338205.518183557316661 ], [ 653498.02883366169408, 6338205.518183557316661 ], [ 653498.02883366169408, 6338200.02763476036489 ], [ 653438.205352104618214, 6338200.02763476036489 ], [ 653438.205352104618214, 6338194.537085962481797 ], [ 653351.189378930837847, 6338194.537085962481797 ], [ 653351.189378930837847, 6338189.046537165530026 ], [ 653307.681392343947664, 6338189.046537165530026 ], [ 653307.681392343947664, 6338183.555988367646933 ], [ 653193.472927553229965, 6338183.555988367646933 ], [ 653193.472927553229965, 6338189.046537165530026 ], [ 653160.841937613091432, 6338189.046537165530026 ], [ 653160.841937613091432, 6338194.537085962481797 ], [ 653068.387466115877032, 6338194.537085962481797 ], [ 653068.387466115877032, 6338200.02763476036489 ], [ 653019.440981205552816, 6338200.02763476036489 ], [ 653019.440981205552816, 6338205.518183557316661 ], [ 652997.686987912165932, 6338205.518183557316661 ], [ 652997.686987912165932, 6338211.008732355199754 ], [ 652981.371492942096666, 6338211.008732355199754 ], [ 652981.371492942096666, 6338216.499281152151525 ], [ 652932.42500803177245, 6338216.499281152151525 ], [ 652932.42500803177245, 6338221.989829949103296 ], [ 652905.232516414951533, 6338221.989829949103296 ], [ 652905.232516414951533, 6338227.480378746986389 ], [ 652894.355519768199883, 6338227.480378746986389 ], [ 652894.355519768199883, 6338232.97092754393816 ], [ 652872.601526474696584, 6338232.97092754393816 ], [ 652872.601526474696584, 6338238.461476341821253 ], [ 652845.409034857875668, 6338238.461476341821253 ], [ 652845.409034857875668, 6338243.952025138773024 ], [ 652818.216543241054751, 6338243.952025138773024 ], [ 652818.216543241054751, 6338249.442573936656117 ], [ 652807.339546594419517, 6338249.442573936656117 ], [ 652807.339546594419517, 6338254.933122733607888 ], [ 652796.462549947667867, 6338254.933122733607888 ], [ 652796.462549947667867, 6338260.423671531490982 ], [ 652774.708556654164568, 6338260.423671531490982 ], [ 652774.708556654164568, 6338265.914220328442752 ], [ 652763.831560007412918, 6338265.914220328442752 ], [ 652763.831560007412918, 6338271.404769126325846 ], [ 652752.954563360777684, 6338271.404769126325846 ], [ 652752.954563360777684, 6338276.895317923277617 ], [ 652742.077566714026034, 6338276.895317923277617 ], [ 652742.077566714026034, 6338282.385866720229387 ], [ 652714.885075097205117, 6338282.385866720229387 ], [ 652714.885075097205117, 6338287.876415518112481 ], [ 652704.008078450453468, 6338287.876415518112481 ], [ 652704.008078450453468, 6338293.366964315064251 ], [ 652693.131081803701818, 6338293.366964315064251 ], [ 652693.131081803701818, 6338298.857513112947345 ], [ 652671.377088510314934, 6338298.857513112947345 ], [ 652671.377088510314934, 6338304.348061909899116 ], [ 652655.061593540129252, 6338304.348061909899116 ], [ 652655.061593540129252, 6338309.838610707782209 ], [ 652649.623095216811635, 6338309.838610707782209 ], [ 652649.623095216811635, 6338315.32915950473398 ], [ 652644.184596893494017, 6338315.32915950473398 ], [ 652644.184596893494017, 6338320.819708302617073 ], [ 652633.307600246742368, 6338320.819708302617073 ], [ 652633.307600246742368, 6338326.310257099568844 ], [ 652627.869101923308335, 6338326.310257099568844 ], [ 652627.869101923308335, 6338331.800805897451937 ], [ 652622.430603599990718, 6338331.800805897451937 ], [ 652622.430603599990718, 6338337.291354694403708 ], [ 652611.553606953239068, 6338337.291354694403708 ], [ 652611.553606953239068, 6338342.781903491355479 ], [ 652600.676610306487419, 6338342.781903491355479 ], [ 652600.676610306487419, 6338353.763001086190343 ], [ 652589.799613659852184, 6338353.763001086190343 ], [ 652589.799613659852184, 6338359.253549884073436 ], [ 652578.922617013100535, 6338359.253549884073436 ], [ 652578.922617013100535, 6338364.744098681025207 ], [ 652573.484118689666502, 6338364.744098681025207 ], [ 652573.484118689666502, 6338370.2346474789083 ], [ 652562.607122043031268, 6338370.2346474789083 ], [ 652562.607122043031268, 6338381.215745073743165 ], [ 652551.730125396279618, 6338381.215745073743165 ], [ 652551.730125396279618, 6338392.196842667646706 ], [ 652540.853128749527968, 6338392.196842667646706 ], [ 652540.853128749527968, 6338397.687391465529799 ], [ 652535.414630426210351, 6338397.687391465529799 ], [ 652535.414630426210351, 6338403.17794026248157 ], [ 652524.537633779458702, 6338403.17794026248157 ], [ 652524.537633779458702, 6338414.159037857316434 ], [ 652519.099135456024669, 6338414.159037857316434 ], [ 652519.099135456024669, 6338419.649586655199528 ], [ 652513.660637132707052, 6338419.649586655199528 ], [ 652513.660637132707052, 6338425.140135452151299 ], [ 652502.783640485955402, 6338425.140135452151299 ], [ 652502.783640485955402, 6338458.083428236655891 ], [ 652508.222138809389435, 6338458.083428236655891 ], [ 652508.222138809389435, 6338463.573977033607662 ], [ 652540.853128749527968, 6338463.573977033607662 ], [ 652540.853128749527968, 6338474.555074628442526 ], [ 652546.291627072845586, 6338474.555074628442526 ], [ 652546.291627072845586, 6338480.045623426325619 ], [ 652578.922617013100535, 6338480.045623426325619 ], [ 652578.922617013100535, 6338474.555074628442526 ], [ 652584.361115336418152, 6338474.555074628442526 ] ] ], [ [ [ 654917.476896059815772, 6338551.422757792286575 ], [ 654917.476896059815772, 6338545.932208994403481 ], [ 654884.845906119560823, 6338545.932208994403481 ], [ 654884.845906119560823, 6338540.441660197451711 ], [ 654846.776417855988257, 6338540.441660197451711 ], [ 654846.776417855988257, 6338534.951111399568617 ], [ 654830.46092288591899, 6338534.951111399568617 ], [ 654830.46092288591899, 6338529.460562602616847 ], [ 654814.145427915849723, 6338529.460562602616847 ], [ 654814.145427915849723, 6338523.970013804733753 ], [ 654781.514437975711189, 6338523.970013804733753 ], [ 654781.514437975711189, 6338518.479465007781982 ], [ 654765.198943005525507, 6338518.479465007781982 ], [ 654765.198943005525507, 6338512.988916209898889 ], [ 654759.76044468220789, 6338512.988916209898889 ], [ 654759.76044468220789, 6338502.007818615995347 ], [ 654738.00645138870459, 6338502.007818615995347 ], [ 654738.00645138870459, 6338496.517269818112254 ], [ 654721.690956418635324, 6338496.517269818112254 ], [ 654721.690956418635324, 6338491.026721021160483 ], [ 654710.813959771883674, 6338491.026721021160483 ], [ 654710.813959771883674, 6338485.53617222327739 ], [ 654699.93696312524844, 6338485.53617222327739 ], [ 654699.93696312524844, 6338480.045623426325619 ], [ 654683.621468155062757, 6338480.045623426325619 ], [ 654683.621468155062757, 6338474.555074628442526 ], [ 654672.744471508427523, 6338474.555074628442526 ], [ 654672.744471508427523, 6338469.064525831490755 ], [ 654661.867474861675873, 6338469.064525831490755 ], [ 654661.867474861675873, 6338463.573977033607662 ], [ 654650.990478214924224, 6338463.573977033607662 ], [ 654650.990478214924224, 6338458.083428236655891 ], [ 654634.674983244854957, 6338458.083428236655891 ], [ 654634.674983244854957, 6338452.592879438772798 ], [ 654618.359488274669275, 6338452.592879438772798 ], [ 654618.359488274669275, 6338441.611781844869256 ], [ 654580.290000011213124, 6338441.611781844869256 ], [ 654580.290000011213124, 6338436.121233046986163 ], [ 654542.220511747640558, 6338436.121233046986163 ], [ 654542.220511747640558, 6338430.630684250034392 ], [ 654531.343515100888908, 6338430.630684250034392 ], [ 654531.343515100888908, 6338425.140135452151299 ], [ 654520.466518454137258, 6338425.140135452151299 ], [ 654520.466518454137258, 6338419.649586655199528 ], [ 654498.712525160750374, 6338419.649586655199528 ], [ 654498.712525160750374, 6338414.159037857316434 ], [ 654482.397030190564692, 6338414.159037857316434 ], [ 654482.397030190564692, 6338408.668489060364664 ], [ 654466.081535220495425, 6338408.668489060364664 ], [ 654466.081535220495425, 6338403.17794026248157 ], [ 654438.889043603674509, 6338403.17794026248157 ], [ 654438.889043603674509, 6338397.687391465529799 ], [ 654422.573548633605242, 6338397.687391465529799 ], [ 654422.573548633605242, 6338392.196842667646706 ], [ 654340.996073783142492, 6338392.196842667646706 ], [ 654340.996073783142492, 6338386.706293870694935 ], [ 654335.557575459824875, 6338386.706293870694935 ], [ 654335.557575459824875, 6338381.215745073743165 ], [ 654302.926585519569926, 6338381.215745073743165 ], [ 654302.926585519569926, 6338375.725196275860071 ], [ 654275.734093902749009, 6338375.725196275860071 ], [ 654275.734093902749009, 6338370.2346474789083 ], [ 654264.85709725599736, 6338370.2346474789083 ], [ 654264.85709725599736, 6338364.744098681025207 ], [ 654248.541602285928093, 6338364.744098681025207 ], [ 654248.541602285928093, 6338359.253549884073436 ], [ 654194.15661905228626, 6338359.253549884073436 ], [ 654194.15661905228626, 6338353.763001086190343 ], [ 654183.27962240553461, 6338353.763001086190343 ], [ 654183.27962240553461, 6338348.272452289238572 ], [ 654172.402625758899376, 6338348.272452289238572 ], [ 654172.402625758899376, 6338342.781903491355479 ], [ 654134.33313749532681, 6338342.781903491355479 ], [ 654134.33313749532681, 6338337.291354694403708 ], [ 654090.825150908436626, 6338337.291354694403708 ], [ 654090.825150908436626, 6338331.800805897451937 ], [ 654074.509655938250944, 6338331.800805897451937 ], [ 654074.509655938250944, 6338326.310257099568844 ], [ 654031.001669351360761, 6338326.310257099568844 ], [ 654031.001669351360761, 6338320.819708302617073 ], [ 653982.055184441036545, 6338320.819708302617073 ], [ 653982.055184441036545, 6338315.32915950473398 ], [ 653949.424194500898011, 6338315.32915950473398 ], [ 653949.424194500898011, 6338309.838610707782209 ], [ 653938.547197854146361, 6338309.838610707782209 ], [ 653938.547197854146361, 6338304.348061909899116 ], [ 653911.354706237325445, 6338304.348061909899116 ], [ 653911.354706237325445, 6338298.857513112947345 ], [ 653878.723716297186911, 6338298.857513112947345 ], [ 653878.723716297186911, 6338293.366964315064251 ], [ 653867.846719650435261, 6338293.366964315064251 ], [ 653867.846719650435261, 6338287.876415518112481 ], [ 653856.969723003683612, 6338287.876415518112481 ], [ 653856.969723003683612, 6338282.385866720229387 ], [ 653829.777231386862695, 6338282.385866720229387 ], [ 653829.777231386862695, 6338276.895317923277617 ], [ 653808.023238093475811, 6338276.895317923277617 ], [ 653808.023238093475811, 6338271.404769126325846 ], [ 653797.146241446724162, 6338271.404769126325846 ], [ 653797.146241446724162, 6338265.914220328442752 ], [ 653780.830746476654895, 6338265.914220328442752 ], [ 653780.830746476654895, 6338260.423671531490982 ], [ 653753.638254859833978, 6338260.423671531490982 ], [ 653753.638254859833978, 6338298.857513112947345 ], [ 653759.076753183151595, 6338298.857513112947345 ], [ 653759.076753183151595, 6338364.744098681025207 ], [ 653764.515251506469212, 6338364.744098681025207 ], [ 653764.515251506469212, 6338370.2346474789083 ], [ 653769.953749829903245, 6338370.2346474789083 ], [ 653769.953749829903245, 6338375.725196275860071 ], [ 653791.707743123290129, 6338375.725196275860071 ], [ 653791.707743123290129, 6338381.215745073743165 ], [ 653824.338733063545078, 6338381.215745073743165 ], [ 653824.338733063545078, 6338386.706293870694935 ], [ 653862.408221327117644, 6338386.706293870694935 ], [ 653862.408221327117644, 6338392.196842667646706 ], [ 653873.285217973752879, 6338392.196842667646706 ], [ 653873.285217973752879, 6338397.687391465529799 ], [ 653943.985696177580394, 6338397.687391465529799 ], [ 653943.985696177580394, 6338403.17794026248157 ], [ 653992.932181087788194, 6338403.17794026248157 ], [ 653992.932181087788194, 6338408.668489060364664 ], [ 654003.809177734539844, 6338408.668489060364664 ], [ 654003.809177734539844, 6338414.159037857316434 ], [ 654025.563171028043143, 6338414.159037857316434 ], [ 654025.563171028043143, 6338419.649586655199528 ], [ 654074.509655938250944, 6338419.649586655199528 ], [ 654074.509655938250944, 6338425.140135452151299 ], [ 654096.263649231754243, 6338425.140135452151299 ], [ 654096.263649231754243, 6338430.630684250034392 ], [ 654101.702147555071861, 6338430.630684250034392 ], [ 654101.702147555071861, 6338436.121233046986163 ], [ 654123.45614084857516, 6338436.121233046986163 ], [ 654123.45614084857516, 6338441.611781844869256 ], [ 654145.210134142078459, 6338441.611781844869256 ], [ 654145.210134142078459, 6338447.102330641821027 ], [ 654156.087130788713694, 6338447.102330641821027 ], [ 654156.087130788713694, 6338452.592879438772798 ], [ 654161.525629112147726, 6338452.592879438772798 ], [ 654161.525629112147726, 6338458.083428236655891 ], [ 654194.15661905228626, 6338458.083428236655891 ], [ 654194.15661905228626, 6338463.573977033607662 ], [ 654221.349110669107176, 6338463.573977033607662 ], [ 654221.349110669107176, 6338469.064525831490755 ], [ 654232.226107315858826, 6338469.064525831490755 ], [ 654232.226107315858826, 6338474.555074628442526 ], [ 654253.980100609362125, 6338474.555074628442526 ], [ 654253.980100609362125, 6338480.045623426325619 ], [ 654297.488087196252309, 6338480.045623426325619 ], [ 654297.488087196252309, 6338485.53617222327739 ], [ 654319.242080489639193, 6338485.53617222327739 ], [ 654319.242080489639193, 6338491.026721021160483 ], [ 654330.119077136390842, 6338491.026721021160483 ], [ 654330.119077136390842, 6338496.517269818112254 ], [ 654351.873070429894142, 6338496.517269818112254 ], [ 654351.873070429894142, 6338502.007818615995347 ], [ 654389.942558693466708, 6338502.007818615995347 ], [ 654389.942558693466708, 6338507.498367412947118 ], [ 654406.258053663535975, 6338507.498367412947118 ], [ 654406.258053663535975, 6338512.988916209898889 ], [ 654411.696551986853592, 6338512.988916209898889 ], [ 654411.696551986853592, 6338518.479465007781982 ], [ 654428.012046956922859, 6338518.479465007781982 ], [ 654428.012046956922859, 6338523.970013804733753 ], [ 654444.327541927108541, 6338523.970013804733753 ], [ 654444.327541927108541, 6338534.951111399568617 ], [ 654455.204538573743775, 6338534.951111399568617 ], [ 654455.204538573743775, 6338540.441660197451711 ], [ 654509.589521807385609, 6338540.441660197451711 ], [ 654509.589521807385609, 6338545.932208994403481 ], [ 654536.782013424206525, 6338545.932208994403481 ], [ 654536.782013424206525, 6338551.422757792286575 ], [ 654547.659010070958175, 6338551.422757792286575 ], [ 654547.659010070958175, 6338556.913306589238346 ], [ 654563.974505041027442, 6338556.913306589238346 ], [ 654563.974505041027442, 6338562.403855387121439 ], [ 654580.290000011213124, 6338562.403855387121439 ], [ 654580.290000011213124, 6338567.89440418407321 ], [ 654591.166996657848358, 6338567.89440418407321 ], [ 654591.166996657848358, 6338573.384952981024981 ], [ 654596.605494981282391, 6338573.384952981024981 ], [ 654596.605494981282391, 6338578.875501778908074 ], [ 654634.674983244854957, 6338578.875501778908074 ], [ 654634.674983244854957, 6338584.366050575859845 ], [ 654650.990478214924224, 6338584.366050575859845 ], [ 654650.990478214924224, 6338589.856599373742938 ], [ 654667.305973184993491, 6338589.856599373742938 ], [ 654667.305973184993491, 6338595.347148170694709 ], [ 654683.621468155062757, 6338595.347148170694709 ], [ 654683.621468155062757, 6338600.837696968577802 ], [ 654705.375461448566057, 6338600.837696968577802 ], [ 654705.375461448566057, 6338606.328245765529573 ], [ 654721.690956418635324, 6338606.328245765529573 ], [ 654721.690956418635324, 6338611.818794563412666 ], [ 654732.567953065386973, 6338611.818794563412666 ], [ 654732.567953065386973, 6338617.309343360364437 ], [ 654759.76044468220789, 6338617.309343360364437 ], [ 654759.76044468220789, 6338622.799892157316208 ], [ 654786.952936299028806, 6338622.799892157316208 ], [ 654786.952936299028806, 6338628.290440955199301 ], [ 654797.829932945780456, 6338628.290440955199301 ], [ 654797.829932945780456, 6338633.780989752151072 ], [ 654814.145427915849723, 6338633.780989752151072 ], [ 654814.145427915849723, 6338639.271538550034165 ], [ 654841.337919532670639, 6338639.271538550034165 ], [ 654841.337919532670639, 6338644.762087346985936 ], [ 654857.653414502739906, 6338644.762087346985936 ], [ 654857.653414502739906, 6338650.25263614486903 ], [ 654863.091912826173939, 6338650.25263614486903 ], [ 654863.091912826173939, 6338655.7431849418208 ], [ 654917.476896059815772, 6338655.7431849418208 ], [ 654917.476896059815772, 6338661.233733739703894 ], [ 654950.107885999954306, 6338661.233733739703894 ], [ 654950.107885999954306, 6338551.422757792286575 ], [ 654917.476896059815772, 6338551.422757792286575 ] ] ], [ [ [ 652067.703774616820738, 6339292.646845437586308 ], [ 652067.703774616820738, 6339281.665747842751443 ], [ 652073.142272940138355, 6339281.665747842751443 ], [ 652073.142272940138355, 6339276.17519904486835 ], [ 652078.580771263572387, 6339276.17519904486835 ], [ 652078.580771263572387, 6339265.194101450033486 ], [ 652084.019269586890005, 6339265.194101450033486 ], [ 652084.019269586890005, 6339259.703552653081715 ], [ 652089.457767910324037, 6339259.703552653081715 ], [ 652089.457767910324037, 6339254.213003856129944 ], [ 652094.896266233641654, 6339254.213003856129944 ], [ 652094.896266233641654, 6339248.722455058246851 ], [ 652100.334764556959271, 6339248.722455058246851 ], [ 652100.334764556959271, 6339243.23190626129508 ], [ 652105.773262880393304, 6339243.23190626129508 ], [ 652105.773262880393304, 6339237.741357463411987 ], [ 652111.211761203710921, 6339237.741357463411987 ], [ 652111.211761203710921, 6339226.760259868577123 ], [ 652116.650259527144954, 6339226.760259868577123 ], [ 652116.650259527144954, 6339221.269711071625352 ], [ 652122.088757850462571, 6339221.269711071625352 ], [ 652122.088757850462571, 6339204.798064678907394 ], [ 652127.527256173780188, 6339204.798064678907394 ], [ 652127.527256173780188, 6339199.307515881955624 ], [ 652132.96575449721422, 6339199.307515881955624 ], [ 652132.96575449721422, 6339193.816967085003853 ], [ 652138.404252820531838, 6339193.816967085003853 ], [ 652138.404252820531838, 6339188.326418287120759 ], [ 652143.84275114396587, 6339188.326418287120759 ], [ 652143.84275114396587, 6339182.835869490168989 ], [ 652149.281249467283487, 6339182.835869490168989 ], [ 652149.281249467283487, 6339177.345320692285895 ], [ 652154.719747790601104, 6339177.345320692285895 ], [ 652154.719747790601104, 6339149.892576705664396 ], [ 652143.84275114396587, 6339149.892576705664396 ], [ 652143.84275114396587, 6339133.420930313877761 ], [ 652149.281249467283487, 6339133.420930313877761 ], [ 652149.281249467283487, 6339122.439832719042897 ], [ 652154.719747790601104, 6339122.439832719042897 ], [ 652154.719747790601104, 6339116.949283921159804 ], [ 652160.158246114035137, 6339116.949283921159804 ], [ 652160.158246114035137, 6339105.96818632632494 ], [ 652165.596744437352754, 6339105.96818632632494 ], [ 652165.596744437352754, 6339094.987088731490076 ], [ 652171.035242760786787, 6339094.987088731490076 ], [ 652171.035242760786787, 6339089.496539934538305 ], [ 652176.473741084104404, 6339089.496539934538305 ], [ 652176.473741084104404, 6339078.515442339703441 ], [ 652181.912239407422021, 6339078.515442339703441 ], [ 652181.912239407422021, 6339067.534344744868577 ], [ 652187.350737730856054, 6339067.534344744868577 ], [ 652187.350737730856054, 6339056.553247150033712 ], [ 652192.789236054173671, 6339056.553247150033712 ], [ 652192.789236054173671, 6339051.062698353081942 ], [ 652198.227734377607703, 6339051.062698353081942 ], [ 652198.227734377607703, 6339034.591051960363984 ], [ 652203.66623270092532, 6339034.591051960363984 ], [ 652203.66623270092532, 6339023.609954366460443 ], [ 652209.104731024242938, 6339023.609954366460443 ], [ 652209.104731024242938, 6339012.628856771625578 ], [ 652214.54322934767697, 6339012.628856771625578 ], [ 652214.54322934767697, 6339007.138307973742485 ], [ 652219.981727670994587, 6339007.138307973742485 ], [ 652219.981727670994587, 6338985.176112784072757 ], [ 652225.42022599442862, 6338985.176112784072757 ], [ 652225.42022599442862, 6338968.704466392286122 ], [ 652230.858724317746237, 6338968.704466392286122 ], [ 652230.858724317746237, 6338957.723368797451258 ], [ 652236.297222641063854, 6338957.723368797451258 ], [ 652236.297222641063854, 6338952.232820000499487 ], [ 652241.735720964497887, 6338952.232820000499487 ], [ 652241.735720964497887, 6338935.761173607781529 ], [ 652247.174219287815504, 6338935.761173607781529 ], [ 652247.174219287815504, 6338924.780076012946665 ], [ 652252.612717611249536, 6338924.780076012946665 ], [ 652252.612717611249536, 6338919.289527215994895 ], [ 652258.051215934567153, 6338919.289527215994895 ], [ 652258.051215934567153, 6338897.327332026325166 ], [ 652263.489714257884771, 6338897.327332026325166 ], [ 652263.489714257884771, 6338886.346234431490302 ], [ 652268.928212581318803, 6338886.346234431490302 ], [ 652268.928212581318803, 6338875.365136836655438 ], [ 652274.36671090463642, 6338875.365136836655438 ], [ 652274.36671090463642, 6338869.874588039703667 ], [ 652279.805209228070453, 6338869.874588039703667 ], [ 652279.805209228070453, 6338858.893490444868803 ], [ 652285.24370755138807, 6338858.893490444868803 ], [ 652285.24370755138807, 6338847.912392850033939 ], [ 652290.682205874705687, 6338847.912392850033939 ], [ 652290.682205874705687, 6338842.421844053082168 ], [ 652296.12070419813972, 6338842.421844053082168 ], [ 652296.12070419813972, 6338831.440746458247304 ], [ 652301.559202521457337, 6338831.440746458247304 ], [ 652301.559202521457337, 6338814.969100065529346 ], [ 652306.997700844891369, 6338814.969100065529346 ], [ 652306.997700844891369, 6338803.988002470694482 ], [ 652312.436199168208987, 6338803.988002470694482 ], [ 652312.436199168208987, 6338798.497453673742712 ], [ 652317.874697491526604, 6338798.497453673742712 ], [ 652317.874697491526604, 6338787.516356078907847 ], [ 652323.313195814960636, 6338787.516356078907847 ], [ 652323.313195814960636, 6338782.025807281956077 ], [ 652328.751694138278253, 6338782.025807281956077 ], [ 652328.751694138278253, 6338776.535258484072983 ], [ 652334.190192461712286, 6338776.535258484072983 ], [ 652334.190192461712286, 6338771.044709687121212 ], [ 652339.628690785029903, 6338771.044709687121212 ], [ 652339.628690785029903, 6338765.554160889238119 ], [ 652345.067189108463936, 6338765.554160889238119 ], [ 652345.067189108463936, 6338760.063612092286348 ], [ 652355.94418575509917, 6338760.063612092286348 ], [ 652355.94418575509917, 6338749.082514497451484 ], [ 652361.382684078533202, 6338749.082514497451484 ], [ 652361.382684078533202, 6338738.10141690261662 ], [ 652366.82118240185082, 6338738.10141690261662 ], [ 652366.82118240185082, 6338732.610868105664849 ], [ 652377.698179048602469, 6338732.610868105664849 ], [ 652377.698179048602469, 6338716.139221712946892 ], [ 652383.136677371920086, 6338716.139221712946892 ], [ 652383.136677371920086, 6338710.648672915995121 ], [ 652388.575175695354119, 6338710.648672915995121 ], [ 652388.575175695354119, 6338699.667575321160257 ], [ 652399.452172342105769, 6338699.667575321160257 ], [ 652399.452172342105769, 6338683.195928928442299 ], [ 652404.890670665423386, 6338683.195928928442299 ], [ 652404.890670665423386, 6338677.705380131490529 ], [ 652410.329168988741003, 6338677.705380131490529 ], [ 652410.329168988741003, 6338672.214831334538758 ], [ 652415.767667312175035, 6338672.214831334538758 ], [ 652415.767667312175035, 6338661.233733739703894 ], [ 652421.206165635492653, 6338661.233733739703894 ], [ 652421.206165635492653, 6338655.7431849418208 ], [ 652426.644663958926685, 6338655.7431849418208 ], [ 652426.644663958926685, 6338644.762087346985936 ], [ 652437.52166060556192, 6338644.762087346985936 ], [ 652437.52166060556192, 6338633.780989752151072 ], [ 652442.960158928995952, 6338633.780989752151072 ], [ 652442.960158928995952, 6338622.799892157316208 ], [ 652448.398657252313569, 6338622.799892157316208 ], [ 652448.398657252313569, 6338617.309343360364437 ], [ 652459.275653899065219, 6338617.309343360364437 ], [ 652459.275653899065219, 6338606.328245765529573 ], [ 652464.714152222382836, 6338606.328245765529573 ], [ 652464.714152222382836, 6338600.837696968577802 ], [ 652470.152650545816869, 6338600.837696968577802 ], [ 652470.152650545816869, 6338595.347148170694709 ], [ 652475.591148869134486, 6338595.347148170694709 ], [ 652475.591148869134486, 6338589.856599373742938 ], [ 652481.029647192568518, 6338589.856599373742938 ], [ 652481.029647192568518, 6338578.875501778908074 ], [ 652497.345142162637785, 6338578.875501778908074 ], [ 652497.345142162637785, 6338534.951111399568617 ], [ 652486.468145515886135, 6338534.951111399568617 ], [ 652486.468145515886135, 6338529.460562602616847 ], [ 652481.029647192568518, 6338529.460562602616847 ], [ 652481.029647192568518, 6338523.970013804733753 ], [ 652475.591148869134486, 6338523.970013804733753 ], [ 652475.591148869134486, 6338518.479465007781982 ], [ 652470.152650545816869, 6338518.479465007781982 ], [ 652470.152650545816869, 6338507.498367412947118 ], [ 652464.714152222382836, 6338507.498367412947118 ], [ 652464.714152222382836, 6338496.517269818112254 ], [ 652459.275653899065219, 6338496.517269818112254 ], [ 652459.275653899065219, 6338485.53617222327739 ], [ 652421.206165635492653, 6338485.53617222327739 ], [ 652421.206165635492653, 6338496.517269818112254 ], [ 652415.767667312175035, 6338496.517269818112254 ], [ 652415.767667312175035, 6338502.007818615995347 ], [ 652404.890670665423386, 6338502.007818615995347 ], [ 652404.890670665423386, 6338523.970013804733753 ], [ 652388.575175695354119, 6338523.970013804733753 ], [ 652388.575175695354119, 6338529.460562602616847 ], [ 652372.259680725284852, 6338529.460562602616847 ], [ 652372.259680725284852, 6338540.441660197451711 ], [ 652366.82118240185082, 6338540.441660197451711 ], [ 652366.82118240185082, 6338545.932208994403481 ], [ 652361.382684078533202, 6338545.932208994403481 ], [ 652361.382684078533202, 6338578.875501778908074 ], [ 652345.067189108463936, 6338578.875501778908074 ], [ 652345.067189108463936, 6338584.366050575859845 ], [ 652339.628690785029903, 6338584.366050575859845 ], [ 652339.628690785029903, 6338589.856599373742938 ], [ 652334.190192461712286, 6338589.856599373742938 ], [ 652334.190192461712286, 6338600.837696968577802 ], [ 652328.751694138278253, 6338600.837696968577802 ], [ 652328.751694138278253, 6338606.328245765529573 ], [ 652323.313195814960636, 6338606.328245765529573 ], [ 652323.313195814960636, 6338611.818794563412666 ], [ 652317.874697491526604, 6338611.818794563412666 ], [ 652317.874697491526604, 6338617.309343360364437 ], [ 652312.436199168208987, 6338617.309343360364437 ], [ 652312.436199168208987, 6338622.799892157316208 ], [ 652306.997700844891369, 6338622.799892157316208 ], [ 652306.997700844891369, 6338628.290440955199301 ], [ 652301.559202521457337, 6338628.290440955199301 ], [ 652301.559202521457337, 6338639.271538550034165 ], [ 652296.12070419813972, 6338639.271538550034165 ], [ 652296.12070419813972, 6338644.762087346985936 ], [ 652290.682205874705687, 6338644.762087346985936 ], [ 652290.682205874705687, 6338650.25263614486903 ], [ 652285.24370755138807, 6338650.25263614486903 ], [ 652285.24370755138807, 6338655.7431849418208 ], [ 652279.805209228070453, 6338655.7431849418208 ], [ 652279.805209228070453, 6338661.233733739703894 ], [ 652274.36671090463642, 6338661.233733739703894 ], [ 652274.36671090463642, 6338666.724282536655664 ], [ 652263.489714257884771, 6338666.724282536655664 ], [ 652263.489714257884771, 6338672.214831334538758 ], [ 652258.051215934567153, 6338672.214831334538758 ], [ 652258.051215934567153, 6338677.705380131490529 ], [ 652252.612717611249536, 6338677.705380131490529 ], [ 652252.612717611249536, 6338683.195928928442299 ], [ 652247.174219287815504, 6338683.195928928442299 ], [ 652247.174219287815504, 6338694.177026523277164 ], [ 652241.735720964497887, 6338694.177026523277164 ], [ 652241.735720964497887, 6338738.10141690261662 ], [ 652236.297222641063854, 6338738.10141690261662 ], [ 652236.297222641063854, 6338754.573063294403255 ], [ 652230.858724317746237, 6338754.573063294403255 ], [ 652230.858724317746237, 6338765.554160889238119 ], [ 652225.42022599442862, 6338765.554160889238119 ], [ 652225.42022599442862, 6338776.535258484072983 ], [ 652219.981727670994587, 6338776.535258484072983 ], [ 652219.981727670994587, 6338798.497453673742712 ], [ 652214.54322934767697, 6338798.497453673742712 ], [ 652214.54322934767697, 6338803.988002470694482 ], [ 652209.104731024242938, 6338803.988002470694482 ], [ 652209.104731024242938, 6338814.969100065529346 ], [ 652203.66623270092532, 6338814.969100065529346 ], [ 652203.66623270092532, 6338825.950197660364211 ], [ 652198.227734377607703, 6338825.950197660364211 ], [ 652198.227734377607703, 6338847.912392850033939 ], [ 652192.789236054173671, 6338847.912392850033939 ], [ 652192.789236054173671, 6338853.402941647917032 ], [ 652187.350737730856054, 6338853.402941647917032 ], [ 652187.350737730856054, 6338858.893490444868803 ], [ 652181.912239407422021, 6338858.893490444868803 ], [ 652181.912239407422021, 6338880.855685634538531 ], [ 652176.473741084104404, 6338880.855685634538531 ], [ 652176.473741084104404, 6338886.346234431490302 ], [ 652171.035242760786787, 6338886.346234431490302 ], [ 652171.035242760786787, 6338897.327332026325166 ], [ 652165.596744437352754, 6338897.327332026325166 ], [ 652165.596744437352754, 6338902.81788082420826 ], [ 652160.158246114035137, 6338902.81788082420826 ], [ 652160.158246114035137, 6338919.289527215994895 ], [ 652154.719747790601104, 6338919.289527215994895 ], [ 652154.719747790601104, 6338935.761173607781529 ], [ 652149.281249467283487, 6338935.761173607781529 ], [ 652149.281249467283487, 6338941.251722405664623 ], [ 652143.84275114396587, 6338941.251722405664623 ], [ 652143.84275114396587, 6338963.213917595334351 ], [ 652138.404252820531838, 6338963.213917595334351 ], [ 652138.404252820531838, 6338968.704466392286122 ], [ 652132.96575449721422, 6338968.704466392286122 ], [ 652132.96575449721422, 6338974.195015189237893 ], [ 652127.527256173780188, 6338974.195015189237893 ], [ 652127.527256173780188, 6338979.685563987120986 ], [ 652122.088757850462571, 6338979.685563987120986 ], [ 652122.088757850462571, 6338996.157210378907621 ], [ 652116.650259527144954, 6338996.157210378907621 ], [ 652116.650259527144954, 6339007.138307973742485 ], [ 652111.211761203710921, 6339007.138307973742485 ], [ 652111.211761203710921, 6339012.628856771625578 ], [ 652105.773262880393304, 6339012.628856771625578 ], [ 652105.773262880393304, 6339018.119405568577349 ], [ 652100.334764556959271, 6339018.119405568577349 ], [ 652100.334764556959271, 6339029.100503163412213 ], [ 652094.896266233641654, 6339029.100503163412213 ], [ 652094.896266233641654, 6339040.081600758247077 ], [ 652084.019269586890005, 6339040.081600758247077 ], [ 652084.019269586890005, 6339056.553247150033712 ], [ 652078.580771263572387, 6339056.553247150033712 ], [ 652078.580771263572387, 6339073.02489354275167 ], [ 652073.142272940138355, 6339073.02489354275167 ], [ 652073.142272940138355, 6339084.005991137586534 ], [ 652062.265276293503121, 6339084.005991137586534 ], [ 652062.265276293503121, 6339100.477637529373169 ], [ 652056.826777970069088, 6339100.477637529373169 ], [ 652056.826777970069088, 6339111.458735124208033 ], [ 652051.388279646751471, 6339111.458735124208033 ], [ 652051.388279646751471, 6339122.439832719042897 ], [ 652045.949781323317438, 6339122.439832719042897 ], [ 652045.949781323317438, 6339127.930381515994668 ], [ 652040.511283, 6339127.930381515994668 ], [ 652040.511283, 6339298.137394234538078 ], [ 652062.265276293503121, 6339298.137394234538078 ], [ 652062.265276293503121, 6339292.646845437586308 ], [ 652067.703774616820738, 6339292.646845437586308 ] ] ], [ [ [ 652546.291627072845586, 6340044.852030677720904 ], [ 652546.291627072845586, 6340028.380384285002947 ], [ 652638.746098570059985, 6340028.380384285002947 ], [ 652638.746098570059985, 6340022.889835488051176 ], [ 652655.061593540129252, 6340022.889835488051176 ], [ 652655.061593540129252, 6340017.399286691099405 ], [ 652671.377088510314934, 6340017.399286691099405 ], [ 652671.377088510314934, 6340011.908737893216312 ], [ 652682.254085156950168, 6340011.908737893216312 ], [ 652682.254085156950168, 6340006.418189096264541 ], [ 652714.885075097205117, 6340006.418189096264541 ], [ 652714.885075097205117, 6340000.927640298381448 ], [ 652747.516065037343651, 6340000.927640298381448 ], [ 652747.516065037343651, 6339995.437091501429677 ], [ 652769.27005833084695, 6339995.437091501429677 ], [ 652769.27005833084695, 6339989.946542703546584 ], [ 652823.655041564488783, 6339989.946542703546584 ], [ 652823.655041564488783, 6339984.455993906594813 ], [ 652834.532038211240433, 6339984.455993906594813 ], [ 652834.532038211240433, 6339978.96544510871172 ], [ 652872.601526474696584, 6339978.96544510871172 ], [ 652872.601526474696584, 6339973.474896311759949 ], [ 652878.040024798130617, 6339973.474896311759949 ], [ 652878.040024798130617, 6339967.984347513876855 ], [ 652970.494496295345016, 6339967.984347513876855 ], [ 652970.494496295345016, 6339962.493798716925085 ], [ 653106.456954379449598, 6339962.493798716925085 ], [ 653106.456954379449598, 6339957.003249919973314 ], [ 653111.895452702767216, 6339957.003249919973314 ], [ 653111.895452702767216, 6339962.493798716925085 ], [ 653144.526442643022165, 6339962.493798716925085 ], [ 653144.526442643022165, 6339967.984347513876855 ], [ 653188.034429229912348, 6339967.984347513876855 ], [ 653188.034429229912348, 6339973.474896311759949 ], [ 653193.472927553229965, 6339973.474896311759949 ], [ 653193.472927553229965, 6339978.96544510871172 ], [ 653204.349924199981615, 6339978.96544510871172 ], [ 653204.349924199981615, 6339984.455993906594813 ], [ 653258.734907433623448, 6339984.455993906594813 ], [ 653258.734907433623448, 6339989.946542703546584 ], [ 653291.365897373761982, 6339989.946542703546584 ], [ 653291.365897373761982, 6340000.927640298381448 ], [ 653334.87388396076858, 6340000.927640298381448 ], [ 653334.87388396076858, 6340006.418189096264541 ], [ 653356.627877254155464, 6340006.418189096264541 ], [ 653356.627877254155464, 6340011.908737893216312 ], [ 653362.066375577589497, 6340011.908737893216312 ], [ 653362.066375577589497, 6340017.399286691099405 ], [ 653389.258867194410414, 6340017.399286691099405 ], [ 653389.258867194410414, 6340022.889835488051176 ], [ 653400.135863841045648, 6340022.889835488051176 ], [ 653400.135863841045648, 6340028.380384285002947 ], [ 653411.012860487797298, 6340028.380384285002947 ], [ 653411.012860487797298, 6340033.87093308288604 ], [ 653416.45135881123133, 6340033.87093308288604 ], [ 653416.45135881123133, 6340039.361481879837811 ], [ 653421.889857134548947, 6340039.361481879837811 ], [ 653421.889857134548947, 6340044.852030677720904 ], [ 653438.205352104618214, 6340044.852030677720904 ], [ 653438.205352104618214, 6340050.342579474672675 ], [ 653443.643850428052247, 6340050.342579474672675 ], [ 653443.643850428052247, 6340055.833128272555768 ], [ 653454.520847074687481, 6340055.833128272555768 ], [ 653454.520847074687481, 6340061.323677069507539 ], [ 653470.836342044873163, 6340061.323677069507539 ], [ 653470.836342044873163, 6340066.814225867390633 ], [ 653476.27484036819078, 6340066.814225867390633 ], [ 653476.27484036819078, 6340072.304774664342403 ], [ 653481.713338691508397, 6340072.304774664342403 ], [ 653481.713338691508397, 6340077.795323461294174 ], [ 653492.590335338260047, 6340077.795323461294174 ], [ 653492.590335338260047, 6340083.285872259177268 ], [ 653503.467331985011697, 6340083.285872259177268 ], [ 653503.467331985011697, 6340088.776421056129038 ], [ 653508.905830308445729, 6340088.776421056129038 ], [ 653508.905830308445729, 6340094.266969854012132 ], [ 653519.782826955080964, 6340094.266969854012132 ], [ 653519.782826955080964, 6340099.757518650963902 ], [ 653530.659823601832613, 6340099.757518650963902 ], [ 653530.659823601832613, 6340105.248067448846996 ], [ 653541.536820248584263, 6340105.248067448846996 ], [ 653541.536820248584263, 6340116.22916504368186 ], [ 653552.413816895335913, 6340116.22916504368186 ], [ 653552.413816895335913, 6340121.719713840633631 ], [ 653563.290813542087562, 6340121.719713840633631 ], [ 653563.290813542087562, 6340127.210262638516724 ], [ 653568.72931186540518, 6340127.210262638516724 ], [ 653568.72931186540518, 6340132.700811435468495 ], [ 653574.167810188722797, 6340132.700811435468495 ], [ 653574.167810188722797, 6340138.191360232420266 ], [ 653579.606308512156829, 6340138.191360232420266 ], [ 653579.606308512156829, 6340143.681909030303359 ], [ 653585.044806835474446, 6340143.681909030303359 ], [ 653585.044806835474446, 6340149.17245782725513 ], [ 653590.483305158908479, 6340149.17245782725513 ], [ 653590.483305158908479, 6340154.663006625138223 ], [ 653595.921803482226096, 6340154.663006625138223 ], [ 653595.921803482226096, 6340160.153555422089994 ], [ 653601.360301805543713, 6340160.153555422089994 ], [ 653601.360301805543713, 6340165.644104219973087 ], [ 653606.798800128977746, 6340165.644104219973087 ], [ 653606.798800128977746, 6340171.134653016924858 ], [ 653612.237298452295363, 6340171.134653016924858 ], [ 653612.237298452295363, 6340176.625201814807951 ], [ 653617.675796775729395, 6340176.625201814807951 ], [ 653617.675796775729395, 6340187.606299409642816 ], [ 653623.114295099047013, 6340187.606299409642816 ], [ 653623.114295099047013, 6340204.077945801429451 ], [ 653628.55279342236463, 6340204.077945801429451 ], [ 653628.55279342236463, 6340215.059043396264315 ], [ 653633.991291745798662, 6340215.059043396264315 ], [ 653633.991291745798662, 6340220.549592193216085 ], [ 653639.429790069116279, 6340220.549592193216085 ], [ 653639.429790069116279, 6340231.53068978805095 ], [ 653644.868288392550312, 6340231.53068978805095 ], [ 653644.868288392550312, 6340242.511787382885814 ], [ 653650.306786715867929, 6340242.511787382885814 ], [ 653650.306786715867929, 6340248.002336180768907 ], [ 653655.745285039185546, 6340248.002336180768907 ], [ 653655.745285039185546, 6340253.492884977720678 ], [ 653661.183783362619579, 6340253.492884977720678 ], [ 653661.183783362619579, 6340258.983433774672449 ], [ 653666.622281685937196, 6340258.983433774672449 ], [ 653666.622281685937196, 6340264.473982572555542 ], [ 653672.060780009371229, 6340264.473982572555542 ], [ 653672.060780009371229, 6340269.964531369507313 ], [ 653677.499278332688846, 6340269.964531369507313 ], [ 653677.499278332688846, 6340280.945628964342177 ], [ 653682.937776656006463, 6340280.945628964342177 ], [ 653682.937776656006463, 6340286.43617776222527 ], [ 653688.376274979440495, 6340286.43617776222527 ], [ 653688.376274979440495, 6340291.926726559177041 ], [ 653693.814773302758113, 6340291.926726559177041 ], [ 653693.814773302758113, 6340297.417275357060134 ], [ 653699.253271626192145, 6340297.417275357060134 ], [ 653699.253271626192145, 6340308.398372951894999 ], [ 653704.691769949509762, 6340308.398372951894999 ], [ 653704.691769949509762, 6340313.888921748846769 ], [ 653710.130268272827379, 6340313.888921748846769 ], [ 653710.130268272827379, 6340319.37947054579854 ], [ 653721.007264919579029, 6340319.37947054579854 ], [ 653721.007264919579029, 6340341.341665735468268 ], [ 653726.445763243013062, 6340341.341665735468268 ], [ 653726.445763243013062, 6340352.322763330303133 ], [ 653731.884261566330679, 6340352.322763330303133 ], [ 653731.884261566330679, 6340357.813312128186226 ], [ 653737.322759889648296, 6340357.813312128186226 ], [ 653737.322759889648296, 6340379.775507316924632 ], [ 653748.199756536399946, 6340379.775507316924632 ], [ 653748.199756536399946, 6340385.266056114807725 ], [ 653759.076753183151595, 6340385.266056114807725 ], [ 653759.076753183151595, 6340396.247153709642589 ], [ 653764.515251506469212, 6340396.247153709642589 ], [ 653764.515251506469212, 6340407.228251304477453 ], [ 653769.953749829903245, 6340407.228251304477453 ], [ 653769.953749829903245, 6340412.718800101429224 ], [ 653775.392248153220862, 6340412.718800101429224 ], [ 653775.392248153220862, 6340429.190446493215859 ], [ 653780.830746476654895, 6340429.190446493215859 ], [ 653780.830746476654895, 6340451.152641682885587 ], [ 653786.269244799972512, 6340451.152641682885587 ], [ 653786.269244799972512, 6340473.114836872555315 ], [ 653791.707743123290129, 6340473.114836872555315 ], [ 653791.707743123290129, 6340500.567580859176815 ], [ 653797.146241446724162, 6340500.567580859176815 ], [ 653797.146241446724162, 6340511.548678454011679 ], [ 653802.584739770041779, 6340511.548678454011679 ], [ 653802.584739770041779, 6340517.039227251894772 ], [ 653835.215729710296728, 6340517.039227251894772 ], [ 653835.215729710296728, 6340511.548678454011679 ], [ 653840.654228033614345, 6340511.548678454011679 ], [ 653840.654228033614345, 6340506.058129657059908 ], [ 653851.531224680365995, 6340506.058129657059908 ], [ 653851.531224680365995, 6340500.567580859176815 ], [ 653867.846719650435261, 6340500.567580859176815 ], [ 653867.846719650435261, 6340495.077032062225044 ], [ 653878.723716297186911, 6340495.077032062225044 ], [ 653878.723716297186911, 6340489.58648326434195 ], [ 653889.600712943938561, 6340489.58648326434195 ], [ 653889.600712943938561, 6340484.09593446739018 ], [ 653895.039211267256178, 6340484.09593446739018 ], [ 653895.039211267256178, 6340478.605385670438409 ], [ 653900.477709590573795, 6340478.605385670438409 ], [ 653900.477709590573795, 6340374.284958519972861 ], [ 653895.039211267256178, 6340374.284958519972861 ], [ 653895.039211267256178, 6340357.813312128186226 ], [ 653889.600712943938561, 6340357.813312128186226 ], [ 653889.600712943938561, 6340352.322763330303133 ], [ 653884.162214620504528, 6340352.322763330303133 ], [ 653884.162214620504528, 6340324.870019343681633 ], [ 653878.723716297186911, 6340324.870019343681633 ], [ 653878.723716297186911, 6340308.398372951894999 ], [ 653873.285217973752879, 6340308.398372951894999 ], [ 653873.285217973752879, 6340302.907824154011905 ], [ 653867.846719650435261, 6340302.907824154011905 ], [ 653867.846719650435261, 6340297.417275357060134 ], [ 653862.408221327117644, 6340297.417275357060134 ], [ 653862.408221327117644, 6340291.926726559177041 ], [ 653856.969723003683612, 6340291.926726559177041 ], [ 653856.969723003683612, 6340280.945628964342177 ], [ 653851.531224680365995, 6340280.945628964342177 ], [ 653851.531224680365995, 6340275.455080167390406 ], [ 653846.092726356931962, 6340275.455080167390406 ], [ 653846.092726356931962, 6340264.473982572555542 ], [ 653840.654228033614345, 6340264.473982572555542 ], [ 653840.654228033614345, 6340253.492884977720678 ], [ 653835.215729710296728, 6340253.492884977720678 ], [ 653835.215729710296728, 6340242.511787382885814 ], [ 653824.338733063545078, 6340242.511787382885814 ], [ 653824.338733063545078, 6340231.53068978805095 ], [ 653818.900234740111046, 6340231.53068978805095 ], [ 653818.900234740111046, 6340220.549592193216085 ], [ 653813.461736416793428, 6340220.549592193216085 ], [ 653813.461736416793428, 6340209.568494598381221 ], [ 653808.023238093475811, 6340209.568494598381221 ], [ 653808.023238093475811, 6340204.077945801429451 ], [ 653802.584739770041779, 6340204.077945801429451 ], [ 653802.584739770041779, 6340198.587397003546357 ], [ 653797.146241446724162, 6340198.587397003546357 ], [ 653797.146241446724162, 6340187.606299409642816 ], [ 653791.707743123290129, 6340187.606299409642816 ], [ 653791.707743123290129, 6340182.115750611759722 ], [ 653786.269244799972512, 6340182.115750611759722 ], [ 653786.269244799972512, 6340176.625201814807951 ], [ 653780.830746476654895, 6340176.625201814807951 ], [ 653780.830746476654895, 6340171.134653016924858 ], [ 653775.392248153220862, 6340171.134653016924858 ], [ 653775.392248153220862, 6340165.644104219973087 ], [ 653769.953749829903245, 6340165.644104219973087 ], [ 653769.953749829903245, 6340160.153555422089994 ], [ 653764.515251506469212, 6340160.153555422089994 ], [ 653764.515251506469212, 6340154.663006625138223 ], [ 653759.076753183151595, 6340154.663006625138223 ], [ 653759.076753183151595, 6340127.210262638516724 ], [ 653748.199756536399946, 6340127.210262638516724 ], [ 653748.199756536399946, 6340121.719713840633631 ], [ 653742.761258213082328, 6340121.719713840633631 ], [ 653742.761258213082328, 6340116.22916504368186 ], [ 653737.322759889648296, 6340116.22916504368186 ], [ 653737.322759889648296, 6340099.757518650963902 ], [ 653721.007264919579029, 6340099.757518650963902 ], [ 653721.007264919579029, 6340094.266969854012132 ], [ 653715.568766596261412, 6340094.266969854012132 ], [ 653715.568766596261412, 6340088.776421056129038 ], [ 653710.130268272827379, 6340088.776421056129038 ], [ 653710.130268272827379, 6340083.285872259177268 ], [ 653699.253271626192145, 6340083.285872259177268 ], [ 653699.253271626192145, 6340077.795323461294174 ], [ 653693.814773302758113, 6340077.795323461294174 ], [ 653693.814773302758113, 6340066.814225867390633 ], [ 653682.937776656006463, 6340066.814225867390633 ], [ 653682.937776656006463, 6340061.323677069507539 ], [ 653677.499278332688846, 6340061.323677069507539 ], [ 653677.499278332688846, 6340055.833128272555768 ], [ 653672.060780009371229, 6340055.833128272555768 ], [ 653672.060780009371229, 6340050.342579474672675 ], [ 653666.622281685937196, 6340050.342579474672675 ], [ 653666.622281685937196, 6340044.852030677720904 ], [ 653661.183783362619579, 6340044.852030677720904 ], [ 653661.183783362619579, 6340039.361481879837811 ], [ 653650.306786715867929, 6340039.361481879837811 ], [ 653650.306786715867929, 6340033.87093308288604 ], [ 653644.868288392550312, 6340033.87093308288604 ], [ 653644.868288392550312, 6340028.380384285002947 ], [ 653639.429790069116279, 6340028.380384285002947 ], [ 653639.429790069116279, 6340022.889835488051176 ], [ 653633.991291745798662, 6340022.889835488051176 ], [ 653633.991291745798662, 6340017.399286691099405 ], [ 653623.114295099047013, 6340017.399286691099405 ], [ 653623.114295099047013, 6340011.908737893216312 ], [ 653617.675796775729395, 6340011.908737893216312 ], [ 653617.675796775729395, 6340006.418189096264541 ], [ 653612.237298452295363, 6340006.418189096264541 ], [ 653612.237298452295363, 6340000.927640298381448 ], [ 653601.360301805543713, 6340000.927640298381448 ], [ 653601.360301805543713, 6339995.437091501429677 ], [ 653595.921803482226096, 6339995.437091501429677 ], [ 653595.921803482226096, 6339989.946542703546584 ], [ 653590.483305158908479, 6339989.946542703546584 ], [ 653590.483305158908479, 6339984.455993906594813 ], [ 653585.044806835474446, 6339984.455993906594813 ], [ 653585.044806835474446, 6339978.96544510871172 ], [ 653574.167810188722797, 6339978.96544510871172 ], [ 653574.167810188722797, 6339973.474896311759949 ], [ 653563.290813542087562, 6339973.474896311759949 ], [ 653563.290813542087562, 6339962.493798716925085 ], [ 653541.536820248584263, 6339962.493798716925085 ], [ 653541.536820248584263, 6339957.003249919973314 ], [ 653536.098321925266646, 6339957.003249919973314 ], [ 653536.098321925266646, 6339951.51270112209022 ], [ 653530.659823601832613, 6339951.51270112209022 ], [ 653530.659823601832613, 6339946.02215232513845 ], [ 653519.782826955080964, 6339946.02215232513845 ], [ 653519.782826955080964, 6339940.531603527255356 ], [ 653508.905830308445729, 6339940.531603527255356 ], [ 653508.905830308445729, 6339935.041054730303586 ], [ 653503.467331985011697, 6339935.041054730303586 ], [ 653503.467331985011697, 6339929.550505932420492 ], [ 653492.590335338260047, 6339929.550505932420492 ], [ 653492.590335338260047, 6339924.059957135468721 ], [ 653481.713338691508397, 6339924.059957135468721 ], [ 653481.713338691508397, 6339918.569408337585628 ], [ 653465.397843721439131, 6339918.569408337585628 ], [ 653465.397843721439131, 6339913.078859540633857 ], [ 653454.520847074687481, 6339913.078859540633857 ], [ 653454.520847074687481, 6339907.588310742750764 ], [ 653449.082348751369864, 6339907.588310742750764 ], [ 653449.082348751369864, 6339902.097761945798993 ], [ 653438.205352104618214, 6339902.097761945798993 ], [ 653438.205352104618214, 6339896.607213148847222 ], [ 653421.889857134548947, 6339896.607213148847222 ], [ 653421.889857134548947, 6339891.116664350964129 ], [ 653411.012860487797298, 6339891.116664350964129 ], [ 653411.012860487797298, 6339885.626115554012358 ], [ 653394.697365517728031, 6339885.626115554012358 ], [ 653394.697365517728031, 6339880.135566756129265 ], [ 653367.504873900907114, 6339880.135566756129265 ], [ 653367.504873900907114, 6339874.645017959177494 ], [ 653351.189378930837847, 6339874.645017959177494 ], [ 653351.189378930837847, 6339869.154469161294401 ], [ 653345.750880607403815, 6339869.154469161294401 ], [ 653345.750880607403815, 6339863.66392036434263 ], [ 653323.996887314016931, 6339863.66392036434263 ], [ 653323.996887314016931, 6339858.173371566459537 ], [ 653307.681392343947664, 6339858.173371566459537 ], [ 653307.681392343947664, 6339852.682822769507766 ], [ 653296.804395697196014, 6339852.682822769507766 ], [ 653296.804395697196014, 6339847.192273971624672 ], [ 653285.927399050444365, 6339847.192273971624672 ], [ 653285.927399050444365, 6339841.701725174672902 ], [ 653253.296409110305831, 6339841.701725174672902 ], [ 653253.296409110305831, 6339836.211176377721131 ], [ 653236.980914140120149, 6339836.211176377721131 ], [ 653236.980914140120149, 6339830.720627579838037 ], [ 653226.103917493484914, 6339830.720627579838037 ], [ 653226.103917493484914, 6339825.230078782886267 ], [ 653193.472927553229965, 6339825.230078782886267 ], [ 653193.472927553229965, 6339819.739529985003173 ], [ 653079.264462762628682, 6339819.739529985003173 ], [ 653079.264462762628682, 6339825.230078782886267 ], [ 653068.387466115877032, 6339825.230078782886267 ], [ 653068.387466115877032, 6339830.720627579838037 ], [ 653057.510469469125383, 6339830.720627579838037 ], [ 653057.510469469125383, 6339836.211176377721131 ], [ 653052.071971145807765, 6339836.211176377721131 ], [ 653052.071971145807765, 6339841.701725174672902 ], [ 653014.002482882235199, 6339841.701725174672902 ], [ 653014.002482882235199, 6339836.211176377721131 ], [ 652943.302004678524099, 6339836.211176377721131 ], [ 652943.302004678524099, 6339841.701725174672902 ], [ 652894.355519768199883, 6339841.701725174672902 ], [ 652894.355519768199883, 6339847.192273971624672 ], [ 652872.601526474696584, 6339847.192273971624672 ], [ 652872.601526474696584, 6339852.682822769507766 ], [ 652829.093539887806401, 6339852.682822769507766 ], [ 652829.093539887806401, 6339858.173371566459537 ], [ 652752.954563360777684, 6339858.173371566459537 ], [ 652752.954563360777684, 6339863.66392036434263 ], [ 652742.077566714026034, 6339863.66392036434263 ], [ 652742.077566714026034, 6339869.154469161294401 ], [ 652676.815586833632551, 6339869.154469161294401 ], [ 652676.815586833632551, 6339874.645017959177494 ], [ 652671.377088510314934, 6339874.645017959177494 ], [ 652671.377088510314934, 6339880.135566756129265 ], [ 652660.500091863563284, 6339880.135566756129265 ], [ 652660.500091863563284, 6339885.626115554012358 ], [ 652644.184596893494017, 6339885.626115554012358 ], [ 652644.184596893494017, 6339891.116664350964129 ], [ 652622.430603599990718, 6339891.116664350964129 ], [ 652622.430603599990718, 6339896.607213148847222 ], [ 652606.115108629921451, 6339896.607213148847222 ], [ 652606.115108629921451, 6339902.097761945798993 ], [ 652584.361115336418152, 6339902.097761945798993 ], [ 652584.361115336418152, 6339907.588310742750764 ], [ 652568.045620366348885, 6339907.588310742750764 ], [ 652568.045620366348885, 6339913.078859540633857 ], [ 652388.575175695354119, 6339913.078859540633857 ], [ 652388.575175695354119, 6339907.588310742750764 ], [ 652355.94418575509917, 6339907.588310742750764 ], [ 652355.94418575509917, 6339902.097761945798993 ], [ 652334.190192461712286, 6339902.097761945798993 ], [ 652334.190192461712286, 6339896.607213148847222 ], [ 652323.313195814960636, 6339896.607213148847222 ], [ 652323.313195814960636, 6339891.116664350964129 ], [ 652317.874697491526604, 6339891.116664350964129 ], [ 652317.874697491526604, 6339885.626115554012358 ], [ 652306.997700844891369, 6339885.626115554012358 ], [ 652306.997700844891369, 6339880.135566756129265 ], [ 652296.12070419813972, 6339880.135566756129265 ], [ 652296.12070419813972, 6339874.645017959177494 ], [ 652285.24370755138807, 6339874.645017959177494 ], [ 652285.24370755138807, 6339869.154469161294401 ], [ 652274.36671090463642, 6339869.154469161294401 ], [ 652274.36671090463642, 6339863.66392036434263 ], [ 652263.489714257884771, 6339863.66392036434263 ], [ 652263.489714257884771, 6339858.173371566459537 ], [ 652252.612717611249536, 6339858.173371566459537 ], [ 652252.612717611249536, 6339852.682822769507766 ], [ 652241.735720964497887, 6339852.682822769507766 ], [ 652241.735720964497887, 6339847.192273971624672 ], [ 652230.858724317746237, 6339847.192273971624672 ], [ 652230.858724317746237, 6339841.701725174672902 ], [ 652219.981727670994587, 6339841.701725174672902 ], [ 652219.981727670994587, 6339836.211176377721131 ], [ 652209.104731024242938, 6339836.211176377721131 ], [ 652209.104731024242938, 6339830.720627579838037 ], [ 652198.227734377607703, 6339830.720627579838037 ], [ 652198.227734377607703, 6339825.230078782886267 ], [ 652192.789236054173671, 6339825.230078782886267 ], [ 652192.789236054173671, 6339819.739529985003173 ], [ 652187.350737730856054, 6339819.739529985003173 ], [ 652187.350737730856054, 6339814.248981188051403 ], [ 652176.473741084104404, 6339814.248981188051403 ], [ 652176.473741084104404, 6339808.758432390168309 ], [ 652171.035242760786787, 6339808.758432390168309 ], [ 652171.035242760786787, 6339803.267883593216538 ], [ 652160.158246114035137, 6339803.267883593216538 ], [ 652160.158246114035137, 6339797.777334795333445 ], [ 652154.719747790601104, 6339797.777334795333445 ], [ 652154.719747790601104, 6339792.286785998381674 ], [ 652143.84275114396587, 6339792.286785998381674 ], [ 652143.84275114396587, 6339781.30568840354681 ], [ 652138.404252820531838, 6339781.30568840354681 ], [ 652138.404252820531838, 6339775.815139606595039 ], [ 652132.96575449721422, 6339775.815139606595039 ], [ 652132.96575449721422, 6339770.324590808711946 ], [ 652122.088757850462571, 6339770.324590808711946 ], [ 652122.088757850462571, 6339764.834042011760175 ], [ 652111.211761203710921, 6339764.834042011760175 ], [ 652111.211761203710921, 6339759.343493213877082 ], [ 652105.773262880393304, 6339759.343493213877082 ], [ 652105.773262880393304, 6339753.852944416925311 ], [ 652100.334764556959271, 6339753.852944416925311 ], [ 652100.334764556959271, 6339748.362395619042218 ], [ 652089.457767910324037, 6339748.362395619042218 ], [ 652089.457767910324037, 6339742.871846822090447 ], [ 652084.019269586890005, 6339742.871846822090447 ], [ 652084.019269586890005, 6339737.381298024207354 ], [ 652078.580771263572387, 6339737.381298024207354 ], [ 652078.580771263572387, 6339726.400200430303812 ], [ 652073.142272940138355, 6339726.400200430303812 ], [ 652073.142272940138355, 6339720.909651632420719 ], [ 652067.703774616820738, 6339720.909651632420719 ], [ 652067.703774616820738, 6339715.419102835468948 ], [ 652062.265276293503121, 6339715.419102835468948 ], [ 652062.265276293503121, 6339709.928554037585855 ], [ 652040.511283, 6339709.928554037585855 ], [ 652040.511283, 6339869.154469161294401 ], [ 652062.265276293503121, 6339869.154469161294401 ], [ 652062.265276293503121, 6339880.135566756129265 ], [ 652067.703774616820738, 6339880.135566756129265 ], [ 652067.703774616820738, 6339885.626115554012358 ], [ 652073.142272940138355, 6339885.626115554012358 ], [ 652073.142272940138355, 6339896.607213148847222 ], [ 652067.703774616820738, 6339896.607213148847222 ], [ 652067.703774616820738, 6339902.097761945798993 ], [ 652040.511283, 6339902.097761945798993 ], [ 652040.511283, 6339940.531603527255356 ], [ 652045.949781323317438, 6339940.531603527255356 ], [ 652045.949781323317438, 6339946.02215232513845 ], [ 652056.826777970069088, 6339946.02215232513845 ], [ 652056.826777970069088, 6339951.51270112209022 ], [ 652067.703774616820738, 6339951.51270112209022 ], [ 652067.703774616820738, 6339957.003249919973314 ], [ 652078.580771263572387, 6339957.003249919973314 ], [ 652078.580771263572387, 6339962.493798716925085 ], [ 652089.457767910324037, 6339962.493798716925085 ], [ 652089.457767910324037, 6339967.984347513876855 ], [ 652154.719747790601104, 6339967.984347513876855 ], [ 652154.719747790601104, 6339973.474896311759949 ], [ 652160.158246114035137, 6339973.474896311759949 ], [ 652160.158246114035137, 6339978.96544510871172 ], [ 652165.596744437352754, 6339978.96544510871172 ], [ 652165.596744437352754, 6339989.946542703546584 ], [ 652171.035242760786787, 6339989.946542703546584 ], [ 652171.035242760786787, 6339995.437091501429677 ], [ 652198.227734377607703, 6339995.437091501429677 ], [ 652198.227734377607703, 6339989.946542703546584 ], [ 652203.66623270092532, 6339989.946542703546584 ], [ 652203.66623270092532, 6339984.455993906594813 ], [ 652209.104731024242938, 6339984.455993906594813 ], [ 652209.104731024242938, 6339978.96544510871172 ], [ 652236.297222641063854, 6339978.96544510871172 ], [ 652236.297222641063854, 6339973.474896311759949 ], [ 652247.174219287815504, 6339973.474896311759949 ], [ 652247.174219287815504, 6339962.493798716925085 ], [ 652252.612717611249536, 6339962.493798716925085 ], [ 652252.612717611249536, 6339957.003249919973314 ], [ 652258.051215934567153, 6339957.003249919973314 ], [ 652258.051215934567153, 6339951.51270112209022 ], [ 652263.489714257884771, 6339951.51270112209022 ], [ 652263.489714257884771, 6339957.003249919973314 ], [ 652268.928212581318803, 6339957.003249919973314 ], [ 652268.928212581318803, 6339962.493798716925085 ], [ 652279.805209228070453, 6339962.493798716925085 ], [ 652279.805209228070453, 6339973.474896311759949 ], [ 652268.928212581318803, 6339973.474896311759949 ], [ 652268.928212581318803, 6339978.96544510871172 ], [ 652241.735720964497887, 6339978.96544510871172 ], [ 652241.735720964497887, 6340006.418189096264541 ], [ 652258.051215934567153, 6340006.418189096264541 ], [ 652258.051215934567153, 6340033.87093308288604 ], [ 652263.489714257884771, 6340033.87093308288604 ], [ 652263.489714257884771, 6340039.361481879837811 ], [ 652274.36671090463642, 6340039.361481879837811 ], [ 652274.36671090463642, 6340044.852030677720904 ], [ 652290.682205874705687, 6340044.852030677720904 ], [ 652290.682205874705687, 6340050.342579474672675 ], [ 652317.874697491526604, 6340050.342579474672675 ], [ 652317.874697491526604, 6340055.833128272555768 ], [ 652350.505687431781553, 6340055.833128272555768 ], [ 652350.505687431781553, 6340061.323677069507539 ], [ 652388.575175695354119, 6340061.323677069507539 ], [ 652388.575175695354119, 6340055.833128272555768 ], [ 652399.452172342105769, 6340055.833128272555768 ], [ 652399.452172342105769, 6340028.380384285002947 ], [ 652415.767667312175035, 6340028.380384285002947 ], [ 652415.767667312175035, 6340022.889835488051176 ], [ 652421.206165635492653, 6340022.889835488051176 ], [ 652421.206165635492653, 6340017.399286691099405 ], [ 652426.644663958926685, 6340017.399286691099405 ], [ 652426.644663958926685, 6340033.87093308288604 ], [ 652421.206165635492653, 6340033.87093308288604 ], [ 652421.206165635492653, 6340061.323677069507539 ], [ 652459.275653899065219, 6340061.323677069507539 ], [ 652459.275653899065219, 6340055.833128272555768 ], [ 652481.029647192568518, 6340055.833128272555768 ], [ 652481.029647192568518, 6340050.342579474672675 ], [ 652513.660637132707052, 6340050.342579474672675 ], [ 652513.660637132707052, 6340022.889835488051176 ], [ 652519.099135456024669, 6340022.889835488051176 ], [ 652519.099135456024669, 6340044.852030677720904 ], [ 652546.291627072845586, 6340044.852030677720904 ] ], [ [ 652426.644663958926685, 6340006.418189096264541 ], [ 652437.52166060556192, 6340006.418189096264541 ], [ 652437.52166060556192, 6340000.927640298381448 ], [ 652448.398657252313569, 6340000.927640298381448 ], [ 652448.398657252313569, 6340011.908737893216312 ], [ 652442.960158928995952, 6340011.908737893216312 ], [ 652442.960158928995952, 6340017.399286691099405 ], [ 652426.644663958926685, 6340017.399286691099405 ], [ 652426.644663958926685, 6340006.418189096264541 ] ], [ [ 652491.906643839203753, 6340022.889835488051176 ], [ 652491.906643839203753, 6340006.418189096264541 ], [ 652486.468145515886135, 6340006.418189096264541 ], [ 652486.468145515886135, 6339978.96544510871172 ], [ 652491.906643839203753, 6339978.96544510871172 ], [ 652491.906643839203753, 6339984.455993906594813 ], [ 652497.345142162637785, 6339984.455993906594813 ], [ 652497.345142162637785, 6339989.946542703546584 ], [ 652502.783640485955402, 6339989.946542703546584 ], [ 652502.783640485955402, 6340006.418189096264541 ], [ 652508.222138809389435, 6340006.418189096264541 ], [ 652508.222138809389435, 6340017.399286691099405 ], [ 652513.660637132707052, 6340017.399286691099405 ], [ 652513.660637132707052, 6340022.889835488051176 ], [ 652491.906643839203753, 6340022.889835488051176 ] ] ], [ [ [ 653106.456954379449598, 6340736.66117914672941 ], [ 653106.456954379449598, 6340731.170630348846316 ], [ 653133.649445996270515, 6340731.170630348846316 ], [ 653133.649445996270515, 6340725.680081551894546 ], [ 653149.964940966339782, 6340725.680081551894546 ], [ 653149.964940966339782, 6340720.189532754011452 ], [ 653166.280435936409049, 6340720.189532754011452 ], [ 653166.280435936409049, 6340714.698983957059681 ], [ 653193.472927553229965, 6340714.698983957059681 ], [ 653193.472927553229965, 6340709.208435160107911 ], [ 653204.349924199981615, 6340709.208435160107911 ], [ 653204.349924199981615, 6340703.717886362224817 ], [ 653215.226920846733265, 6340703.717886362224817 ], [ 653215.226920846733265, 6340692.736788767389953 ], [ 653242.419412463554181, 6340692.736788767389953 ], [ 653242.419412463554181, 6340687.246239970438182 ], [ 653247.857910786871798, 6340687.246239970438182 ], [ 653247.857910786871798, 6340681.755691172555089 ], [ 653258.734907433623448, 6340681.755691172555089 ], [ 653258.734907433623448, 6340676.265142375603318 ], [ 653269.611904080375098, 6340676.265142375603318 ], [ 653269.611904080375098, 6340692.736788767389953 ], [ 653329.435385637334548, 6340692.736788767389953 ], [ 653329.435385637334548, 6340703.717886362224817 ], [ 653356.627877254155464, 6340703.717886362224817 ], [ 653356.627877254155464, 6340709.208435160107911 ], [ 653372.943372224224731, 6340709.208435160107911 ], [ 653372.943372224224731, 6340714.698983957059681 ], [ 653378.381870547658764, 6340714.698983957059681 ], [ 653378.381870547658764, 6340720.189532754011452 ], [ 653400.135863841045648, 6340720.189532754011452 ], [ 653400.135863841045648, 6340725.680081551894546 ], [ 653443.643850428052247, 6340725.680081551894546 ], [ 653443.643850428052247, 6340720.189532754011452 ], [ 653459.959345398121513, 6340720.189532754011452 ], [ 653459.959345398121513, 6340714.698983957059681 ], [ 653465.397843721439131, 6340714.698983957059681 ], [ 653465.397843721439131, 6340709.208435160107911 ], [ 653492.590335338260047, 6340709.208435160107911 ], [ 653492.590335338260047, 6340703.717886362224817 ], [ 653519.782826955080964, 6340703.717886362224817 ], [ 653519.782826955080964, 6340698.227337565273046 ], [ 653546.97531857190188, 6340698.227337565273046 ], [ 653546.97531857190188, 6340692.736788767389953 ], [ 653557.85231521865353, 6340692.736788767389953 ], [ 653557.85231521865353, 6340687.246239970438182 ], [ 653563.290813542087562, 6340687.246239970438182 ], [ 653563.290813542087562, 6340681.755691172555089 ], [ 653568.72931186540518, 6340681.755691172555089 ], [ 653568.72931186540518, 6340676.265142375603318 ], [ 653579.606308512156829, 6340676.265142375603318 ], [ 653579.606308512156829, 6340670.774593577720225 ], [ 653585.044806835474446, 6340670.774593577720225 ], [ 653585.044806835474446, 6340665.284044780768454 ], [ 653595.921803482226096, 6340665.284044780768454 ], [ 653595.921803482226096, 6340659.793495982885361 ], [ 653601.360301805543713, 6340659.793495982885361 ], [ 653601.360301805543713, 6340654.30294718593359 ], [ 653606.798800128977746, 6340654.30294718593359 ], [ 653606.798800128977746, 6340648.812398388981819 ], [ 653617.675796775729395, 6340648.812398388981819 ], [ 653617.675796775729395, 6340632.340751996263862 ], [ 653623.114295099047013, 6340632.340751996263862 ], [ 653623.114295099047013, 6340621.359654401428998 ], [ 653628.55279342236463, 6340621.359654401428998 ], [ 653628.55279342236463, 6340582.925812819972634 ], [ 653633.991291745798662, 6340582.925812819972634 ], [ 653633.991291745798662, 6340566.454166428185999 ], [ 653639.429790069116279, 6340566.454166428185999 ], [ 653639.429790069116279, 6340555.473068833351135 ], [ 653644.868288392550312, 6340555.473068833351135 ], [ 653644.868288392550312, 6340549.982520035468042 ], [ 653650.306786715867929, 6340549.982520035468042 ], [ 653650.306786715867929, 6340533.510873643681407 ], [ 653655.745285039185546, 6340533.510873643681407 ], [ 653655.745285039185546, 6340495.077032062225044 ], [ 653666.622281685937196, 6340495.077032062225044 ], [ 653666.622281685937196, 6340489.58648326434195 ], [ 653672.060780009371229, 6340489.58648326434195 ], [ 653672.060780009371229, 6340478.605385670438409 ], [ 653693.814773302758113, 6340478.605385670438409 ], [ 653693.814773302758113, 6340473.114836872555315 ], [ 653699.253271626192145, 6340473.114836872555315 ], [ 653699.253271626192145, 6340462.133739277720451 ], [ 653704.691769949509762, 6340462.133739277720451 ], [ 653704.691769949509762, 6340412.718800101429224 ], [ 653699.253271626192145, 6340412.718800101429224 ], [ 653699.253271626192145, 6340401.73770250659436 ], [ 653677.499278332688846, 6340401.73770250659436 ], [ 653677.499278332688846, 6340396.247153709642589 ], [ 653666.622281685937196, 6340396.247153709642589 ], [ 653666.622281685937196, 6340390.756604911759496 ], [ 653661.183783362619579, 6340390.756604911759496 ], [ 653661.183783362619579, 6340385.266056114807725 ], [ 653633.991291745798662, 6340385.266056114807725 ], [ 653633.991291745798662, 6340390.756604911759496 ], [ 653606.798800128977746, 6340390.756604911759496 ], [ 653606.798800128977746, 6340385.266056114807725 ], [ 653552.413816895335913, 6340385.266056114807725 ], [ 653552.413816895335913, 6340379.775507316924632 ], [ 653530.659823601832613, 6340379.775507316924632 ], [ 653530.659823601832613, 6340374.284958519972861 ], [ 653519.782826955080964, 6340374.284958519972861 ], [ 653519.782826955080964, 6340368.794409722089767 ], [ 653514.344328631763346, 6340368.794409722089767 ], [ 653514.344328631763346, 6340363.303860925137997 ], [ 653508.905830308445729, 6340363.303860925137997 ], [ 653508.905830308445729, 6340352.322763330303133 ], [ 653503.467331985011697, 6340352.322763330303133 ], [ 653503.467331985011697, 6340324.870019343681633 ], [ 653508.905830308445729, 6340324.870019343681633 ], [ 653508.905830308445729, 6340319.37947054579854 ], [ 653514.344328631763346, 6340319.37947054579854 ], [ 653514.344328631763346, 6340308.398372951894999 ], [ 653536.098321925266646, 6340308.398372951894999 ], [ 653536.098321925266646, 6340302.907824154011905 ], [ 653557.85231521865353, 6340302.907824154011905 ], [ 653557.85231521865353, 6340264.473982572555542 ], [ 653552.413816895335913, 6340264.473982572555542 ], [ 653552.413816895335913, 6340253.492884977720678 ], [ 653546.97531857190188, 6340253.492884977720678 ], [ 653546.97531857190188, 6340242.511787382885814 ], [ 653541.536820248584263, 6340242.511787382885814 ], [ 653541.536820248584263, 6340237.021238585934043 ], [ 653536.098321925266646, 6340237.021238585934043 ], [ 653536.098321925266646, 6340226.040140991099179 ], [ 653530.659823601832613, 6340226.040140991099179 ], [ 653530.659823601832613, 6340220.549592193216085 ], [ 653525.221325278514996, 6340220.549592193216085 ], [ 653525.221325278514996, 6340215.059043396264315 ], [ 653519.782826955080964, 6340215.059043396264315 ], [ 653519.782826955080964, 6340209.568494598381221 ], [ 653514.344328631763346, 6340209.568494598381221 ], [ 653514.344328631763346, 6340204.077945801429451 ], [ 653503.467331985011697, 6340204.077945801429451 ], [ 653503.467331985011697, 6340198.587397003546357 ], [ 653498.02883366169408, 6340198.587397003546357 ], [ 653498.02883366169408, 6340193.096848206594586 ], [ 653481.713338691508397, 6340193.096848206594586 ], [ 653481.713338691508397, 6340187.606299409642816 ], [ 653470.836342044873163, 6340187.606299409642816 ], [ 653470.836342044873163, 6340182.115750611759722 ], [ 653454.520847074687481, 6340182.115750611759722 ], [ 653454.520847074687481, 6340176.625201814807951 ], [ 653449.082348751369864, 6340176.625201814807951 ], [ 653449.082348751369864, 6340165.644104219973087 ], [ 653443.643850428052247, 6340165.644104219973087 ], [ 653443.643850428052247, 6340160.153555422089994 ], [ 653438.205352104618214, 6340160.153555422089994 ], [ 653438.205352104618214, 6340154.663006625138223 ], [ 653427.328355457866564, 6340154.663006625138223 ], [ 653427.328355457866564, 6340149.17245782725513 ], [ 653421.889857134548947, 6340149.17245782725513 ], [ 653421.889857134548947, 6340143.681909030303359 ], [ 653416.45135881123133, 6340143.681909030303359 ], [ 653416.45135881123133, 6340138.191360232420266 ], [ 653405.57436216447968, 6340138.191360232420266 ], [ 653405.57436216447968, 6340132.700811435468495 ], [ 653400.135863841045648, 6340132.700811435468495 ], [ 653400.135863841045648, 6340127.210262638516724 ], [ 653394.697365517728031, 6340127.210262638516724 ], [ 653394.697365517728031, 6340116.22916504368186 ], [ 653383.820368870976381, 6340116.22916504368186 ], [ 653383.820368870976381, 6340105.248067448846996 ], [ 653378.381870547658764, 6340105.248067448846996 ], [ 653378.381870547658764, 6340088.776421056129038 ], [ 653372.943372224224731, 6340088.776421056129038 ], [ 653372.943372224224731, 6340083.285872259177268 ], [ 653362.066375577589497, 6340083.285872259177268 ], [ 653362.066375577589497, 6340077.795323461294174 ], [ 653356.627877254155464, 6340077.795323461294174 ], [ 653356.627877254155464, 6340072.304774664342403 ], [ 653340.312382284086198, 6340072.304774664342403 ], [ 653340.312382284086198, 6340061.323677069507539 ], [ 653302.242894020513631, 6340061.323677069507539 ], [ 653302.242894020513631, 6340055.833128272555768 ], [ 653269.611904080375098, 6340055.833128272555768 ], [ 653269.611904080375098, 6340050.342579474672675 ], [ 653242.419412463554181, 6340050.342579474672675 ], [ 653242.419412463554181, 6340044.852030677720904 ], [ 653215.226920846733265, 6340044.852030677720904 ], [ 653215.226920846733265, 6340061.323677069507539 ], [ 653209.788422523299232, 6340061.323677069507539 ], [ 653209.788422523299232, 6340066.814225867390633 ], [ 653204.349924199981615, 6340066.814225867390633 ], [ 653204.349924199981615, 6340094.266969854012132 ], [ 653215.226920846733265, 6340094.266969854012132 ], [ 653215.226920846733265, 6340099.757518650963902 ], [ 653242.419412463554181, 6340099.757518650963902 ], [ 653242.419412463554181, 6340105.248067448846996 ], [ 653247.857910786871798, 6340105.248067448846996 ], [ 653247.857910786871798, 6340127.210262638516724 ], [ 653242.419412463554181, 6340127.210262638516724 ], [ 653242.419412463554181, 6340116.22916504368186 ], [ 653204.349924199981615, 6340116.22916504368186 ], [ 653204.349924199981615, 6340132.700811435468495 ], [ 653198.911425876663998, 6340132.700811435468495 ], [ 653198.911425876663998, 6340138.191360232420266 ], [ 653117.333951026201248, 6340138.191360232420266 ], [ 653117.333951026201248, 6340132.700811435468495 ], [ 653084.702961085946299, 6340132.700811435468495 ], [ 653084.702961085946299, 6340127.210262638516724 ], [ 653079.264462762628682, 6340127.210262638516724 ], [ 653079.264462762628682, 6340121.719713840633631 ], [ 653024.879479528986849, 6340121.719713840633631 ], [ 653024.879479528986849, 6340127.210262638516724 ], [ 653014.002482882235199, 6340127.210262638516724 ], [ 653014.002482882235199, 6340116.22916504368186 ], [ 652986.809991265414283, 6340116.22916504368186 ], [ 652986.809991265414283, 6340121.719713840633631 ], [ 652850.8475331813097, 6340121.719713840633631 ], [ 652850.8475331813097, 6340116.22916504368186 ], [ 652812.778044917737134, 6340116.22916504368186 ], [ 652812.778044917737134, 6340121.719713840633631 ], [ 652801.901048270985484, 6340121.719713840633631 ], [ 652801.901048270985484, 6340187.606299409642816 ], [ 652807.339546594419517, 6340187.606299409642816 ], [ 652807.339546594419517, 6340215.059043396264315 ], [ 652812.778044917737134, 6340215.059043396264315 ], [ 652812.778044917737134, 6340242.511787382885814 ], [ 652818.216543241054751, 6340242.511787382885814 ], [ 652818.216543241054751, 6340258.983433774672449 ], [ 652823.655041564488783, 6340258.983433774672449 ], [ 652823.655041564488783, 6340264.473982572555542 ], [ 652834.532038211240433, 6340264.473982572555542 ], [ 652834.532038211240433, 6340269.964531369507313 ], [ 652839.97053653455805, 6340269.964531369507313 ], [ 652839.97053653455805, 6340275.455080167390406 ], [ 652845.409034857875668, 6340275.455080167390406 ], [ 652845.409034857875668, 6340280.945628964342177 ], [ 652850.8475331813097, 6340280.945628964342177 ], [ 652850.8475331813097, 6340291.926726559177041 ], [ 652867.163028151378967, 6340291.926726559177041 ], [ 652867.163028151378967, 6340313.888921748846769 ], [ 652872.601526474696584, 6340313.888921748846769 ], [ 652872.601526474696584, 6340319.37947054579854 ], [ 652878.040024798130617, 6340319.37947054579854 ], [ 652878.040024798130617, 6340346.832214533351362 ], [ 652883.478523121448234, 6340346.832214533351362 ], [ 652883.478523121448234, 6340357.813312128186226 ], [ 652894.355519768199883, 6340357.813312128186226 ], [ 652894.355519768199883, 6340363.303860925137997 ], [ 652926.986509708454832, 6340363.303860925137997 ], [ 652926.986509708454832, 6340368.794409722089767 ], [ 652932.42500803177245, 6340368.794409722089767 ], [ 652932.42500803177245, 6340374.284958519972861 ], [ 652937.863506355090067, 6340374.284958519972861 ], [ 652937.863506355090067, 6340379.775507316924632 ], [ 652943.302004678524099, 6340379.775507316924632 ], [ 652943.302004678524099, 6340385.266056114807725 ], [ 652959.617499648593366, 6340385.266056114807725 ], [ 652959.617499648593366, 6340390.756604911759496 ], [ 652965.055997971910983, 6340390.756604911759496 ], [ 652965.055997971910983, 6340407.228251304477453 ], [ 652959.617499648593366, 6340407.228251304477453 ], [ 652959.617499648593366, 6340418.209348899312317 ], [ 652954.179001325275749, 6340418.209348899312317 ], [ 652954.179001325275749, 6340429.190446493215859 ], [ 652948.740503001841716, 6340429.190446493215859 ], [ 652948.740503001841716, 6340451.152641682885587 ], [ 652943.302004678524099, 6340451.152641682885587 ], [ 652943.302004678524099, 6340484.09593446739018 ], [ 652937.863506355090067, 6340484.09593446739018 ], [ 652937.863506355090067, 6340506.058129657059908 ], [ 652932.42500803177245, 6340506.058129657059908 ], [ 652932.42500803177245, 6340511.548678454011679 ], [ 652905.232516414951533, 6340511.548678454011679 ], [ 652905.232516414951533, 6340517.039227251894772 ], [ 652883.478523121448234, 6340517.039227251894772 ], [ 652883.478523121448234, 6340533.510873643681407 ], [ 652878.040024798130617, 6340533.510873643681407 ], [ 652878.040024798130617, 6340539.0014224415645 ], [ 652867.163028151378967, 6340539.0014224415645 ], [ 652867.163028151378967, 6340544.491971238516271 ], [ 652856.286031504627317, 6340544.491971238516271 ], [ 652856.286031504627317, 6340549.982520035468042 ], [ 652850.8475331813097, 6340549.982520035468042 ], [ 652850.8475331813097, 6340560.963617630302906 ], [ 652845.409034857875668, 6340560.963617630302906 ], [ 652845.409034857875668, 6340593.906910414807498 ], [ 652850.8475331813097, 6340593.906910414807498 ], [ 652850.8475331813097, 6340599.397459212690592 ], [ 652856.286031504627317, 6340599.397459212690592 ], [ 652856.286031504627317, 6340604.888008009642363 ], [ 652861.72452982806135, 6340604.888008009642363 ], [ 652861.72452982806135, 6340621.359654401428998 ], [ 652867.163028151378967, 6340621.359654401428998 ], [ 652867.163028151378967, 6340626.850203199312091 ], [ 652872.601526474696584, 6340626.850203199312091 ], [ 652872.601526474696584, 6340632.340751996263862 ], [ 652878.040024798130617, 6340632.340751996263862 ], [ 652878.040024798130617, 6340648.812398388981819 ], [ 652883.478523121448234, 6340648.812398388981819 ], [ 652883.478523121448234, 6340676.265142375603318 ], [ 652888.917021444882266, 6340676.265142375603318 ], [ 652888.917021444882266, 6340681.755691172555089 ], [ 652894.355519768199883, 6340681.755691172555089 ], [ 652894.355519768199883, 6340692.736788767389953 ], [ 652899.794018091517501, 6340692.736788767389953 ], [ 652899.794018091517501, 6340698.227337565273046 ], [ 652916.109513061703183, 6340698.227337565273046 ], [ 652916.109513061703183, 6340703.717886362224817 ], [ 652926.986509708454832, 6340703.717886362224817 ], [ 652926.986509708454832, 6340709.208435160107911 ], [ 652986.809991265414283, 6340709.208435160107911 ], [ 652986.809991265414283, 6340720.189532754011452 ], [ 653008.563984558917582, 6340720.189532754011452 ], [ 653008.563984558917582, 6340725.680081551894546 ], [ 653024.879479528986849, 6340725.680081551894546 ], [ 653024.879479528986849, 6340731.170630348846316 ], [ 653030.317977852304466, 6340731.170630348846316 ], [ 653030.317977852304466, 6340736.66117914672941 ], [ 653046.633472822373733, 6340736.66117914672941 ], [ 653046.633472822373733, 6340742.15172794368118 ], [ 653073.825964439194649, 6340742.15172794368118 ], [ 653073.825964439194649, 6340736.66117914672941 ], [ 653106.456954379449598, 6340736.66117914672941 ] ], [ [ 653008.563984558917582, 6340385.266056114807725 ], [ 653014.002482882235199, 6340385.266056114807725 ], [ 653014.002482882235199, 6340379.775507316924632 ], [ 653019.440981205552816, 6340379.775507316924632 ], [ 653019.440981205552816, 6340324.870019343681633 ], [ 653068.387466115877032, 6340324.870019343681633 ], [ 653068.387466115877032, 6340330.360568140633404 ], [ 653073.825964439194649, 6340330.360568140633404 ], [ 653073.825964439194649, 6340335.851116938516498 ], [ 653079.264462762628682, 6340335.851116938516498 ], [ 653079.264462762628682, 6340352.322763330303133 ], [ 653084.702961085946299, 6340352.322763330303133 ], [ 653084.702961085946299, 6340374.284958519972861 ], [ 653079.264462762628682, 6340374.284958519972861 ], [ 653079.264462762628682, 6340379.775507316924632 ], [ 653073.825964439194649, 6340379.775507316924632 ], [ 653073.825964439194649, 6340385.266056114807725 ], [ 653068.387466115877032, 6340385.266056114807725 ], [ 653068.387466115877032, 6340390.756604911759496 ], [ 653062.948967792559415, 6340390.756604911759496 ], [ 653062.948967792559415, 6340396.247153709642589 ], [ 653035.756476175738499, 6340396.247153709642589 ], [ 653035.756476175738499, 6340390.756604911759496 ], [ 653008.563984558917582, 6340390.756604911759496 ], [ 653008.563984558917582, 6340385.266056114807725 ] ], [ [ 652975.932994618662633, 6340313.888921748846769 ], [ 652986.809991265414283, 6340313.888921748846769 ], [ 652986.809991265414283, 6340335.851116938516498 ], [ 652981.371492942096666, 6340335.851116938516498 ], [ 652981.371492942096666, 6340330.360568140633404 ], [ 652975.932994618662633, 6340330.360568140633404 ], [ 652975.932994618662633, 6340313.888921748846769 ] ] ], [ [ [ 654172.402625758899376, 6340742.15172794368118 ], [ 654172.402625758899376, 6340736.66117914672941 ], [ 654199.595117375720292, 6340736.66117914672941 ], [ 654199.595117375720292, 6340725.680081551894546 ], [ 654210.472114022355527, 6340725.680081551894546 ], [ 654210.472114022355527, 6340720.189532754011452 ], [ 654237.664605639176443, 6340720.189532754011452 ], [ 654237.664605639176443, 6340714.698983957059681 ], [ 654248.541602285928093, 6340714.698983957059681 ], [ 654248.541602285928093, 6340709.208435160107911 ], [ 654259.418598932679743, 6340709.208435160107911 ], [ 654259.418598932679743, 6340703.717886362224817 ], [ 654264.85709725599736, 6340703.717886362224817 ], [ 654264.85709725599736, 6340698.227337565273046 ], [ 654281.172592226183042, 6340698.227337565273046 ], [ 654281.172592226183042, 6340687.246239970438182 ], [ 654286.611090549500659, 6340687.246239970438182 ], [ 654286.611090549500659, 6340681.755691172555089 ], [ 654297.488087196252309, 6340681.755691172555089 ], [ 654297.488087196252309, 6340676.265142375603318 ], [ 654319.242080489639193, 6340676.265142375603318 ], [ 654319.242080489639193, 6340670.774593577720225 ], [ 654324.680578813073225, 6340670.774593577720225 ], [ 654324.680578813073225, 6340665.284044780768454 ], [ 654340.996073783142492, 6340665.284044780768454 ], [ 654340.996073783142492, 6340659.793495982885361 ], [ 654368.188565399963409, 6340659.793495982885361 ], [ 654368.188565399963409, 6340621.359654401428998 ], [ 654362.750067076645792, 6340621.359654401428998 ], [ 654362.750067076645792, 6340615.869105604477227 ], [ 654357.311568753211759, 6340615.869105604477227 ], [ 654357.311568753211759, 6340604.888008009642363 ], [ 654346.434572106460109, 6340604.888008009642363 ], [ 654346.434572106460109, 6340599.397459212690592 ], [ 654340.996073783142492, 6340599.397459212690592 ], [ 654340.996073783142492, 6340588.416361617855728 ], [ 654335.557575459824875, 6340588.416361617855728 ], [ 654335.557575459824875, 6340582.925812819972634 ], [ 654330.119077136390842, 6340582.925812819972634 ], [ 654330.119077136390842, 6340577.435264023020864 ], [ 654324.680578813073225, 6340577.435264023020864 ], [ 654324.680578813073225, 6340571.94471522513777 ], [ 654319.242080489639193, 6340571.94471522513777 ], [ 654319.242080489639193, 6340560.963617630302906 ], [ 654308.365083843003958, 6340560.963617630302906 ], [ 654308.365083843003958, 6340555.473068833351135 ], [ 654302.926585519569926, 6340555.473068833351135 ], [ 654302.926585519569926, 6340549.982520035468042 ], [ 654264.85709725599736, 6340549.982520035468042 ], [ 654264.85709725599736, 6340555.473068833351135 ], [ 654253.980100609362125, 6340555.473068833351135 ], [ 654253.980100609362125, 6340560.963617630302906 ], [ 654237.664605639176443, 6340560.963617630302906 ], [ 654237.664605639176443, 6340571.94471522513777 ], [ 654232.226107315858826, 6340571.94471522513777 ], [ 654232.226107315858826, 6340577.435264023020864 ], [ 654221.349110669107176, 6340577.435264023020864 ], [ 654221.349110669107176, 6340621.359654401428998 ], [ 654215.910612345789559, 6340621.359654401428998 ], [ 654215.910612345789559, 6340637.831300794146955 ], [ 654210.472114022355527, 6340637.831300794146955 ], [ 654210.472114022355527, 6340643.321849591098726 ], [ 654205.03361569903791, 6340643.321849591098726 ], [ 654205.03361569903791, 6340648.812398388981819 ], [ 654199.595117375720292, 6340648.812398388981819 ], [ 654199.595117375720292, 6340659.793495982885361 ], [ 654188.718120728968643, 6340659.793495982885361 ], [ 654188.718120728968643, 6340665.284044780768454 ], [ 654177.841124082216993, 6340665.284044780768454 ], [ 654177.841124082216993, 6340670.774593577720225 ], [ 654172.402625758899376, 6340670.774593577720225 ], [ 654172.402625758899376, 6340676.265142375603318 ], [ 654101.702147555071861, 6340676.265142375603318 ], [ 654101.702147555071861, 6340681.755691172555089 ], [ 654096.263649231754243, 6340681.755691172555089 ], [ 654096.263649231754243, 6340714.698983957059681 ], [ 654101.702147555071861, 6340714.698983957059681 ], [ 654101.702147555071861, 6340731.170630348846316 ], [ 654107.140645878505893, 6340731.170630348846316 ], [ 654107.140645878505893, 6340736.66117914672941 ], [ 654118.017642525257543, 6340736.66117914672941 ], [ 654118.017642525257543, 6340742.15172794368118 ], [ 654123.45614084857516, 6340742.15172794368118 ], [ 654123.45614084857516, 6340747.642276741564274 ], [ 654156.087130788713694, 6340747.642276741564274 ], [ 654156.087130788713694, 6340742.15172794368118 ], [ 654172.402625758899376, 6340742.15172794368118 ] ] ], [ [ [ 652067.703774616820738, 6341307.678254073485732 ], [ 652067.703774616820738, 6341302.187705275602639 ], [ 652078.580771263572387, 6341302.187705275602639 ], [ 652078.580771263572387, 6341296.697156478650868 ], [ 652094.896266233641654, 6341296.697156478650868 ], [ 652094.896266233641654, 6341291.206607681699097 ], [ 652100.334764556959271, 6341291.206607681699097 ], [ 652100.334764556959271, 6341285.716058883816004 ], [ 652105.773262880393304, 6341285.716058883816004 ], [ 652105.773262880393304, 6341280.225510086864233 ], [ 652127.527256173780188, 6341280.225510086864233 ], [ 652127.527256173780188, 6341274.73496128898114 ], [ 652138.404252820531838, 6341274.73496128898114 ], [ 652138.404252820531838, 6341269.244412492029369 ], [ 652143.84275114396587, 6341269.244412492029369 ], [ 652143.84275114396587, 6341263.753863694146276 ], [ 652154.719747790601104, 6341263.753863694146276 ], [ 652154.719747790601104, 6341258.263314897194505 ], [ 652176.473741084104404, 6341258.263314897194505 ], [ 652176.473741084104404, 6341247.282217302359641 ], [ 652187.350737730856054, 6341247.282217302359641 ], [ 652187.350737730856054, 6341241.791668504476547 ], [ 652203.66623270092532, 6341241.791668504476547 ], [ 652203.66623270092532, 6341236.301119707524776 ], [ 652219.981727670994587, 6341236.301119707524776 ], [ 652219.981727670994587, 6341230.810570910573006 ], [ 652225.42022599442862, 6341230.810570910573006 ], [ 652225.42022599442862, 6341225.320022112689912 ], [ 652236.297222641063854, 6341225.320022112689912 ], [ 652236.297222641063854, 6341219.829473315738142 ], [ 652258.051215934567153, 6341219.829473315738142 ], [ 652258.051215934567153, 6341214.338924517855048 ], [ 652268.928212581318803, 6341214.338924517855048 ], [ 652268.928212581318803, 6341208.848375720903277 ], [ 652274.36671090463642, 6341208.848375720903277 ], [ 652274.36671090463642, 6341203.357826923020184 ], [ 652285.24370755138807, 6341203.357826923020184 ], [ 652285.24370755138807, 6341197.867278126068413 ], [ 652312.436199168208987, 6341197.867278126068413 ], [ 652312.436199168208987, 6341192.37672932818532 ], [ 652317.874697491526604, 6341192.37672932818532 ], [ 652317.874697491526604, 6341186.886180531233549 ], [ 652334.190192461712286, 6341186.886180531233549 ], [ 652334.190192461712286, 6341181.395631733350456 ], [ 652350.505687431781553, 6341181.395631733350456 ], [ 652350.505687431781553, 6341175.905082936398685 ], [ 652361.382684078533202, 6341175.905082936398685 ], [ 652361.382684078533202, 6341170.414534139446914 ], [ 652372.259680725284852, 6341170.414534139446914 ], [ 652372.259680725284852, 6341164.923985341563821 ], [ 652388.575175695354119, 6341164.923985341563821 ], [ 652388.575175695354119, 6341159.43343654461205 ], [ 652404.890670665423386, 6341159.43343654461205 ], [ 652404.890670665423386, 6341153.942887746728957 ], [ 652415.767667312175035, 6341153.942887746728957 ], [ 652415.767667312175035, 6341148.452338949777186 ], [ 652426.644663958926685, 6341148.452338949777186 ], [ 652426.644663958926685, 6341142.961790151894093 ], [ 652442.960158928995952, 6341142.961790151894093 ], [ 652442.960158928995952, 6341137.471241354942322 ], [ 652475.591148869134486, 6341137.471241354942322 ], [ 652475.591148869134486, 6341126.490143760107458 ], [ 652491.906643839203753, 6341126.490143760107458 ], [ 652491.906643839203753, 6341120.999594963155687 ], [ 652513.660637132707052, 6341120.999594963155687 ], [ 652513.660637132707052, 6341115.509046165272593 ], [ 652535.414630426210351, 6341115.509046165272593 ], [ 652535.414630426210351, 6341110.018497368320823 ], [ 652546.291627072845586, 6341110.018497368320823 ], [ 652546.291627072845586, 6341104.527948570437729 ], [ 652589.799613659852184, 6341104.527948570437729 ], [ 652589.799613659852184, 6341099.037399773485959 ], [ 652622.430603599990718, 6341099.037399773485959 ], [ 652622.430603599990718, 6341093.546850975602865 ], [ 652633.307600246742368, 6341093.546850975602865 ], [ 652633.307600246742368, 6341088.056302178651094 ], [ 652644.184596893494017, 6341088.056302178651094 ], [ 652644.184596893494017, 6341082.565753380768001 ], [ 652660.500091863563284, 6341082.565753380768001 ], [ 652660.500091863563284, 6341077.07520458381623 ], [ 652693.131081803701818, 6341077.07520458381623 ], [ 652693.131081803701818, 6341071.584655785933137 ], [ 652704.008078450453468, 6341071.584655785933137 ], [ 652704.008078450453468, 6341066.094106988981366 ], [ 652747.516065037343651, 6341066.094106988981366 ], [ 652747.516065037343651, 6341060.603558192029595 ], [ 652801.901048270985484, 6341060.603558192029595 ], [ 652801.901048270985484, 6341055.113009394146502 ], [ 652829.093539887806401, 6341055.113009394146502 ], [ 652829.093539887806401, 6341049.622460597194731 ], [ 652856.286031504627317, 6341049.622460597194731 ], [ 652856.286031504627317, 6341044.131911799311638 ], [ 652872.601526474696584, 6341044.131911799311638 ], [ 652872.601526474696584, 6341038.641363002359867 ], [ 652937.863506355090067, 6341038.641363002359867 ], [ 652937.863506355090067, 6341033.150814204476774 ], [ 652948.740503001841716, 6341033.150814204476774 ], [ 652948.740503001841716, 6341027.660265407525003 ], [ 652992.2484895887319, 6341027.660265407525003 ], [ 652992.2484895887319, 6341022.16971660964191 ], [ 653035.756476175738499, 6341022.16971660964191 ], [ 653035.756476175738499, 6341016.679167812690139 ], [ 653106.456954379449598, 6341016.679167812690139 ], [ 653106.456954379449598, 6341011.188619014807045 ], [ 653144.526442643022165, 6341011.188619014807045 ], [ 653144.526442643022165, 6341005.698070217855275 ], [ 653177.157432583160698, 6341005.698070217855275 ], [ 653177.157432583160698, 6341000.207521420903504 ], [ 653258.734907433623448, 6341000.207521420903504 ], [ 653258.734907433623448, 6340994.716972623020411 ], [ 653269.611904080375098, 6340994.716972623020411 ], [ 653269.611904080375098, 6340989.22642382606864 ], [ 653307.681392343947664, 6340989.22642382606864 ], [ 653307.681392343947664, 6340983.735875028185546 ], [ 653334.87388396076858, 6340983.735875028185546 ], [ 653334.87388396076858, 6340978.245326231233776 ], [ 653400.135863841045648, 6340978.245326231233776 ], [ 653400.135863841045648, 6340972.754777433350682 ], [ 653405.57436216447968, 6340972.754777433350682 ], [ 653405.57436216447968, 6340983.735875028185546 ], [ 653432.766853781300597, 6340983.735875028185546 ], [ 653432.766853781300597, 6340972.754777433350682 ], [ 653459.959345398121513, 6340972.754777433350682 ], [ 653459.959345398121513, 6340967.264228636398911 ], [ 653465.397843721439131, 6340967.264228636398911 ], [ 653465.397843721439131, 6340961.773679838515818 ], [ 653476.27484036819078, 6340961.773679838515818 ], [ 653476.27484036819078, 6340956.283131041564047 ], [ 653481.713338691508397, 6340956.283131041564047 ], [ 653481.713338691508397, 6340950.792582243680954 ], [ 653487.15183701494243, 6340950.792582243680954 ], [ 653487.15183701494243, 6340945.302033446729183 ], [ 653536.098321925266646, 6340945.302033446729183 ], [ 653536.098321925266646, 6340939.811484649777412 ], [ 653563.290813542087562, 6340939.811484649777412 ], [ 653563.290813542087562, 6340928.830387054942548 ], [ 653579.606308512156829, 6340928.830387054942548 ], [ 653579.606308512156829, 6340923.339838257059455 ], [ 653595.921803482226096, 6340923.339838257059455 ], [ 653595.921803482226096, 6340917.849289460107684 ], [ 653612.237298452295363, 6340917.849289460107684 ], [ 653612.237298452295363, 6340912.358740662224591 ], [ 653617.675796775729395, 6340912.358740662224591 ], [ 653617.675796775729395, 6340906.86819186527282 ], [ 653628.55279342236463, 6340906.86819186527282 ], [ 653628.55279342236463, 6340901.377643067389727 ], [ 653650.306786715867929, 6340901.377643067389727 ], [ 653650.306786715867929, 6340895.887094270437956 ], [ 653661.183783362619579, 6340895.887094270437956 ], [ 653661.183783362619579, 6340890.396545472554862 ], [ 653666.622281685937196, 6340890.396545472554862 ], [ 653666.622281685937196, 6340884.905996675603092 ], [ 653677.499278332688846, 6340884.905996675603092 ], [ 653677.499278332688846, 6340879.415447878651321 ], [ 653693.814773302758113, 6340879.415447878651321 ], [ 653693.814773302758113, 6340873.924899080768228 ], [ 653699.253271626192145, 6340873.924899080768228 ], [ 653699.253271626192145, 6340868.434350283816457 ], [ 653704.691769949509762, 6340868.434350283816457 ], [ 653704.691769949509762, 6340862.943801485933363 ], [ 653710.130268272827379, 6340862.943801485933363 ], [ 653710.130268272827379, 6340857.453252688981593 ], [ 653726.445763243013062, 6340857.453252688981593 ], [ 653726.445763243013062, 6340851.962703891098499 ], [ 653731.884261566330679, 6340851.962703891098499 ], [ 653731.884261566330679, 6340846.472155094146729 ], [ 653737.322759889648296, 6340846.472155094146729 ], [ 653737.322759889648296, 6340840.981606296263635 ], [ 653742.761258213082328, 6340840.981606296263635 ], [ 653742.761258213082328, 6340835.491057499311864 ], [ 653748.199756536399946, 6340835.491057499311864 ], [ 653748.199756536399946, 6340830.000508702360094 ], [ 653753.638254859833978, 6340830.000508702360094 ], [ 653753.638254859833978, 6340824.509959904477 ], [ 653759.076753183151595, 6340824.509959904477 ], [ 653759.076753183151595, 6340819.019411107525229 ], [ 653764.515251506469212, 6340819.019411107525229 ], [ 653764.515251506469212, 6340813.528862309642136 ], [ 653775.392248153220862, 6340813.528862309642136 ], [ 653775.392248153220862, 6340808.038313512690365 ], [ 653780.830746476654895, 6340808.038313512690365 ], [ 653780.830746476654895, 6340802.547764714807272 ], [ 653791.707743123290129, 6340802.547764714807272 ], [ 653791.707743123290129, 6340797.057215917855501 ], [ 653802.584739770041779, 6340797.057215917855501 ], [ 653802.584739770041779, 6340786.076118323020637 ], [ 653813.461736416793428, 6340786.076118323020637 ], [ 653813.461736416793428, 6340780.585569525137544 ], [ 653818.900234740111046, 6340780.585569525137544 ], [ 653818.900234740111046, 6340769.604471931234002 ], [ 653824.338733063545078, 6340769.604471931234002 ], [ 653824.338733063545078, 6340764.113923133350909 ], [ 653829.777231386862695, 6340764.113923133350909 ], [ 653829.777231386862695, 6340758.623374336399138 ], [ 653835.215729710296728, 6340758.623374336399138 ], [ 653835.215729710296728, 6340753.132825538516045 ], [ 653840.654228033614345, 6340753.132825538516045 ], [ 653840.654228033614345, 6340742.15172794368118 ], [ 653846.092726356931962, 6340742.15172794368118 ], [ 653846.092726356931962, 6340725.680081551894546 ], [ 653851.531224680365995, 6340725.680081551894546 ], [ 653851.531224680365995, 6340714.698983957059681 ], [ 653856.969723003683612, 6340714.698983957059681 ], [ 653856.969723003683612, 6340709.208435160107911 ], [ 653862.408221327117644, 6340709.208435160107911 ], [ 653862.408221327117644, 6340698.227337565273046 ], [ 653867.846719650435261, 6340698.227337565273046 ], [ 653867.846719650435261, 6340687.246239970438182 ], [ 653873.285217973752879, 6340687.246239970438182 ], [ 653873.285217973752879, 6340681.755691172555089 ], [ 653878.723716297186911, 6340681.755691172555089 ], [ 653878.723716297186911, 6340610.378556806594133 ], [ 653884.162214620504528, 6340610.378556806594133 ], [ 653884.162214620504528, 6340544.491971238516271 ], [ 653802.584739770041779, 6340544.491971238516271 ], [ 653802.584739770041779, 6340549.982520035468042 ], [ 653797.146241446724162, 6340549.982520035468042 ], [ 653797.146241446724162, 6340560.963617630302906 ], [ 653786.269244799972512, 6340560.963617630302906 ], [ 653786.269244799972512, 6340571.94471522513777 ], [ 653780.830746476654895, 6340571.94471522513777 ], [ 653780.830746476654895, 6340582.925812819972634 ], [ 653775.392248153220862, 6340582.925812819972634 ], [ 653775.392248153220862, 6340593.906910414807498 ], [ 653769.953749829903245, 6340593.906910414807498 ], [ 653769.953749829903245, 6340599.397459212690592 ], [ 653764.515251506469212, 6340599.397459212690592 ], [ 653764.515251506469212, 6340610.378556806594133 ], [ 653759.076753183151595, 6340610.378556806594133 ], [ 653759.076753183151595, 6340615.869105604477227 ], [ 653753.638254859833978, 6340615.869105604477227 ], [ 653753.638254859833978, 6340626.850203199312091 ], [ 653748.199756536399946, 6340626.850203199312091 ], [ 653748.199756536399946, 6340632.340751996263862 ], [ 653742.761258213082328, 6340632.340751996263862 ], [ 653742.761258213082328, 6340643.321849591098726 ], [ 653731.884261566330679, 6340643.321849591098726 ], [ 653731.884261566330679, 6340648.812398388981819 ], [ 653726.445763243013062, 6340648.812398388981819 ], [ 653726.445763243013062, 6340654.30294718593359 ], [ 653699.253271626192145, 6340654.30294718593359 ], [ 653699.253271626192145, 6340659.793495982885361 ], [ 653688.376274979440495, 6340659.793495982885361 ], [ 653688.376274979440495, 6340670.774593577720225 ], [ 653682.937776656006463, 6340670.774593577720225 ], [ 653682.937776656006463, 6340676.265142375603318 ], [ 653666.622281685937196, 6340676.265142375603318 ], [ 653666.622281685937196, 6340681.755691172555089 ], [ 653655.745285039185546, 6340681.755691172555089 ], [ 653655.745285039185546, 6340692.736788767389953 ], [ 653650.306786715867929, 6340692.736788767389953 ], [ 653650.306786715867929, 6340698.227337565273046 ], [ 653644.868288392550312, 6340698.227337565273046 ], [ 653644.868288392550312, 6340709.208435160107911 ], [ 653639.429790069116279, 6340709.208435160107911 ], [ 653639.429790069116279, 6340720.189532754011452 ], [ 653633.991291745798662, 6340720.189532754011452 ], [ 653633.991291745798662, 6340725.680081551894546 ], [ 653623.114295099047013, 6340725.680081551894546 ], [ 653623.114295099047013, 6340731.170630348846316 ], [ 653617.675796775729395, 6340731.170630348846316 ], [ 653617.675796775729395, 6340736.66117914672941 ], [ 653606.798800128977746, 6340736.66117914672941 ], [ 653606.798800128977746, 6340742.15172794368118 ], [ 653595.921803482226096, 6340742.15172794368118 ], [ 653595.921803482226096, 6340747.642276741564274 ], [ 653590.483305158908479, 6340747.642276741564274 ], [ 653590.483305158908479, 6340753.132825538516045 ], [ 653579.606308512156829, 6340753.132825538516045 ], [ 653579.606308512156829, 6340758.623374336399138 ], [ 653574.167810188722797, 6340758.623374336399138 ], [ 653574.167810188722797, 6340764.113923133350909 ], [ 653563.290813542087562, 6340764.113923133350909 ], [ 653563.290813542087562, 6340769.604471931234002 ], [ 653552.413816895335913, 6340769.604471931234002 ], [ 653552.413816895335913, 6340775.095020728185773 ], [ 653541.536820248584263, 6340775.095020728185773 ], [ 653541.536820248584263, 6340780.585569525137544 ], [ 653519.782826955080964, 6340780.585569525137544 ], [ 653519.782826955080964, 6340786.076118323020637 ], [ 653514.344328631763346, 6340786.076118323020637 ], [ 653514.344328631763346, 6340791.566667119972408 ], [ 653498.02883366169408, 6340791.566667119972408 ], [ 653498.02883366169408, 6340797.057215917855501 ], [ 653470.836342044873163, 6340797.057215917855501 ], [ 653470.836342044873163, 6340802.547764714807272 ], [ 653449.082348751369864, 6340802.547764714807272 ], [ 653449.082348751369864, 6340808.038313512690365 ], [ 653432.766853781300597, 6340808.038313512690365 ], [ 653432.766853781300597, 6340813.528862309642136 ], [ 653411.012860487797298, 6340813.528862309642136 ], [ 653411.012860487797298, 6340819.019411107525229 ], [ 653389.258867194410414, 6340819.019411107525229 ], [ 653389.258867194410414, 6340824.509959904477 ], [ 653367.504873900907114, 6340824.509959904477 ], [ 653367.504873900907114, 6340830.000508702360094 ], [ 653351.189378930837847, 6340830.000508702360094 ], [ 653351.189378930837847, 6340835.491057499311864 ], [ 653318.558388990582898, 6340835.491057499311864 ], [ 653318.558388990582898, 6340840.981606296263635 ], [ 653258.734907433623448, 6340840.981606296263635 ], [ 653258.734907433623448, 6340846.472155094146729 ], [ 653242.419412463554181, 6340846.472155094146729 ], [ 653242.419412463554181, 6340851.962703891098499 ], [ 653215.226920846733265, 6340851.962703891098499 ], [ 653215.226920846733265, 6340857.453252688981593 ], [ 653160.841937613091432, 6340857.453252688981593 ], [ 653160.841937613091432, 6340862.943801485933363 ], [ 653128.210947672836483, 6340862.943801485933363 ], [ 653128.210947672836483, 6340868.434350283816457 ], [ 653057.510469469125383, 6340868.434350283816457 ], [ 653057.510469469125383, 6340873.924899080768228 ], [ 653008.563984558917582, 6340873.924899080768228 ], [ 653008.563984558917582, 6340879.415447878651321 ], [ 652965.055997971910983, 6340879.415447878651321 ], [ 652965.055997971910983, 6340884.905996675603092 ], [ 652959.617499648593366, 6340884.905996675603092 ], [ 652959.617499648593366, 6340879.415447878651321 ], [ 652910.67101473826915, 6340879.415447878651321 ], [ 652910.67101473826915, 6340884.905996675603092 ], [ 652867.163028151378967, 6340884.905996675603092 ], [ 652867.163028151378967, 6340890.396545472554862 ], [ 652856.286031504627317, 6340890.396545472554862 ], [ 652856.286031504627317, 6340895.887094270437956 ], [ 652818.216543241054751, 6340895.887094270437956 ], [ 652818.216543241054751, 6340901.377643067389727 ], [ 652758.393061684095301, 6340901.377643067389727 ], [ 652758.393061684095301, 6340906.86819186527282 ], [ 652752.954563360777684, 6340906.86819186527282 ], [ 652752.954563360777684, 6340912.358740662224591 ], [ 652720.323573420522735, 6340912.358740662224591 ], [ 652720.323573420522735, 6340917.849289460107684 ], [ 652660.500091863563284, 6340917.849289460107684 ], [ 652660.500091863563284, 6340923.339838257059455 ], [ 652644.184596893494017, 6340923.339838257059455 ], [ 652644.184596893494017, 6340928.830387054942548 ], [ 652633.307600246742368, 6340928.830387054942548 ], [ 652633.307600246742368, 6340934.320935851894319 ], [ 652611.553606953239068, 6340934.320935851894319 ], [ 652611.553606953239068, 6340939.811484649777412 ], [ 652584.361115336418152, 6340939.811484649777412 ], [ 652584.361115336418152, 6340945.302033446729183 ], [ 652562.607122043031268, 6340945.302033446729183 ], [ 652562.607122043031268, 6340950.792582243680954 ], [ 652551.730125396279618, 6340950.792582243680954 ], [ 652551.730125396279618, 6340956.283131041564047 ], [ 652529.976132102776319, 6340956.283131041564047 ], [ 652529.976132102776319, 6340961.773679838515818 ], [ 652513.660637132707052, 6340961.773679838515818 ], [ 652513.660637132707052, 6340956.283131041564047 ], [ 652470.152650545816869, 6340956.283131041564047 ], [ 652470.152650545816869, 6340967.264228636398911 ], [ 652459.275653899065219, 6340967.264228636398911 ], [ 652459.275653899065219, 6340972.754777433350682 ], [ 652453.837155575747602, 6340972.754777433350682 ], [ 652453.837155575747602, 6340978.245326231233776 ], [ 652448.398657252313569, 6340978.245326231233776 ], [ 652448.398657252313569, 6340983.735875028185546 ], [ 652432.083162282244302, 6340983.735875028185546 ], [ 652432.083162282244302, 6340989.22642382606864 ], [ 652421.206165635492653, 6340989.22642382606864 ], [ 652421.206165635492653, 6340994.716972623020411 ], [ 652415.767667312175035, 6340994.716972623020411 ], [ 652415.767667312175035, 6340989.22642382606864 ], [ 652361.382684078533202, 6340989.22642382606864 ], [ 652361.382684078533202, 6340994.716972623020411 ], [ 652350.505687431781553, 6340994.716972623020411 ], [ 652350.505687431781553, 6341000.207521420903504 ], [ 652334.190192461712286, 6341000.207521420903504 ], [ 652334.190192461712286, 6341005.698070217855275 ], [ 652323.313195814960636, 6341005.698070217855275 ], [ 652323.313195814960636, 6341011.188619014807045 ], [ 652306.997700844891369, 6341011.188619014807045 ], [ 652306.997700844891369, 6341016.679167812690139 ], [ 652285.24370755138807, 6341016.679167812690139 ], [ 652285.24370755138807, 6341022.16971660964191 ], [ 652268.928212581318803, 6341022.16971660964191 ], [ 652268.928212581318803, 6341027.660265407525003 ], [ 652258.051215934567153, 6341027.660265407525003 ], [ 652258.051215934567153, 6341033.150814204476774 ], [ 652247.174219287815504, 6341033.150814204476774 ], [ 652247.174219287815504, 6341038.641363002359867 ], [ 652241.735720964497887, 6341038.641363002359867 ], [ 652241.735720964497887, 6341044.131911799311638 ], [ 652230.858724317746237, 6341044.131911799311638 ], [ 652230.858724317746237, 6341049.622460597194731 ], [ 652219.981727670994587, 6341049.622460597194731 ], [ 652219.981727670994587, 6341055.113009394146502 ], [ 652203.66623270092532, 6341055.113009394146502 ], [ 652203.66623270092532, 6341060.603558192029595 ], [ 652187.350737730856054, 6341060.603558192029595 ], [ 652187.350737730856054, 6341066.094106988981366 ], [ 652176.473741084104404, 6341066.094106988981366 ], [ 652176.473741084104404, 6341071.584655785933137 ], [ 652165.596744437352754, 6341071.584655785933137 ], [ 652165.596744437352754, 6341077.07520458381623 ], [ 652149.281249467283487, 6341077.07520458381623 ], [ 652149.281249467283487, 6341082.565753380768001 ], [ 652132.96575449721422, 6341082.565753380768001 ], [ 652132.96575449721422, 6341088.056302178651094 ], [ 652127.527256173780188, 6341088.056302178651094 ], [ 652127.527256173780188, 6341093.546850975602865 ], [ 652116.650259527144954, 6341093.546850975602865 ], [ 652116.650259527144954, 6341099.037399773485959 ], [ 652105.773262880393304, 6341099.037399773485959 ], [ 652105.773262880393304, 6341104.527948570437729 ], [ 652100.334764556959271, 6341104.527948570437729 ], [ 652100.334764556959271, 6341115.509046165272593 ], [ 652094.896266233641654, 6341115.509046165272593 ], [ 652094.896266233641654, 6341120.999594963155687 ], [ 652084.019269586890005, 6341120.999594963155687 ], [ 652084.019269586890005, 6341126.490143760107458 ], [ 652078.580771263572387, 6341126.490143760107458 ], [ 652078.580771263572387, 6341131.980692557059228 ], [ 652067.703774616820738, 6341131.980692557059228 ], [ 652067.703774616820738, 6341137.471241354942322 ], [ 652045.949781323317438, 6341137.471241354942322 ], [ 652045.949781323317438, 6341142.961790151894093 ], [ 652040.511283, 6341142.961790151894093 ], [ 652040.511283, 6341313.168802870437503 ], [ 652062.265276293503121, 6341313.168802870437503 ], [ 652062.265276293503121, 6341307.678254073485732 ], [ 652067.703774616820738, 6341307.678254073485732 ] ] ], [ [ [ 653188.034429229912348, 6341241.791668504476547 ], [ 653188.034429229912348, 6341214.338924517855048 ], [ 653177.157432583160698, 6341214.338924517855048 ], [ 653177.157432583160698, 6341203.357826923020184 ], [ 653133.649445996270515, 6341203.357826923020184 ], [ 653133.649445996270515, 6341214.338924517855048 ], [ 653128.210947672836483, 6341214.338924517855048 ], [ 653128.210947672836483, 6341247.282217302359641 ], [ 653177.157432583160698, 6341247.282217302359641 ], [ 653177.157432583160698, 6341241.791668504476547 ], [ 653188.034429229912348, 6341241.791668504476547 ] ] ] ] } }
]
}
