{
"type": "FeatureCollection",
"name": "roads_flooded",
"crs": { "type": "name", "properties": { "name": "urn:ogc:def:crs:EPSG::32641" } },
"features": [
{ "type": "Feature", "properties": { "osm_id": "26723874", "name": "мост Влюблённых", "highway": "footway", "waterway": null, "aerialway": null, "barrier": null, "man_made": null, "railway": null, "z_order": 20, "other_tags": "\"bridge\"=>\"yes\",\"description\"=>\"Пешеходный мост\",\"layer\"=>\"1\",\"lit\"=>\"yes\",\"smoothness\"=>\"excellent\",\"surface\"=>\"asphalt\",\"wikidata\"=>\"Q19521596\",\"wikipedia\"=>\"ru:Мост влюблённых (Тюмень)\"", "side": "south" }, "geometry": { "type": "LineString", "coordinates": [ [ 652427.386406444129534, 6338386.313547872006893 ], [ 652532.046753893140703, 6338515.239669281989336 ], [ 652584.866629151511006, 6338580.306985410861671 ] ] } },
{ "type": "Feature", "properties": { "osm_id": "26723945", "name": "Поперечная улица", "highway": "residential", "waterway": null, "aerialway": null, "barrier": null, "man_made": null, "railway": null, "z_order": 3, "other_tags": null, "side": "south" }, "geometry": { "type": "LineString", "coordinates": [ [ 652823.174628809094429, 6338418.81102157663554 ], [ 652868.889574187225662, 6338541.181727454066277 ], [ 652876.12231334275566, 6338562.275706922635436 ], [ 652916.019696077448316, 6338671.828928460367024 ], [ 652945.377834153361619, 6338763.218867348507047 ] ] } },
{ "type": "Feature", "properties": { "osm_id": "26971770", "name": null, "highway": "footway", "waterway": null, "aerialway": null, "barrier": null, "man_made": null, "railway": null, "z_order": 0, "other_tags": null, "side": "south" }, "geometry": { "type": "LineString", "coordinates": [ [ 652544.892264701193199, 6338561.867934696376324 ], [ 652546.552204309613444, 6338563.634205053560436 ], [ 652548.174221919034608, 6338565.443642867729068 ], [ 652553.299542173277587, 6338571.226980314590037 ], [ 652570.449847108102404, 6338557.16478200443089 ], [ 652571.7853819639422, 6338558.863339056260884 ], [ 652575.678077261080034, 6338556.244091114029288 ], [ 652582.763314151088707, 6338551.60366868507117 ], [ 652584.1414667845238, 6338546.428800485096872 ], [ 652774.858957030694, 6338445.065674367360771 ], [ 652805.208480946719646, 6338429.365479093044996 ], [ 652803.481310175033286, 6338426.148062857799232 ], [ 652802.349755331408232, 6338423.521007919684052 ], [ 652803.188304054085165, 6338420.008732366375625 ], [ 652795.604979965370148, 6338401.331021232530475 ] ] } },
{ "type": "Feature", "properties": { "osm_id": "36773495", "name": "Ижевская улица", "highway": "residential", "waterway": null, "aerialway": null, "barrier": null, "man_made": null, "railway": null, "z_order": 3, "other_tags": "\"postal_code\"=>\"625022\"", "side": "north" }, "geometry": { "type": "LineString", "coordinates": [ [ 653714.168488386902027, 6338791.491980370134115 ], [ 653728.559501860989258, 6338791.772568246349692 ], [ 653754.263623528880998, 6338793.054755035787821 ], [ 653763.856576985795982, 6338794.081287080422044 ], [ 653791.062195675098337, 6338796.979728967882693 ], [ 653844.533343472285196, 6338806.876043846830726 ], [ 653861.426174213294871, 6338810.515354455448687 ], [ 653869.298846916761249, 6338810.92075824085623 ], [ 653875.729250702890567, 6338809.745749899186194 ], [ 653884.93346683785785, 6338806.267490484751761 ], [ 653905.277647846844047, 6338799.34990362636745 ], [ 653912.758509952924214, 6338796.631905036978424 ], [ 653918.455976204713807, 6338794.983871116302907 ], [ 653922.053612472955137, 6338794.449688636697829 ], [ 653926.368321388610639, 6338793.842010539025068 ], [ 653949.650922734523192, 6338792.048679805360734 ], [ 653983.437548032496125, 6338790.391712188720703 ], [ 654033.092017163289711, 6338789.673583842813969 ], [ 654083.941401264630258, 6338789.056448301300406 ], [ 654115.42998279700987, 6338787.827195419929922 ], [ 654130.838192143244669, 6338786.163801210932434 ], [ 654143.514566533267498, 6338783.573697433806956 ], [ 654151.197083461564034, 6338782.267665544524789 ], [ 654159.182734092697501, 6338781.596989057026803 ], [ 654169.981104665668681, 6338781.633279046043754 ], [ 654185.393211496761069, 6338781.808805300854146 ], [ 654215.539750238065608, 6338782.312953918240964 ], [ 654227.00249204505235, 6338782.875687225721776 ], [ 654335.398726913845167, 6338790.655964089557528 ], [ 654347.574374163756147, 6338792.549454553984106 ], [ 654357.47974699002225, 6338796.385942201130092 ], [ 654362.768672984209843, 6338799.99379716347903 ], [ 654368.675660621840507, 6338804.716817809268832 ] ] } },
{ "type": "Feature", "properties": { "osm_id": "36773635", "name": "Мысовская улица", "highway": "residential", "waterway": null, "aerialway": null, "barrier": null, "man_made": null, "railway": null, "z_order": 3, "other_tags": "\"postal_code\"=>\"625022\",\"surface\"=>\"compacted\"", "side": "north" }, "geometry": { "type": "LineString", "coordinates": [ [ 653908.312427374883555, 6339289.168602147139609 ], [ 654001.097989788511768, 6339249.635642722249031 ], [ 654083.610624674824066, 6339215.358753097243607 ], [ 654090.534179019508883, 6339212.798550845123827 ], [ 654185.399293217924424, 6339187.186787084676325 ], [ 654241.132179962703958, 6339180.982590669766068 ] ] } },
{ "type": "Feature", "properties": { "osm_id": "36773767", "name": "Красноармейская улица", "highway": "residential", "waterway": null, "aerialway": null, "barrier": null, "man_made": null, "railway": null, "z_order": 3, "other_tags": "\"name:etymology:wikidata\"=>\"Q251395\",\"old_name\"=>\"Георгиевская улица\"", "side": "south" }, "geometry": { "type": "LineString", "coordinates": [ [ 652765.251186440815218, 6338807.748667306266725 ], [ 652735.158260733820498, 6338769.405461555346847 ], [ 652718.00137530034408, 6338747.55392431281507 ], [ 652650.950751990429126, 6338659.0370302060619 ], [ 652608.800454117008485, 6338611.601539401337504 ] ] } },
{ "type": "Feature", "properties": { "osm_id": "36774424", "name": "Сенная улица", "highway": "residential", "waterway": null, "aerialway": null, "barrier": null, "man_made": null, "railway": null, "z_order": 3, "other_tags": "\"postal_code\"=>\"625005\",\"surface\"=>\"asphalt\"", "side": "north" }, "geometry": { "type": "LineString", "coordinates": [ [ 652620.66626387508586, 6338948.426383742131293 ], [ 652608.201388049521483, 6338962.026714251376688 ], [ 652578.894757021102123, 6338994.803854663856328 ], [ 652559.039524853695184, 6338996.954577934928238 ], [ 652547.47578546940349, 6339008.950472693890333 ], [ 652538.980048304074444, 6339024.569911545142531 ], [ 652541.969847575877793, 6339030.630772341042757 ], [ 652549.442808873252943, 6339036.913335248827934 ], [ 652551.694978181854822, 6339042.623757165856659 ], [ 652549.590331877814606, 6339055.326443990692496 ], [ 652544.884196293307468, 6339073.225568148307502 ], [ 652543.05301881628111, 6339080.177635663188994 ], [ 652536.81766048213467, 6339100.471530417911708 ], [ 652530.043327703373507, 6339123.553424439392984 ], [ 652507.183064902550541, 6339190.877840736880898 ], [ 652490.720021148677915, 6339201.489104218780994 ], [ 652460.839648822555318, 6339308.55596050620079 ] ] } },
{ "type": "Feature", "properties": { "osm_id": "36774532", "name": "Рейдовая улица", "highway": "residential", "waterway": null, "aerialway": null, "barrier": null, "man_made": null, "railway": null, "z_order": 3, "other_tags": null, "side": "north" }, "geometry": { "type": "LineString", "coordinates": [ [ 652880.464007120579481, 6339199.341595001518726 ], [ 652901.48263301467523, 6339171.696575517766178 ], [ 652888.704882038058713, 6339077.579196350648999 ], [ 652879.669854070758447, 6339016.181996138766408 ], [ 652878.259858870878816, 6339001.978463931009173 ] ] } },
{ "type": "Feature", "properties": { "osm_id": "39480509", "name": "Береговая улица", "highway": "residential", "waterway": null, "aerialway": null, "barrier": null, "man_made": null, "railway": null, "z_order": 3, "other_tags": "\"lanes\"=>\"1\"", "side": "south" }, "geometry": { "type": "LineString", "coordinates": [ [ 653803.43160484964028, 6338479.347552908584476 ], [ 653789.811319031170569, 6338475.418397651985288 ], [ 653688.703930442454293, 6338454.441979501396418 ], [ 653631.352492571459152, 6338446.030136786401272 ], [ 653606.5025257532252, 6338442.240115110762417 ], [ 653548.864000879460946, 6338434.052733052521944 ], [ 653404.938758094678633, 6338413.605360437184572 ], [ 653324.469219070510007, 6338402.175656695850194 ], [ 653313.418134607374668, 6338403.703354281373322 ], [ 653303.153261949191801, 6338400.045527265407145 ], [ 653090.9742570836097, 6338392.258303832262754 ], [ 652962.269290126627311, 6338404.03721153177321 ], [ 652838.676814918289892, 6338414.951142160221934 ], [ 652830.696816524025053, 6338416.605161697603762 ] ] } },
{ "type": "Feature", "properties": { "osm_id": "40009722", "name": null, "highway": "unclassified", "waterway": null, "aerialway": null, "barrier": null, "man_made": null, "railway": null, "z_order": 3, "other_tags": "\"surface\"=>\"dirt\"", "side": "north" }, "geometry": { "type": "LineString", "coordinates": [ [ 654043.065694160643034, 6339073.910597273148596 ], [ 654044.424768546712585, 6339082.730837802402675 ], [ 654043.722260205540806, 6339090.02542869374156 ], [ 654035.276855852687731, 6339102.200819945894182 ], [ 654034.476980088511482, 6339106.271486324258149 ], [ 654034.963185787200928, 6339110.590805775485933 ], [ 654044.10995759232901, 6339125.797350349836051 ], [ 654064.280209974152967, 6339164.615549033507705 ], [ 654083.610624674824066, 6339215.358753097243607 ] ] } },
{ "type": "Feature", "properties": { "osm_id": "40009724", "name": null, "highway": "service", "waterway": null, "aerialway": null, "barrier": null, "man_made": null, "railway": null, "z_order": 0, "other_tags": "\"surface\"=>\"dirt\"", "side": "north" }, "geometry": { "type": "LineString", "coordinates": [ [ 654205.46579815261066, 6339314.766088619828224 ], [ 654200.007041466538794, 6339301.480024999007583 ], [ 654179.818394693080336, 6339231.504873076453805 ], [ 654178.95423280831892, 6339226.291095281019807 ], [ 654185.399293217924424, 6339187.186787084676325 ], [ 654194.035270311869681, 6339152.298488654196262 ], [ 654195.017438648501411, 6339141.905512250959873 ], [ 654183.923718833830208, 6339099.481694284826517 ], [ 654184.881423990707844, 6339082.948077041655779 ], [ 654189.154624525457621, 6339077.45855375751853 ], [ 654206.358731752960011, 6339069.188120166771114 ], [ 654207.76704486226663, 6339066.009394896216691 ] ] } },
{ "type": "Feature", "properties": { "osm_id": "40009725", "name": "Бийская улица", "highway": "residential", "waterway": null, "aerialway": null, "barrier": null, "man_made": null, "railway": null, "z_order": 3, "other_tags": null, "side": "north" }, "geometry": { "type": "LineString", "coordinates": [ [ 653772.164089113241062, 6339011.219307461753488 ], [ 653810.458573100040667, 6339009.071837199851871 ], [ 653863.329191927448846, 6339006.120732753537595 ], [ 653872.285100551554933, 6339004.092905567958951 ], [ 653884.423150730552152, 6339000.657375931739807 ], [ 653903.681867773877457, 6338995.548999595455825 ], [ 653961.887994681252167, 6338985.087597766891122 ], [ 653984.284497146261856, 6338978.793126069009304 ], [ 653997.009269347647205, 6338972.783562482334673 ], [ 654000.380069436156191, 6338968.597266563214362 ], [ 653999.043570786016062, 6338957.549323817715049 ], [ 653987.424953654757701, 6338923.107125370763242 ] ] } },
{ "type": "Feature", "properties": { "osm_id": "41290965", "name": "Озёрная улица", "highway": "residential", "waterway": null, "aerialway": null, "barrier": null, "man_made": null, "railway": null, "z_order": 3, "other_tags": null, "side": "north" }, "geometry": { "type": "LineString", "coordinates": [ [ 652626.846582087804563, 6339651.935417256318033 ], [ 652576.237540340865962, 6339694.274663121439517 ], [ 652565.112258509849198, 6339688.759262290783226 ], [ 652515.346593007910997, 6339629.888301747851074 ], [ 652506.516283957636915, 6339593.436907411552966 ], [ 652505.441260942840017, 6339569.997546741738915 ], [ 652520.906955283135176, 6339468.425465224310756 ], [ 652544.591156016802415, 6339339.757953456602991 ], [ 652551.478448217734694, 6339306.919310119003057 ], [ 652555.817808153107762, 6339272.114360199309886 ], [ 652571.329102197429165, 6339136.503299088217318 ], [ 652569.971503148553893, 6339112.685757576487958 ] ] } },
{ "type": "Feature", "properties": { "osm_id": "41290967", "name": "улица Маяковского", "highway": "residential", "waterway": null, "aerialway": null, "barrier": null, "man_made": null, "railway": null, "z_order": 3, "other_tags": "\"name:etymology:wikidata\"=>\"Q132964\",\"surface\"=>\"asphalt\"", "side": "north" }, "geometry": { "type": "LineString", "coordinates": [ [ 653081.846139519358985, 6339788.725960347801447 ], [ 652974.660623757867143, 6339606.794755568727851 ], [ 652875.62527987093199, 6339466.909874540753663 ], [ 652873.290948385139927, 6339463.759007332846522 ], [ 652835.490633181994781, 6339401.506211769767106 ], [ 652806.731017799233086, 6339340.090570567175746 ], [ 652774.905528319184668, 6339251.640775389969349 ], [ 652749.628774651093408, 6339160.715289105661213 ], [ 652727.252862875000574, 6339057.306344666518271 ] ] } },
{ "type": "Feature", "properties": { "osm_id": "41290971", "name": "улица Лермонтова", "highway": "residential", "waterway": null, "aerialway": null, "barrier": null, "man_made": null, "railway": null, "z_order": 3, "other_tags": "\"name:etymology:wikidata\"=>\"Q46599\"", "side": "north" }, "geometry": { "type": "LineString", "coordinates": [ [ 652888.704882038058713, 6339077.579196350648999 ], [ 653196.815092797740363, 6339018.579636530019343 ], [ 653327.465276999864727, 6338995.370917952619493 ], [ 653469.357796705560759, 6338967.136171909049153 ], [ 653476.617196730221622, 6338960.108054502867162 ] ] } },
{ "type": "Feature", "properties": { "osm_id": "42745403", "name": "Заозёрная улица", "highway": "residential", "waterway": null, "aerialway": null, "barrier": null, "man_made": null, "railway": null, "z_order": 3, "other_tags": "\"postal_code\"=>\"625005\"", "side": "north" }, "geometry": { "type": "LineString", "coordinates": [ [ 652944.981353228678927, 6339806.439833659678698 ], [ 652938.921679454157129, 6339742.913081143982708 ], [ 652928.490797794307582, 6339707.459699952974916 ], [ 652907.68574365391396, 6339659.954841071739793 ], [ 652894.659819862572476, 6339637.821066846139729 ], [ 652855.308187912916765, 6339592.803858319297433 ], [ 652796.505991299985908, 6339534.173489130102098 ], [ 652780.330224013654515, 6339514.040413895621896 ], [ 652764.700005645863712, 6339489.147430529817939 ], [ 652737.61493831477128, 6339440.185037726536393 ], [ 652678.940151800168678, 6339335.38606789521873 ], [ 652654.287224896252155, 6339259.11466861423105 ], [ 652633.490261962171644, 6339104.709159085527062 ], [ 652632.621537378057837, 6339058.390384247526526 ], [ 652638.45266810094472, 6339023.206187502481043 ], [ 652645.307431626832113, 6338997.809742812998593 ], [ 652650.21904368174728, 6338979.606326662935317 ], [ 652659.524621112737805, 6338963.872241668403149 ], [ 652700.855307142599486, 6338893.979314981028438 ], [ 652730.885117253288627, 6338846.800013169646263 ], [ 652765.251186440815218, 6338807.748667306266725 ], [ 652796.50665401306469, 6338789.586167158558965 ], [ 652830.02169944322668, 6338773.346237699501216 ], [ 652883.065555875538848, 6338763.636422631330788 ], [ 652945.377834153361619, 6338763.218867348507047 ], [ 652967.775491152424365, 6338768.284497359767556 ], [ 653079.282593441428617, 6338789.763543982058764 ], [ 653138.467538235709071, 6338806.871668932959437 ], [ 653151.136888952576555, 6338812.913904878310859 ], [ 653225.643573348759674, 6338829.344837699085474 ], [ 653267.780876455362886, 6338838.645046009682119 ], [ 653321.811913628829643, 6338846.349118670448661 ], [ 653482.108142051612958, 6338842.11006285622716 ], [ 653493.377916358644143, 6338836.958476397208869 ] ] } },
{ "type": "Feature", "properties": { "osm_id": "42745409", "name": "Ангарская улица", "highway": "residential", "waterway": null, "aerialway": null, "barrier": null, "man_made": null, "railway": null, "z_order": 3, "other_tags": null, "side": "north" }, "geometry": { "type": "LineString", "coordinates": [ [ 652633.490261962171644, 6339104.709159085527062 ], [ 652574.654299763147719, 6339106.20700722374022 ], [ 652569.971503148553893, 6339112.685757576487958 ], [ 652536.81766048213467, 6339100.471530417911708 ] ] } },
{ "type": "Feature", "properties": { "osm_id": "43571429", "name": "улица Щербакова", "highway": "tertiary", "waterway": null, "aerialway": null, "barrier": null, "man_made": null, "railway": null, "z_order": 4, "other_tags": "\"old_name\"=>\"Мостовая улица\",\"surface\"=>\"asphalt\"", "side": "north" }, "geometry": { "type": "LineString", "coordinates": [ [ 653394.675299894064665, 6339507.275309222750366 ], [ 653379.406983521184884, 6339490.962072184309363 ], [ 653374.006064964807592, 6339485.490458412095904 ], [ 653360.018985067727044, 6339471.174987738952041 ], [ 653337.000706756021827, 6339451.999444716610014 ], [ 653312.637136789038777, 6339435.62652294524014 ], [ 653233.070603823638521, 6339394.925723899155855 ], [ 653189.232346005737782, 6339371.622747517190874 ], [ 652960.385165662271902, 6339259.692960929125547 ], [ 652924.791682155686431, 6339237.434485259465873 ], [ 652902.08675587666221, 6339218.373464954085648 ], [ 652880.464007120579481, 6339199.341595001518726 ], [ 652751.421516907168552, 6339079.707664167508483 ], [ 652727.252862875000574, 6339057.306344666518271 ], [ 652706.034414761466905, 6339038.101041593588889 ], [ 652667.958802395150997, 6339001.390079699456692 ], [ 652650.21904368174728, 6338979.606326662935317 ], [ 652620.66626387508586, 6338948.426383742131293 ], [ 652570.297212196164764, 6338905.767750680446625 ], [ 652522.345177014940418, 6338865.160361532121897 ], [ 652513.206945159472525, 6338857.412257806397974 ], [ 652504.78998161223717, 6338850.29257367644459 ] ] } },
{ "type": "Feature", "properties": { "osm_id": "89055607", "name": "Красноармейская улица", "highway": "residential", "waterway": null, "aerialway": null, "barrier": null, "man_made": null, "railway": null, "z_order": 3, "other_tags": "\"name:etymology:wikidata\"=>\"Q251395\",\"old_name\"=>\"Георгиевская улица\"", "side": "south" }, "geometry": { "type": "LineString", "coordinates": [ [ 652608.800454117008485, 6338611.601539401337504 ], [ 652599.618693353957497, 6338597.333212141878903 ], [ 652594.764013795298524, 6338581.464601994492114 ], [ 652575.678077261080034, 6338556.244091114029288 ], [ 652570.806802175706252, 6338549.81271562539041 ] ] } },
{ "type": "Feature", "properties": { "osm_id": "98261992", "name": "Береговая улица", "highway": "unclassified", "waterway": null, "aerialway": null, "barrier": null, "man_made": null, "railway": null, "z_order": 3, "other_tags": null, "side": "north" }, "geometry": { "type": "LineString", "coordinates": [ [ 652170.679045761702582, 6339341.406952132470906 ], [ 652171.400495835463516, 6339332.85380123835057 ], [ 652178.762413952616043, 6339311.007679716683924 ], [ 652188.233142779790796, 6339291.389989430084825 ], [ 652217.896094691706821, 6339206.888400760479271 ], [ 652271.052103365771472, 6339032.454089803621173 ], [ 652288.650670954142697, 6338978.182619845494628 ], [ 652312.167113672127016, 6338911.371676590293646 ], [ 652349.083426942466758, 6338837.434713416732848 ], [ 652378.14577450719662, 6338778.662380153313279 ], [ 652395.796462614554912, 6338756.105073094367981 ] ] } },
{ "type": "Feature", "properties": { "osm_id": "98398684", "name": "улица Земляной Вал", "highway": "residential", "waterway": null, "aerialway": null, "barrier": null, "man_made": null, "railway": null, "z_order": 3, "other_tags": null, "side": "north" }, "geometry": { "type": "LineString", "coordinates": [ [ 653356.285056886612438, 6339406.775655895471573 ], [ 653338.178062280640006, 6339372.071660255081952 ], [ 653338.879990987828933, 6339347.683995810337365 ], [ 653336.763695290777832, 6339332.339644550345838 ], [ 653334.639526333543472, 6339264.189465223811567 ], [ 653282.93448264466133, 6339133.75607734080404 ], [ 653287.011649325024337, 6339101.448938594199717 ] ] } },
{ "type": "Feature", "properties": { "osm_id": "110485821", "name": "Масловский взвоз", "highway": "unclassified", "waterway": null, "aerialway": null, "barrier": null, "man_made": null, "railway": null, "z_order": 3, "other_tags": "\"lanes\"=>\"2\",\"old_name\"=>\"Элеваторный взвоз\",\"surface\"=>\"paving_stones\"", "side": "south" }, "geometry": { "type": "LineString", "coordinates": [ [ 654182.009766513714567, 6338299.118193511851132 ], [ 654191.818968308158219, 6338285.656892808154225 ], [ 654203.798818902228959, 6338266.449113298207521 ], [ 654212.388324002502486, 6338252.741646684706211 ], [ 654221.69420653139241, 6338234.614999924786389 ], [ 654255.281565882498398, 6338183.088223340921104 ], [ 654262.60615536919795, 6338165.979499467648566 ], [ 654264.744021727354266, 6338152.699220678769052 ], [ 654263.349427159642801, 6338142.562726910226047 ], [ 654258.097535148262978, 6338131.145289841108024 ], [ 654232.077869976870716, 6338103.395216009579599 ], [ 654229.869679523864761, 6338093.963722974993289 ] ] } },
{ "type": "Feature", "properties": { "osm_id": "112846032", "name": null, "highway": "steps", "waterway": null, "aerialway": null, "barrier": null, "man_made": null, "railway": null, "z_order": 0, "other_tags": null, "side": "south" }, "geometry": { "type": "LineString", "coordinates": [ [ 652571.7853819639422, 6338558.863339056260884 ], [ 652587.638304141233675, 6338578.37051217071712 ] ] } },
{ "type": "Feature", "properties": { "osm_id": "112846036", "name": null, "highway": "footway", "waterway": null, "aerialway": null, "barrier": null, "man_made": null, "railway": null, "z_order": 0, "other_tags": null, "side": "south" }, "geometry": { "type": "LineString", "coordinates": [ [ 652595.893706638133153, 6338605.396255350671709 ], [ 652608.800454117008485, 6338611.601539401337504 ] ] } },
{ "type": "Feature", "properties": { "osm_id": "113588055", "name": null, "highway": "steps", "waterway": null, "aerialway": null, "barrier": null, "man_made": null, "railway": null, "z_order": 0, "other_tags": null, "side": "south" }, "geometry": { "type": "LineString", "coordinates": [ [ 652580.573594063986093, 6338584.092520267702639 ], [ 652595.893706638133153, 6338605.396255350671709 ] ] } },
{ "type": "Feature", "properties": { "osm_id": "113588058", "name": "мост Влюблённых", "highway": "footway", "waterway": null, "aerialway": null, "barrier": null, "man_made": null, "railway": null, "z_order": 20, "other_tags": "\"bridge\"=>\"yes\",\"description\"=>\"Пешеходный мост\",\"layer\"=>\"1\"", "side": "south" }, "geometry": { "type": "LineString", "coordinates": [ [ 652587.638304141233675, 6338578.37051217071712 ], [ 652584.866629151511006, 6338580.306985410861671 ], [ 652580.573594063986093, 6338584.092520267702639 ] ] } },
{ "type": "Feature", "properties": { "osm_id": "147545693", "name": null, "highway": "footway", "waterway": null, "aerialway": null, "barrier": null, "man_made": null, "railway": null, "z_order": 0, "other_tags": "\"surface\"=>\"asphalt\"", "side": "north" }, "geometry": { "type": "LineString", "coordinates": [ [ 653394.316910633351654, 6339498.370031788945198 ], [ 653417.430169618455693, 6339505.392692241817713 ], [ 653434.574396106763743, 6339504.972640578635037 ], [ 653448.318149981321767, 6339499.812883406877518 ], [ 653457.440439930302091, 6339490.358184140175581 ], [ 653465.529216394061223, 6339475.82846403773874 ], [ 653467.494387414073572, 6339455.733236971311271 ], [ 653480.969450150616467, 6339383.383730046451092 ], [ 653481.731466882978566, 6339376.414452029392123 ], [ 653482.132039248012006, 6339373.298253739252687 ], [ 653507.750949851120822, 6339236.416535748168826 ], [ 653532.665168500156142, 6339106.784901067614555 ], [ 653560.19946422195062, 6338968.604213401675224 ], [ 653561.500153624452651, 6338961.15359518583864 ], [ 653561.154606413561851, 6338948.660798195749521 ], [ 653566.390004677465186, 6338919.282969932071865 ], [ 653573.397341398289427, 6338898.885416331700981 ], [ 653576.347358026308939, 6338880.96634254977107 ], [ 653587.364895064150915, 6338810.475456825457513 ], [ 653587.408059978974052, 6338806.231664624065161 ], [ 653586.389362330548465, 6338803.029143137857318 ], [ 653583.880600149394013, 6338800.662505561485887 ], [ 653579.733483878197148, 6338798.725087406113744 ], [ 653580.269603212596849, 6338793.27396272495389 ] ] } },
{ "type": "Feature", "properties": { "osm_id": "147545694", "name": null, "highway": "steps", "waterway": null, "aerialway": null, "barrier": null, "man_made": null, "railway": null, "z_order": 0, "other_tags": null, "side": "north" }, "geometry": { "type": "LineString", "coordinates": [ [ 653560.19946422195062, 6338968.604213401675224 ], [ 653542.938333232305013, 6338963.815825172699988 ] ] } },
{ "type": "Feature", "properties": { "osm_id": "176276420", "name": null, "highway": "cycleway", "waterway": null, "aerialway": null, "barrier": null, "man_made": null, "railway": null, "z_order": 0, "other_tags": "\"bicycle\"=>\"designated\",\"foot\"=>\"designated\",\"lit\"=>\"yes\",\"oneway\"=>\"no\",\"segregated\"=>\"yes\",\"smoothness\"=>\"excellent\",\"surface\"=>\"asphalt\"", "side": "north" }, "geometry": { "type": "LineString", "coordinates": [ [ 654569.243629699922167, 6338610.782739195972681 ], [ 654645.572061834973283, 6338635.464344792999327 ], [ 654664.212734225788154, 6338640.609970326535404 ], [ 654673.664010715903714, 6338644.129308570176363 ], [ 654686.821280915173702, 6338648.266931219026446 ], [ 654695.317755377036519, 6338648.998173207044601 ], [ 654704.358684054459445, 6338650.385020720772445 ], [ 654711.371056335046887, 6338651.784870357252657 ], [ 654718.177584582008421, 6338654.313583684153855 ], [ 654727.755887042963877, 6338658.640111229382455 ], [ 654745.74137898418121, 6338663.817229578271508 ], [ 654748.093005818780512, 6338664.228686228394508 ], [ 654757.716724968980998, 6338665.893826988525689 ], [ 654768.675183379673399, 6338667.965695659630001 ], [ 654774.173999189864844, 6338667.915939040482044 ], [ 654779.321228207903914, 6338669.167852057144046 ], [ 654784.387593024410307, 6338672.411322752945125 ], [ 654789.673224411904812, 6338675.94161041546613 ], [ 654805.041611347813159, 6338682.614130309782922 ], [ 654812.452443109941669, 6338686.458290178328753 ], [ 654821.162659470341168, 6338689.716135199181736 ], [ 654846.831055754330009, 6338695.839808724820614 ], [ 654856.771513356245123, 6338699.545108170248568 ], [ 654866.249661703943275, 6338704.436497906222939 ], [ 654874.860455240122974, 6338708.727019842714071 ], [ 654885.290796635556035, 6338711.960512656718493 ], [ 654894.696844478370622, 6338714.420093656517565 ] ] } },
{ "type": "Feature", "properties": { "osm_id": "176276583", "name": null, "highway": "service", "waterway": null, "aerialway": null, "barrier": null, "man_made": null, "railway": null, "z_order": 0, "other_tags": "\"postal_code\"=>\"625022\"", "side": "north" }, "geometry": { "type": "LineString", "coordinates": [ [ 653553.303708270424977, 6339068.197713552974164 ], [ 653561.457627566647716, 6339069.326175128109753 ], [ 653577.802138589089736, 6339071.573371456004679 ], [ 653574.304829472093843, 6339098.330561494454741 ], [ 653593.746559826773591, 6339111.668926018290222 ], [ 653590.501002557110041, 6339128.585264698602259 ], [ 653582.418221407104284, 6339170.693422538228333 ], [ 653558.723607261665165, 6339166.879667653702199 ] ] } },
{ "type": "Feature", "properties": { "osm_id": "178646014", "name": "Большая Заречная улица", "highway": "residential", "waterway": null, "aerialway": null, "barrier": null, "man_made": null, "railway": null, "z_order": 3, "other_tags": null, "side": "north" }, "geometry": { "type": "LineString", "coordinates": [ [ 653767.766781134530902, 6338626.349648948758841 ], [ 653806.548728814115748, 6338634.917245835997164 ], [ 653836.455075206467882, 6338641.716437691822648 ], [ 653863.302638889523223, 6338648.880780619569123 ], [ 653932.827849386958405, 6338667.75702413264662 ], [ 653947.360638104961254, 6338671.709640641696751 ], [ 654007.954679023940116, 6338680.737547156400979 ], [ 654141.183160852408037, 6338720.317595487460494 ], [ 654231.743755261180922, 6338732.542493402957916 ] ] } },
{ "type": "Feature", "properties": { "osm_id": "191410523", "name": null, "highway": "unclassified", "waterway": null, "aerialway": null, "barrier": null, "man_made": null, "railway": null, "z_order": 3, "other_tags": "\"surface\"=>\"concrete:plates\"", "side": "north" }, "geometry": { "type": "LineString", "coordinates": [ [ 654416.086328692384996, 6338955.306741890497506 ], [ 654395.106830133590847, 6338951.545397284440696 ], [ 654226.130962187424302, 6338922.931316019967198 ] ] } },
{ "type": "Feature", "properties": { "osm_id": "191426674", "name": "Тарманская улица", "highway": "residential", "waterway": null, "aerialway": null, "barrier": null, "man_made": null, "railway": null, "z_order": 3, "other_tags": "\"postal_code\"=>\"625022\"", "side": "north" }, "geometry": { "type": "LineString", "coordinates": [ [ 653952.039226584834978, 6339100.270862400531769 ], [ 653982.898567697848193, 6339089.735221579670906 ], [ 654043.065694160643034, 6339073.910597273148596 ], [ 654072.46461465395987, 6339067.477288803085685 ] ] } },
{ "type": "Feature", "properties": { "osm_id": "191898233", "name": null, "highway": "residential", "waterway": null, "aerialway": null, "barrier": null, "man_made": null, "railway": null, "z_order": 3, "other_tags": null, "side": "north" }, "geometry": { "type": "LineString", "coordinates": [ [ 654042.461707429378293, 6338555.05463654268533 ], [ 654007.954679023940116, 6338680.737547156400979 ] ] } },
{ "type": "Feature", "properties": { "osm_id": "264626983", "name": null, "highway": "service", "waterway": null, "aerialway": null, "barrier": null, "man_made": null, "railway": null, "z_order": 0, "other_tags": "\"embankment\"=>\"yes\",\"maxspeed\"=>\"40\",\"surface\"=>\"ground\"", "side": "north" }, "geometry": { "type": "LineString", "coordinates": [ [ 654569.243629699922167, 6338610.782739195972681 ], [ 654445.89095158665441, 6338572.751276206225157 ], [ 654311.115834849188104, 6338540.769895822741091 ], [ 654210.868895955500193, 6338516.45868678111583 ], [ 654095.496960101183504, 6338498.648944787681103 ], [ 653987.966253725346178, 6338475.441483585163951 ], [ 653830.072847241652198, 6338452.496055357158184 ] ] } },
{ "type": "Feature", "properties": { "osm_id": "305244969", "name": null, "highway": "secondary", "waterway": null, "aerialway": null, "barrier": null, "man_made": null, "railway": null, "z_order": 26, "other_tags": "\"bridge\"=>\"yes\",\"lanes\"=>\"2\",\"layer\"=>\"1\",\"oneway\"=>\"yes\",\"shoulder\"=>\"right\",\"surface\"=>\"asphalt\"", "side": "south" }, "geometry": { "type": "LineString", "coordinates": [ [ 653628.43256182607729, 6338490.414418494328856 ], [ 653657.658642658032477, 6338156.7970932982862 ] ] } },
{ "type": "Feature", "properties": { "osm_id": "341107520", "name": null, "highway": "service", "waterway": null, "aerialway": null, "barrier": null, "man_made": null, "railway": null, "z_order": 0, "other_tags": "\"surface\"=>\"asphalt\"", "side": "north" }, "geometry": { "type": "LineString", "coordinates": [ [ 654524.133238365524448, 6339380.281444913707674 ], [ 654487.424575076904148, 6339362.156907994300127 ], [ 654480.251293704845011, 6339358.623044613748789 ], [ 654480.794779977295548, 6339355.26711802650243 ], [ 654494.689029983128421, 6339269.319043414667249 ], [ 654523.144397842814215, 6339100.980302775278687 ], [ 654537.833079530508257, 6339014.059254140593112 ], [ 654540.484896633541211, 6338999.360912215895951 ], [ 654547.189346026745625, 6338993.784634433686733 ], [ 654580.702808517962694, 6339000.189862380735576 ], [ 654646.425661194836721, 6339012.740488595329225 ], [ 654656.874840482603759, 6339014.648134671151638 ], [ 654668.508166446816176, 6339016.778546021319926 ], [ 654757.104654855793342, 6339032.596556616015732 ], [ 654764.974334688275121, 6339033.716731800697744 ], [ 654780.614585948176682, 6339036.822555601596832 ], [ 654778.18017748312559, 6339049.255791702307761 ] ] } },
{ "type": "Feature", "properties": { "osm_id": "341107526", "name": "Тихий проезд", "highway": "living_street", "waterway": null, "aerialway": null, "barrier": null, "man_made": null, "railway": null, "z_order": 0, "other_tags": null, "side": "north" }, "geometry": { "type": "LineString", "coordinates": [ [ 654523.144397842814215, 6339100.980302775278687 ], [ 654533.680521072004922, 6339102.824049533344805 ], [ 654570.112284399103373, 6339109.349840071052313 ], [ 654598.603552973479964, 6339114.385704606771469 ], [ 654676.127683371654712, 6339128.08175035379827 ] ] } },
{ "type": "Feature", "properties": { "osm_id": "341107527", "name": null, "highway": "service", "waterway": null, "aerialway": null, "barrier": null, "man_made": null, "railway": null, "z_order": 0, "other_tags": null, "side": "north" }, "geometry": { "type": "LineString", "coordinates": [ [ 654568.834999921731651, 6339281.504811191000044 ], [ 654569.783268223167397, 6339275.590061072260141 ], [ 654570.774077465524897, 6339261.765423322096467 ], [ 654567.503074748208746, 6339244.081438101828098 ], [ 654571.487200257484801, 6339222.268189535476267 ], [ 654581.606428701314144, 6339166.810606573708355 ], [ 654585.735194184817374, 6339143.565355342812836 ], [ 654594.710899008437991, 6339126.173725852742791 ], [ 654595.382247583242133, 6339123.123466236516833 ], [ 654598.603552973479964, 6339114.385704606771469 ] ] } },
{ "type": "Feature", "properties": { "osm_id": "354872080", "name": "Тихий проезд", "highway": "living_street", "waterway": null, "aerialway": null, "barrier": null, "man_made": null, "railway": null, "z_order": 0, "other_tags": null, "side": "north" }, "geometry": { "type": "LineString", "coordinates": [ [ 654810.585935168666765, 6339197.248418496921659 ], [ 654777.57022769539617, 6339148.316087545827031 ], [ 654772.569102051202208, 6339144.963612701743841 ], [ 654766.010304687079042, 6339143.758937783539295 ], [ 654676.127683371654712, 6339128.08175035379827 ] ] } },
{ "type": "Feature", "properties": { "osm_id": "354876603", "name": null, "highway": "cycleway", "waterway": null, "aerialway": null, "barrier": null, "man_made": null, "railway": null, "z_order": 0, "other_tags": "\"lit\"=>\"yes\",\"smoothness\"=>\"excellent\",\"surface\"=>\"asphalt\"", "side": "north" }, "geometry": { "type": "LineString", "coordinates": [ [ 654713.868044148897752, 6339299.306255052797496 ], [ 654716.230275137815624, 6339289.110016815364361 ], [ 654721.369548385380767, 6339264.119937279261649 ], [ 654740.791411445010453, 6339249.193509339354932 ], [ 654760.557535923784599, 6339234.291240468621254 ], [ 654792.001648554811254, 6339239.651136446744204 ], [ 654797.581544855725951, 6339238.38991423510015 ], [ 654798.395303763332777, 6339232.358715639449656 ], [ 654803.103482479229569, 6339197.59127408452332 ], [ 654773.506488756043836, 6339154.815775438211858 ], [ 654595.382247583242133, 6339123.123466236516833 ], [ 654532.247549922438338, 6339111.495214224793017 ] ] } },
{ "type": "Feature", "properties": { "osm_id": "354876614", "name": null, "highway": "cycleway", "waterway": null, "aerialway": null, "barrier": null, "man_made": null, "railway": null, "z_order": 0, "other_tags": "\"bicycle\"=>\"designated\",\"foot\"=>\"designated\",\"lit\"=>\"yes\",\"sidewalk\"=>\"yes\",\"surface\"=>\"asphalt\"", "side": "north" }, "geometry": { "type": "LineString", "coordinates": [ [ 654822.872862885938957, 6339263.4759357040748 ], [ 654826.331498936167918, 6339264.218774051405489 ], [ 654856.43457751988899, 6339270.464791250415146 ], [ 654922.648424169165082, 6339282.225109832361341 ], [ 654960.960257017519325, 6339288.925452491268516 ], [ 654964.33871797262691, 6339286.166493839584291 ], [ 654969.759515971178189, 6339283.985794991254807 ], [ 654977.489786598365754, 6339285.580308970995247 ], [ 654982.852795200888067, 6339291.854985803365707 ], [ 655019.031011520186439, 6339298.308468956500292 ], [ 655122.868676645215601, 6339316.847704035229981 ], [ 655130.887895116815343, 6339318.642822680063546 ], [ 655134.799419203773141, 6339349.310836526565254 ], [ 655139.785534900380298, 6339388.410018905065954 ], [ 655178.828887349111028, 6339438.007221218198538 ], [ 655132.294232342275791, 6339475.310899225063622 ], [ 655127.944972682627849, 6339482.312081953510642 ], [ 655123.797043953905813, 6339481.877313130535185 ], [ 655094.114618956111372, 6339476.402802789583802 ], [ 655087.955100809806027, 6339475.379760115407407 ], [ 655061.567771511035971, 6339470.965551326982677 ], [ 655037.050512895453721, 6339466.878181125037372 ], [ 655012.683899914380163, 6339462.807770597748458 ], [ 655010.205824357806705, 6339462.391379181295633 ], [ 654987.649267908767797, 6339458.634373240172863 ], [ 654954.584890518570319, 6339453.111651701852679 ], [ 654932.490910588297993, 6339449.606354569084942 ], [ 654906.38552028615959, 6339445.092328588478267 ], [ 654899.454501864034683, 6339445.912583844736218 ], [ 654889.799219805630855, 6339448.034438864327967 ], [ 654859.160024212673306, 6339451.094626351259649 ], [ 654831.401583595667034, 6339438.061420570127666 ], [ 654828.749856350943446, 6339430.830255321227014 ], [ 654826.534813021426089, 6339428.406983207911253 ], [ 654823.123726104735397, 6339425.114182963967323 ], [ 654766.917230202583596, 6339397.406846738420427 ], [ 654726.921906088478863, 6339377.696918332017958 ], [ 654700.541530147893354, 6339364.694113201461732 ], [ 654692.09832080884371, 6339360.488179632462561 ], [ 654680.893117431318387, 6339377.450458187609911 ], [ 654675.145744884386659, 6339380.276694922707975 ], [ 654671.459674781421199, 6339386.077496202662587 ], [ 654669.965262511046603, 6339388.639983563683927 ], [ 654670.008688034606166, 6339395.383099812082946 ], [ 654655.249215293792076, 6339425.282679256051779 ], [ 654649.522786183748394, 6339427.875731745734811 ], [ 654646.784116204245947, 6339433.110397219657898 ], [ 654643.754567723721266, 6339437.386994455941021 ], [ 654641.382078262860887, 6339443.025411888957024 ], [ 654631.436729325330816, 6339443.688392702490091 ], [ 654581.561646471964195, 6339419.987600569613278 ], [ 654567.01157988444902, 6339405.769281665794551 ], [ 654549.91040442022495, 6339397.271926489658654 ], [ 654533.861056608497165, 6339389.293246946297586 ], [ 654518.61516492604278, 6339389.746537704952061 ], [ 654489.470810058061033, 6339375.705437862314284 ], [ 654483.644166943849996, 6339372.901784590445459 ], [ 654487.424575076904148, 6339362.156907994300127 ], [ 654489.294357566861436, 6339356.844990974292159 ], [ 654502.119470464880578, 6339283.270059959962964 ], [ 654504.549008136149496, 6339270.780809599906206 ], [ 654506.450205198605545, 6339263.018632370978594 ], [ 654532.247549922438338, 6339111.495214224793017 ], [ 654533.680521072004922, 6339102.824049533344805 ], [ 654536.68858766334597, 6339086.534486933611333 ], [ 654552.031260297284462, 6339008.97577497549355 ], [ 654644.995933540980332, 6339025.189205397851765 ], [ 654666.686536888359115, 6339028.699971904046834 ], [ 654755.128112705773674, 6339044.445280693471432 ], [ 654762.362003001733683, 6339045.731002073734999 ], [ 654778.18017748312559, 6339049.255791702307761 ], [ 654784.006156468880363, 6339051.279812973923981 ], [ 654813.672624488826841, 6339056.461589163169265 ], [ 654816.655379719333723, 6339056.985955484211445 ], [ 654873.522712436970323, 6339066.912089955061674 ], [ 654876.782260437379591, 6339067.48033385258168 ], [ 654880.498702284414321, 6339068.132613226771355 ], [ 654907.410675204358995, 6339072.832671356387436 ], [ 654912.87735581304878, 6339073.784787856973708 ], [ 654916.69008611375466, 6339074.451863721944392 ], [ 654926.699654303607531, 6339076.131961702369153 ], [ 654932.661767887999304, 6339077.269878995604813 ], [ 655087.97529118496459, 6339103.081428582780063 ] ] } },
{ "type": "Feature", "properties": { "osm_id": "376193873", "name": "2-я Луговая улица", "highway": "secondary", "waterway": null, "aerialway": null, "barrier": null, "man_made": null, "railway": null, "z_order": 6, "other_tags": "\"lanes\"=>\"2\",\"oneway\"=>\"yes\",\"surface\"=>\"asphalt\"", "side": "north" }, "geometry": { "type": "LineString", "coordinates": [ [ 653604.03861340880394, 6338795.474795896559954 ], [ 653601.571216156124137, 6338811.161004208959639 ], [ 653595.518493822775781, 6338854.336534144356847 ], [ 653553.303708270424977, 6339068.197713552974164 ], [ 653530.386034295661375, 6339194.259970357641578 ], [ 653522.757868229644373, 6339236.206868143752217 ], [ 653516.570692153996788, 6339269.86152411904186 ] ] } },
{ "type": "Feature", "properties": { "osm_id": "410590380", "name": null, "highway": "service", "waterway": null, "aerialway": null, "barrier": null, "man_made": null, "railway": null, "z_order": 0, "other_tags": "\"service\"=>\"driveway\",\"surface\"=>\"asphalt\"", "side": "south" }, "geometry": { "type": "LineString", "coordinates": [ [ 652550.496242500375956, 6338577.452219113707542 ], [ 652564.904207500745542, 6338591.022500986233354 ], [ 652588.402166790561751, 6338613.163831043057144 ], [ 652608.800454117008485, 6338611.601539401337504 ] ] } },
{ "type": "Feature", "properties": { "osm_id": "410813853", "name": null, "highway": "footway", "waterway": null, "aerialway": null, "barrier": null, "man_made": null, "railway": null, "z_order": 20, "other_tags": "\"bridge\"=>\"yes\",\"layer\"=>\"1\",\"lit\"=>\"yes\",\"surface\"=>\"asphalt\"", "side": "south" }, "geometry": { "type": "LineString", "coordinates": [ [ 653653.048961472464725, 6338156.368951526470482 ], [ 653645.57574843626935, 6338238.435493195429444 ], [ 653622.670201553381048, 6338489.898748437874019 ] ] } },
{ "type": "Feature", "properties": { "osm_id": "464274318", "name": "улица Газовиков", "highway": "tertiary", "waterway": null, "aerialway": null, "barrier": null, "man_made": null, "railway": null, "z_order": 4, "other_tags": "\"lanes\"=>\"4\",\"postal_code\"=>\"625022\",\"surface\"=>\"asphalt\"", "side": "north" }, "geometry": { "type": "LineString", "coordinates": [ [ 654498.387360029155388, 6339096.441568579524755 ], [ 654489.70460252230987, 6339147.841423354111612 ], [ 654469.802017243346199, 6339260.6861014906317 ], [ 654454.875614628195763, 6339350.606987044215202 ] ] } },
{ "type": "Feature", "properties": { "osm_id": "467250635", "name": null, "highway": "steps", "waterway": null, "aerialway": null, "barrier": null, "man_made": null, "railway": null, "z_order": 0, "other_tags": "\"surface\"=>\"concrete\"", "side": "south" }, "geometry": { "type": "LineString", "coordinates": [ [ 652397.627553473343141, 6338507.547669628635049 ], [ 652396.221630470477976, 6338506.604268133640289 ], [ 652389.051185912452638, 6338499.965531844645739 ] ] } },
{ "type": "Feature", "properties": { "osm_id": "467250636", "name": null, "highway": "footway", "waterway": null, "aerialway": null, "barrier": null, "man_made": null, "railway": null, "z_order": 20, "other_tags": "\"bridge\"=>\"yes\",\"layer\"=>\"1\",\"surface\"=>\"concrete\"", "side": "south" }, "geometry": { "type": "LineString", "coordinates": [ [ 652239.260448838234879, 6338659.918862679041922 ], [ 652224.944436404621229, 6338681.530309942550957 ] ] } },
{ "type": "Feature", "properties": { "osm_id": "487330845", "name": "Бакинская улица", "highway": "residential", "waterway": null, "aerialway": null, "barrier": null, "man_made": null, "railway": null, "z_order": 3, "other_tags": "\"postal_code\"=>\"625022\",\"surface\"=>\"dirt\"", "side": "north" }, "geometry": { "type": "LineString", "coordinates": [ [ 654183.923718833830208, 6339099.481694284826517 ], [ 654144.820693005458452, 6339120.984013394452631 ], [ 654078.221754644881003, 6339154.384041495621204 ], [ 654064.280209974152967, 6339164.615549033507705 ] ] } },
{ "type": "Feature", "properties": { "osm_id": "488696208", "name": "2-я Луговая улица", "highway": "secondary", "waterway": null, "aerialway": null, "barrier": null, "man_made": null, "railway": null, "z_order": 6, "other_tags": "\"lanes\"=>\"2\",\"oneway\"=>\"yes\",\"surface\"=>\"asphalt\"", "side": "north" }, "geometry": { "type": "LineString", "coordinates": [ [ 653506.596821086481214, 6339268.041322698816657 ], [ 653511.776487372466363, 6339237.056811562739313 ], [ 653536.795425414573401, 6339107.217384067364037 ], [ 653544.522485455265269, 6339066.522179854102433 ], [ 653554.352110826061107, 6339014.729131036438048 ], [ 653586.469064353383146, 6338853.185790944844484 ], [ 653592.898512072861195, 6338810.782004657201469 ], [ 653595.470003086724319, 6338794.575962110422552 ] ] } },
{ "type": "Feature", "properties": { "osm_id": "515780883", "name": null, "highway": "service", "waterway": null, "aerialway": null, "barrier": null, "man_made": null, "railway": null, "z_order": 0, "other_tags": null, "side": "north" }, "geometry": { "type": "LineString", "coordinates": [ [ 654583.542899344814941, 6339035.173791314475238 ], [ 654611.96860044146888, 6339040.196118163876235 ], [ 654603.495135442004539, 6339083.881608659401536 ], [ 654575.669450810644776, 6339078.202116289176047 ] ] } },
{ "type": "Feature", "properties": { "osm_id": "515780884", "name": null, "highway": "service", "waterway": null, "aerialway": null, "barrier": null, "man_made": null, "railway": null, "z_order": 0, "other_tags": null, "side": "north" }, "geometry": { "type": "LineString", "coordinates": [ [ 654688.692046709707938, 6339053.650564308278263 ], [ 654728.328687662025914, 6339059.952634286135435 ], [ 654720.210920969373547, 6339102.837872555479407 ], [ 654681.125717015820555, 6339097.659713048487902 ] ] } },
{ "type": "Feature", "properties": { "osm_id": "515780885", "name": null, "highway": "service", "waterway": null, "aerialway": null, "barrier": null, "man_made": null, "railway": null, "z_order": 0, "other_tags": "\"surface\"=>\"asphalt\"", "side": "north" }, "geometry": { "type": "LineString", "coordinates": [ [ 654668.508166446816176, 6339016.778546021319926 ], [ 654666.686536888359115, 6339028.699971904046834 ], [ 654659.66080479498487, 6339045.250943321734667 ], [ 654652.875177799258381, 6339086.369982221163809 ], [ 654647.200214280746877, 6339091.773014298640192 ], [ 654640.605696114478633, 6339090.065771961584687 ], [ 654638.201550545054488, 6339083.802348824217916 ], [ 654645.286525680217892, 6339043.251676141284406 ], [ 654644.995933540980332, 6339025.189205397851765 ], [ 654646.425661194836721, 6339012.740488595329225 ] ] } },
{ "type": "Feature", "properties": { "osm_id": "515780886", "name": null, "highway": "service", "waterway": null, "aerialway": null, "barrier": null, "man_made": null, "railway": null, "z_order": 0, "other_tags": null, "side": "north" }, "geometry": { "type": "LineString", "coordinates": [ [ 654585.735194184817374, 6339143.565355342812836 ], [ 654556.13378365477547, 6339138.276208817027509 ], [ 654551.90952058066614, 6339161.328468710184097 ], [ 654581.606428701314144, 6339166.810606573708355 ] ] } },
{ "type": "Feature", "properties": { "osm_id": "516434487", "name": null, "highway": "service", "waterway": null, "aerialway": null, "barrier": null, "man_made": null, "railway": null, "z_order": 0, "other_tags": "\"surface\"=>\"asphalt\"", "side": "north" }, "geometry": { "type": "LineString", "coordinates": [ [ 654778.18017748312559, 6339049.255791702307761 ], [ 654767.846415980951861, 6339108.41558254044503 ], [ 654761.732979104388505, 6339111.629115991294384 ], [ 654756.752667006920092, 6339110.138319406658411 ], [ 654752.226402159663849, 6339105.745128258131444 ], [ 654762.362003001733683, 6339045.731002073734999 ], [ 654764.974334688275121, 6339033.716731800697744 ] ] } },
{ "type": "Feature", "properties": { "osm_id": "516434488", "name": null, "highway": "service", "waterway": null, "aerialway": null, "barrier": null, "man_made": null, "railway": null, "z_order": 0, "other_tags": null, "side": "north" }, "geometry": { "type": "LineString", "coordinates": [ [ 654570.112284399103373, 6339109.349840071052313 ], [ 654573.042563139577396, 6339092.555946188047528 ], [ 654575.669450810644776, 6339078.202116289176047 ], [ 654583.542899344814941, 6339035.173791314475238 ] ] } },
{ "type": "Feature", "properties": { "osm_id": "516434489", "name": null, "highway": "service", "waterway": null, "aerialway": null, "barrier": null, "man_made": null, "railway": null, "z_order": 0, "other_tags": null, "side": "north" }, "geometry": { "type": "LineString", "coordinates": [ [ 654676.127683371654712, 6339128.08175035379827 ], [ 654678.480819947551936, 6339113.773404700681567 ], [ 654681.125717015820555, 6339097.659713048487902 ], [ 654688.692046709707938, 6339053.650564308278263 ] ] } },
{ "type": "Feature", "properties": { "osm_id": "532890743", "name": null, "highway": "footway", "waterway": null, "aerialway": null, "barrier": null, "man_made": null, "railway": null, "z_order": 0, "other_tags": "\"surface\"=>\"asphalt\"", "side": "north" }, "geometry": { "type": "LineString", "coordinates": [ [ 653619.550801781704649, 6338796.532223344780505 ], [ 653617.522197007550858, 6338805.805394679307938 ], [ 653612.81587271601893, 6338806.365364594385028 ], [ 653607.886248893802986, 6338809.99242496304214 ], [ 653607.221586896688677, 6338811.583351477049291 ], [ 653605.83474909956567, 6338821.504447431303561 ], [ 653606.053698849049397, 6338839.664211558178067 ], [ 653601.298468411201611, 6338864.758788571693003 ], [ 653597.566782995709218, 6338877.823884534649551 ], [ 653594.892948880675249, 6338892.878403886221349 ], [ 653588.956387263373472, 6338928.068891406990588 ], [ 653561.457627566647716, 6339069.326175128109753 ], [ 653536.91685653233435, 6339195.4059117436409 ], [ 653523.793424798408523, 6339262.832143014296889 ], [ 653522.318996610352769, 6339271.212288641370833 ], [ 653503.756448526168242, 6339376.92306341137737 ], [ 653498.575231967261061, 6339376.763438797555864 ], [ 653486.938055833335966, 6339374.268444675020874 ], [ 653482.132039248012006, 6339373.298253739252687 ] ] } },
{ "type": "Feature", "properties": { "osm_id": "561718604", "name": null, "highway": "service", "waterway": null, "aerialway": null, "barrier": null, "man_made": null, "railway": null, "z_order": 0, "other_tags": "\"service\"=>\"driveway\"", "side": "north" }, "geometry": { "type": "LineString", "coordinates": [ [ 654004.514396302052774, 6338539.206329133361578 ], [ 654015.769842836307362, 6338510.020452056080103 ] ] } },
{ "type": "Feature", "properties": { "osm_id": "561718691", "name": null, "highway": "service", "waterway": null, "aerialway": null, "barrier": null, "man_made": null, "railway": null, "z_order": 0, "other_tags": null, "side": "north" }, "geometry": { "type": "LineString", "coordinates": [ [ 654083.941401264630258, 6338789.056448301300406 ], [ 654089.411052420735359, 6338842.066981820389628 ], [ 654092.33051987667568, 6338846.555302386172116 ], [ 654097.287416172213852, 6338848.523534706793725 ], [ 654104.148931621923111, 6338847.476432911120355 ], [ 654174.490735932486132, 6338833.415775802917778 ] ] } },
{ "type": "Feature", "properties": { "osm_id": "562367533", "name": null, "highway": "service", "waterway": null, "aerialway": null, "barrier": null, "man_made": null, "railway": null, "z_order": 0, "other_tags": null, "side": "north" }, "geometry": { "type": "LineString", "coordinates": [ [ 654549.919770583393984, 6338725.052883431315422 ], [ 654547.019251520978287, 6338736.855878546833992 ], [ 654541.315442967810668, 6338759.161797977983952 ], [ 654503.857856560964137, 6338766.348324653692544 ], [ 654481.155544864013791, 6338783.002665027976036 ], [ 654454.485572498408146, 6338866.265563573688269 ], [ 654458.22456193563994, 6338887.800109209492803 ], [ 654486.828175944858231, 6338900.215933533385396 ], [ 654507.260939570725895, 6338896.446905911900103 ], [ 654524.912141514476389, 6338858.69918445404619 ], [ 654535.302867058082484, 6338824.244955925270915 ], [ 654547.248049665475264, 6338782.728721716441214 ], [ 654541.315442967810668, 6338759.161797977983952 ] ] } },
{ "type": "Feature", "properties": { "osm_id": "570832273", "name": "Береговая улица", "highway": "residential", "waterway": null, "aerialway": null, "barrier": null, "man_made": null, "railway": null, "z_order": 3, "other_tags": null, "side": "south" }, "geometry": { "type": "LineString", "coordinates": [ [ 652830.696816524025053, 6338416.605161697603762 ], [ 652823.174628809094429, 6338418.81102157663554 ], [ 652814.511014847550541, 6338421.921695673838258 ], [ 652807.228324807365425, 6338424.526457893662155 ], [ 652803.481310175033286, 6338426.148062857799232 ], [ 652773.050587105564773, 6338441.09870308637619 ], [ 652720.716805519536138, 6338468.140986105427146 ], [ 652570.806802175706252, 6338549.81271562539041 ], [ 652560.030160306836478, 6338556.377882974222302 ], [ 652548.174221919034608, 6338565.443642867729068 ], [ 652526.384023103863001, 6338589.395981921814382 ], [ 652500.151004017097875, 6338622.008964248932898 ], [ 652489.662519153440371, 6338628.974956344813108 ], [ 652482.566721461131237, 6338635.052534609101713 ], [ 652476.264763245359063, 6338643.399165202863514 ], [ 652472.270827273721807, 6338653.012321496382356 ], [ 652469.445855412166566, 6338659.337088707834482 ], [ 652432.891652615857311, 6338702.934045515023172 ], [ 652399.028746924130246, 6338751.856711940839887 ], [ 652395.796462614554912, 6338756.105073094367981 ] ] } },
{ "type": "Feature", "properties": { "osm_id": "570835644", "name": null, "highway": "footway", "waterway": null, "aerialway": null, "barrier": null, "man_made": null, "railway": null, "z_order": 0, "other_tags": "\"bicycle\"=>\"yes\",\"horse\"=>\"yes\",\"lit\"=>\"yes\",\"surface\"=>\"concrete\"", "side": "south" }, "geometry": { "type": "LineString", "coordinates": [ [ 654390.694152089301497, 6338359.346832228824496 ], [ 654365.952079643961042, 6338353.962842561304569 ], [ 654329.989247741177678, 6338346.208789843134582 ], [ 654292.947656235308386, 6338339.127813762053847 ], [ 654184.973474187077954, 6338316.188503342680633 ], [ 654142.210982360411435, 6338306.00887943431735 ], [ 654107.603898444096558, 6338299.86751411203295 ], [ 654081.308715444523841, 6338295.363191401585937 ], [ 654029.334456629352644, 6338294.813211360946298 ], [ 654001.237566788098775, 6338290.888351676054299 ], [ 653988.687756467028521, 6338283.08743239659816 ], [ 653941.170059955911711, 6338277.334248257800937 ], [ 653821.60110423527658, 6338240.711610077880323 ], [ 653797.291661185678095, 6338230.35527582000941 ], [ 653732.220117463031784, 6338213.765005811117589 ], [ 653721.081282799947076, 6338212.268677038140595 ], [ 653694.01377570303157, 6338209.621196567080915 ], [ 653659.701129913795739, 6338203.996067715808749 ], [ 653643.404559146845713, 6338201.182234822772443 ], [ 653618.372666785377078, 6338196.872870662249625 ], [ 653538.974657027516514, 6338183.874565503560007 ], [ 653383.840309952385724, 6338156.581470783799887 ], [ 653361.105412989854813, 6338156.103140293620527 ], [ 653242.864489235333167, 6338153.588148511014879 ], [ 653131.646819155663252, 6338160.363082841970026 ], [ 653110.523505724500865, 6338161.65084411110729 ], [ 653094.719108774792403, 6338163.180856741964817 ], [ 653057.192968585062772, 6338166.790151025168598 ], [ 652943.39359585638158, 6338177.741889794357121 ], [ 652900.901919763302431, 6338189.057337843813002 ], [ 652868.47533464001026, 6338197.693437813781202 ], [ 652805.750542120193131, 6338214.399018595926464 ], [ 652646.104502595029771, 6338280.442150650545955 ], [ 652577.347086004912853, 6338331.135531132109463 ], [ 652482.787067729048431, 6338400.865045764483511 ], [ 652467.93067128630355, 6338411.82570093870163 ], [ 652458.239306389587, 6338420.47039374243468 ], [ 652415.585232467739843, 6338459.206598402000964 ], [ 652384.066592794610187, 6338495.279595027677715 ], [ 652377.669504677178338, 6338502.597736966796219 ], [ 652382.694676156970672, 6338510.115389221347868 ], [ 652289.758728523622267, 6338618.005556858144701 ], [ 652256.521670170594007, 6338654.773606171831489 ], [ 652241.998606156092137, 6338656.097832157276571 ], [ 652239.260448838234879, 6338659.918862679041922 ] ] } },
{ "type": "Feature", "properties": { "osm_id": "582487099", "name": "улица Республиканец", "highway": "residential", "waterway": null, "aerialway": null, "barrier": null, "man_made": null, "railway": null, "z_order": 3, "other_tags": "\"check_date\"=>\"2023-08-14\",\"start_date\"=>\"2023-11-15\",\"surface\"=>\"concrete:plates\"", "side": "north" }, "geometry": { "type": "LineString", "coordinates": [ [ 654605.355019237031229, 6338962.526839342899621 ], [ 654642.587320663500577, 6338969.528963970020413 ], [ 654744.78163211804349, 6338987.584185068495572 ], [ 654754.625620625447482, 6338990.617072744295001 ], [ 654764.399464228423312, 6338992.455053523182869 ], [ 654772.886797518236563, 6338994.055301204323769 ], [ 654846.695177917601541, 6339007.938025722280145 ] ] } },
{ "type": "Feature", "properties": { "osm_id": "591553716", "name": null, "highway": "footway", "waterway": null, "aerialway": null, "barrier": null, "man_made": null, "railway": null, "z_order": 0, "other_tags": "\"bicycle\"=>\"yes\",\"surface\"=>\"concrete\"", "side": "south" }, "geometry": { "type": "LineString", "coordinates": [ [ 652229.452966062468477, 6338724.662695460952818 ], [ 652181.145697985659353, 6338833.836217234842479 ], [ 652115.855091868666932, 6338969.749336171895266 ], [ 652107.14258863707073, 6338985.874137095175683 ], [ 652061.01403889246285, 6339034.859038203023374 ], [ 652066.858357112621889, 6338995.084034576080739 ], [ 652074.152995050768368, 6338971.285304385237396 ], [ 652102.656484664417803, 6338913.58261701092124 ], [ 652132.511281065642834, 6338892.421935579739511 ] ] } },
{ "type": "Feature", "properties": { "osm_id": "591553717", "name": null, "highway": "footway", "waterway": null, "aerialway": null, "barrier": null, "man_made": null, "railway": null, "z_order": 10, "other_tags": "\"bicycle\"=>\"yes\",\"layer\"=>\"1\",\"surface\"=>\"concrete\"", "side": "south" }, "geometry": { "type": "LineString", "coordinates": [ [ 652224.944436404621229, 6338681.530309942550957 ], [ 652219.704656687914394, 6338689.325983514077961 ], [ 652207.930838019237854, 6338714.719588310457766 ], [ 652182.35079124616459, 6338779.571758674457669 ], [ 652163.058838867698796, 6338824.644178604707122 ], [ 652153.782147501711734, 6338845.216243432834744 ], [ 652132.511281065642834, 6338892.421935579739511 ], [ 652099.124250105116516, 6338961.387594833038747 ], [ 652061.01403889246285, 6339034.859038203023374 ], [ 652028.533049125573598, 6339097.373627863824368 ], [ 652022.118341915891506, 6339108.491213765926659 ], [ 652025.096532444003969, 6339120.133664613589644 ], [ 651956.312404579017311, 6339253.368318416178226 ], [ 651951.798759999452159, 6339250.86190242972225 ], [ 651961.409758305875584, 6339231.516338193789124 ], [ 651961.470614198711701, 6339229.702344845980406 ] ] } },
{ "type": "Feature", "properties": { "osm_id": "591559161", "name": null, "highway": "steps", "waterway": null, "aerialway": null, "barrier": null, "man_made": null, "railway": null, "z_order": 0, "other_tags": "\"surface\"=>\"paving_stones\"", "side": "south" }, "geometry": { "type": "LineString", "coordinates": [ [ 652207.930838019237854, 6338714.719588310457766 ], [ 652229.452966062468477, 6338724.662695460952818 ] ] } },
{ "type": "Feature", "properties": { "osm_id": "591559162", "name": null, "highway": "steps", "waterway": null, "aerialway": null, "barrier": null, "man_made": null, "railway": null, "z_order": 0, "other_tags": "\"surface\"=>\"paving_stones\"", "side": "south" }, "geometry": { "type": "LineString", "coordinates": [ [ 652163.058838867698796, 6338824.644178604707122 ], [ 652181.145697985659353, 6338833.836217234842479 ] ] } },
{ "type": "Feature", "properties": { "osm_id": "591559163", "name": null, "highway": "steps", "waterway": null, "aerialway": null, "barrier": null, "man_made": null, "railway": null, "z_order": 0, "other_tags": "\"surface\"=>\"paving_stones\"", "side": "south" }, "geometry": { "type": "LineString", "coordinates": [ [ 652099.124250105116516, 6338961.387594833038747 ], [ 652115.855091868666932, 6338969.749336171895266 ] ] } },
{ "type": "Feature", "properties": { "osm_id": "591559169", "name": null, "highway": "footway", "waterway": null, "aerialway": null, "barrier": null, "man_made": null, "railway": null, "z_order": 0, "other_tags": "\"bicycle\"=>\"yes\",\"steps\"=>\"yes\",\"surface\"=>\"concrete\"", "side": "south" }, "geometry": { "type": "LineString", "coordinates": [ [ 652057.039208633359522, 6338999.869516788981855 ], [ 652029.918871666537598, 6339013.064364187419415 ], [ 652028.217657763976604, 6339013.892997732385993 ] ] } },
{ "type": "Feature", "properties": { "osm_id": "614434691", "name": null, "highway": "service", "waterway": null, "aerialway": null, "barrier": null, "man_made": null, "railway": null, "z_order": 0, "other_tags": "\"service\"=>\"parking_aisle\",\"surface\"=>\"asphalt\"", "side": "north" }, "geometry": { "type": "LineString", "coordinates": [ [ 654238.188855552347377, 6338312.853474054485559 ], [ 654192.42375491571147, 6338303.47466788161546 ], [ 654182.009766513714567, 6338299.118193511851132 ], [ 654170.18785736465361, 6338297.439078023657203 ], [ 654057.919308881741017, 6338282.120244161225855 ], [ 654060.690252748900093, 6338261.765570287592709 ], [ 654168.493965754518285, 6338277.819998858496547 ], [ 654169.860063743893988, 6338266.873102643527091 ], [ 654170.44038468087092, 6338262.20366885792464 ] ] } },
{ "type": "Feature", "properties": { "osm_id": "647126526", "name": "Береговая улица", "highway": "residential", "waterway": null, "aerialway": null, "barrier": null, "man_made": null, "railway": null, "z_order": 3, "other_tags": "\"lane_markings\"=>\"no\",\"maxspeed\"=>\"40\",\"sidewalk\"=>\"no\",\"smoothness\"=>\"excellent\",\"surface\"=>\"asphalt\"", "side": "north" }, "geometry": { "type": "LineString", "coordinates": [ [ 654657.790880309301428, 6338751.062863131053746 ], [ 654615.133735356619582, 6338740.959989430382848 ], [ 654549.919770583393984, 6338725.052883431315422 ], [ 654526.998896982753649, 6338719.435246204026043 ] ] } },
{ "type": "Feature", "properties": { "osm_id": "666977133", "name": null, "highway": "service", "waterway": null, "aerialway": null, "barrier": null, "man_made": null, "railway": null, "z_order": 0, "other_tags": "\"surface\"=>\"asphalt\"", "side": "north" }, "geometry": { "type": "LineString", "coordinates": [ [ 654780.614585948176682, 6339036.822555601596832 ], [ 654816.259449569624849, 6339040.78034954238683 ], [ 654878.817950372816995, 6339052.134978925809264 ], [ 654915.434100833605044, 6339058.26960414648056 ], [ 654921.54173663049005, 6339059.401832357980311 ], [ 654929.068412241293117, 6339060.788002712652087 ] ] } },
{ "type": "Feature", "properties": { "osm_id": "697316827", "name": null, "highway": "footway", "waterway": null, "aerialway": null, "barrier": null, "man_made": null, "railway": null, "z_order": 0, "other_tags": "\"surface\"=>\"paving_stones\"", "side": "north" }, "geometry": { "type": "LineString", "coordinates": [ [ 654196.608321310253814, 6338288.398940978571773 ], [ 654226.348630266729742, 6338231.580027713440359 ] ] } },
{ "type": "Feature", "properties": { "osm_id": "697316828", "name": null, "highway": "footway", "waterway": null, "aerialway": null, "barrier": null, "man_made": null, "railway": null, "z_order": 0, "other_tags": "\"surface\"=>\"paving_stones\"", "side": "north" }, "geometry": { "type": "LineString", "coordinates": [ [ 654142.210982360411435, 6338306.00887943431735 ], [ 654169.224326233845204, 6338301.670748001895845 ], [ 654170.18785736465361, 6338297.439078023657203 ], [ 654170.914507884532213, 6338292.418546792119741 ], [ 654180.535501011065207, 6338293.859324359335005 ], [ 654187.337970645632595, 6338283.249529818072915 ], [ 654191.818968308158219, 6338285.656892808154225 ], [ 654196.608321310253814, 6338288.398940978571773 ] ] } },
{ "type": "Feature", "properties": { "osm_id": "697316835", "name": null, "highway": "service", "waterway": null, "aerialway": null, "barrier": null, "man_made": null, "railway": null, "z_order": 0, "other_tags": "\"access\"=>\"destination\",\"surface\"=>\"asphalt\"", "side": "south" }, "geometry": { "type": "LineString", "coordinates": [ [ 654170.44038468087092, 6338262.20366885792464 ], [ 654159.258821420255117, 6338260.559687677770853 ], [ 654109.472798771806993, 6338253.126294810324907 ], [ 653905.82151218294166, 6338223.431072637438774 ] ] } },
{ "type": "Feature", "properties": { "osm_id": "697316836", "name": null, "highway": "service", "waterway": null, "aerialway": null, "barrier": null, "man_made": null, "railway": null, "z_order": 0, "other_tags": "\"surface\"=>\"asphalt\"", "side": "north" }, "geometry": { "type": "LineString", "coordinates": [ [ 654203.798818902228959, 6338266.449113298207521 ], [ 654170.44038468087092, 6338262.20366885792464 ] ] } },
{ "type": "Feature", "properties": { "osm_id": "729839659", "name": null, "highway": "residential", "waterway": null, "aerialway": null, "barrier": null, "man_made": null, "railway": null, "z_order": 3, "other_tags": "\"smoothness\"=>\"excellent\",\"surface\"=>\"asphalt\"", "side": "north" }, "geometry": { "type": "LineString", "coordinates": [ [ 654657.790880309301428, 6338751.062863131053746 ], [ 654652.121062481543049, 6338780.189413499087095 ], [ 654646.607800668338314, 6338800.307209527119994 ], [ 654634.197022669250146, 6338848.235208542086184 ], [ 654630.887427664245479, 6338851.576459210366011 ], [ 654628.427594640292227, 6338856.632184253074229 ], [ 654607.683279620017856, 6338949.521255698986351 ], [ 654607.003100387053564, 6338953.451474663801491 ], [ 654605.355019237031229, 6338962.526839342899621 ] ] } },
{ "type": "Feature", "properties": { "osm_id": "768121093", "name": null, "highway": "service", "waterway": null, "aerialway": null, "barrier": null, "man_made": null, "railway": null, "z_order": 0, "other_tags": "\"service\"=>\"driveway\"", "side": "north" }, "geometry": { "type": "LineString", "coordinates": [ [ 654729.436792128719389, 6338747.690790732391179 ], [ 654728.649068200960755, 6338775.117432511411607 ], [ 654733.996716803871095, 6338786.182615655474365 ], [ 654733.746470153331757, 6338817.02804243657738 ], [ 654732.203850942431018, 6338822.641875070519745 ], [ 654710.013526875525713, 6338822.254368198104203 ], [ 654704.879870173987001, 6338820.32332213036716 ], [ 654701.873245854163542, 6338816.076407101005316 ], [ 654701.539905850542709, 6338810.926994930952787 ], [ 654704.297425794880837, 6338799.074145375750959 ], [ 654702.182302611530758, 6338792.687828260473907 ], [ 654684.203189556486905, 6338787.355109729804099 ], [ 654697.806311226915568, 6338729.777629933319986 ], [ 654701.491525851306506, 6338728.69025887362659 ], [ 654725.87664675177075, 6338733.516996732912958 ], [ 654729.436792128719389, 6338747.690790732391179 ], [ 654747.934646638575941, 6338748.563715193420649 ], [ 654752.579799627535976, 6338728.52485379204154 ], [ 654757.056162315187976, 6338710.563388454727829 ], [ 654757.600695847184397, 6338705.4135104669258 ] ] } },
{ "type": "Feature", "properties": { "osm_id": "768121104", "name": null, "highway": "service", "waterway": null, "aerialway": null, "barrier": null, "man_made": null, "railway": null, "z_order": 0, "other_tags": null, "side": "north" }, "geometry": { "type": "LineString", "coordinates": [ [ 654413.58463676366955, 6338967.303040439262986 ], [ 654411.114218409871683, 6338979.757371162995696 ], [ 654407.603713032789528, 6338987.982992759905756 ], [ 654392.761446768068708, 6339071.644876427017152 ], [ 654383.032488510711119, 6339070.06574235111475 ] ] } },
{ "type": "Feature", "properties": { "osm_id": "774080663", "name": null, "highway": "service", "waterway": null, "aerialway": null, "barrier": null, "man_made": null, "railway": null, "z_order": 0, "other_tags": "\"smoothness\"=>\"excellent\",\"surface\"=>\"asphalt\"", "side": "north" }, "geometry": { "type": "LineString", "coordinates": [ [ 654668.870176635798998, 6338857.481494168750942 ], [ 654666.179984195274301, 6338868.18916564527899 ], [ 654665.78151201736182, 6338869.934793030843139 ], [ 654651.81455949624069, 6338930.451568734832108 ], [ 654672.319766899454407, 6338934.430421404540539 ] ] } },
{ "type": "Feature", "properties": { "osm_id": "774080664", "name": null, "highway": "service", "waterway": null, "aerialway": null, "barrier": null, "man_made": null, "railway": null, "z_order": 0, "other_tags": "\"smoothness\"=>\"excellent\",\"surface\"=>\"asphalt\"", "side": "north" }, "geometry": { "type": "LineString", "coordinates": [ [ 654634.197022669250146, 6338848.235208542086184 ], [ 654639.384242634871043, 6338850.190463025122881 ], [ 654668.870176635798998, 6338857.481494168750942 ], [ 654691.310293639195152, 6338862.658490403555334 ], [ 654705.625187375117093, 6338864.321366890333593 ], [ 654732.860398455290124, 6338865.288309991359711 ], [ 654760.698308862280101, 6338865.520349369384348 ] ] } },
{ "type": "Feature", "properties": { "osm_id": "776161768", "name": null, "highway": "service", "waterway": null, "aerialway": null, "barrier": null, "man_made": null, "railway": null, "z_order": 0, "other_tags": null, "side": "north" }, "geometry": { "type": "LineString", "coordinates": [ [ 653670.08490995655302, 6338930.146676836535335 ], [ 653701.265875338460319, 6338936.312821193598211 ], [ 653706.712642984930426, 6338935.535439102910459 ], [ 653710.526936747482978, 6338931.298608249053359 ], [ 653718.670409952290356, 6338890.039744444191456 ], [ 653712.362331778043881, 6338888.589850044809282 ], [ 653693.957979557453655, 6338885.719325026497245 ], [ 653688.115843536797911, 6338883.462281159125268 ], [ 653675.515947307343595, 6338875.905514205805957 ], [ 653646.717894702102058, 6338870.920440598390996 ] ] } },
{ "type": "Feature", "properties": { "osm_id": "780432749", "name": null, "highway": "footway", "waterway": null, "aerialway": null, "barrier": null, "man_made": null, "railway": null, "z_order": 0, "other_tags": null, "side": "north" }, "geometry": { "type": "LineString", "coordinates": [ [ 654292.947656235308386, 6338339.127813762053847 ], [ 654368.508927050279453, 6338375.731529564596713 ], [ 654271.978288434911519, 6338353.285388872027397 ] ] } },
{ "type": "Feature", "properties": { "osm_id": "806171235", "name": "улица Щербакова", "highway": "tertiary", "waterway": null, "aerialway": null, "barrier": null, "man_made": null, "railway": null, "z_order": 4, "other_tags": "\"old_name\"=>\"Мостовая улица\",\"surface\"=>\"asphalt\"", "side": "south" }, "geometry": { "type": "LineString", "coordinates": [ [ 652504.78998161223717, 6338850.29257367644459 ], [ 652395.796462614554912, 6338756.105073094367981 ] ] } },
{ "type": "Feature", "properties": { "osm_id": "812439158", "name": null, "highway": "footway", "waterway": null, "aerialway": null, "barrier": null, "man_made": null, "railway": null, "z_order": 0, "other_tags": "\"lit\"=>\"yes\",\"smoothness\"=>\"excellent\",\"surface\"=>\"paving_stones\"", "side": "north" }, "geometry": { "type": "LineString", "coordinates": [ [ 654754.625620625447482, 6338990.617072744295001 ], [ 654756.512668079696596, 6338975.188098307698965 ], [ 654758.251307620317675, 6338966.450466410256922 ], [ 654759.534279029932804, 6338960.013454767875373 ], [ 654760.73571303463541, 6338953.974527216516435 ], [ 654761.138624571962282, 6338951.95049986615777 ], [ 654762.309613137855195, 6338946.077573409304023 ], [ 654763.660373553982936, 6338939.286534243263304 ], [ 654762.265560703352094, 6338933.551236923784018 ], [ 654761.578152837697417, 6338930.739678865298629 ], [ 654761.381151851965114, 6338926.475670652464032 ], [ 654763.09531757957302, 6338918.873702154494822 ], [ 654764.018927934346721, 6338914.752071206457913 ], [ 654764.981826925300993, 6338909.584478327073157 ], [ 654765.966624391730875, 6338904.317421527579427 ], [ 654766.928273226832971, 6338899.183210856281221 ], [ 654768.270333750057034, 6338891.979556473903358 ], [ 654768.300212271395139, 6338886.832633464597166 ], [ 654768.339244110626169, 6338879.669179460965097 ], [ 654768.535588282044046, 6338868.801030430942774 ], [ 654768.544285314623266, 6338853.903226802125573 ], [ 654768.630377389490604, 6338845.003239970654249 ], [ 654768.637052390258759, 6338842.73032802529633 ], [ 654768.662734161713161, 6338835.599802002310753 ], [ 654768.617303581442684, 6338831.007198545150459 ], [ 654768.691391863510944, 6338821.137324227020144 ], [ 654768.748145629884675, 6338816.080554942600429 ], [ 654768.760509431944229, 6338808.659812249243259 ], [ 654768.77008046710398, 6338802.119258075021207 ], [ 654768.790039256215096, 6338795.94681160710752 ], [ 654768.850373862194829, 6338783.702972321771085 ], [ 654768.882808304391801, 6338773.330101437866688 ], [ 654768.900986878317781, 6338766.076722025871277 ], [ 654768.912897291244008, 6338763.503147332929075 ], [ 654768.926627839216962, 6338759.269341095350683 ], [ 654768.967609955230728, 6338748.829934014007449 ], [ 654768.973967860918492, 6338747.69359168689698 ], [ 654769.028122727526352, 6338732.229208257980645 ], [ 654769.089865789981559, 6338713.500225470401347 ], [ 654769.441811286844313, 6338705.90280843526125 ], [ 654769.441993279615417, 6338690.102110429666936 ], [ 654769.029316435568035, 6338684.648850652389228 ], [ 654767.624197272351012, 6338678.701455343514681 ], [ 654767.813156105694361, 6338673.025647583417594 ], [ 654768.675183379673399, 6338667.965695659630001 ], [ 654770.801562796579674, 6338662.607799997553229 ], [ 654774.934081744868308, 6338660.734998241998255 ], [ 654781.172922929166816, 6338660.969333733431995 ], [ 654783.669203073950484, 6338663.815407779999077 ], [ 654784.387593024410307, 6338672.411322752945125 ], [ 654784.572751517873257, 6338678.602616623975337 ], [ 654784.396228599478491, 6338687.008915521204472 ] ] } },
{ "type": "Feature", "properties": { "osm_id": "812439166", "name": null, "highway": "footway", "waterway": null, "aerialway": null, "barrier": null, "man_made": null, "railway": null, "z_order": 0, "other_tags": "\"footway\"=>\"sidewalk\",\"surface\"=>\"asphalt\"", "side": "north" }, "geometry": { "type": "LineString", "coordinates": [ [ 654747.497117100749165, 6339114.493006483651698 ], [ 654748.182331013609655, 6339102.696065255440772 ], [ 654746.164018331095576, 6339100.347096406854689 ], [ 654745.167192581109703, 6339096.587909652851522 ], [ 654751.142241084133275, 6339084.48821671679616 ], [ 654751.714415367459878, 6339080.052524670027196 ], [ 654750.0601216746727, 6339070.106587676331401 ], [ 654755.128112705773674, 6339044.445280693471432 ], [ 654757.104654855793342, 6339032.596556616015732 ], [ 654758.46519768727012, 6339025.705597395077348 ], [ 654758.212844404159114, 6339022.754378292709589 ] ] } },
{ "type": "Feature", "properties": { "osm_id": "812439168", "name": null, "highway": "footway", "waterway": null, "aerialway": null, "barrier": null, "man_made": null, "railway": null, "z_order": 0, "other_tags": "\"footway\"=>\"sidewalk\",\"surface\"=>\"asphalt\"", "side": "north" }, "geometry": { "type": "LineString", "coordinates": [ [ 654758.212844404159114, 6339022.754378292709589 ], [ 654759.746646124869585, 6339011.089598666876554 ], [ 654761.325059752911329, 6339001.621657526120543 ], [ 654754.625620625447482, 6338990.617072744295001 ] ] } },
{ "type": "Feature", "properties": { "osm_id": "816191189", "name": null, "highway": "service", "waterway": null, "aerialway": null, "barrier": null, "man_made": null, "railway": null, "z_order": 0, "other_tags": null, "side": "north" }, "geometry": { "type": "LineString", "coordinates": [ [ 653714.565242249751464, 6338973.79192394670099 ], [ 653696.861444597830996, 6338969.677221230231225 ], [ 653684.072229889221489, 6338946.268285847268999 ], [ 653670.08490995655302, 6338930.146676836535335 ] ] } },
{ "type": "Feature", "properties": { "osm_id": "838963430", "name": null, "highway": "footway", "waterway": null, "aerialway": null, "barrier": null, "man_made": null, "railway": null, "z_order": 0, "other_tags": "\"surface\"=>\"paving_stones\"", "side": "north" }, "geometry": { "type": "LineString", "coordinates": [ [ 654169.224326233845204, 6338301.670748001895845 ], [ 654186.844336202833802, 6338305.182494696229696 ], [ 654184.973474187077954, 6338316.188503342680633 ] ] } },
{ "type": "Feature", "properties": { "osm_id": "858773135", "name": null, "highway": "service", "waterway": null, "aerialway": null, "barrier": null, "man_made": null, "railway": null, "z_order": 0, "other_tags": "\"surface\"=>\"asphalt\"", "side": "north" }, "geometry": { "type": "LineString", "coordinates": [ [ 654658.701639358419925, 6339250.278556543402374 ], [ 654693.894489223952405, 6339256.714440485462546 ], [ 654703.078786208061501, 6339206.693154519423842 ], [ 654712.483673554728739, 6339155.476726516149938 ], [ 654622.654163022409193, 6339139.033831308595836 ], [ 654618.256256474647671, 6339162.993247293867171 ], [ 654612.677305723773316, 6339161.970447148196399 ], [ 654603.383352047996596, 6339212.522623219527304 ], [ 654609.431206382811069, 6339213.629868545569479 ], [ 654600.067677750485018, 6339268.45832649897784 ], [ 654636.494124769698828, 6339275.084874688647687 ], [ 654641.778615657472983, 6339247.180720506235957 ], [ 654658.701639358419925, 6339250.278556543402374 ] ] } },
{ "type": "Feature", "properties": { "osm_id": "858773137", "name": null, "highway": "service", "waterway": null, "aerialway": null, "barrier": null, "man_made": null, "railway": null, "z_order": 0, "other_tags": "\"surface\"=>\"paving_stones\"", "side": "north" }, "geometry": { "type": "LineString", "coordinates": [ [ 654743.196371239959262, 6339252.849585626274347 ], [ 654740.791411445010453, 6339249.193509339354932 ], [ 654728.878391126869246, 6339234.059664496220648 ], [ 654710.802895487751812, 6339212.164672493003309 ], [ 654703.078786208061501, 6339206.693154519423842 ] ] } },
{ "type": "Feature", "properties": { "osm_id": "863471680", "name": null, "highway": "cycleway", "waterway": null, "aerialway": null, "barrier": null, "man_made": null, "railway": null, "z_order": 0, "other_tags": "\"bicycle\"=>\"designated\",\"foot\"=>\"designated\",\"lit\"=>\"yes\",\"surface\"=>\"asphalt\"", "side": "north" }, "geometry": { "type": "LineString", "coordinates": [ [ 655087.97529118496459, 6339103.081428582780063 ], [ 655075.274756283382885, 6339176.113779865205288 ], [ 655073.421307416050695, 6339185.794146866537631 ], [ 655070.993006444652565, 6339199.007496317848563 ], [ 655069.281167934648693, 6339208.303189401514828 ], [ 655056.392568720504642, 6339278.464747922495008 ], [ 655055.555553894606419, 6339283.013020842336118 ], [ 654986.313038188614883, 6339271.31490133702755 ], [ 654982.992800364503637, 6339270.7554213674739 ], [ 654970.963237952557392, 6339268.720601858571172 ], [ 654926.43546857079491, 6339261.195845606736839 ], [ 654861.92994538100902, 6339250.034560259431601 ], [ 654830.268461854662746, 6339206.490134241059422 ], [ 654816.788074355456047, 6339188.611669010482728 ], [ 654800.655697354115546, 6339164.304406497627497 ], [ 654781.000020389212295, 6339134.683377167209983 ], [ 654772.61289677338209, 6339122.044187069870532 ], [ 654784.006156468880363, 6339051.279812973923981 ] ] } },
{ "type": "Feature", "properties": { "osm_id": "905758367", "name": null, "highway": "service", "waterway": null, "aerialway": null, "barrier": null, "man_made": null, "railway": null, "z_order": 0, "other_tags": "\"service\"=>\"driveway\"", "side": "north" }, "geometry": { "type": "LineString", "coordinates": [ [ 654652.121062481543049, 6338780.189413499087095 ], [ 654659.198050267528743, 6338781.636182534508407 ], [ 654661.92729848716408, 6338782.630056599155068 ], [ 654684.203189556486905, 6338787.355109729804099 ] ] } },
{ "type": "Feature", "properties": { "osm_id": "905758369", "name": null, "highway": "service", "waterway": null, "aerialway": null, "barrier": null, "man_made": null, "railway": null, "z_order": 0, "other_tags": "\"smoothness\"=>\"excellent\",\"surface\"=>\"asphalt\"", "side": "north" }, "geometry": { "type": "LineString", "coordinates": [ [ 654721.480074424995109, 6338946.204493401572108 ], [ 654730.981056642136537, 6338876.806404003873467 ], [ 654731.390252911252901, 6338874.292320651933551 ], [ 654732.860398455290124, 6338865.288309991359711 ] ] } },
{ "type": "Feature", "properties": { "osm_id": "905758371", "name": null, "highway": "service", "waterway": null, "aerialway": null, "barrier": null, "man_made": null, "railway": null, "z_order": 0, "other_tags": "\"service\"=>\"parking_aisle\"", "side": "north" }, "geometry": { "type": "LineString", "coordinates": [ [ 654607.003100387053564, 6338953.451474663801491 ], [ 654738.742440271773376, 6338977.050144796259701 ], [ 654744.78163211804349, 6338987.584185068495572 ] ] } },
{ "type": "Feature", "properties": { "osm_id": "905758373", "name": null, "highway": "footway", "waterway": null, "aerialway": null, "barrier": null, "man_made": null, "railway": null, "z_order": 0, "other_tags": null, "side": "north" }, "geometry": { "type": "LineString", "coordinates": [ [ 654829.870925194816664, 6338721.221329820342362 ], [ 654807.425784586230293, 6338715.998853182420135 ], [ 654797.847279462963343, 6338713.778139928355813 ], [ 654784.302070178790018, 6338710.628439831547439 ], [ 654769.441811286844313, 6338705.90280843526125 ], [ 654765.188643874949776, 6338703.091042649000883 ] ] } },
{ "type": "Feature", "properties": { "osm_id": "918534514", "name": null, "highway": "service", "waterway": null, "aerialway": null, "barrier": null, "man_made": null, "railway": null, "z_order": 0, "other_tags": "\"service\"=>\"parking_aisle\",\"smoothness\"=>\"excellent\",\"surface\"=>\"asphalt\"", "side": "north" }, "geometry": { "type": "LineString", "coordinates": [ [ 654657.348685299511999, 6338803.005781072191894 ], [ 654651.203328751609661, 6338801.415691931731999 ], [ 654646.607800668338314, 6338800.307209527119994 ] ] } },
{ "type": "Feature", "properties": { "osm_id": "953270104", "name": null, "highway": "service", "waterway": null, "aerialway": null, "barrier": null, "man_made": null, "railway": null, "z_order": 0, "other_tags": "\"service\"=>\"parking_aisle\",\"smoothness\"=>\"excellent\",\"surface\"=>\"asphalt\"", "side": "north" }, "geometry": { "type": "LineString", "coordinates": [ [ 654575.373499828972854, 6338694.294874566607177 ], [ 654568.76023536734283, 6338720.66724547650665 ] ] } },
{ "type": "Feature", "properties": { "osm_id": "953270105", "name": null, "highway": "service", "waterway": null, "aerialway": null, "barrier": null, "man_made": null, "railway": null, "z_order": 0, "other_tags": "\"service\"=>\"parking_aisle\",\"smoothness\"=>\"excellent\",\"surface\"=>\"asphalt\"", "side": "north" }, "geometry": { "type": "LineString", "coordinates": [ [ 654551.249664260772988, 6338716.065854404121637 ], [ 654557.849262425443158, 6338689.89352120552212 ], [ 654575.373499828972854, 6338694.294874566607177 ], [ 654591.104343338753097, 6338698.250163680873811 ], [ 654607.765087416977622, 6338702.429833844304085 ], [ 654623.825862106867135, 6338706.464487547986209 ], [ 654615.133735356619582, 6338740.959989430382848 ] ] } },
{ "type": "Feature", "properties": { "osm_id": "953270107", "name": null, "highway": "service", "waterway": null, "aerialway": null, "barrier": null, "man_made": null, "railway": null, "z_order": 0, "other_tags": "\"service\"=>\"parking_aisle\",\"smoothness\"=>\"excellent\",\"surface\"=>\"asphalt\"", "side": "north" }, "geometry": { "type": "LineString", "coordinates": [ [ 654584.367771998280659, 6338724.84074728935957 ], [ 654591.104343338753097, 6338698.250163680873811 ] ] } },
{ "type": "Feature", "properties": { "osm_id": "957761730", "name": null, "highway": "cycleway", "waterway": null, "aerialway": null, "barrier": null, "man_made": null, "railway": null, "z_order": 0, "other_tags": null, "side": "south" }, "geometry": { "type": "LineString", "coordinates": [ [ 652370.861854430404492, 6338764.464761468581855 ], [ 652422.686695223092102, 6338694.879288699477911 ], [ 652472.290887424722314, 6338626.293052017688751 ], [ 652542.335801205830649, 6338544.089944330975413 ], [ 652604.192846799385734, 6338484.928507965989411 ], [ 652818.788557184394449, 6338368.606654031202197 ] ] } },
{ "type": "Feature", "properties": { "osm_id": "957761731", "name": null, "highway": "footway", "waterway": null, "aerialway": null, "barrier": null, "man_made": null, "railway": null, "z_order": 0, "other_tags": null, "side": "south" }, "geometry": { "type": "LineString", "coordinates": [ [ 652422.686695223092102, 6338694.879288699477911 ], [ 652431.805907764704898, 6338698.737684359773993 ], [ 652467.047489163698629, 6338655.604710348881781 ], [ 652472.307229876983911, 6338639.430809926241636 ], [ 652476.359579022973776, 6338633.474595351144671 ], [ 652483.088098100153729, 6338627.015709506347775 ], [ 652496.994923469261266, 6338618.794516027905047 ], [ 652513.360839551780373, 6338599.744602389633656 ], [ 652533.684412545990199, 6338573.542814918793738 ], [ 652544.892264701193199, 6338561.867934696376324 ], [ 652556.854830550262704, 6338553.028965363278985 ], [ 652573.933523558429442, 6338540.412668998353183 ], [ 652599.219305793521926, 6338520.166783463209867 ], [ 652653.165890301112086, 6338489.093426353298128 ], [ 652657.148974919226021, 6338485.508187453262508 ], [ 652658.740755500271916, 6338481.923508225940168 ], [ 652658.937377938185818, 6338476.615749529562891 ], [ 652658.623969355598092, 6338472.98277941159904 ], [ 652659.055133063811809, 6338469.678242897614837 ], [ 652660.867997585912235, 6338466.335749662481248 ], [ 652664.111616818001494, 6338464.082525919191539 ], [ 652697.611368093057536, 6338455.005579486489296 ], [ 652729.741223862743936, 6338447.449241598136723 ], [ 652795.604979965370148, 6338401.331021232530475 ], [ 652805.179595371009782, 6338394.387579896487296 ], [ 652827.370859049260616, 6338385.159777245484293 ], [ 652818.728207615902647, 6338365.662752123549581 ] ] } },
{ "type": "Feature", "properties": { "osm_id": "985422440", "name": null, "highway": "service", "waterway": null, "aerialway": null, "barrier": null, "man_made": null, "railway": null, "z_order": 0, "other_tags": null, "side": "north" }, "geometry": { "type": "LineString", "coordinates": [ [ 653667.57199192000553, 6338905.17108750436455 ], [ 653675.515947307343595, 6338875.905514205805957 ] ] } },
{ "type": "Feature", "properties": { "osm_id": "998706933", "name": null, "highway": "service", "waterway": null, "aerialway": null, "barrier": null, "man_made": null, "railway": null, "z_order": 0, "other_tags": "\"living_street\"=>\"yes\",\"service\"=>\"driveway\"", "side": "north" }, "geometry": { "type": "LineString", "coordinates": [ [ 654886.497992533142678, 6338855.070477671921253 ], [ 654852.674556148122065, 6338853.988639180548489 ], [ 654794.38196544139646, 6338852.110341518186033 ] ] } },
{ "type": "Feature", "properties": { "osm_id": "999919825", "name": null, "highway": "service", "waterway": null, "aerialway": null, "barrier": null, "man_made": null, "railway": null, "z_order": 0, "other_tags": "\"service\"=>\"parking_aisle\",\"surface\"=>\"asphalt\"", "side": "north" }, "geometry": { "type": "LineString", "coordinates": [ [ 654673.246451869490556, 6338687.994520483538508 ], [ 654672.324786949204281, 6338685.77590961009264 ], [ 654653.017778910347261, 6338658.709362364374101 ] ] } },
{ "type": "Feature", "properties": { "osm_id": "999919831", "name": null, "highway": "footway", "waterway": null, "aerialway": null, "barrier": null, "man_made": null, "railway": null, "z_order": 0, "other_tags": null, "side": "north" }, "geometry": { "type": "LineString", "coordinates": [ [ 654768.630377389490604, 6338845.003239970654249 ], [ 654787.833949897205457, 6338846.738596044480801 ], [ 654822.704075628891587, 6338847.836941715329885 ], [ 654831.743195404065773, 6338848.132015557959676 ], [ 654849.544195294845849, 6338848.689518046565354 ], [ 654852.9302958836779, 6338848.794484891928732 ], [ 654877.684430934954435, 6338849.579994121566415 ] ] } },
{ "type": "Feature", "properties": { "osm_id": "1009081646", "name": null, "highway": "footway", "waterway": null, "aerialway": null, "barrier": null, "man_made": null, "railway": null, "z_order": 20, "other_tags": "\"bridge\"=>\"yes\",\"layer\"=>\"1\"", "side": "north" }, "geometry": { "type": "LineString", "coordinates": [ [ 653588.956387263373472, 6338928.068891406990588 ], [ 653597.936476206989028, 6338940.493566792458296 ] ] } },
{ "type": "Feature", "properties": { "osm_id": "1030305554", "name": null, "highway": "footway", "waterway": null, "aerialway": null, "barrier": null, "man_made": null, "railway": null, "z_order": 0, "other_tags": "\"leisure\"=>\"track\",\"lit\"=>\"yes\",\"sport\"=>\"running\",\"surface\"=>\"sett\"", "side": "north" }, "geometry": { "type": "LineString", "coordinates": [ [ 654527.966405435930938, 6339008.240306869149208 ], [ 654530.889715337543748, 6338995.5021543931216 ], [ 654533.932362378342077, 6338990.880527643486857 ], [ 654538.172082686796784, 6338987.106091518886387 ], [ 654543.194874701206572, 6338984.887611409649253 ], [ 654549.885162217309698, 6338984.36969390232116 ], [ 654659.28904009074904, 6339002.904950014315546 ], [ 654758.212844404159114, 6339022.754378292709589 ], [ 654923.056345827761106, 6339049.708674744702876 ], [ 654930.575551955029368, 6339050.971993249841034 ], [ 655090.333442551083863, 6339079.190445848740637 ] ] } },
{ "type": "Feature", "properties": { "osm_id": "1030305555", "name": null, "highway": "footway", "waterway": null, "aerialway": null, "barrier": null, "man_made": null, "railway": null, "z_order": 0, "other_tags": "\"leisure\"=>\"track\",\"sport\"=>\"running\"", "side": "north" }, "geometry": { "type": "LineString", "coordinates": [ [ 654527.966405435930938, 6339008.240306869149208 ], [ 654509.719942040508613, 6339098.515691726468503 ], [ 654499.755472445162013, 6339152.775769052095711 ], [ 654465.706869376124814, 6339352.472801160998642 ], [ 654464.760437907185405, 6339358.019919673912227 ] ] } },
{ "type": "Feature", "properties": { "osm_id": "1076818109", "name": null, "highway": "footway", "waterway": null, "aerialway": null, "barrier": null, "man_made": null, "railway": null, "z_order": 0, "other_tags": "\"footway\"=>\"sidewalk\",\"surface\"=>\"paving_stones\"", "side": "north" }, "geometry": { "type": "LineString", "coordinates": [ [ 654290.438594848033972, 6339120.584582134149969 ], [ 654291.212230131961405, 6339115.120107884518802 ], [ 654259.80234841175843, 6339109.620534897781909 ], [ 654233.522248926805332, 6339257.494472429156303 ], [ 654269.55152932391502, 6339264.392594259232283 ], [ 654324.228570266743191, 6339275.042666719295084 ], [ 654317.657141575124115, 6339304.882343947887421 ], [ 654316.101055353065021, 6339312.490372252650559 ] ] } },
{ "type": "Feature", "properties": { "osm_id": "1076818112", "name": null, "highway": "footway", "waterway": null, "aerialway": null, "barrier": null, "man_made": null, "railway": null, "z_order": 0, "other_tags": "\"footway\"=>\"sidewalk\",\"surface\"=>\"paving_stones\"", "side": "north" }, "geometry": { "type": "LineString", "coordinates": [ [ 654433.338812707574107, 6339326.889765018597245 ], [ 654445.777380583924241, 6339261.178263859823346 ], [ 654446.66062012326438, 6339256.509063710458577 ], [ 654462.870741114253178, 6339167.059714482165873 ], [ 654475.282523097936064, 6339093.848084181547165 ], [ 654446.44562731613405, 6339088.499271281994879 ], [ 654393.473217961145565, 6339078.335005912929773 ], [ 654384.87277244834695, 6339076.686726279556751 ], [ 654380.609217184130102, 6339099.035636101849377 ] ] } },
{ "type": "Feature", "properties": { "osm_id": "1096174933", "name": null, "highway": "service", "waterway": null, "aerialway": null, "barrier": null, "man_made": null, "railway": null, "z_order": 0, "other_tags": null, "side": "north" }, "geometry": { "type": "LineString", "coordinates": [ [ 653718.670409952290356, 6338890.039744444191456 ], [ 653725.223416657769121, 6338894.173060132190585 ], [ 653727.209415473393165, 6338897.567711357958615 ], [ 653727.353575553628616, 6338901.005074341781437 ], [ 653714.565242249751464, 6338973.79192394670099 ], [ 653686.081617099698633, 6339116.348993300460279 ], [ 653670.749457050231285, 6339113.90511541813612 ], [ 653674.622659055283293, 6339092.666539218276739 ], [ 653655.800676106475294, 6339069.043807675130665 ], [ 653630.150166161358356, 6339062.961597838439047 ], [ 653610.115156628424302, 6339076.41051194164902 ], [ 653577.802138589089736, 6339071.573371456004679 ] ] } },
{ "type": "Feature", "properties": { "osm_id": "1096174937", "name": null, "highway": "footway", "waterway": null, "aerialway": null, "barrier": null, "man_made": null, "railway": null, "z_order": 0, "other_tags": null, "side": "north" }, "geometry": { "type": "LineString", "coordinates": [ [ 653628.957384995766915, 6339022.546772330068052 ], [ 653621.244635554496199, 6339009.745839102193713 ], [ 653603.592318576178513, 6339018.703946853987873 ], [ 653592.375710847903974, 6339018.865227348171175 ], [ 653599.403338966774754, 6338982.010570683516562 ], [ 653602.68494028924033, 6338980.205203766934574 ], [ 653629.13064243120607, 6338965.624692902900279 ], [ 653631.918738613952883, 6338972.347470777109265 ], [ 653639.878291452536359, 6339003.855236652307212 ], [ 653628.957384995766915, 6339022.546772330068052 ], [ 653637.269367382978089, 6339033.074651246890426 ], [ 653633.591220443369821, 6339057.852792753838003 ], [ 653606.553264773450792, 6339067.876050110906363 ], [ 653590.295211794204079, 6339065.42024989426136 ], [ 653577.802138589089736, 6339071.573371456004679 ] ] } },
{ "type": "Feature", "properties": { "osm_id": "1096174938", "name": null, "highway": "footway", "waterway": null, "aerialway": null, "barrier": null, "man_made": null, "railway": null, "z_order": 0, "other_tags": null, "side": "north" }, "geometry": { "type": "LineString", "coordinates": [ [ 653621.244635554496199, 6339009.745839102193713 ], [ 653613.484243837650865, 6339000.00741492304951 ], [ 653631.918738613952883, 6338972.347470777109265 ] ] } },
{ "type": "Feature", "properties": { "osm_id": "1096174939", "name": null, "highway": "footway", "waterway": null, "aerialway": null, "barrier": null, "man_made": null, "railway": null, "z_order": 0, "other_tags": null, "side": "north" }, "geometry": { "type": "LineString", "coordinates": [ [ 653613.484243837650865, 6339000.00741492304951 ], [ 653602.68494028924033, 6338980.205203766934574 ] ] } },
{ "type": "Feature", "properties": { "osm_id": "1096174940", "name": null, "highway": "footway", "waterway": null, "aerialway": null, "barrier": null, "man_made": null, "railway": null, "z_order": 0, "other_tags": null, "side": "north" }, "geometry": { "type": "LineString", "coordinates": [ [ 653597.936476206989028, 6338940.493566792458296 ], [ 653600.672897000447847, 6338944.707265586592257 ], [ 653607.089074750430882, 6338946.016165706329048 ], [ 653620.526876516873017, 6338939.051482391543686 ], [ 653629.373658094089478, 6338957.321229408495128 ], [ 653626.256779107148759, 6338959.578430059365928 ], [ 653627.350723881041631, 6338962.059490008279681 ], [ 653629.13064243120607, 6338965.624692902900279 ] ] } },
{ "type": "Feature", "properties": { "osm_id": "1096174941", "name": null, "highway": "footway", "waterway": null, "aerialway": null, "barrier": null, "man_made": null, "railway": null, "z_order": 0, "other_tags": null, "side": "north" }, "geometry": { "type": "LineString", "coordinates": [ [ 653629.13064243120607, 6338965.624692902900279 ], [ 653666.556343898526393, 6338946.038424117490649 ], [ 653682.074166905484162, 6338948.065751194022596 ], [ 653699.2225508808624, 6338976.484408009797335 ], [ 653696.314899420365691, 6338987.574462972581387 ], [ 653653.91016846394632, 6339006.116772373206913 ], [ 653639.878291452536359, 6339003.855236652307212 ] ] } },
{ "type": "Feature", "properties": { "osm_id": "1096174942", "name": null, "highway": "footway", "waterway": null, "aerialway": null, "barrier": null, "man_made": null, "railway": null, "z_order": 0, "other_tags": null, "side": "north" }, "geometry": { "type": "LineString", "coordinates": [ [ 653696.314899420365691, 6338987.574462972581387 ], [ 653683.993944112444296, 6339069.270769054070115 ], [ 653667.414707664866, 6339075.42721102014184 ], [ 653656.037669979268685, 6339064.149813908152282 ], [ 653633.591220443369821, 6339057.852792753838003 ] ] } },
{ "type": "Feature", "properties": { "osm_id": "1096176181", "name": "Урайская улица", "highway": "residential", "waterway": null, "aerialway": null, "barrier": null, "man_made": null, "railway": null, "z_order": 3, "other_tags": "\"lane_markings\"=>\"no\",\"postal_code\"=>\"625022\",\"surface\"=>\"asphalt\"", "side": "north" }, "geometry": { "type": "LineString", "coordinates": [ [ 654219.869316716562025, 6339311.271516523323953 ], [ 654218.16270251525566, 6339303.987042159773409 ], [ 654241.132179962703958, 6339180.982590669766068 ], [ 654256.211791894282214, 6339101.240367054007947 ] ] } },
{ "type": "Feature", "properties": { "osm_id": "1096179522", "name": null, "highway": "service", "waterway": null, "aerialway": null, "barrier": null, "man_made": null, "railway": null, "z_order": 0, "other_tags": "\"service\"=>\"parking_aisle\",\"smoothness\"=>\"excellent\",\"surface\"=>\"asphalt\"", "side": "north" }, "geometry": { "type": "LineString", "coordinates": [ [ 654601.063414736534469, 6338729.378278858959675 ], [ 654607.765087416977622, 6338702.429833844304085 ] ] } },
{ "type": "Feature", "properties": { "osm_id": "1096179525", "name": null, "highway": "footway", "waterway": null, "aerialway": null, "barrier": null, "man_made": null, "railway": null, "z_order": 0, "other_tags": null, "side": "north" }, "geometry": { "type": "LineString", "coordinates": [ [ 654575.645737612619996, 6338665.734631855972111 ], [ 654634.332140422426164, 6338682.834576628170907 ], [ 654645.515212124446407, 6338686.663987127132714 ], [ 654661.492721773451194, 6338689.369651686400175 ], [ 654668.400992227019742, 6338691.122097950428724 ], [ 654672.324786949204281, 6338685.77590961009264 ], [ 654679.80418391386047, 6338682.312631465494633 ], [ 654693.227632885565981, 6338685.000548076815903 ], [ 654747.358158569782972, 6338698.788799898698926 ], [ 654765.188643874949776, 6338703.091042649000883 ] ] } },
{ "type": "Feature", "properties": { "osm_id": "1096179526", "name": null, "highway": "footway", "waterway": null, "aerialway": null, "barrier": null, "man_made": null, "railway": null, "z_order": 0, "other_tags": null, "side": "north" }, "geometry": { "type": "LineString", "coordinates": [ [ 654679.80418391386047, 6338682.312631465494633 ], [ 654673.664010715903714, 6338644.129308570176363 ] ] } },
{ "type": "Feature", "properties": { "osm_id": "1096179527", "name": null, "highway": "footway", "waterway": null, "aerialway": null, "barrier": null, "man_made": null, "railway": null, "z_order": 0, "other_tags": null, "side": "north" }, "geometry": { "type": "LineString", "coordinates": [ [ 654690.253812282113358, 6338695.519275018945336 ], [ 654691.931097042514011, 6338689.542766951955855 ], [ 654693.227632885565981, 6338685.000548076815903 ], [ 654704.634536159224808, 6338677.706725920550525 ], [ 654726.890891597489826, 6338662.32937543746084 ] ] } },
{ "type": "Feature", "properties": { "osm_id": "1103789399", "name": null, "highway": "service", "waterway": null, "aerialway": null, "barrier": null, "man_made": null, "railway": null, "z_order": 0, "other_tags": null, "side": "north" }, "geometry": { "type": "LineString", "coordinates": [ [ 653646.717894702102058, 6338870.920440598390996 ], [ 653667.57199192000553, 6338905.17108750436455 ] ] } },
{ "type": "Feature", "properties": { "osm_id": "1103789400", "name": null, "highway": "service", "waterway": null, "aerialway": null, "barrier": null, "man_made": null, "railway": null, "z_order": 0, "other_tags": null, "side": "north" }, "geometry": { "type": "LineString", "coordinates": [ [ 653664.868374365614727, 6338916.959624134935439 ], [ 653626.085339364944957, 6338935.927029948681593 ], [ 653636.003883710713126, 6338956.298169977962971 ] ] } },
{ "type": "Feature", "properties": { "osm_id": "1103789401", "name": null, "highway": "service", "waterway": null, "aerialway": null, "barrier": null, "man_made": null, "railway": null, "z_order": 0, "other_tags": null, "side": "north" }, "geometry": { "type": "LineString", "coordinates": [ [ 653667.57199192000553, 6338905.17108750436455 ], [ 653664.868374365614727, 6338916.959624134935439 ], [ 653665.497442264226265, 6338924.114475728943944 ], [ 653670.08490995655302, 6338930.146676836535335 ] ] } },
{ "type": "Feature", "properties": { "osm_id": "1103789402", "name": null, "highway": "service", "waterway": null, "aerialway": null, "barrier": null, "man_made": null, "railway": null, "z_order": 0, "other_tags": null, "side": "north" }, "geometry": { "type": "LineString", "coordinates": [ [ 653670.08490995655302, 6338930.146676836535335 ], [ 653660.517687155050226, 6338939.963249107822776 ], [ 653636.003883710713126, 6338956.298169977962971 ], [ 653627.350723881041631, 6338962.059490008279681 ], [ 653594.489490886568092, 6338980.835682289674878 ] ] } },
{ "type": "Feature", "properties": { "osm_id": "1103789403", "name": null, "highway": "service", "waterway": null, "aerialway": null, "barrier": null, "man_made": null, "railway": null, "z_order": 0, "other_tags": "\"surface\"=>\"asphalt\"", "side": "north" }, "geometry": { "type": "LineString", "coordinates": [ [ 653594.489490886568092, 6338980.835682289674878 ], [ 653600.672897000447847, 6338944.707265586592257 ], [ 653614.343075348297134, 6338874.192745293490589 ] ] } },
{ "type": "Feature", "properties": { "osm_id": "1103789404", "name": null, "highway": "service", "waterway": null, "aerialway": null, "barrier": null, "man_made": null, "railway": null, "z_order": 0, "other_tags": null, "side": "north" }, "geometry": { "type": "LineString", "coordinates": [ [ 653577.802138589089736, 6339071.573371456004679 ], [ 653594.489490886568092, 6338980.835682289674878 ] ] } },
{ "type": "Feature", "properties": { "osm_id": "1153476323", "name": null, "highway": "service", "waterway": null, "aerialway": null, "barrier": null, "man_made": null, "railway": null, "z_order": 0, "other_tags": null, "side": "south" }, "geometry": { "type": "LineString", "coordinates": [ [ 652518.800521967001259, 6338782.829940963536501 ], [ 652526.988379671704024, 6338781.751329746097326 ] ] } },
{ "type": "Feature", "properties": { "osm_id": "1185249900", "name": null, "highway": "footway", "waterway": null, "aerialway": null, "barrier": null, "man_made": null, "railway": null, "z_order": 0, "other_tags": "\"surface\"=>\"paving_stones\"", "side": "south" }, "geometry": { "type": "LineString", "coordinates": [ [ 654098.414862192585133, 6338316.505613456480205 ], [ 653937.080294972052798, 6338292.814867646433413 ], [ 653807.042987391119823, 6338256.537057993933558 ], [ 653724.461492564179935, 6338233.320918963290751 ], [ 653530.624174172757193, 6338198.539359270595014 ], [ 653499.460472352569923, 6338195.005152553319931 ], [ 653377.102748817647807, 6338174.448828442953527 ], [ 653361.355882334406488, 6338173.940843281336129 ], [ 653229.254183419747278, 6338169.707053707912564 ], [ 653133.083307735738344, 6338176.941090310923755 ], [ 653008.36426125629805, 6338186.683049136772752 ], [ 652873.619198394240811, 6338217.016201599501073 ], [ 652821.458333721151575, 6338230.648025914095342 ], [ 652654.244275445817038, 6338295.563359246589243 ], [ 652588.596943117328919, 6338343.363238223828375 ], [ 652498.0436739459401, 6338414.265879319049418 ], [ 652471.692375857965089, 6338436.801773031242192 ], [ 652422.521609151735902, 6338478.394446362741292 ], [ 652397.627553473343141, 6338507.547669628635049 ] ] } },
{ "type": "Feature", "properties": { "osm_id": "1185257927", "name": null, "highway": "service", "waterway": null, "aerialway": null, "barrier": null, "man_made": null, "railway": null, "z_order": 0, "other_tags": "\"surface\"=>\"asphalt\"", "side": "north" }, "geometry": { "type": "LineString", "coordinates": [ [ 654438.666826099855825, 6339336.538686850108206 ], [ 654440.250666122650728, 6339328.196300762705505 ], [ 654452.74332628317643, 6339262.49798545986414 ], [ 654453.632618130417541, 6339257.82901328522712 ], [ 654483.731362060760148, 6339088.883120601996779 ], [ 654479.545907912892289, 6339088.146757969632745 ], [ 654447.624273343826644, 6339082.570852301083505 ], [ 654394.625320318271406, 6339071.982150713913143 ], [ 654392.761446768068708, 6339071.644876427017152 ] ] } },
{ "type": "Feature", "properties": { "osm_id": "1185257929", "name": null, "highway": "footway", "waterway": null, "aerialway": null, "barrier": null, "man_made": null, "railway": null, "z_order": 0, "other_tags": "\"surface\"=>\"paving_stones\"", "side": "north" }, "geometry": { "type": "LineString", "coordinates": [ [ 654402.7149909066502, 6339252.978711616247892 ], [ 654401.722202197066508, 6339255.080943506211042 ], [ 654385.333975256420672, 6339284.875790348276496 ], [ 654388.6668872324517, 6339292.689295147545636 ], [ 654400.162981444853358, 6339295.716419014148414 ], [ 654410.997250759392045, 6339289.269580578431487 ], [ 654410.746003556530923, 6339256.89000373147428 ], [ 654410.672466024756432, 6339254.491521538235247 ], [ 654411.434358884114772, 6339249.82891087513417 ], [ 654419.56235172227025, 6339238.879209098406136 ], [ 654425.040263614733703, 6339222.570733916945755 ], [ 654412.710922514670528, 6339216.091447635553777 ], [ 654412.434306423412636, 6339190.686386050656438 ], [ 654420.338530290056951, 6339168.106237455271184 ], [ 654419.66655563225504, 6339140.814348322339356 ], [ 654431.068486143136397, 6339118.265023559331894 ], [ 654433.477320187725127, 6339111.814423869363964 ], [ 654446.532731582410634, 6339109.105783804319799 ], [ 654445.601981553831138, 6339092.757668263278902 ], [ 654446.44562731613405, 6339088.499271281994879 ], [ 654447.624273343826644, 6339082.570852301083505 ] ] } },
{ "type": "Feature", "properties": { "osm_id": "1185257939", "name": null, "highway": "footway", "waterway": null, "aerialway": null, "barrier": null, "man_made": null, "railway": null, "z_order": 0, "other_tags": "\"surface\"=>\"paving_stones\"", "side": "north" }, "geometry": { "type": "LineString", "coordinates": [ [ 654290.438594848033972, 6339120.584582134149969 ], [ 654295.410894545959309, 6339121.483934793621302 ], [ 654300.70898745325394, 6339154.899315689690411 ], [ 654302.75374587404076, 6339172.225095785222948 ], [ 654296.40010690363124, 6339195.442936001345515 ], [ 654289.57265672122594, 6339196.72496759146452 ], [ 654278.343516933266073, 6339198.845040579326451 ], [ 654274.153983214171603, 6339221.497658329084516 ], [ 654288.83122771338094, 6339238.828482821583748 ], [ 654308.128951995517127, 6339244.465235875919461 ], [ 654331.506440640194342, 6339242.343448651954532 ], [ 654350.577751826145686, 6339242.066183992661536 ], [ 654351.024426127085462, 6339238.706618836149573 ], [ 654360.431171203381382, 6339240.151054099202156 ] ] } },
{ "type": "Feature", "properties": { "osm_id": "1185257940", "name": null, "highway": "footway", "waterway": null, "aerialway": null, "barrier": null, "man_made": null, "railway": null, "z_order": 0, "other_tags": "\"surface\"=>\"paving_stones\"", "side": "north" }, "geometry": { "type": "LineString", "coordinates": [ [ 654324.228570266743191, 6339275.042666719295084 ], [ 654331.506440640194342, 6339242.343448651954532 ], [ 654339.711485757725313, 6339195.884061615914106 ], [ 654347.457275872468017, 6339150.376912714913487 ], [ 654352.294863301678561, 6339122.232889758422971 ], [ 654296.932371465372853, 6339113.183744238689542 ], [ 654295.410894545959309, 6339121.483934793621302 ] ] } },
{ "type": "Feature", "properties": { "osm_id": "1185257941", "name": null, "highway": "footway", "waterway": null, "aerialway": null, "barrier": null, "man_made": null, "railway": null, "z_order": 0, "other_tags": "\"surface\"=>\"paving_stones\"", "side": "north" }, "geometry": { "type": "LineString", "coordinates": [ [ 654278.343516933266073, 6339198.845040579326451 ], [ 654284.38168500259053, 6339162.711895477958024 ], [ 654290.939861496677622, 6339159.570048257708549 ], [ 654300.70898745325394, 6339154.899315689690411 ], [ 654313.75890450575389, 6339147.966904205270112 ], [ 654323.45102850231342, 6339152.140798986889422 ], [ 654347.457275872468017, 6339150.376912714913487 ] ] } },
{ "type": "Feature", "properties": { "osm_id": "1185257942", "name": null, "highway": "footway", "waterway": null, "aerialway": null, "barrier": null, "man_made": null, "railway": null, "z_order": 0, "other_tags": "\"surface\"=>\"paving_stones\"", "side": "north" }, "geometry": { "type": "LineString", "coordinates": [ [ 654292.608061812235974, 6339165.61625459138304 ], [ 654290.939861496677622, 6339159.570048257708549 ], [ 654282.952630407642573, 6339137.185731541365385 ] ] } },
{ "type": "Feature", "properties": { "osm_id": "1185257943", "name": null, "highway": "footway", "waterway": null, "aerialway": null, "barrier": null, "man_made": null, "railway": null, "z_order": 0, "other_tags": "\"surface\"=>\"paving_stones\"", "side": "north" }, "geometry": { "type": "LineString", "coordinates": [ [ 654296.40010690363124, 6339195.442936001345515 ], [ 654304.556532315444201, 6339193.586686889640987 ], [ 654316.466541753732599, 6339203.025084652937949 ], [ 654339.711485757725313, 6339195.884061615914106 ], [ 654364.820064933621325, 6339206.051062857732177 ], [ 654370.995320192887448, 6339208.444162599742413 ], [ 654392.864233134780079, 6339204.104461561888456 ], [ 654412.710922514670528, 6339216.091447635553777 ] ] } },
{ "type": "Feature", "properties": { "osm_id": "1185257944", "name": null, "highway": "footway", "waterway": null, "aerialway": null, "barrier": null, "man_made": null, "railway": null, "z_order": 0, "other_tags": "\"surface\"=>\"paving_stones\"", "side": "north" }, "geometry": { "type": "LineString", "coordinates": [ [ 654274.153983214171603, 6339221.497658329084516 ], [ 654267.233700099983253, 6339237.707721850834787 ], [ 654276.297421956900507, 6339241.200554650276899 ], [ 654288.83122771338094, 6339238.828482821583748 ], [ 654294.177593269036151, 6339212.764902404509485 ], [ 654289.57265672122594, 6339196.72496759146452 ] ] } },
{ "type": "Feature", "properties": { "osm_id": "1200787054", "name": null, "highway": "service", "waterway": null, "aerialway": null, "barrier": null, "man_made": null, "railway": null, "z_order": 0, "other_tags": null, "side": "north" }, "geometry": { "type": "LineString", "coordinates": [ [ 654483.731362060760148, 6339088.883120601996779 ], [ 654497.636038323398679, 6339003.960588683374226 ], [ 654407.603713032789528, 6338987.982992759905756 ] ] } },
{ "type": "Feature", "properties": { "osm_id": "1200787055", "name": null, "highway": "footway", "waterway": null, "aerialway": null, "barrier": null, "man_made": null, "railway": null, "z_order": 0, "other_tags": null, "side": "north" }, "geometry": { "type": "LineString", "coordinates": [ [ 654380.609217184130102, 6339099.035636101849377 ], [ 654390.685946123208851, 6339106.355253489688039 ], [ 654406.225566002773121, 6339116.988494602032006 ], [ 654426.127754103508778, 6339112.80923877377063 ], [ 654431.068486143136397, 6339118.265023559331894 ], [ 654445.872270006337203, 6339134.1525823418051 ], [ 654436.064369075349532, 6339148.571578161790967 ], [ 654438.875273596146144, 6339162.237869312986732 ], [ 654432.822276767808944, 6339173.376749081537127 ], [ 654433.100612633512355, 6339200.832178384996951 ], [ 654425.040263614733703, 6339222.570733916945755 ] ] } },
{ "type": "Feature", "properties": { "osm_id": "1202751283", "name": null, "highway": "service", "waterway": null, "aerialway": null, "barrier": null, "man_made": null, "railway": null, "z_order": 0, "other_tags": null, "side": "north" }, "geometry": { "type": "LineString", "coordinates": [ [ 652589.574502171715721, 6338997.037892564199865 ], [ 652613.57691287342459, 6339017.582508333958685 ], [ 652638.45266810094472, 6339023.206187502481043 ] ] } },
{ "type": "Feature", "properties": { "osm_id": "1202751284", "name": null, "highway": "service", "waterway": null, "aerialway": null, "barrier": null, "man_made": null, "railway": null, "z_order": 0, "other_tags": null, "side": "north" }, "geometry": { "type": "LineString", "coordinates": [ [ 652608.201388049521483, 6338962.026714251376688 ], [ 652645.307431626832113, 6338997.809742812998593 ] ] } },
{ "type": "Feature", "properties": { "osm_id": "1226951079", "name": "Тихий проезд", "highway": "residential", "waterway": null, "aerialway": null, "barrier": null, "man_made": null, "railway": null, "z_order": 3, "other_tags": null, "side": "north" }, "geometry": { "type": "LineString", "coordinates": [ [ 654458.269647868117318, 6338706.528957782313228 ], [ 654428.872713972814381, 6338834.773986064828932 ], [ 654418.77395713457372, 6338905.72124803904444 ], [ 654418.302344577969052, 6338915.397901429794729 ] ] } },
{ "type": "Feature", "properties": { "osm_id": "1226951080", "name": "улица Защитников Отечества", "highway": "tertiary", "waterway": null, "aerialway": null, "barrier": null, "man_made": null, "railway": null, "z_order": 4, "other_tags": "\"lanes\"=>\"4\",\"opening_date\"=>\"2026-01-26\",\"surface\"=>\"asphalt\"", "side": "north" }, "geometry": { "type": "LineString", "coordinates": [ [ 654514.278591877780855, 6339005.687819707207382 ], [ 654520.004449104890227, 6338986.012434529140592 ], [ 654525.95351419900544, 6338979.594360838644207 ], [ 654533.107117137289606, 6338975.438913000747561 ], [ 654540.418213404598646, 6338973.863399467431009 ], [ 654549.490865609608591, 6338972.933405093848705 ], [ 654559.765308411326259, 6338974.49995556101203 ], [ 654597.592462152591906, 6338981.457132862880826 ], [ 654640.006710852379911, 6338989.255397712811828 ] ] } },
{ "type": "Feature", "properties": { "osm_id": "1226951081", "name": "улица Защитников Отечества", "highway": "tertiary", "waterway": null, "aerialway": null, "barrier": null, "man_made": null, "railway": null, "z_order": 4, "other_tags": "\"lanes\"=>\"4\",\"surface\"=>\"asphalt\"", "side": "north" }, "geometry": { "type": "LineString", "coordinates": [ [ 655121.928615311160684, 6339077.348971030674875 ], [ 655094.044944168999791, 6339072.254346817731857 ], [ 655067.394115777919069, 6339067.373458909802139 ], [ 654942.494190683006309, 6339044.544963663443923 ], [ 654931.786927502136678, 6339042.58230718318373 ], [ 654924.301695875823498, 6339041.219977938570082 ], [ 654843.169074555044062, 6339026.380838344804943 ], [ 654759.746646124869585, 6339011.089598666876554 ], [ 654661.09132483182475, 6338993.111097778193653 ], [ 654640.006710852379911, 6338989.255397712811828 ] ] } },
{ "type": "Feature", "properties": { "osm_id": "1226951082", "name": null, "highway": "service", "waterway": null, "aerialway": null, "barrier": null, "man_made": null, "railway": null, "z_order": 0, "other_tags": "\"smoothness\"=>\"excellent\",\"surface\"=>\"asphalt\"", "side": "north" }, "geometry": { "type": "LineString", "coordinates": [ [ 654763.248165578930639, 6338706.884766122326255 ], [ 654757.600695847184397, 6338705.4135104669258 ], [ 654747.251909046317451, 6338702.907700629904866 ], [ 654691.931097042514011, 6338689.542766951955855 ], [ 654678.942334241233766, 6338686.403167202137411 ], [ 654673.246451869490556, 6338687.994520483538508 ], [ 654669.875423145480454, 6338694.420034918002784 ], [ 654657.790880309301428, 6338751.062863131053746 ] ] } },
{ "type": "Feature", "properties": { "osm_id": "1226951084", "name": null, "highway": "footway", "waterway": null, "aerialway": null, "barrier": null, "man_made": null, "railway": null, "z_order": 0, "other_tags": "\"footway\"=>\"sidewalk\"", "side": "north" }, "geometry": { "type": "LineString", "coordinates": [ [ 655087.97529118496459, 6339103.081428582780063 ], [ 655090.346035978756845, 6339089.30876886099577 ], [ 655092.550144850742072, 6339079.641606532037258 ], [ 655094.044944168999791, 6339072.254346817731857 ], [ 655096.003973042126745, 6339061.218513556756079 ], [ 655067.146115804323927, 6339056.109693460166454 ], [ 654943.808252477901988, 6339033.908258758485317 ], [ 654845.17302241967991, 6339015.903758076950908 ], [ 654761.325059752911329, 6339001.621657526120543 ], [ 654745.316860883263871, 6338995.092351759783924 ], [ 654704.687379725510255, 6338989.098304089158773 ], [ 654692.86285427864641, 6338989.478921541944146 ], [ 654641.067933285259642, 6338979.366868459619582 ], [ 654597.301988258259371, 6338972.09731353726238 ], [ 654594.648658172925934, 6338968.599164758808911 ], [ 654596.909453154425137, 6338949.807863839901984 ], [ 654582.993014331441373, 6338943.179409709759057 ], [ 654575.993996505741961, 6338938.370518131181598 ], [ 654567.907058926299214, 6338947.070627701468766 ], [ 654553.127343135420233, 6338955.709129785187542 ], [ 654513.024217694881372, 6338974.730316990055144 ], [ 654505.428008179995231, 6338975.515182646922767 ], [ 654498.001120347063988, 6338974.367543356493115 ], [ 654496.467373676947318, 6338981.207499342039227 ], [ 654495.341550216311589, 6338988.307895542122424 ], [ 654500.711874560452998, 6338990.058132520876825 ], [ 654504.373939009616151, 6338993.293184823356569 ], [ 654506.433437882689759, 6338997.61586625687778 ], [ 654506.549110384192318, 6339004.216812602244318 ] ] } },
{ "type": "Feature", "properties": { "osm_id": "1226951087", "name": null, "highway": "service", "waterway": null, "aerialway": null, "barrier": null, "man_made": null, "railway": null, "z_order": 0, "other_tags": null, "side": "north" }, "geometry": { "type": "LineString", "coordinates": [ [ 654656.874840482603759, 6339014.648134671151638 ], [ 654659.28904009074904, 6339002.904950014315546 ], [ 654661.09132483182475, 6338993.111097778193653 ] ] } },
{ "type": "Feature", "properties": { "osm_id": "1226951088", "name": null, "highway": "residential", "waterway": null, "aerialway": null, "barrier": null, "man_made": null, "railway": null, "z_order": 3, "other_tags": null, "side": "north" }, "geometry": { "type": "LineString", "coordinates": [ [ 654640.006710852379911, 6338989.255397712811828 ], [ 654641.067933285259642, 6338979.366868459619582 ], [ 654642.587320663500577, 6338969.528963970020413 ] ] } },
{ "type": "Feature", "properties": { "osm_id": "1226952701", "name": null, "highway": "service", "waterway": null, "aerialway": null, "barrier": null, "man_made": null, "railway": null, "z_order": 0, "other_tags": "\"service\"=>\"parking_aisle\"", "side": "north" }, "geometry": { "type": "LineString", "coordinates": [ [ 654772.886797518236563, 6338994.055301204323769 ], [ 654775.319244443089701, 6338980.385120386257768 ], [ 654849.067000064183958, 6338994.276740034110844 ] ] } },
{ "type": "Feature", "properties": { "osm_id": "1247202532", "name": "улица Республиканец", "highway": "residential", "waterway": null, "aerialway": null, "barrier": null, "man_made": null, "railway": null, "z_order": 3, "other_tags": null, "side": "north" }, "geometry": { "type": "LineString", "coordinates": [ [ 654240.222639144747518, 6338935.403962806798518 ], [ 654283.761589104309678, 6338943.418896075338125 ], [ 654413.58463676366955, 6338967.303040439262986 ] ] } },
{ "type": "Feature", "properties": { "osm_id": "1280437762", "name": null, "highway": "footway", "waterway": null, "aerialway": null, "barrier": null, "man_made": null, "railway": null, "z_order": 0, "other_tags": null, "side": "south" }, "geometry": { "type": "LineString", "coordinates": [ [ 652241.998606156092137, 6338656.097832157276571 ], [ 652238.113735569408163, 6338648.355058516375721 ], [ 652244.849004314746708, 6338639.244117628782988 ] ] } },
{ "type": "Feature", "properties": { "osm_id": "1280437763", "name": null, "highway": "footway", "waterway": null, "aerialway": null, "barrier": null, "man_made": null, "railway": null, "z_order": 0, "other_tags": null, "side": "south" }, "geometry": { "type": "LineString", "coordinates": [ [ 652153.782147501711734, 6338845.216243432834744 ], [ 652152.138894489500672, 6338833.489279914647341 ], [ 652178.049926929175854, 6338750.475625766441226 ], [ 652185.078413877636194, 6338693.752022019587457 ], [ 652187.676765857147984, 6338672.242514056153595 ], [ 652186.938773041474633, 6338671.736127075739205 ], [ 652183.464955883799121, 6338676.956272644922137 ], [ 652182.009453602484427, 6338676.044540016911924 ] ] } },
{ "type": "Feature", "properties": { "osm_id": "1280437767", "name": null, "highway": "footway", "waterway": null, "aerialway": null, "barrier": null, "man_made": null, "railway": null, "z_order": 0, "other_tags": null, "side": "south" }, "geometry": { "type": "LineString", "coordinates": [ [ 652382.694676156970672, 6338510.115389221347868 ], [ 652389.062320812256075, 6338515.053036462515593 ], [ 652394.323839396238327, 6338519.12523574475199 ] ] } },
{ "type": "Feature", "properties": { "osm_id": "1282720741", "name": null, "highway": "footway", "waterway": null, "aerialway": null, "barrier": null, "man_made": null, "railway": null, "z_order": 0, "other_tags": "\"bicycle\"=>\"yes\",\"surface\"=>\"concrete\"", "side": "south" }, "geometry": { "type": "LineString", "coordinates": [ [ 652066.858357112621889, 6338995.084034576080739 ], [ 652057.039208633359522, 6338999.869516788981855 ] ] } },
{ "type": "Feature", "properties": { "osm_id": "1283599252", "name": null, "highway": "footway", "waterway": null, "aerialway": null, "barrier": null, "man_made": null, "railway": null, "z_order": 0, "other_tags": null, "side": "north" }, "geometry": { "type": "LineString", "coordinates": [ [ 654645.572061834973283, 6338635.464344792999327 ], [ 654634.332140422426164, 6338682.834576628170907 ], [ 654628.943819207022898, 6338698.009621891193092 ], [ 654579.563377661863342, 6338684.111414049752057 ] ] } },
{ "type": "Feature", "properties": { "osm_id": "1283599253", "name": null, "highway": "footway", "waterway": null, "aerialway": null, "barrier": null, "man_made": null, "railway": null, "z_order": 0, "other_tags": null, "side": "north" }, "geometry": { "type": "LineString", "coordinates": [ [ 654582.245054465834983, 6338678.629407394677401 ], [ 654582.293174161924981, 6338674.764617900364101 ], [ 654581.105735240736976, 6338671.076337094418705 ], [ 654578.813214228488505, 6338667.959463018923998 ], [ 654575.645737612619996, 6338665.734631855972111 ], [ 654571.934334415360354, 6338664.614835314452648 ], [ 654567.835554444696754, 6338664.784233619458973 ], [ 654564.024814245756716, 6338666.312733471393585 ], [ 654560.944896369590424, 6338669.016369272023439 ], [ 654558.963746989960782, 6338672.608081304468215 ], [ 654558.297555401339196, 6338676.650260009802878 ], [ 654559.024300468503498, 6338680.677827103063464 ], [ 654561.064364598016255, 6338684.230937439016998 ], [ 654564.184911667136475, 6338686.899714411236346 ], [ 654567.787883759941906, 6338688.32743954565376 ], [ 654571.660861995304003, 6338688.52843173686415 ], [ 654575.392348974011838, 6338687.498398406431079 ], [ 654578.608990016393363, 6338685.345905617810786 ], [ 654579.563377661863342, 6338684.111414049752057 ], [ 654580.97598926036153, 6338682.281251287087798 ], [ 654582.245054465834983, 6338678.629407394677401 ] ] } },
{ "type": "Feature", "properties": { "osm_id": "1283599259", "name": null, "highway": "service", "waterway": null, "aerialway": null, "barrier": null, "man_made": null, "railway": null, "z_order": 0, "other_tags": null, "side": "north" }, "geometry": { "type": "LineString", "coordinates": [ [ 654438.243226385675371, 6338702.179183045402169 ], [ 654420.267382038524374, 6338698.1960667995736 ], [ 654409.52839185949415, 6338694.95220385119319 ], [ 654433.514990048366599, 6338597.670983812771738 ], [ 654281.251553382724524, 6338557.58059976156801 ], [ 654267.192260464536957, 6338616.65750899259001 ], [ 654265.024641419528052, 6338680.380482106469572 ], [ 654262.371914725285023, 6338697.552635878324509 ] ] } },
{ "type": "Feature", "properties": { "osm_id": "1283599260", "name": null, "highway": "service", "waterway": null, "aerialway": null, "barrier": null, "man_made": null, "railway": null, "z_order": 0, "other_tags": null, "side": "north" }, "geometry": { "type": "LineString", "coordinates": [ [ 654433.514990048366599, 6338597.670983812771738 ], [ 654549.069756000884809, 6338626.818455376662314 ] ] } },
{ "type": "Feature", "properties": { "osm_id": "1287579515", "name": null, "highway": "cycleway", "waterway": null, "aerialway": null, "barrier": null, "man_made": null, "railway": null, "z_order": 0, "other_tags": null, "side": "north" }, "geometry": { "type": "LineString", "coordinates": [ [ 654781.000020389212295, 6339134.683377167209983 ], [ 654678.480819947551936, 6339113.773404700681567 ], [ 654676.798741321312264, 6339113.431682051159441 ], [ 654648.60328394442331, 6339108.740664948709309 ], [ 654624.388015953823924, 6339102.672632445581257 ], [ 654606.665821781149134, 6339089.237766296602786 ], [ 654583.931375513551757, 6339094.357338205911219 ], [ 654573.042563139577396, 6339092.555946188047528 ], [ 654536.68858766334597, 6339086.534486933611333 ] ] } },
{ "type": "Feature", "properties": { "osm_id": "1296415477", "name": null, "highway": "footway", "waterway": null, "aerialway": null, "barrier": null, "man_made": null, "railway": null, "z_order": 0, "other_tags": "\"surface\"=>\"asphalt\"", "side": "north" }, "geometry": { "type": "LineString", "coordinates": [ [ 654527.966405435930938, 6339008.240306869149208 ], [ 654514.278591877780855, 6339005.687819707207382 ], [ 654506.549110384192318, 6339004.216812602244318 ] ] } },
{ "type": "Feature", "properties": { "osm_id": "1313427004", "name": "Тихий проезд", "highway": "living_street", "waterway": null, "aerialway": null, "barrier": null, "man_made": null, "railway": null, "z_order": 0, "other_tags": null, "side": "north" }, "geometry": { "type": "LineString", "coordinates": [ [ 654498.387360029155388, 6339096.441568579524755 ], [ 654509.719942040508613, 6339098.515691726468503 ], [ 654523.144397842814215, 6339100.980302775278687 ] ] } },
{ "type": "Feature", "properties": { "osm_id": "1313427005", "name": "улица Газовиков", "highway": "tertiary", "waterway": null, "aerialway": null, "barrier": null, "man_made": null, "railway": null, "z_order": 4, "other_tags": "\"lanes\"=>\"4\",\"postal_code\"=>\"625022\",\"surface\"=>\"asphalt\"", "side": "north" }, "geometry": { "type": "LineString", "coordinates": [ [ 654514.278591877780855, 6339005.687819707207382 ], [ 654498.387360029155388, 6339096.441568579524755 ] ] } },
{ "type": "Feature", "properties": { "osm_id": "1317865010", "name": "Береговая улица", "highway": "residential", "waterway": null, "aerialway": null, "barrier": null, "man_made": null, "railway": null, "z_order": 3, "other_tags": null, "side": "north" }, "geometry": { "type": "LineString", "coordinates": [ [ 654526.998896982753649, 6338719.435246204026043 ], [ 654458.269647868117318, 6338706.528957782313228 ], [ 654438.243226385675371, 6338702.179183045402169 ] ] } },
{ "type": "Feature", "properties": { "osm_id": "1371028459", "name": null, "highway": "residential", "waterway": null, "aerialway": null, "barrier": null, "man_made": null, "railway": null, "z_order": 3, "other_tags": "\"postal_code\"=>\"625022\"", "side": "north" }, "geometry": { "type": "LineString", "coordinates": [ [ 654226.130962187424302, 6338922.931316019967198 ], [ 654255.301974531495944, 6338908.556976201944053 ], [ 654267.646597849670798, 6338904.149701537564397 ], [ 654366.582222051220015, 6338880.956091159023345 ], [ 654372.747970770462416, 6338881.031087329611182 ], [ 654377.69824658613652, 6338882.687416354194283 ], [ 654383.075214591459371, 6338885.396028427407146 ], [ 654412.843516899622045, 6338912.775315565988421 ], [ 654418.302344577969052, 6338915.397901429794729 ] ] } },
{ "type": "Feature", "properties": { "osm_id": "1371028460", "name": "улица Республиканец", "highway": "residential", "waterway": null, "aerialway": null, "barrier": null, "man_made": null, "railway": null, "z_order": 3, "other_tags": "\"surface\"=>\"concrete:plates\"", "side": "north" }, "geometry": { "type": "LineString", "coordinates": [ [ 654413.58463676366955, 6338967.303040439262986 ], [ 654486.979818643303588, 6338979.481180806644261 ], [ 654496.467373676947318, 6338981.207499342039227 ], [ 654520.004449104890227, 6338986.012434529140592 ] ] } },
{ "type": "Feature", "properties": { "osm_id": "1384296774", "name": null, "highway": "path", "waterway": null, "aerialway": null, "barrier": null, "man_made": null, "railway": null, "z_order": 0, "other_tags": null, "side": "north" }, "geometry": { "type": "LineString", "coordinates": [ [ 653686.081617099698633, 6339116.348993300460279 ], [ 653690.318640487617813, 6339122.357016951777041 ], [ 653689.491823884774931, 6339138.193530889227986 ], [ 653682.611599122872576, 6339153.715098074637353 ], [ 653681.426160266972147, 6339175.109638662077487 ], [ 653680.373777724336833, 6339193.099444189108908 ], [ 653675.892765217460692, 6339214.081345084123313 ], [ 653674.687654428649694, 6339219.451797883957624 ], [ 653670.032822959474288, 6339240.226649126037955 ], [ 653661.261877452256158, 6339246.562904927879572 ] ] } },
{ "type": "Feature", "properties": { "osm_id": "1384296776", "name": null, "highway": "service", "waterway": null, "aerialway": null, "barrier": null, "man_made": null, "railway": null, "z_order": 0, "other_tags": null, "side": "north" }, "geometry": { "type": "LineString", "coordinates": [ [ 653692.993847055011429, 6339222.641796134412289 ], [ 653721.341453508939594, 6339224.86938897240907 ], [ 653805.23443365667481, 6339236.246119406074286 ], [ 653860.500626719440334, 6339242.655400697141886 ], [ 653868.842055876622908, 6339242.966925070621073 ], [ 653874.365236919256859, 6339240.944639616645873 ], [ 653877.724498724099249, 6339235.27583147212863 ], [ 653877.85333530290518, 6339231.826364487409592 ], [ 653876.22678830451332, 6339152.205776506103575 ], [ 653875.261161778122187, 6339147.266865471377969 ], [ 653872.859546940075234, 6339143.500035849399865 ], [ 653845.035213238908909, 6339141.346681828610599 ], [ 653707.642843202571385, 6339122.513011012226343 ] ] } },
{ "type": "Feature", "properties": { "osm_id": "1384296777", "name": "улица Павла Фитина", "highway": "residential", "waterway": null, "aerialway": null, "barrier": null, "man_made": null, "railway": null, "z_order": 3, "other_tags": "\"surface\"=>\"concrete:plates\"", "side": "north" }, "geometry": { "type": "LineString", "coordinates": [ [ 653763.856576985795982, 6338794.081287080422044 ], [ 653719.439824027009308, 6339043.839188787154853 ], [ 653713.533748801564798, 6339088.245792258530855 ], [ 653707.642843202571385, 6339122.513011012226343 ], [ 653703.362555725849234, 6339140.705534116365016 ], [ 653698.786638975492679, 6339166.174428498372436 ], [ 653692.993847055011429, 6339222.641796134412289 ], [ 653681.256110819173045, 6339328.628902900964022 ], [ 653677.44715525303036, 6339371.999489234760404 ], [ 653675.068916282383725, 6339385.616430750116706 ], [ 653674.363251416245475, 6339393.824644261971116 ] ] } },
{ "type": "Feature", "properties": { "osm_id": "1386575473", "name": null, "highway": "service", "waterway": null, "aerialway": null, "barrier": null, "man_made": null, "railway": null, "z_order": 0, "other_tags": "\"surface\"=>\"asphalt\"", "side": "north" }, "geometry": { "type": "LineString", "coordinates": [ [ 654559.765308411326259, 6338974.49995556101203 ], [ 654580.66553788119927, 6338946.323539845645428 ], [ 654582.993014331441373, 6338943.179409709759057 ] ] } },
{ "type": "Feature", "properties": { "osm_id": "1388692498", "name": null, "highway": "service", "waterway": null, "aerialway": null, "barrier": null, "man_made": null, "railway": null, "z_order": 0, "other_tags": null, "side": "south" }, "geometry": { "type": "LineString", "coordinates": [ [ 652639.2593679795973, 6338859.762200206518173 ], [ 652694.64877041534055, 6338804.351748851127923 ], [ 652725.28025133558549, 6338776.883763885125518 ], [ 652735.158260733820498, 6338769.405461555346847 ] ] } },
{ "type": "Feature", "properties": { "osm_id": "1388692502", "name": null, "highway": "service", "waterway": null, "aerialway": null, "barrier": null, "man_made": null, "railway": null, "z_order": 0, "other_tags": null, "side": "south" }, "geometry": { "type": "LineString", "coordinates": [ [ 652694.64877041534055, 6338804.351748851127923 ], [ 652710.422702296869829, 6338819.087495863437653 ], [ 652730.885117253288627, 6338846.800013169646263 ] ] } },
{ "type": "Feature", "properties": { "osm_id": "1413827110", "name": null, "highway": "footway", "waterway": null, "aerialway": null, "barrier": null, "man_made": null, "railway": null, "z_order": 0, "other_tags": null, "side": "north" }, "geometry": { "type": "LineString", "coordinates": [ [ 654411.114218409871683, 6338979.757371162995696 ], [ 654404.461487091728486, 6338978.627770370803773 ], [ 654377.002783182426356, 6338973.955140180885792 ], [ 654371.42624025430996, 6338973.345060507766902 ], [ 654364.046640588901937, 6338971.742577122524381 ], [ 654285.285230157896876, 6338958.340560180135071 ], [ 654274.461446601082571, 6339022.207448357716203 ], [ 654323.411635108874179, 6339030.692900801077485 ], [ 654353.286680789664388, 6339036.13543033413589 ], [ 654360.515670911292545, 6339037.553971673361957 ], [ 654362.270749931572936, 6339026.900254871696234 ], [ 654364.069191817310639, 6339016.381877941079438 ], [ 654366.15591814997606, 6339004.147152638062835 ], [ 654371.42624025430996, 6338973.345060507766902 ] ] } },
{ "type": "Feature", "properties": { "osm_id": "1413827111", "name": null, "highway": "footway", "waterway": null, "aerialway": null, "barrier": null, "man_made": null, "railway": null, "z_order": 0, "other_tags": null, "side": "north" }, "geometry": { "type": "LineString", "coordinates": [ [ 654353.286680789664388, 6339036.13543033413589 ], [ 654355.147631214931607, 6339025.886822053231299 ], [ 654356.934798332862556, 6339015.022590718232095 ], [ 654358.904358553700149, 6339003.006331456825137 ], [ 654364.046640588901937, 6338971.742577122524381 ] ] } },
{ "type": "Feature", "properties": { "osm_id": "1413827112", "name": null, "highway": "footway", "waterway": null, "aerialway": null, "barrier": null, "man_made": null, "railway": null, "z_order": 0, "other_tags": null, "side": "north" }, "geometry": { "type": "LineString", "coordinates": [ [ 654274.461446601082571, 6339022.207448357716203 ], [ 654269.776046557584777, 6339021.240869554691017 ], [ 654258.231373061425984, 6339018.680338107049465 ], [ 654237.6829513090197, 6339014.891350949183106 ], [ 654248.517049058224075, 6338952.350785445421934 ], [ 654266.157720624003559, 6338955.072653780691326 ], [ 654281.195086155668832, 6338957.641405169852078 ], [ 654285.285230157896876, 6338958.340560180135071 ] ] } },
{ "type": "Feature", "properties": { "osm_id": "1413827113", "name": null, "highway": "footway", "waterway": null, "aerialway": null, "barrier": null, "man_made": null, "railway": null, "z_order": 0, "other_tags": null, "side": "north" }, "geometry": { "type": "LineString", "coordinates": [ [ 654258.231373061425984, 6339018.680338107049465 ], [ 654258.620441946433857, 6338999.072284244000912 ], [ 654264.103991859708913, 6338991.33270971942693 ], [ 654263.833887709653936, 6338968.312539351172745 ], [ 654266.157720624003559, 6338955.072653780691326 ] ] } },
{ "type": "Feature", "properties": { "osm_id": "1413827117", "name": null, "highway": "footway", "waterway": null, "aerialway": null, "barrier": null, "man_made": null, "railway": null, "z_order": 0, "other_tags": null, "side": "north" }, "geometry": { "type": "LineString", "coordinates": [ [ 654323.411635108874179, 6339030.692900801077485 ], [ 654326.250524386414327, 6339020.191197029314935 ], [ 654331.748248717165552, 6338999.793908655643463 ], [ 654305.455882448353805, 6338995.499725004658103 ], [ 654305.538744121789932, 6339002.823707856237888 ], [ 654326.250524386414327, 6339020.191197029314935 ] ] } },
{ "type": "Feature", "properties": { "osm_id": "1413827118", "name": null, "highway": "footway", "waterway": null, "aerialway": null, "barrier": null, "man_made": null, "railway": null, "z_order": 0, "other_tags": null, "side": "north" }, "geometry": { "type": "LineString", "coordinates": [ [ 654305.538744121789932, 6339002.823707856237888 ], [ 654305.582600317662582, 6339008.441367629915476 ] ] } },
{ "type": "Feature", "properties": { "osm_id": "1413827119", "name": null, "highway": "footway", "waterway": null, "aerialway": null, "barrier": null, "man_made": null, "railway": null, "z_order": 0, "other_tags": null, "side": "north" }, "geometry": { "type": "LineString", "coordinates": [ [ 654355.147631214931607, 6339025.886822053231299 ], [ 654362.270749931572936, 6339026.900254871696234 ] ] } },
{ "type": "Feature", "properties": { "osm_id": "1413827120", "name": null, "highway": "footway", "waterway": null, "aerialway": null, "barrier": null, "man_made": null, "railway": null, "z_order": 0, "other_tags": null, "side": "north" }, "geometry": { "type": "LineString", "coordinates": [ [ 654356.934798332862556, 6339015.022590718232095 ], [ 654364.069191817310639, 6339016.381877941079438 ] ] } },
{ "type": "Feature", "properties": { "osm_id": "1413827121", "name": null, "highway": "footway", "waterway": null, "aerialway": null, "barrier": null, "man_made": null, "railway": null, "z_order": 0, "other_tags": null, "side": "north" }, "geometry": { "type": "LineString", "coordinates": [ [ 654358.904358553700149, 6339003.006331456825137 ], [ 654366.15591814997606, 6339004.147152638062835 ] ] } },
{ "type": "Feature", "properties": { "osm_id": "1413827122", "name": null, "highway": "footway", "waterway": null, "aerialway": null, "barrier": null, "man_made": null, "railway": null, "z_order": 0, "other_tags": null, "side": "north" }, "geometry": { "type": "LineString", "coordinates": [ [ 654377.002783182426356, 6338973.955140180885792 ], [ 654370.809005414834246, 6339011.631227305158973 ], [ 654398.297894043265842, 6339016.137817078270018 ], [ 654404.461487091728486, 6338978.627770370803773 ] ] } },
{ "type": "Feature", "properties": { "osm_id": "1413827125", "name": null, "highway": "footway", "waterway": null, "aerialway": null, "barrier": null, "man_made": null, "railway": null, "z_order": 0, "other_tags": null, "side": "north" }, "geometry": { "type": "LineString", "coordinates": [ [ 654393.473217961145565, 6339078.335005912929773 ], [ 654394.625320318271406, 6339071.982150713913143 ], [ 654398.925499021308497, 6339066.750127046369016 ], [ 654410.553049277281389, 6339003.292444665916264 ], [ 654492.068048278684728, 6339018.46046088449657 ], [ 654480.669791349908337, 6339081.904290938749909 ], [ 654479.545907912892289, 6339088.146757969632745 ] ] } },
{ "type": "Feature", "properties": { "osm_id": "1413827126", "name": null, "highway": "footway", "waterway": null, "aerialway": null, "barrier": null, "man_made": null, "railway": null, "z_order": 0, "other_tags": null, "side": "north" }, "geometry": { "type": "LineString", "coordinates": [ [ 654480.669791349908337, 6339081.904290938749909 ], [ 654428.85564698278904, 6339072.652146911248565 ], [ 654398.925499021308497, 6339066.750127046369016 ] ] } },
{ "type": "Feature", "properties": { "osm_id": "1413827127", "name": null, "highway": "footway", "waterway": null, "aerialway": null, "barrier": null, "man_made": null, "railway": null, "z_order": 0, "other_tags": null, "side": "north" }, "geometry": { "type": "LineString", "coordinates": [ [ 654428.85564698278904, 6339072.652146911248565 ], [ 654429.448607387254015, 6339063.292041214182973 ], [ 654430.478368321317248, 6339046.961702766828239 ], [ 654421.030758674489334, 6339045.303883639164269 ] ] } },
{ "type": "Feature", "properties": { "osm_id": "1413827128", "name": null, "highway": "footway", "waterway": null, "aerialway": null, "barrier": null, "man_made": null, "railway": null, "z_order": 0, "other_tags": null, "side": "north" }, "geometry": { "type": "LineString", "coordinates": [ [ 654429.448607387254015, 6339063.292041214182973 ], [ 654452.230812351452187, 6339053.827674337662756 ], [ 654454.26755395415239, 6339041.802821455523372 ], [ 654431.278306771768257, 6339038.055071622133255 ], [ 654430.478368321317248, 6339046.961702766828239 ] ] } },
{ "type": "Feature", "properties": { "osm_id": "1419954876", "name": "Береговая улица", "highway": "residential", "waterway": null, "aerialway": null, "barrier": null, "man_made": null, "railway": null, "z_order": 3, "other_tags": "\"maxspeed\"=>\"40\",\"surface\"=>\"asphalt\"", "side": "north" }, "geometry": { "type": "LineString", "coordinates": [ [ 654042.461707429378293, 6338555.05463654268533 ], [ 654035.892307894537225, 6338550.218219975940883 ], [ 654004.514396302052774, 6338539.206329133361578 ], [ 653974.791039569769055, 6338531.220500365830958 ], [ 653848.375779347727075, 6338492.513446831144392 ], [ 653817.552407885668799, 6338483.328864910639822 ], [ 653803.43160484964028, 6338479.347552908584476 ] ] } },
{ "type": "Feature", "properties": { "osm_id": "1422780833", "name": null, "highway": "path", "waterway": null, "aerialway": null, "barrier": null, "man_made": null, "railway": null, "z_order": 0, "other_tags": "\"informal\"=>\"yes\",\"surface\"=>\"concrete:plates\"", "side": "north" }, "geometry": { "type": "LineString", "coordinates": [ [ 654416.086328692384996, 6338955.306741890497506 ], [ 654422.008741372264922, 6338935.705467472784221 ], [ 654422.463040879112668, 6338927.944744858890772 ], [ 654421.672037405194715, 6338923.045649674721062 ], [ 654418.302344577969052, 6338915.397901429794729 ] ] } },
{ "type": "Feature", "properties": { "osm_id": "1424977331", "name": null, "highway": "footway", "waterway": null, "aerialway": null, "barrier": null, "man_made": null, "railway": null, "z_order": 0, "other_tags": "\"surface\"=>\"fine_gravel\"", "side": "north" }, "geometry": { "type": "LineString", "coordinates": [ [ 654365.952079643961042, 6338353.962842561304569 ], [ 654373.630209279479459, 6338348.433860903605819 ], [ 654432.322965683415532, 6338363.079443199560046 ], [ 654498.631387082394212, 6338389.198858239687979 ], [ 654574.99202553613577, 6338410.559527961537242 ], [ 654621.400570081546903, 6338427.109439260326326 ], [ 654649.57591517153196, 6338436.334433406591415 ], [ 654747.635452168760821, 6338464.251351183280349 ], [ 654791.1241015229607, 6338474.854689897038043 ], [ 654806.882388376747258, 6338478.098647641018033 ], [ 654865.476443143794313, 6338490.139406429603696 ] ] } },
{ "type": "Feature", "properties": { "osm_id": "1426329235", "name": null, "highway": "footway", "waterway": null, "aerialway": null, "barrier": null, "man_made": null, "railway": null, "z_order": 20, "other_tags": "\"bicycle\"=>\"no\",\"bridge\"=>\"yes\",\"dog\"=>\"no\",\"horse\"=>\"no\",\"layer\"=>\"1\",\"lit\"=>\"no\",\"motor_vehicle\"=>\"no\",\"ski\"=>\"no\",\"smoothness\"=>\"intermediate\",\"snowmobile\"=>\"no\",\"surface\"=>\"wood\",\"vehicle\"=>\"no\",\"wheelchair\"=>\"no\",\"width\"=>\"1.2\"", "side": "north" }, "geometry": { "type": "LineString", "coordinates": [ [ 654621.400570081546903, 6338427.109439260326326 ], [ 654615.042943121632561, 6338444.877872189506888 ] ] } },
{ "type": "Feature", "properties": { "osm_id": "1429903093", "name": null, "highway": "footway", "waterway": null, "aerialway": null, "barrier": null, "man_made": null, "railway": null, "z_order": 0, "other_tags": "\"footway\"=>\"crossing\"", "side": "north" }, "geometry": { "type": "LineString", "coordinates": [ [ 654596.909453154425137, 6338949.807863839901984 ], [ 654604.441655354108661, 6338950.56962903868407 ], [ 654607.683279620017856, 6338949.521255698986351 ], [ 654620.86182455974631, 6338944.678311115130782 ] ] } },
{ "type": "Feature", "properties": { "osm_id": "1429903094", "name": null, "highway": "footway", "waterway": null, "aerialway": null, "barrier": null, "man_made": null, "railway": null, "z_order": 0, "other_tags": "\"surface\"=>\"sett\"", "side": "north" }, "geometry": { "type": "LineString", "coordinates": [ [ 654766.723074682988226, 6338978.78078106045723 ], [ 654756.512668079696596, 6338975.188098307698965 ], [ 654749.851665533613414, 6338973.957339303568006 ], [ 654619.886803301982582, 6338950.012617076747119 ], [ 654620.86182455974631, 6338944.678311115130782 ], [ 654636.104211117955856, 6338860.809156094677746 ], [ 654639.384242634871043, 6338850.190463025122881 ], [ 654641.146958426805213, 6338842.902279522269964 ], [ 654651.203328751609661, 6338801.415691931731999 ], [ 654655.161530868383124, 6338784.504415797069669 ], [ 654659.198050267528743, 6338781.636182534508407 ], [ 654672.25717209558934, 6338724.027076005935669 ], [ 654679.214128895429894, 6338693.032274830155075 ], [ 654690.253812282113358, 6338695.519275018945336 ], [ 654746.256691892747767, 6338708.129798043519258 ], [ 654757.056162315187976, 6338710.563388454727829 ], [ 654769.089865789981559, 6338713.500225470401347 ] ] } },
{ "type": "Feature", "properties": { "osm_id": "1457740639", "name": null, "highway": "unclassified", "waterway": null, "aerialway": null, "barrier": null, "man_made": null, "railway": null, "z_order": 3, "other_tags": "\"surface\"=>\"concrete:plates\"", "side": "north" }, "geometry": { "type": "LineString", "coordinates": [ [ 654413.58463676366955, 6338967.303040439262986 ], [ 654416.086328692384996, 6338955.306741890497506 ] ] } },
{ "type": "Feature", "properties": { "osm_id": "1457758216", "name": null, "highway": "unclassified", "waterway": null, "aerialway": null, "barrier": null, "man_made": null, "railway": null, "z_order": 3, "other_tags": "\"surface\"=>\"concrete:plates\"", "side": "north" }, "geometry": { "type": "LineString", "coordinates": [ [ 654071.388587078195997, 6338926.925612086430192 ], [ 653987.424953654757701, 6338923.107125370763242 ] ] } },
{ "type": "Feature", "properties": { "osm_id": "1457758983", "name": null, "highway": "unclassified", "waterway": null, "aerialway": null, "barrier": null, "man_made": null, "railway": null, "z_order": 3, "other_tags": "\"surface\"=>\"concrete:plates\"", "side": "north" }, "geometry": { "type": "LineString", "coordinates": [ [ 654226.130962187424302, 6338922.931316019967198 ], [ 654087.471527943853289, 6338893.931310586631298 ], [ 654084.675879357615486, 6338894.874193483032286 ], [ 654082.849608985707164, 6338897.090185280889273 ], [ 654077.846707683522254, 6338921.283675289712846 ], [ 654076.447172320098616, 6338923.905626681633294 ], [ 654074.148160999640822, 6338926.137372485361993 ], [ 654071.388587078195997, 6338926.925612086430192 ] ] } },
{ "type": "Feature", "properties": { "osm_id": "1457758984", "name": null, "highway": "service", "waterway": null, "aerialway": null, "barrier": null, "man_made": null, "railway": null, "z_order": 0, "other_tags": "\"surface\"=>\"concrete:plates\"", "side": "north" }, "geometry": { "type": "LineString", "coordinates": [ [ 654226.130962187424302, 6338922.931316019967198 ], [ 654207.602507470059209, 6338862.890880458056927 ], [ 654206.854595540789887, 6338858.127168352715671 ], [ 654206.985394933260977, 6338850.588337623514235 ], [ 654215.539750238065608, 6338782.312953918240964 ] ] } },
{ "type": "Feature", "properties": { "osm_id": "1458018390", "name": "Береговая улица", "highway": "residential", "waterway": null, "aerialway": null, "barrier": null, "man_made": null, "railway": null, "z_order": 3, "other_tags": null, "side": "north" }, "geometry": { "type": "LineString", "coordinates": [ [ 654262.371914725285023, 6338697.552635878324509 ], [ 654246.349778261384927, 6338721.912904413416982 ], [ 654231.743755261180922, 6338732.542493402957916 ] ] } },
{ "type": "Feature", "properties": { "osm_id": "1458019695", "name": null, "highway": "service", "waterway": null, "aerialway": null, "barrier": null, "man_made": null, "railway": null, "z_order": 0, "other_tags": null, "side": "north" }, "geometry": { "type": "LineString", "coordinates": [ [ 654207.76704486226663, 6339066.009394896216691 ], [ 654209.329014969756827, 6339030.098643496632576 ], [ 654213.37344349513296, 6338991.261086588725448 ], [ 654224.408917894936167, 6338932.873164584860206 ], [ 654226.130962187424302, 6338922.931316019967198 ] ] } },
{ "type": "Feature", "properties": { "osm_id": "1499297233", "name": null, "highway": "footway", "waterway": null, "aerialway": null, "barrier": null, "man_made": null, "railway": null, "z_order": 0, "other_tags": null, "side": "north" }, "geometry": { "type": "LineString", "coordinates": [ [ 654877.684430934954435, 6338849.579994121566415 ], [ 654879.437898521544412, 6338848.186173591762781 ], [ 654881.472677416168153, 6338845.911490098573267 ], [ 654882.648939860519022, 6338842.802243205718696 ], [ 654883.261858632322401, 6338819.893048889003694 ], [ 654883.673693960648961, 6338806.681823657825589 ], [ 654885.237100075930357, 6338773.94682958163321 ], [ 654894.278314391849563, 6338760.179681751877069 ], [ 654895.275301345507614, 6338748.795614117756486 ], [ 654893.939921004814096, 6338745.346811091527343 ], [ 654806.345822967821732, 6338725.730653989128768 ], [ 654797.322864923393354, 6338723.709099092520773 ], [ 654784.209188492619433, 6338720.675895180553198 ], [ 654769.089865789981559, 6338713.500225470401347 ] ] } },
{ "type": "Feature", "properties": { "osm_id": "1499302297", "name": null, "highway": "footway", "waterway": null, "aerialway": null, "barrier": null, "man_made": null, "railway": null, "z_order": 0, "other_tags": null, "side": "north" }, "geometry": { "type": "LineString", "coordinates": [ [ 654775.319244443089701, 6338980.385120386257768 ], [ 654766.723074682988226, 6338978.78078106045723 ] ] } },
{ "type": "Feature", "properties": { "osm_id": "1499302298", "name": null, "highway": "footway", "waterway": null, "aerialway": null, "barrier": null, "man_made": null, "railway": null, "z_order": 0, "other_tags": null, "side": "north" }, "geometry": { "type": "LineString", "coordinates": [ [ 654775.69643252925016, 6338951.650457876734436 ], [ 654769.503983644535765, 6338952.610146225430071 ], [ 654760.73571303463541, 6338953.974527216516435 ] ] } },
{ "type": "Feature", "properties": { "osm_id": "1499302299", "name": null, "highway": "footway", "waterway": null, "aerialway": null, "barrier": null, "man_made": null, "railway": null, "z_order": 0, "other_tags": null, "side": "north" }, "geometry": { "type": "LineString", "coordinates": [ [ 654783.736624864395708, 6338893.284812576137483 ], [ 654789.721767535083927, 6338896.395675747655332 ], [ 654821.27842462528497, 6338898.829285338521004 ], [ 654828.054617592832074, 6338899.89733799174428 ], [ 654830.190825938945636, 6338903.621357941068709 ], [ 654829.573650929611176, 6338906.996770801953971 ], [ 654826.718593319063075, 6338913.864984404295683 ], [ 654824.927254361333326, 6338922.712044888176024 ], [ 654825.500214268802665, 6338929.051634842529893 ], [ 654824.074401497142389, 6338938.803867567330599 ], [ 654821.62480159488041, 6338945.676175825297832 ], [ 654818.562992026214488, 6338960.303270508535206 ], [ 654816.041585927945562, 6338962.481695433147252 ], [ 654809.229122412856668, 6338962.381732059642673 ], [ 654800.270419266773388, 6338960.919704562053084 ], [ 654791.71981315757148, 6338957.779298250563443 ], [ 654775.69643252925016, 6338951.650457876734436 ] ] } },
{ "type": "Feature", "properties": { "osm_id": "1499302300", "name": null, "highway": "footway", "waterway": null, "aerialway": null, "barrier": null, "man_made": null, "railway": null, "z_order": 0, "other_tags": null, "side": "north" }, "geometry": { "type": "LineString", "coordinates": [ [ 654780.533656736253761, 6338917.957573850639164 ], [ 654774.793852806906216, 6338917.340817619115114 ], [ 654764.018927934346721, 6338914.752071206457913 ], [ 654756.997664325870574, 6338913.117770874872804 ] ] } },
{ "type": "Feature", "properties": { "osm_id": "1499302301", "name": null, "highway": "footway", "waterway": null, "aerialway": null, "barrier": null, "man_made": null, "railway": null, "z_order": 0, "other_tags": null, "side": "north" }, "geometry": { "type": "LineString", "coordinates": [ [ 654783.736624864395708, 6338893.284812576137483 ], [ 654777.357876684749499, 6338892.755482208915055 ], [ 654768.270333750057034, 6338891.979556473903358 ], [ 654760.791861660778522, 6338890.751510652713478 ] ] } },
{ "type": "Feature", "properties": { "osm_id": "1499302303", "name": null, "highway": "footway", "waterway": null, "aerialway": null, "barrier": null, "man_made": null, "railway": null, "z_order": 0, "other_tags": null, "side": "north" }, "geometry": { "type": "LineString", "coordinates": [ [ 654787.779458473436534, 6338811.446805301122367 ], [ 654777.322577077080496, 6338819.723224269226193 ], [ 654768.617303581442684, 6338831.007198545150459 ] ] } },
{ "type": "Feature", "properties": { "osm_id": "1499302304", "name": null, "highway": "footway", "waterway": null, "aerialway": null, "barrier": null, "man_made": null, "railway": null, "z_order": 0, "other_tags": null, "side": "north" }, "geometry": { "type": "LineString", "coordinates": [ [ 654794.442574098939076, 6338791.840361504815519 ], [ 654786.410022692172788, 6338793.109771998599172 ], [ 654778.881419297191314, 6338795.467851102352142 ], [ 654768.77008046710398, 6338802.119258075021207 ] ] } },
{ "type": "Feature", "properties": { "osm_id": "1499302305", "name": null, "highway": "footway", "waterway": null, "aerialway": null, "barrier": null, "man_made": null, "railway": null, "z_order": 0, "other_tags": null, "side": "north" }, "geometry": { "type": "LineString", "coordinates": [ [ 654780.597574985120445, 6338738.981821755878627 ], [ 654773.73251576977782, 6338742.367705167271197 ], [ 654768.973967860918492, 6338747.69359168689698 ] ] } },
{ "type": "Feature", "properties": { "osm_id": "1499302306", "name": null, "highway": "footway", "waterway": null, "aerialway": null, "barrier": null, "man_made": null, "railway": null, "z_order": 0, "other_tags": null, "side": "north" }, "geometry": { "type": "LineString", "coordinates": [ [ 654783.646845668554306, 6338772.391508744098246 ], [ 654776.514098716201261, 6338767.755545840598643 ], [ 654768.900986878317781, 6338766.076722025871277 ] ] } },
{ "type": "Feature", "properties": { "osm_id": "1499302307", "name": null, "highway": "footway", "waterway": null, "aerialway": null, "barrier": null, "man_made": null, "railway": null, "z_order": 0, "other_tags": null, "side": "north" }, "geometry": { "type": "LineString", "coordinates": [ [ 654783.479875003569759, 6338759.269979069940746 ], [ 654768.926627839216962, 6338759.269341095350683 ] ] } },
{ "type": "Feature", "properties": { "osm_id": "1499302309", "name": null, "highway": "footway", "waterway": null, "aerialway": null, "barrier": null, "man_made": null, "railway": null, "z_order": 0, "other_tags": null, "side": "north" }, "geometry": { "type": "LineString", "coordinates": [ [ 654789.144120074808598, 6338833.616838181391358 ], [ 654784.476132684387267, 6338825.897703448310494 ], [ 654777.322577077080496, 6338819.723224269226193 ], [ 654768.748145629884675, 6338816.080554942600429 ] ] } },
{ "type": "Feature", "properties": { "osm_id": "1499302310", "name": null, "highway": "footway", "waterway": null, "aerialway": null, "barrier": null, "man_made": null, "railway": null, "z_order": 0, "other_tags": null, "side": "north" }, "geometry": { "type": "LineString", "coordinates": [ [ 654769.028122727526352, 6338732.229208257980645 ], [ 654774.761587629560381, 6338736.567450693808496 ], [ 654780.597574985120445, 6338738.981821755878627 ], [ 654783.994988299324177, 6338739.432583712041378 ] ] } },
{ "type": "Feature", "properties": { "osm_id": "1499302311", "name": null, "highway": "footway", "waterway": null, "aerialway": null, "barrier": null, "man_made": null, "railway": null, "z_order": 0, "other_tags": null, "side": "north" }, "geometry": { "type": "LineString", "coordinates": [ [ 654787.256246922304854, 6338870.819110846146941 ], [ 654782.614200525102206, 6338869.017860123887658 ], [ 654778.165243683382869, 6338868.683595196343958 ], [ 654768.535588282044046, 6338868.801030430942774 ], [ 654762.551981091732159, 6338877.735792001709342 ], [ 654761.541510639479384, 6338885.620479394681752 ], [ 654760.791861660778522, 6338890.751510652713478 ], [ 654759.692675522877835, 6338897.774858754128218 ], [ 654758.840652122860774, 6338903.214047839865088 ], [ 654757.937822347856127, 6338908.071895186789334 ], [ 654756.997664325870574, 6338913.117770874872804 ], [ 654756.170751205412671, 6338917.5661805216223 ], [ 654754.82016368303448, 6338924.836375094018877 ], [ 654754.016822089906782, 6338929.140811935998499 ], [ 654753.45498226583004, 6338932.172879559919238 ], [ 654756.446414828416891, 6338936.820416152477264 ], [ 654755.125830954872072, 6338944.258881813846529 ], [ 654754.074497924069874, 6338950.169732735492289 ], [ 654752.653604096965864, 6338958.183865037746727 ], [ 654751.425629882374778, 6338965.090947936289012 ], [ 654749.851665533613414, 6338973.957339303568006 ] ] } },
{ "type": "Feature", "properties": { "osm_id": "1499302312", "name": null, "highway": "footway", "waterway": null, "aerialway": null, "barrier": null, "man_made": null, "railway": null, "z_order": 0, "other_tags": null, "side": "north" }, "geometry": { "type": "LineString", "coordinates": [ [ 654787.833949897205457, 6338846.738596044480801 ], [ 654781.930404583807103, 6338856.9243517620489 ], [ 654778.165243683382869, 6338868.683595196343958 ], [ 654777.115701939444989, 6338885.82660932932049 ], [ 654777.357876684749499, 6338892.755482208915055 ], [ 654777.281851687585004, 6338900.742126327939332 ], [ 654775.748295032302849, 6338907.080577680841088 ], [ 654774.793852806906216, 6338917.340817619115114 ], [ 654770.896058595157228, 6338941.174047755077481 ], [ 654769.503983644535765, 6338952.610146225430071 ], [ 654767.586380272638053, 6338970.946281149983406 ], [ 654766.723074682988226, 6338978.78078106045723 ], [ 654764.399464228423312, 6338992.455053523182869 ], [ 654761.325059752911329, 6339001.621657526120543 ] ] } },
{ "type": "Feature", "properties": { "osm_id": "1499302313", "name": null, "highway": "footway", "waterway": null, "aerialway": null, "barrier": null, "man_made": null, "railway": null, "z_order": 0, "other_tags": null, "side": "north" }, "geometry": { "type": "LineString", "coordinates": [ [ 654763.660373553982936, 6338939.286534243263304 ], [ 654770.896058595157228, 6338941.174047755077481 ], [ 654777.469747990486212, 6338942.635560407303274 ] ] } },
{ "type": "Feature", "properties": { "osm_id": "1499302315", "name": null, "highway": "footway", "waterway": null, "aerialway": null, "barrier": null, "man_made": null, "railway": null, "z_order": 0, "other_tags": null, "side": "north" }, "geometry": { "type": "LineString", "coordinates": [ [ 654768.850373862194829, 6338783.702972321771085 ], [ 654776.957620336208493, 6338786.247223035432398 ], [ 654784.960997409070842, 6338789.300164395943284 ], [ 654794.442574098939076, 6338791.840361504815519 ], [ 654804.096331830369309, 6338794.309048932045698 ], [ 654812.867514736484736, 6338796.42145445663482 ], [ 654827.112721978570335, 6338800.589290387928486 ], [ 654841.776883854530752, 6338804.884350126609206 ], [ 654844.70838876417838, 6338806.777385724708438 ], [ 654846.533252660767175, 6338810.088565020821989 ], [ 654846.189390622777864, 6338814.889403681270778 ], [ 654845.818182204151526, 6338831.21104041673243 ], [ 654844.487363481894135, 6338835.373070009984076 ], [ 654842.803182805189863, 6338837.984091869555414 ], [ 654839.790975859155878, 6338840.333493161015213 ], [ 654836.575853655929677, 6338841.638975821435452 ], [ 654832.035612602951005, 6338844.699827808886766 ], [ 654831.743195404065773, 6338848.132015557959676 ] ] } },
{ "type": "Feature", "properties": { "osm_id": "1499302316", "name": null, "highway": "footway", "waterway": null, "aerialway": null, "barrier": null, "man_made": null, "railway": null, "z_order": 0, "other_tags": null, "side": "north" }, "geometry": { "type": "LineString", "coordinates": [ [ 654797.847279462963343, 6338713.778139928355813 ], [ 654797.322864923393354, 6338723.709099092520773 ], [ 654796.987143089878373, 6338735.385447984561324 ], [ 654796.633638814208098, 6338747.696277546696365 ], [ 654796.425085570197552, 6338755.020508164539933 ], [ 654796.247496578493156, 6338761.198177561163902 ], [ 654795.945561043801717, 6338766.334880796261132 ], [ 654794.442574098939076, 6338791.840361504815519 ], [ 654792.54323065513745, 6338797.117629601620138 ], [ 654789.320572733879089, 6338800.718315831385553 ], [ 654788.485221527866088, 6338805.71240896359086 ], [ 654787.779458473436534, 6338811.446805301122367 ], [ 654789.054289186373353, 6338816.509025004692376 ], [ 654791.162800050806254, 6338820.811413311399519 ], [ 654791.763845126610249, 6338824.310594817623496 ], [ 654790.254715616349131, 6338827.741648394614458 ], [ 654789.144120074808598, 6338833.616838181391358 ], [ 654788.12423808593303, 6338841.267166019417346 ], [ 654787.833949897205457, 6338846.738596044480801 ], [ 654786.794840888236649, 6338852.80590192694217 ], [ 654785.388332186965272, 6338857.856540440581739 ], [ 654783.29236639093142, 6338864.01786164008081 ], [ 654782.614200525102206, 6338869.017860123887658 ], [ 654784.029664349975064, 6338878.876833843998611 ], [ 654783.736624864395708, 6338893.284812576137483 ], [ 654782.522194451070391, 6338903.858430929481983 ], [ 654780.533656736253761, 6338917.957573850639164 ], [ 654779.066963233519346, 6338935.408064506947994 ], [ 654777.469747990486212, 6338942.635560407303274 ], [ 654775.69643252925016, 6338951.650457876734436 ] ] } },
{ "type": "Feature", "properties": { "osm_id": "1499302317", "name": null, "highway": "footway", "waterway": null, "aerialway": null, "barrier": null, "man_made": null, "railway": null, "z_order": 0, "other_tags": null, "side": "north" }, "geometry": { "type": "LineString", "coordinates": [ [ 654796.247496578493156, 6338761.198177561163902 ], [ 654803.711923303664662, 6338761.35602381080389 ], [ 654823.794249688507989, 6338761.787385078147054 ], [ 654829.387991870986298, 6338757.919239562004805 ] ] } },
{ "type": "Feature", "properties": { "osm_id": "1499306966", "name": null, "highway": "footway", "waterway": null, "aerialway": null, "barrier": null, "man_made": null, "railway": null, "z_order": 0, "other_tags": null, "side": "north" }, "geometry": { "type": "LineString", "coordinates": [ [ 654768.339244110626169, 6338879.669179460965097 ], [ 654762.551981091732159, 6338877.735792001709342 ], [ 654756.304257441195659, 6338875.651403393596411 ], [ 654748.971893988200463, 6338874.239438165910542 ], [ 654731.390252911252901, 6338874.292320651933551 ], [ 654694.980027883430012, 6338874.396067257970572 ], [ 654684.00226958305575, 6338872.691358785144985 ], [ 654670.480034715961665, 6338869.587442202493548 ], [ 654666.179984195274301, 6338868.18916564527899 ], [ 654653.775053018471226, 6338864.67038432136178 ], [ 654636.104211117955856, 6338860.809156094677746 ] ] } },
{ "type": "Feature", "properties": { "osm_id": "1499306967", "name": null, "highway": "footway", "waterway": null, "aerialway": null, "barrier": null, "man_made": null, "railway": null, "z_order": 0, "other_tags": null, "side": "north" }, "geometry": { "type": "LineString", "coordinates": [ [ 654768.544285314623266, 6338853.903226802125573 ], [ 654757.877823406946845, 6338853.257453479804099 ], [ 654704.934182740515098, 6338853.542480271309614 ], [ 654691.310293639195152, 6338862.658490403555334 ], [ 654684.00226958305575, 6338872.691358785144985 ] ] } },
{ "type": "Feature", "properties": { "osm_id": "1499306968", "name": null, "highway": "footway", "waterway": null, "aerialway": null, "barrier": null, "man_made": null, "railway": null, "z_order": 0, "other_tags": null, "side": "north" }, "geometry": { "type": "LineString", "coordinates": [ [ 654760.49522401788272, 6338763.097845803946257 ], [ 654768.912897291244008, 6338763.503147332929075 ] ] } },
{ "type": "Feature", "properties": { "osm_id": "1499306969", "name": null, "highway": "footway", "waterway": null, "aerialway": null, "barrier": null, "man_made": null, "railway": null, "z_order": 0, "other_tags": null, "side": "north" }, "geometry": { "type": "LineString", "coordinates": [ [ 654760.351326103322208, 6338773.054239894263446 ], [ 654768.882808304391801, 6338773.330101437866688 ] ] } },
{ "type": "Feature", "properties": { "osm_id": "1499306970", "name": null, "highway": "footway", "waterway": null, "aerialway": null, "barrier": null, "man_made": null, "railway": null, "z_order": 0, "other_tags": null, "side": "north" }, "geometry": { "type": "LineString", "coordinates": [ [ 654760.202829606365412, 6338783.133033897727728 ], [ 654768.850373862194829, 6338783.702972321771085 ] ] } },
{ "type": "Feature", "properties": { "osm_id": "1499306971", "name": null, "highway": "footway", "waterway": null, "aerialway": null, "barrier": null, "man_made": null, "railway": null, "z_order": 0, "other_tags": null, "side": "north" }, "geometry": { "type": "LineString", "coordinates": [ [ 654760.017437760718167, 6338795.483604542911053 ], [ 654768.790039256215096, 6338795.94681160710752 ] ] } },
{ "type": "Feature", "properties": { "osm_id": "1499306972", "name": null, "highway": "footway", "waterway": null, "aerialway": null, "barrier": null, "man_made": null, "railway": null, "z_order": 0, "other_tags": null, "side": "north" }, "geometry": { "type": "LineString", "coordinates": [ [ 654759.825521903112531, 6338808.491364580579102 ], [ 654768.760509431944229, 6338808.659812249243259 ] ] } },
{ "type": "Feature", "properties": { "osm_id": "1499306973", "name": null, "highway": "footway", "waterway": null, "aerialway": null, "barrier": null, "man_made": null, "railway": null, "z_order": 0, "other_tags": null, "side": "north" }, "geometry": { "type": "LineString", "coordinates": [ [ 654759.722749785636552, 6338815.418420962058008 ], [ 654768.748145629884675, 6338816.080554942600429 ] ] } },
{ "type": "Feature", "properties": { "osm_id": "1499306974", "name": null, "highway": "footway", "waterway": null, "aerialway": null, "barrier": null, "man_made": null, "railway": null, "z_order": 0, "other_tags": null, "side": "north" }, "geometry": { "type": "LineString", "coordinates": [ [ 654759.640543342451565, 6338820.830808294937015 ], [ 654768.691391863510944, 6338821.137324227020144 ] ] } },
{ "type": "Feature", "properties": { "osm_id": "1499306977", "name": null, "highway": "footway", "waterway": null, "aerialway": null, "barrier": null, "man_made": null, "railway": null, "z_order": 0, "other_tags": null, "side": "north" }, "geometry": { "type": "LineString", "coordinates": [ [ 654760.711233586305752, 6338748.642407974228263 ], [ 654760.49522401788272, 6338763.097845803946257 ], [ 654760.351326103322208, 6338773.054239894263446 ], [ 654760.202829606365412, 6338783.133033897727728 ], [ 654760.017437760718167, 6338795.483604542911053 ], [ 654759.825521903112531, 6338808.491364580579102 ], [ 654759.722749785636552, 6338815.418420962058008 ], [ 654759.640543342451565, 6338820.830808294937015 ], [ 654759.496442604577169, 6338830.631194348447025 ], [ 654759.416742483968846, 6338835.976818230003119 ], [ 654758.839357924764045, 6338842.484902888536453 ], [ 654757.877823406946845, 6338853.257453479804099 ] ] } },
{ "type": "Feature", "properties": { "osm_id": "1499306978", "name": null, "highway": "footway", "waterway": null, "aerialway": null, "barrier": null, "man_made": null, "railway": null, "z_order": 0, "other_tags": null, "side": "north" }, "geometry": { "type": "LineString", "coordinates": [ [ 654747.934646638575941, 6338748.563715193420649 ], [ 654757.614389061345719, 6338748.570670686662197 ], [ 654760.711233586305752, 6338748.642407974228263 ], [ 654768.967609955230728, 6338748.829934014007449 ] ] } },
{ "type": "Feature", "properties": { "osm_id": "1499306979", "name": null, "highway": "footway", "waterway": null, "aerialway": null, "barrier": null, "man_made": null, "railway": null, "z_order": 0, "other_tags": null, "side": "north" }, "geometry": { "type": "LineString", "coordinates": [ [ 654795.945561043801717, 6338766.334880796261132 ], [ 654783.560547314700671, 6338765.825066712684929 ] ] } },
{ "type": "Feature", "properties": { "osm_id": "1499306980", "name": null, "highway": "footway", "waterway": null, "aerialway": null, "barrier": null, "man_made": null, "railway": null, "z_order": 0, "other_tags": null, "side": "north" }, "geometry": { "type": "LineString", "coordinates": [ [ 654803.79321749927476, 6338755.163593558594584 ], [ 654796.425085570197552, 6338755.020508164539933 ], [ 654783.594748261966743, 6338754.761397513560951 ] ] } },
{ "type": "Feature", "properties": { "osm_id": "1499306981", "name": null, "highway": "footway", "waterway": null, "aerialway": null, "barrier": null, "man_made": null, "railway": null, "z_order": 0, "other_tags": null, "side": "north" }, "geometry": { "type": "LineString", "coordinates": [ [ 654803.888370792730711, 6338747.957674922421575 ], [ 654796.633638814208098, 6338747.696277546696365 ], [ 654783.7926664899569, 6338747.236194794997573 ] ] } },
{ "type": "Feature", "properties": { "osm_id": "1499306982", "name": null, "highway": "footway", "waterway": null, "aerialway": null, "barrier": null, "man_made": null, "railway": null, "z_order": 0, "other_tags": null, "side": "north" }, "geometry": { "type": "LineString", "coordinates": [ [ 654807.253216986078769, 6338736.383981818333268 ], [ 654805.199719584430568, 6338736.095118714496493 ], [ 654796.987143089878373, 6338735.385447984561324 ], [ 654784.105130759300664, 6338734.244104378856719 ] ] } },
{ "type": "Feature", "properties": { "osm_id": "1499306985", "name": null, "highway": "footway", "waterway": null, "aerialway": null, "barrier": null, "man_made": null, "railway": null, "z_order": 0, "other_tags": null, "side": "north" }, "geometry": { "type": "LineString", "coordinates": [ [ 654734.244786816765554, 6338675.431038977578282 ], [ 654736.468181946082041, 6338671.035064450465143 ], [ 654740.4825778324157, 6338667.954355643130839 ], [ 654745.33759691962041, 6338666.186657069250941 ], [ 654748.093005818780512, 6338664.228686228394508 ] ] } },
{ "type": "Feature", "properties": { "osm_id": "1499306986", "name": null, "highway": "footway", "waterway": null, "aerialway": null, "barrier": null, "man_made": null, "railway": null, "z_order": 0, "other_tags": null, "side": "north" }, "geometry": { "type": "LineString", "coordinates": [ [ 654784.572751517873257, 6338678.602616623975337 ], [ 654778.019204988027923, 6338680.139326248317957 ], [ 654769.029316435568035, 6338684.648850652389228 ] ] } },
{ "type": "Feature", "properties": { "osm_id": "1499306987", "name": null, "highway": "footway", "waterway": null, "aerialway": null, "barrier": null, "man_made": null, "railway": null, "z_order": 0, "other_tags": "\"lit\"=>\"yes\",\"smoothness\"=>\"excellent\",\"surface\"=>\"paving_stones\"", "side": "north" }, "geometry": { "type": "LineString", "coordinates": [ [ 654785.155611040303484, 6338696.286091255024076 ], [ 654784.302070178790018, 6338710.628439831547439 ], [ 654784.209188492619433, 6338720.675895180553198 ], [ 654784.105130759300664, 6338734.244104378856719 ], [ 654783.994988299324177, 6338739.432583712041378 ], [ 654783.7926664899569, 6338747.236194794997573 ], [ 654783.594748261966743, 6338754.761397513560951 ], [ 654783.479875003569759, 6338759.269979069940746 ], [ 654783.560547314700671, 6338765.825066712684929 ], [ 654783.646845668554306, 6338772.391508744098246 ], [ 654784.500374016934074, 6338779.967350949533284 ], [ 654784.960997409070842, 6338789.300164395943284 ], [ 654786.410022692172788, 6338793.109771998599172 ], [ 654789.320572733879089, 6338800.718315831385553 ] ] } },
{ "type": "Feature", "properties": { "osm_id": "1499306988", "name": null, "highway": "footway", "waterway": null, "aerialway": null, "barrier": null, "man_made": null, "railway": null, "z_order": 0, "other_tags": "\"lit\"=>\"yes\",\"smoothness\"=>\"excellent\",\"surface\"=>\"paving_stones\"", "side": "north" }, "geometry": { "type": "LineString", "coordinates": [ [ 654784.396228599478491, 6338687.008915521204472 ], [ 654781.861373666324653, 6338688.897146116010845 ], [ 654781.062474348465912, 6338691.953735822811723 ], [ 654782.352785685914569, 6338694.832512589171529 ], [ 654785.155611040303484, 6338696.286091255024076 ], [ 654788.434141461970285, 6338695.551236288622022 ], [ 654790.417902090935968, 6338692.862301538698375 ], [ 654790.14346894796472, 6338689.531392395496368 ], [ 654787.743262862903066, 6338687.190355016849935 ], [ 654784.396228599478491, 6338687.008915521204472 ] ] } },
{ "type": "Feature", "properties": { "osm_id": "1499306989", "name": null, "highway": "footway", "waterway": null, "aerialway": null, "barrier": null, "man_made": null, "railway": null, "z_order": 0, "other_tags": null, "side": "north" }, "geometry": { "type": "LineString", "coordinates": [ [ 654726.890891597489826, 6338662.32937543746084 ], [ 654734.244786816765554, 6338675.431038977578282 ], [ 654747.358158569782972, 6338698.788799898698926 ], [ 654747.251909046317451, 6338702.907700629904866 ], [ 654746.256691892747767, 6338708.129798043519258 ] ] } },
{ "type": "Feature", "properties": { "osm_id": "1499306990", "name": null, "highway": "footway", "waterway": null, "aerialway": null, "barrier": null, "man_made": null, "railway": null, "z_order": 0, "other_tags": null, "side": "north" }, "geometry": { "type": "LineString", "coordinates": [ [ 654726.890891597489826, 6338662.32937543746084 ], [ 654727.755887042963877, 6338658.640111229382455 ] ] } },
{ "type": "Feature", "properties": { "osm_id": "1499306991", "name": null, "highway": "footway", "waterway": null, "aerialway": null, "barrier": null, "man_made": null, "railway": null, "z_order": 0, "other_tags": null, "side": "north" }, "geometry": { "type": "LineString", "coordinates": [ [ 654686.940784924663603, 6338727.330570885911584 ], [ 654697.806311226915568, 6338729.777629933319986 ] ] } },
{ "type": "Feature", "properties": { "osm_id": "1499306992", "name": null, "highway": "footway", "waterway": null, "aerialway": null, "barrier": null, "man_made": null, "railway": null, "z_order": 0, "other_tags": "\"tunnel\"=>\"building_passage\"", "side": "north" }, "geometry": { "type": "LineString", "coordinates": [ [ 654673.829761765897274, 6338724.386964189819992 ], [ 654686.940784924663603, 6338727.330570885911584 ] ] } },
{ "type": "Feature", "properties": { "osm_id": "1499306993", "name": null, "highway": "footway", "waterway": null, "aerialway": null, "barrier": null, "man_made": null, "railway": null, "z_order": 0, "other_tags": null, "side": "north" }, "geometry": { "type": "LineString", "coordinates": [ [ 654672.25717209558934, 6338724.027076005935669 ], [ 654673.829761765897274, 6338724.386964189819992 ] ] } },
{ "type": "Feature", "properties": { "osm_id": "1499309994", "name": null, "highway": "footway", "waterway": null, "aerialway": null, "barrier": null, "man_made": null, "railway": null, "z_order": 0, "other_tags": null, "side": "north" }, "geometry": { "type": "LineString", "coordinates": [ [ 654768.300212271395139, 6338886.832633464597166 ], [ 654761.541510639479384, 6338885.620479394681752 ] ] } },
{ "type": "Feature", "properties": { "osm_id": "1499309995", "name": null, "highway": "footway", "waterway": null, "aerialway": null, "barrier": null, "man_made": null, "railway": null, "z_order": 0, "other_tags": null, "side": "north" }, "geometry": { "type": "LineString", "coordinates": [ [ 654766.928273226832971, 6338899.183210856281221 ], [ 654759.692675522877835, 6338897.774858754128218 ] ] } },
{ "type": "Feature", "properties": { "osm_id": "1499309996", "name": null, "highway": "footway", "waterway": null, "aerialway": null, "barrier": null, "man_made": null, "railway": null, "z_order": 0, "other_tags": null, "side": "north" }, "geometry": { "type": "LineString", "coordinates": [ [ 654758.840652122860774, 6338903.214047839865088 ], [ 654765.966624391730875, 6338904.317421527579427 ] ] } },
{ "type": "Feature", "properties": { "osm_id": "1499309997", "name": null, "highway": "footway", "waterway": null, "aerialway": null, "barrier": null, "man_made": null, "railway": null, "z_order": 0, "other_tags": null, "side": "north" }, "geometry": { "type": "LineString", "coordinates": [ [ 654764.981826925300993, 6338909.584478327073157 ], [ 654757.937822347856127, 6338908.071895186789334 ] ] } },
{ "type": "Feature", "properties": { "osm_id": "1499309998", "name": null, "highway": "footway", "waterway": null, "aerialway": null, "barrier": null, "man_made": null, "railway": null, "z_order": 0, "other_tags": null, "side": "north" }, "geometry": { "type": "LineString", "coordinates": [ [ 654763.09531757957302, 6338918.873702154494822 ], [ 654756.170751205412671, 6338917.5661805216223 ] ] } },
{ "type": "Feature", "properties": { "osm_id": "1499309999", "name": null, "highway": "footway", "waterway": null, "aerialway": null, "barrier": null, "man_made": null, "railway": null, "z_order": 0, "other_tags": null, "side": "north" }, "geometry": { "type": "LineString", "coordinates": [ [ 654761.381151851965114, 6338926.475670652464032 ], [ 654754.82016368303448, 6338924.836375094018877 ] ] } },
{ "type": "Feature", "properties": { "osm_id": "1499310000", "name": null, "highway": "footway", "waterway": null, "aerialway": null, "barrier": null, "man_made": null, "railway": null, "z_order": 0, "other_tags": null, "side": "north" }, "geometry": { "type": "LineString", "coordinates": [ [ 654754.016822089906782, 6338929.140811935998499 ], [ 654761.578152837697417, 6338930.739678865298629 ] ] } },
{ "type": "Feature", "properties": { "osm_id": "1499310001", "name": null, "highway": "footway", "waterway": null, "aerialway": null, "barrier": null, "man_made": null, "railway": null, "z_order": 0, "other_tags": null, "side": "north" }, "geometry": { "type": "LineString", "coordinates": [ [ 654756.446414828416891, 6338936.820416152477264 ], [ 654762.265560703352094, 6338933.551236923784018 ] ] } },
{ "type": "Feature", "properties": { "osm_id": "1499310002", "name": null, "highway": "footway", "waterway": null, "aerialway": null, "barrier": null, "man_made": null, "railway": null, "z_order": 0, "other_tags": null, "side": "north" }, "geometry": { "type": "LineString", "coordinates": [ [ 654762.309613137855195, 6338946.077573409304023 ], [ 654755.125830954872072, 6338944.258881813846529 ] ] } },
{ "type": "Feature", "properties": { "osm_id": "1499310003", "name": null, "highway": "footway", "waterway": null, "aerialway": null, "barrier": null, "man_made": null, "railway": null, "z_order": 0, "other_tags": null, "side": "north" }, "geometry": { "type": "LineString", "coordinates": [ [ 654761.138624571962282, 6338951.95049986615777 ], [ 654754.074497924069874, 6338950.169732735492289 ] ] } },
{ "type": "Feature", "properties": { "osm_id": "1499310004", "name": null, "highway": "footway", "waterway": null, "aerialway": null, "barrier": null, "man_made": null, "railway": null, "z_order": 0, "other_tags": null, "side": "north" }, "geometry": { "type": "LineString", "coordinates": [ [ 654759.534279029932804, 6338960.013454767875373 ], [ 654752.653604096965864, 6338958.183865037746727 ] ] } },
{ "type": "Feature", "properties": { "osm_id": "1499310005", "name": null, "highway": "footway", "waterway": null, "aerialway": null, "barrier": null, "man_made": null, "railway": null, "z_order": 0, "other_tags": null, "side": "north" }, "geometry": { "type": "LineString", "coordinates": [ [ 654758.251307620317675, 6338966.450466410256922 ], [ 654751.425629882374778, 6338965.090947936289012 ] ] } },
{ "type": "Feature", "properties": { "osm_id": "1512356702", "name": null, "highway": "service", "waterway": null, "aerialway": null, "barrier": null, "man_made": null, "railway": null, "z_order": 0, "other_tags": null, "side": "north" }, "geometry": { "type": "LineString", "coordinates": [ [ 654283.761589104309678, 6338943.418896075338125 ], [ 654281.195086155668832, 6338957.641405169852078 ], [ 654269.776046557584777, 6339021.240869554691017 ], [ 654268.961756188189611, 6339025.366677645593882 ], [ 654366.537564779282548, 6339042.91645950358361 ] ] } },
{ "type": "Feature", "properties": { "osm_id": "1512356704", "name": null, "highway": "service", "waterway": null, "aerialway": null, "barrier": null, "man_made": null, "railway": null, "z_order": 0, "other_tags": "\"surface\"=>\"asphalt\"", "side": "north" }, "geometry": { "type": "LineString", "coordinates": [ [ 654303.313451056135818, 6339109.277563306502998 ], [ 654256.211791894282214, 6339101.240367054007947 ] ] } },
{ "type": "Feature", "properties": { "osm_id": "1527868222", "name": null, "highway": "footway", "waterway": null, "aerialway": null, "barrier": null, "man_made": null, "railway": null, "z_order": 0, "other_tags": null, "side": "north" }, "geometry": { "type": "LineString", "coordinates": [ [ 654696.130349416751415, 6338829.566618687473238 ], [ 654710.013526875525713, 6338822.254368198104203 ] ] } },
{ "type": "Feature", "properties": { "osm_id": "1527868223", "name": null, "highway": "footway", "waterway": null, "aerialway": null, "barrier": null, "man_made": null, "railway": null, "z_order": 0, "other_tags": "\"tunnel\"=>\"building_passage\"", "side": "north" }, "geometry": { "type": "LineString", "coordinates": [ [ 654695.803199570858851, 6338830.702059682458639 ], [ 654694.739601150737144, 6338834.361586382612586 ] ] } },
{ "type": "Feature", "properties": { "osm_id": "1527868224", "name": null, "highway": "footway", "waterway": null, "aerialway": null, "barrier": null, "man_made": null, "railway": null, "z_order": 0, "other_tags": null, "side": "north" }, "geometry": { "type": "LineString", "coordinates": [ [ 654701.539905850542709, 6338810.926994930952787 ], [ 654696.130349416751415, 6338829.566618687473238 ], [ 654695.803199570858851, 6338830.702059682458639 ] ] } },
{ "type": "Feature", "properties": { "osm_id": "1527868225", "name": null, "highway": "footway", "waterway": null, "aerialway": null, "barrier": null, "man_made": null, "railway": null, "z_order": 0, "other_tags": null, "side": "north" }, "geometry": { "type": "LineString", "coordinates": [ [ 654689.080701088299975, 6338854.161864878609776 ], [ 654697.235274110455066, 6338855.281444032676518 ], [ 654704.934182740515098, 6338853.542480271309614 ] ] } },
{ "type": "Feature", "properties": { "osm_id": "1527868226", "name": null, "highway": "footway", "waterway": null, "aerialway": null, "barrier": null, "man_made": null, "railway": null, "z_order": 0, "other_tags": null, "side": "north" }, "geometry": { "type": "LineString", "coordinates": [ [ 654694.739601150737144, 6338834.361586382612586 ], [ 654692.333842891734093, 6338842.65076154936105 ], [ 654689.080701088299975, 6338854.161864878609776 ], [ 654641.146958426805213, 6338842.902279522269964 ] ] } },
{ "type": "Feature", "properties": { "osm_id": "1539452279", "name": null, "highway": "service", "waterway": null, "aerialway": null, "barrier": null, "man_made": null, "railway": null, "z_order": 0, "other_tags": "\"surface\"=>\"concrete:plates\"", "side": "north" }, "geometry": { "type": "LineString", "coordinates": [ [ 654227.00249204505235, 6338782.875687225721776 ], [ 654285.882878934615292, 6338685.640833730809391 ], [ 654290.668279156088829, 6338677.31799054890871 ] ] } },
{ "type": "Feature", "properties": { "osm_id": "1539452280", "name": null, "highway": "service", "waterway": null, "aerialway": null, "barrier": null, "man_made": null, "railway": null, "z_order": 0, "other_tags": "\"surface\"=>\"asphalt\"", "side": "north" }, "geometry": { "type": "LineString", "coordinates": [ [ 654290.668279156088829, 6338677.31799054890871 ], [ 654398.794794121524319, 6338703.520043930970132 ], [ 654395.010005418560468, 6338712.760552390478551 ], [ 654285.882878934615292, 6338685.640833730809391 ] ] } },
{ "type": "Feature", "properties": { "osm_id": "1545631607", "name": null, "highway": "service", "waterway": null, "aerialway": null, "barrier": null, "man_made": null, "railway": null, "z_order": 0, "other_tags": "\"service\"=>\"parking_aisle\"", "side": "south" }, "geometry": { "type": "LineString", "coordinates": [ [ 652830.696816524025053, 6338416.605161697603762 ], [ 652824.108627074514516, 6338395.74690587259829 ] ] } },
{ "type": "Feature", "properties": { "osm_id": "1545631608", "name": null, "highway": "service", "waterway": null, "aerialway": null, "barrier": null, "man_made": null, "railway": null, "z_order": 0, "other_tags": "\"service\"=>\"parking_aisle\"", "side": "south" }, "geometry": { "type": "LineString", "coordinates": [ [ 652814.511014847550541, 6338421.921695673838258 ], [ 652806.125087653519586, 6338397.787722717039287 ] ] } }
]
}
